Workbook

Sheet 預測IC
A1: Predict
B2: Time | C2: 2013/12 | D2: 2014/01 | E2: 2014/02 | F2: 2014/03 | G2: 2014/04 | H2: 2014/05 | I2: 2014/06 | J2: 2014/07 | K2: 2014/08 | L2: 2014/09 | M2: 2014/10 | N2: 2014/11 | O2: 2014/12 | P2: 2015/01 | Q2: 2015/02 | R2: 2015/03 | S2: 2015/04 | T2: 2015/05 | U2: 2015/06 | V2: 2015/07 | W2: 2015/08 | X2: 2015/09 | Y2: 2015/10 | Z2: 2015/11 | AA2: 2015/12 | AB2: 2016/01 | AC2: 2016/02 | AD2: 2016/03 | AE2: 2016/04 | AF2: 2016/05 | AG2: 2016/06 | AH2: 2016/07 | AI2: 2016/08 | AJ2: 2016/09 | AK2: 2016/10 | AL2: 2016/11 | AM2: 2016/12 | AN2: 2017/01 | AO2: 2017/02 | AP2: 2017/03 | AQ2: 2017/04 | AR2: 2017/05 | AS2: 2017/06 | AT2: 2017/07 | AU2: 2017/08 | AV2: 2017/09 | AW2: 2017/10 | AX2: 2017/11 | AY2: 2017/12 | AZ2: 2018/01 | BA2: 2018/02 | BB2: 2018/03 | BC2: 2018/04 | BD2: 2018/05 | BE2: 2018/06 | BF2: 2018/07 | BG2: 2018/08 | BH2: 2018/09 | BI2: 2018/10 | BJ2: 2018/11 | BK2: 2018/12 | BL2: 2019/01 | BM2: 2019/02 | BN2: 2019/03 | BO2: 2019/04 | BP2: 2019/05 | BQ2: 2019/06 | BR2: 2019/07 | BS2: 2019/08 | BT2: 2019/09 | BU2: 2019/10 | BV2: 2019/11 | BW2: 2019/12 | BX2: 2020/01 | BY2: 2020/02 | BZ2: 2020/03 | CA2: 2020/04 | CB2: 2020/05 | CC2: 2020/06 | CD2: 2020/07 | CE2: 2020/08 | CF2: 2020/09 | CG2: 2020/10 | CH2: 2020/11 | CI2: 2020/12 | CJ2: 2021/01 | CK2: 2021/02 | CL2: 2021/03 | CM2: 2021/04 | CN2: 2021/05 | CO2: 2021/06 | CP2: 2021/07 | CQ2: 2021/08 | CR2: 2021/09 | CS2: 2021/10 | CT2: 2021/11 | CU2: 2021/12 | CV2: 2022/01 | CW2: 2022/02 | CX2: 2022/03 | CY2: 2022/04 | CZ2: 2022/05 | DA2: 2022/06 | DB2: 2022/07 | DC2: 2022/08 | DD2: 2022/09 | DE2: 2022/10 | DF2: 2022/11 | DG2: 2022/12 | DH2: 2023/01 | DI2: 2023/02 | DJ2: 2023/03 | DK2: 2023/04 | DL2: 2023/05 | DM2: 2023/06 | DN2: 2023/07 | DO2: 2023/08 | DP2: 2023/09 | DQ2: 2023/10 | DR2: 2023/11 | DS2: 2023/12 | DT2: 2024/01 | DU2: 2024/02 | DV2: 2024/03 | DW2: 2024/04 | DX2: 2024/05 | DY2: 2024/06 | DZ2: 2024/07 | EA2: 2024/08 | EB2: 2024/09 | EC2: 2024/10 | ED2: 2024/11 | EE2: 2024/12 | EF2: 2025/01
B3: mom1 | C3: 0.1206107 | D3: 0.045588622 | E3: 0.16704505 | F3: -0.073748988 | G3: -0.032506587 | H3: -0.032847119 | I3: -0.12110158 | J3: 0.0025822337 | K3: 0.071968625 | L3: 0.034342712 | M3: 0.040084603 | N3: 0.041563467 | O3: -0.0069002801 | P3: 0.035779379 | Q3: 0.068350636 | R3: -0.045413081 | S3: 0.01967398 | T3: -0.10645092 | U3: -0.032053189 | V3: -0.014865616 | W3: -0.093405071 | X3: -0.037053876 | Y3: -0.047379645 | Z3: -0.035732976 | AA3: 0.074709415 | AB3: -0.10149167 | AC3: -0.00029589017 | AD3: -0.068848797 | AE3: -0.022266032 | AF3: 0.041625472 | AG3: -0.0080508267 | AH3: -0.038264652 | AI3: 0.045184246 | AJ3: 0.034215625 | AK3: 0.044138223 | AL3: -0.035587567 | AM3: -0.013077529 | AN3: 0.004148564 | AO3: -0.07768507 | AP3: -0.0069983939 | AQ3: 0.13094784 | AR3: -0.086792709 | AS3: -0.052702983 | AT3: 0.065228471 | AU3: -0.065193823 | AV3: 0.0085695092 | AW3: -0.040024303 | AX3: -0.031442522 | AY3: -0.0040051979 | AZ3: -0.007879886 | BA3: -0.0060724257 | BB3: -0.011000775 | BC3: -0.026379572 | BD3: 0.039479545 | BE3: 0.031278312 | BF3: -0.0060707145 | BG3: -0.060537315 | BH3: -0.085381434 | BI3: 0.064493155 | BJ3: -0.0062276101 | BK3: 0.046391114 | BL3: -0.011560822 | BM3: -0.044558442 | BN3: 0.0027621487 | BO3: 0.0083121426 | BP3: -0.055860349 | BQ3: 0.03570663 | BR3: -0.022012849 | BS3: 0.039643525 | BT3: -0.0035802524 | BU3: 0.0089809504 | BV3: -0.0089428833 | BW3: -0.076064018 | BX3: -0.040663011 | BY3: -0.059083336 | BZ3: -0.026982576 | CA3: -0.12652495 | CB3: 0.012022261 | CC3: -0.050881431 | CD3: 0.025276041 | CE3: 0.087027484 | CF3: -0.024625967 | CG3: 0.018747262 | CH3: 0.04151248 | CI3: -0.029820276 | CJ3: -0.012665491 | CK3: 0.047987524 | CL3: -0.0066815212 | CM3: 0.023373144 | CN3: 0.010890171 | CO3: 0.14646344 | CP3: 0.019768545 | CQ3: 0.017749236 | CR3: -0.028991521 | CS3: -0.0092105434 | CT3: 0.036848143 | CU3: 0.030504116 | CV3: 0.040383351 | CW3: -0.0093859596 | CX3: -0.077248887 | CY3: 0.0025482207 | CZ3: -0.023356789 | DA3: -0.035608657 | DB3: 0.0044999953 | DC3: -0.043417921 | DD3: 0.077585487 | DE3: 0.045548818 | DF3: -0.073761037 | DG3: -0.013836029 | DH3: -0.013146588 | DI3: -0.11844415 | DJ3: 0.04971576 | DK3: 0.028876918 | DL3: -0.013181525 | DM3: 0.043520521 | DN3: -0.060662479 | DO3: 0.08256415 | DP3: -0.096015988 | DQ3: -0.019845472 | DR3: -0.018579634 | DS3: -0.025784659 | DT3: -0.037591586 | DU3: -0.045291919 | DV3: -0.022458423 | DW3: 0.00027164709 | DX3: -0.064503989 | DY3: 0.06012526 | DZ3: 0.0058245219 | EA3: 0.015503895 | EB3: 0.030904913 | EC3: 0.039813075 | ED3: 0.006018647 | EE3: -0.039888767 | EF3: -0.096081351
B4: mom12 | C4: -0.20935792 | D4: -0.24145621 | E4: 0.26636596 | F4: 0.33022979 | G4: 0.20358638 | H4: 0.55373417 | I4: 0.66979451 | J4: 0.61032591 | K4: 0.86207446 | L4: 0.37355796 | M4: 0.62222012 | N4: 0.29351052 | O4: 0.3562869 | P4: 0.17806893 | Q4: 0.15635752 | R4: 0.2248304 | S4: 0.18264462 | T4: 0.15307368 | U4: 0.22557714 | V4: -0.09158029 | W4: -0.049495832 | X4: -0.26789506 | Y4: -0.36478829 | Z4: -0.37790601 | AA4: -0.43955485 | AB4: -0.41859417 | AC4: -0.31816515 | AD4: -0.20856537 | AE4: -0.10236498 | AF4: -0.14886861 | AG4: -0.18669023 | AH4: -0.25393275 | AI4: -0.14773923 | AJ4: 0.044513506 | AK4: -0.058155621 | AL4: -0.091865238 | AM4: -0.1682627 | AN4: -0.33743701 | AO4: -0.36868153 | AP4: -0.28691959 | AQ4: -0.30523873 | AR4: -0.2933138 | AS4: -0.3026703 | AT4: -0.28045675 | AU4: -0.18262992 | AV4: -0.12130979 | AW4: -0.15372123 | AX4: -0.02163156 | AY4: 0.10122186 | AZ4: 0.18954151 | BA4: 0.095279708 | BB4: 0.011130473 | BC4: 0.19620313 | BD4: 0.15224713 | BE4: 0.209344 | BF4: 0.16752253 | BG4: 0.16855713 | BH4: 0.23475758 | BI4: 0.27598377 | BJ4: 0.26154896 | BK4: 0.1930056 | BL4: 0.032255305 | BM4: 0.084649699 | BN4: -0.015702242 | BO4: 0.029608765 | BP4: -0.082625544 | BQ4: -0.079330451 | BR4: -0.11353413 | BS4: -0.16045061 | BT4: -0.028989653 | BU4: -0.0038417136 | BV4: -0.17414888 | BW4: -0.050655463 | BX4: -0.0097462302 | BY4: 0.043118718 | BZ4: 0.08359471 | CA4: 0.059758542 | CB4: 0.22654685 | CC4: 0.16059562 | CD4: 0.12478222 | CE4: 0.070316847 | CF4: 0.037786686 | CG4: 0.14783135 | CH4: 0.16146329 | CI4: 0.19050379 | CJ4: 0.057810008 | CK4: 0.18159576 | CL4: 0.15995891 | CM4: -0.19344889 | CN4: 0.09266165 | CO4: 0.18420346 | CP4: 0.21509938 | CQ4: 0.07822216 | CR4: 0.23262305 | CS4: 0.12461762 | CT4: 0.2146341 | CU4: 0.29380323 | CV4: 0.16458639 | CW4: 0.22758953 | CX4: 0.30967914 | CY4: 0.10082695 | CZ4: 0.2739919 | DA4: 0.29613632 | DB4: 0.44409378 | DC4: 0.2773995 | DD4: 0.20846194 | DE4: 0.050065625 | DF4: 0.079342541 | DG4: 0.041263423 | DH4: -0.0074014042 | DI4: 0.091903679 | DJ4: 0.18881041 | DK4: 0.0050346205 | DL4: -0.065302736 | DM4: -0.16991943 | DN4: -0.048355536 | DO4: 0.30239134 | DP4: 0.40249618 | DQ4: 0.42337951 | DR4: 0.31958732 | DS4: 0.27007262 | DT4: 0.24555915 | DU4: 0.18374522 | DV4: 0.16882438 | DW4: 0.21735693 | DX4: 0.18716202 | DY4: 0.12863278 | DZ4: 0.11389562 | EA4: 0.069887094 | EB4: 0.12681711 | EC4: 0.15628153 | ED4: 0.36668827 | EE4: 0.4725008 | EF4: 0.72972326
B5: chmom | C5: 0.14158921 | D5: 0.092586945 | E5: 0.11349879 | F5: -0.0073769777 | G5: -0.31863967 | H5: -0.42059899 | I5: -0.61741575 | J5: -0.43362009 | K5: -0.25626772 | L5: -0.2113105 | M5: -0.20647602 | N5: -0.32791237 | O5: 0.015729811 | P5: 0.068442695 | Q5: 0.052648856 | R5: -0.020694613 | S5: 0.02495929 | T5: -0.086843647 | U5: -0.52458473 | V5: -0.47921434 | W5: -0.36348833 | X5: -0.39764648 | Y5: -0.4756211 | Z5: -0.29400139 | AA5: -0.21990455 | AB5: 0.018176812 | AC5: -0.079990064 | AD5: -0.10289298 | AE5: 0.14449675 | AF5: 0.094619546 | AG5: 0.15888809 | AH5: 0.11961817 | AI5: 0.26749724 | AJ5: 0.28042018 | AK5: -0.030700048 | AL5: 0.045908625 | AM5: 0.1749829 | AN5: 0.12715124 | AO5: 0.18467502 | AP5: 0.084214377 | AQ5: 0.19594427 | AR5: 0.13323353 | AS5: 0.16593562 | AT5: 0.020797245 | AU5: 0.012255111 | AV5: -0.013354263 | AW5: -0.16291629 | AX5: 0.021398073 | AY5: -0.31841892 | AZ5: -0.23894029 | BA5: -0.22999541 | BB5: -0.071523536 | BC5: 0.19523407 | BD5: 0.1343817 | BE5: 0.36448653 | BF5: 0.44848254 | BG5: 0.43221301 | BH5: 0.27475197 | BI5: 0.27625006 | BJ5: 0.015584695 | BK5: 0.10580514 | BL5: 0.126551 | BM5: 0.2284809 | BN5: 0.28499472 | BO5: 0.10343621 | BP5: 0.37735476 | BQ5: 0.20037256 | BR5: 0.22737663 | BS5: 0.2800057 | BT5: 0.25048842 | BU5: 0.40950604 | BV5: 0.2791434 | BW5: 0.42338682 | BX5: 0.20681397 | BY5: 0.16995656 | BZ5: 0.25229151 | CA5: 0.32026293 | CB5: 0.51463583 | CC5: 0.18153007 | CD5: 0.1200337 | CE5: -0.025943293 | CF5: 0.045043616 | CG5: -0.35445425 | CH5: -0.25260244 | CI5: 0.14395187 | CJ5: 0.27306771 | CK5: 0.017040846 | CL5: -0.24283421 | CM5: -0.0062585842 | CN5: -0.31007511 | CO5: -0.48661942 | CP5: -0.58562675 | CQ5: -0.21352734 | CR5: -0.16518612 | CS5: -0.15856953 | CT5: -0.2953033 | CU5: -0.12548188 | CV5: -0.047694294 | CW5: -0.069955239 | CX5: -0.0092457956 | CY5: -0.022135305 | CZ5: 0.055799951 | DA5: 0.0046904915 | DB5: -0.19841703 | DC5: -0.14815778 | DD5: -0.078448866 | DE5: -0.034735831 | DF5: 0.23309856 | DG5: 0.10547592 | DH5: 0.2602456 | DI5: 0.24342212 | DJ5: 0.061619871 | DK5: 0.089139844 | DL5: 0.029253194 | DM5: 0.14236144 | DN5: 0.14615257 | DO5: 0.049079226 | DP5: 0.4032296 | DQ5: 0.46524422 | DR5: 0.25491522 | DS5: 0.14490164 | DT5: 0.10964787 | DU5: 0.14664794 | DV5: -0.3751533 | DW5: -0.29741986 | DX5: -0.19544278 | DY5: -0.082428266 | DZ5: 0.058661833 | EA5: -0.046779078 | EB5: 0.16414324 | EC5: -0.038064247 | ED5: 0.055317447 | EE5: 0.045666052 | EF5: -0.015130552
B6: retvol | C6: -0.055287602 | D6: -0.14445299 | E6: -0.091431301 | F6: 0.3549518 | G6: 0.21923638 | H6: 0.2831342 | I6: 0.37143267 | J6: 0.41062409 | K6: 0.40769934 | L6: -0.0071596741 | M6: -0.0073648091 | N6: -0.05151582 | O6: 0.2542621 | P6: 0.25179108 | Q6: 0.22183502 | R6: 0.24564423 | S6: 0.21802587 | T6: 0.22885928 | U6: -0.038365896 | V6: -0.00024933566 | W6: -0.069911431 | X6: -0.064564491 | Y6: 0.041605297 | Z6: -0.019800016 | AA6: -0.072143291 | AB6: -0.068452121 | AC6: 0.032607263 | AD6: 0.017594646 | AE6: -0.0029019286 | AF6: -0.0022483566 | AG6: -0.0055811273 | AH6: -0.0066841359 | AI6: -0.0013854994 | AJ6: -0.00086481173 | AK6: 0.056462115 | AL6: 0.07849301 | AM6: -0.11226929 | AN6: -0.22946842 | AO6: -0.13981329 | AP6: -0.11030393 | AQ6: -0.16861414 | AR6: -0.13718304 | AS6: 0.05211904 | AT6: 0.14234805 | AU6: 0.15576266 | AV6: 0.14491664 | AW6: 0.18538209 | AX6: 0.13665235 | AY6: 0.14596251 | AZ6: 0.2650378 | BA6: 0.14676562 | BB6: 0.0033428218 | BC6: -0.070510317 | BD6: -0.035291447 | BE6: 0.035257595 | BF6: 0.038800415 | BG6: 0.053526723 | BH6: 0.17967628 | BI6: 0.15487119 | BJ6: 0.11905581 | BK6: 0.13032726 | BL6: 0.093330538 | BM6: 0.080284022 | BN6: 0.20761045 | BO6: 0.18768666 | BP6: 0.12992121 | BQ6: 0.098717055 | BR6: 0.045233847 | BS6: 0.13778382 | BT6: 0.046964995 | BU6: 0.078535809 | BV6: 0.12030054 | BW6: 0.059755525 | BX6: 0.063549055 | BY6: -0.0065045111 | BZ6: -0.051668342 | CA6: -0.079185434 | CB6: -0.11278108 | CC6: -0.067050409 | CD6: -0.066787378 | CE6: -0.046564912 | CF6: -0.11929573 | CG6: -0.05315298 | CH6: -0.092611608 | CI6: -0.10903127 | CJ6: -0.065592489 | CK6: -0.088696833 | CL6: 0.089572677 | CM6: 0.065466675 | CN6: 0.02977826 | CO6: 0.0725081 | CP6: -0.013033581 | CQ6: 0.0095695222 | CR6: 0.024795353 | CS6: 0.048612117 | CT6: 0.060893022 | CU6: 0.034381618 | CV6: 0.1698004 | CW6: 0.20445758 | CX6: 0.11667932 | CY6: 0.020058144 | CZ6: -0.0014802745 | DA6: -0.023150115 | DB6: -0.19162966 | DC6: -0.27185177 | DD6: -0.21309613 | DE6: -0.16221912 | DF6: -0.20201256 | DG6: -0.17344116 | DH6: 0.0010129746 | DI6: 0.076205463 | DJ6: 0.068038264 | DK6: 0.058032612 | DL6: 0.0096719985 | DM6: -0.13040706 | DN6: -0.29058271 | DO6: -0.37804696 | DP6: -0.38659982 | DQ6: -0.38856602 | DR6: -0.22251358 | DS6: -0.17879173 | DT6: -0.15458476 | DU6: -0.061360687 | DV6: 0.02797793 | DW6: -0.031911652 | DX6: -0.099874593 | DY6: 0.0034834303 | DZ6: 0.028079827 | EA6: -0.0017876847 | EB6: -0.090286462 | EC6: -0.053357026 | ED6: -0.06524063 | EE6: -0.041521107 | EF6: -0.03506792
B7: maxret | C7: 0.031791852 | D7: -0.12411353 | E7: -0.1855275 | F7: -0.51750513 | G7: -0.47668017 | H7: -0.45722757 | I7: -0.5284488 | J7: -0.42896716 | K7: -0.41261834 | L7: -0.0041638076 | M7: -0.026791836 | N7: -0.1044833 | O7: 0.044211548 | P7: 0.058306596 | Q7: -0.068633319 | R7: 0.039118301 | S7: 0.014309176 | T7: 0.047434316 | U7: -0.0058521477 | V7: -0.084536823 | W7: -0.21030819 | X7: -0.29890893 | Y7: -0.28699682 | Z7: -0.24392936 | AA7: -0.26669381 | AB7: -0.2664948 | AC7: -0.092233352 | AD7: -0.11479514 | AE7: -0.1224079 | AF7: -0.095242339 | AG7: -0.078768449 | AH7: -0.10231022 | AI7: -0.057262344 | AJ7: 0.013756306 | AK7: 0.074954773 | AL7: 0.058691382 | AM7: 0.0053574223 | AN7: 0.011511209 | AO7: 0.043992852 | AP7: 0.013865785 | AQ7: -0.037826594 | AR7: 0.0020397996 | AS7: 0.1357503 | AT7: 0.096260025 | AU7: 0.10985243 | AV7: 0.054049592 | AW7: 0.091063556 | AX7: -0.0033959985 | AY7: -0.071198973 | AZ7: -0.074040979 | BA7: -0.13474835 | BB7: -0.18483968 | BC7: -0.17191627 | BD7: -0.19026125 | BE7: -0.18314879 | BF7: -0.11690615 | BG7: 0.1233003 | BH7: 0.15359622 | BI7: 0.14035134 | BJ7: 0.2346569 | BK7: 0.27295375 | BL7: 0.28953705 | BM7: 0.059430813 | BN7: 0.12537867 | BO7: 0.094402298 | BP7: 0.022123087 | BQ7: 0.038988348 | BR7: 0.039930685 | BS7: 0.042655091 | BT7: 0.036797177 | BU7: 0.076853981 | BV7: 0.086874653 | BW7: 0.045363248 | BX7: 0.033590598 | BY7: 0.050840618 | BZ7: 0.090275438 | CA7: 0.095704211 | CB7: 0.10042372 | CC7: 0.13416849 | CD7: 0.069815282 | CE7: 0.053519808 | CF7: -0.1378676 | CG7: -0.19353121 | CH7: -0.26226848 | CI7: -0.36215999 | CJ7: -0.17238617 | CK7: -0.24049517 | CL7: -0.029835663 | CM7: 0.048473892 | CN7: 0.039346739 | CO7: 0.11640796 | CP7: 0.027954672 | CQ7: 0.11747759 | CR7: 0.029545899 | CS7: 0.010751644 | CT7: 0.051099373 | CU7: 0.10823418 | CV7: 0.10010509 | CW7: 0.082435859 | CX7: 0.14446651 | CY7: 0.015434973 | CZ7: -0.068435942 | DA7: -0.040885148 | DB7: -0.090240153 | DC7: -0.072910137 | DD7: -0.074101524 | DE7: -0.038176172 | DF7: -0.080366391 | DG7: -0.084762822 | DH7: 0.045561826 | DI7: 0.015283929 | DJ7: -0.086368002 | DK7: -0.083284993 | DL7: -0.3107079 | DM7: -0.48915583 | DN7: -0.61713752 | DO7: -0.64241869 | DP7: -0.51612725 | DQ7: -0.53531008 | DR7: -0.20641258 | DS7: -0.036765638 | DT7: -0.02117636 | DU7: -0.10998909 | DV7: -0.083866243 | DW7: -0.17622427 | DX7: -0.25043733 | DY7: -0.15139281 | DZ7: -0.1158378 | EA7: -0.056648241 | EB7: 0.034255182 | EC7: -0.017395651 | ED7: 0.040598599 | EE7: 0.049896274 | EF7: 0.041656706
A8: 選絕對值最大 | C8: {=MATCH(MAX(ABS(C3:C7)), ABS(C3:C7), 0)} -> 2 | D8: {=MATCH(MAX(ABS(D3:D7)), ABS(D3:D7), 0)} -> 2 | E8: {=MATCH(MAX(ABS(E3:E7)), ABS(E3:E7), 0)} -> 2 | F8: {=MATCH(MAX(ABS(F3:F7)), ABS(F3:F7), 0)} -> 5 | G8: {=MATCH(MAX(ABS(G3:G7)), ABS(G3:G7), 0)} -> 5 | H8: {=MATCH(MAX(ABS(H3:H7)), ABS(H3:H7), 0)} -> 2 | I8: {=MATCH(MAX(ABS(I3:I7)), ABS(I3:I7), 0)} -> 2 | J8: {=MATCH(MAX(ABS(J3:J7)), ABS(J3:J7), 0)} -> 2 | ... EE8: {=MATCH(MAX(ABS(EE3:EE7)), ABS(EE3:EE7), 0)} -> 2 | EF8: 2
C9: =IF(C8=1,"mom1", IF(C8=2,"mom12", IF(C8=3,"chmom", IF(C8=4,"retvol", IF(C8=5,"maxret",""))))) -> mom12 | D9: =IF(D8=1,"mom1", IF(D8=2,"mom12", IF(D8=3,"chmom", IF(D8=4,"retvol", IF(D8=5,"maxret",""))))) -> mom12 | E9: =IF(E8=1,"mom1", IF(E8=2,"mom12", IF(E8=3,"chmom", IF(E8=4,"retvol", IF(E8=5,"maxret",""))))) -> mom12 | F9: =IF(F8=1,"mom1", IF(F8=2,"mom12", IF(F8=3,"chmom", IF(F8=4,"retvol", IF(F8=5,"maxret",""))))) -> maxret | G9: =IF(G8=1,"mom1", IF(G8=2,"mom12", IF(G8=3,"chmom", IF(G8=4,"retvol", IF(G8=5,"maxret",""))))) -> maxret | H9: =IF(H8=1,"mom1", IF(H8=2,"mom12", IF(H8=3,"chmom", IF(H8=4,"retvol", IF(H8=5,"maxret",""))))) -> mom12 | I9: =IF(I8=1,"mom1", IF(I8=2,"mom12", IF(I8=3,"chmom", IF(I8=4,"retvol", IF(I8=5,"maxret",""))))) -> mom12 | J9: =IF(J8=1,"mom1", IF(J8=2,"mom12", IF(J8=3,"chmom", IF(J8=4,"retvol", IF(J8=5,"maxret",""))))) -> mom12 | ... EF9: =IF(EF8=1,"mom1", IF(EF8=2,"mom12", IF(EF8=3,"chmom", IF(EF8=4,"retvol", IF(EF8=5,"maxret",""))))) -> mom12
C10: =IF(C8=1,C3,IF(C8=2,C4,IF(C8=3,C5,IF(C8=4,C6,IF(C8=5,C7))))) -> -0.20935792 | D10: =IF(D8=1,D3,IF(D8=2,D4,IF(D8=3,D5,IF(D8=4,D6,IF(D8=5,D7))))) -> -0.24145621 | E10: =IF(E8=1,E3,IF(E8=2,E4,IF(E8=3,E5,IF(E8=4,E6,IF(E8=5,E7))))) -> 0.26636596 | F10: =IF(F8=1,F3,IF(F8=2,F4,IF(F8=3,F5,IF(F8=4,F6,IF(F8=5,F7))))) -> -0.51750513 | G10: =IF(G8=1,G3,IF(G8=2,G4,IF(G8=3,G5,IF(G8=4,G6,IF(G8=5,G7))))) -> -0.47668017 | H10: =IF(H8=1,H3,IF(H8=2,H4,IF(H8=3,H5,IF(H8=4,H6,IF(H8=5,H7))))) -> 0.55373417 | I10: =IF(I8=1,I3,IF(I8=2,I4,IF(I8=3,I5,IF(I8=4,I6,IF(I8=5,I7))))) -> 0.66979451 | J10: =IF(J8=1,J3,IF(J8=2,J4,IF(J8=3,J5,IF(J8=4,J6,IF(J8=5,J7))))) -> 0.61032591 | ... EF10: =IF(EF8=1,EF3,IF(EF8=2,EF4,IF(EF8=3,EF5,IF(EF8=4,EF6,IF(EF8=5,EF7))))) -> 0.72972326
A12: 投資組合 | C12: 公司數 | D12: 964
A13: 等分 | B13: 家數 | C13: 2014/01 | D13: 2014/02 | E13: 2014/03 | F13: 2014/04 | G13: 2014/05 | H13: 2014/06 | I13: 2014/07 | J13: 2014/08 | K13: 2014/09 | L13: 2014/10 | M13: 2014/11 | N13: 2014/12 | O13: 2015/01 | P13: 2015/02 | Q13: 2015/03 | R13: 2015/04 | S13: 2015/05 | T13: 2015/06 | U13: 2015/07 | V13: 2015/08 | W13: 2015/09 | X13: 2015/10 | Y13: 2015/11 | Z13: 2015/12 | AA13: 2016/01 | AB13: 2016/02 | AC13: 2016/03 | AD13: 2016/04 | AE13: 2016/05 | AF13: 2016/06 | AG13: 2016/07 | AH13: 2016/08 | AI13: 2016/09 | AJ13: 2016/10 | AK13: 2016/11 | AL13: 2016/12 | AM13: 2017/01 | AN13: 2017/02 | AO13: 2017/03 | AP13: 2017/04 | AQ13: 2017/05 | AR13: 2017/06 | AS13: 2017/07 | AT13: 2017/08 | AU13: 2017/09 | AV13: 2017/10 | AW13: 2017/11 | AX13: 2017/12 | AY13: 2018/01 | AZ13: 2018/02 | BA13: 2018/03 | BB13: 2018/04 | BC13: 2018/05 | BD13: 2018/06 | BE13: 2018/07 | BF13: 2018/08 | BG13: 2018/09 | BH13: 2018/10 | BI13: 2018/11 | BJ13: 2018/12 | BK13: 2019/01 | BL13: 2019/02 | BM13: 2019/03 | BN13: 2019/04 | BO13: 2019/05 | BP13: 2019/06 | BQ13: 2019/07 | BR13: 2019/08 | BS13: 2019/09 | BT13: 2019/10 | BU13: 2019/11 | BV13: 2019/12 | BW13: 2020/01 | BX13: 2020/02 | BY13: 2020/03 | BZ13: 2020/04 | CA13: 2020/05 | CB13: 2020/06 | CC13: 2020/07 | CD13: 2020/08 | CE13: 2020/09 | CF13: 2020/10 | CG13: 2020/11 | CH13: 2020/12 | CI13: 2021/01 | CJ13: 2021/02 | CK13: 2021/03 | CL13: 2021/04 | CM13: 2021/05 | CN13: 2021/06 | CO13: 2021/07 | CP13: 2021/08 | CQ13: 2021/09 | CR13: 2021/10 | CS13: 2021/11 | CT13: 2021/12 | CU13: 2022/01 | CV13: 2022/02 | CW13: 2022/03 | CX13: 2022/04 | CY13: 2022/05 | CZ13: 2022/06 | DA13: 2022/07 | DB13: 2022/08 | DC13: 2022/09 | DD13: 2022/10 | DE13: 2022/11 | DF13: 2022/12 | DG13: 2023/01 | DH13: 2023/02 | DI13: 2023/03 | DJ13: 2023/04 | DK13: 2023/05 | DL13: 2023/06 | DM13: 2023/07 | DN13: 2023/08 | DO13: 2023/09 | DP13: 2023/10 | DQ13: 2023/11 | DR13: 2023/12 | DS13: 2024/01 | DT13: 2024/02 | DU13: 2024/03 | DV13: 2024/04 | DW13: 2024/05 | DX13: 2024/06 | DY13: 2024/07 | DZ13: 2024/08 | EA13: 2024/09 | EB13: 2024/10 | EC13: 2024/11 | ED13: 2024/12 | EE13: 2025/01 | EF13: 2025/02
A14: 10 | B14: 96 | C14: 0.014499247 | D14: -0.014678551 | E14: -0.0013937245 | F14: -0.0076284164 | G14: -0.0055955579 | H14: 0.0095992584 | I14: -0.0086581523 | J14: 0.0073897937 | K14: 0.029187998 | L14: 0.008758556 | M14: 0.026889174 | N14: -0.064808654 | O14: 0.027914759 | P14: 0.0016005017 | Q14: 0.021755609 | R14: -0.034229864 | S14: 0.0116392 | T14: -0.022313576 | U14: -0.016909795 | V14: 0.0071207345 | W14: -0.022328288 | X14: -0.10636944 | Y14: 0.03641629 | Z14: 0.053152087 | AA14: -0.026918479 | AB14: -0.01073333 | AC14: 0.046772946 | AD14: 0.0025304298 | AE14: -0.037855001 | AF14: 0.052012103 | AG14: 0.0038149304 | AH14: 0.015713034 | AI14: 0.0075237895 | AJ14: -0.0091496766 | AK14: -0.022643045 | AL14: 0.04780049 | AM14: -0.028540928 | AN14: -0.026645629 | AO14: -0.014995471 | AP14: -0.0063803695 | AQ14: 0.0016969306 | AR14: -0.022223026 | AS14: -0.019976273 | AT14: -0.072195382 | AU14: -0.0037135364 | AV14: 0.0022971223 | AW14: -0.013637776 | AX14: -0.0058446617 | AY14: 0.048156517 | AZ14: -0.02649542 | BA14: 0.0055924597 | BB14: 0.012143481 | BC14: 0.026690966 | BD14: -0.020333813 | BE14: 0.029972826 | BF14: 0.070904934 | BG14: 0.028739962 | BH14: -0.0032311813 | BI14: 0.048193838 | BJ14: -0.024663126 | BK14: 0.0082059499 | BL14: -0.020533626 | BM14: -0.020634019 | BN14: -0.014908357 | BO14: -0.061541279 | BP14: -0.032994976 | BQ14: -0.010117718 | BR14: -0.056986675 | BS14: 0.001593666 | BT14: -0.0046247973 | BU14: -0.023168961 | BV14: 0.037969142 | BW14: 0.043745729 | BX14: -0.0090180569 | BY14: -0.017771556 | BZ14: -0.011652747 | CA14: -0.018496156 | CB14: 0.019510209 | CC14: -0.043661783 | CD14: -0.044355263 | CE14: 0.0093696372 | CF14: 0.011658065 | CG14: -0.004643455 | CH14: 0.011804876 | CI14: 0.0015237996 | CJ14: -0.064059392 | CK14: 0.014501197 | CL14: 0.076121024 | CM14: 0.026353951 | CN14: 0.1397279 | CO14: -0.056181822 | CP14: 0.004251866 | CQ14: -0.067376584 | CR14: -0.057159987 | CS14: -0.024098817 | CT14: -0.065684092 | CU14: -0.074779529 | CV14: 0.035483195 | CW14: 0.013036669 | CX14: -0.030752638 | CY14: 0.016420596 | CZ14: -0.012324262 | DA14: 0.016824333 | DB14: 0.035585283 | DC14: -0.0045013638 | DD14: 0.0051114671 | DE14: -0.0087968309 | DF14: 0.019394736 | DG14: -0.014314268 | DH14: 0.0014287617 | DI14: -0.039089939 | DJ14: 0.041378043 | DK14: -0.02621306 | DL14: -0.015979407 | DM14: -0.027941837 | DN14: 0.012574616 | DO14: 0.0095209619 | DP14: 0.011064374 | DQ14: 0.011403957 | DR14: -0.010852046 | DS14: 0.046024279 | DT14: 0.024813842 | DU14: 0.045787142 | DV14: -0.0097841607 | DW14: 0.0044421707 | DX14: -0.008528382 | DY14: 0.01535213 | DZ14: 0.0070565352 | EA14: -0.11312704 | EB14: 0.031887415 | EC14: 0.014883918 | ED14: 0.023444575 | EE14: -0.02821628 | EF14: -0.031810858
A15: 20 | B15: 48 | C15: -0.0074773642 | D15: 0.00545686 | E15: -0.0055236267 | F15: -0.010393344 | G15: 0.01899402 | H15: 0.017388387 | I15: 0.032285992 | J15: 0.023000409 | K15: 0.060326139 | L15: 0.02198047 | M15: 0.0032797582 | N15: -0.075519168 | O15: 0.017422699 | P15: -0.0059731167 | Q15: 0.024058965 | R15: -0.04724251 | S15: 0.026179032 | T15: -0.026298133 | U15: -0.002277829 | V15: -0.01108566 | W15: -0.034590636 | X15: -0.15038578 | Y15: 0.021623165 | Z15: 0.081251402 | AA15: -0.047712648 | AB15: -0.015001573 | AC15: 0.0667717 | AD15: 0.020440228 | AE15: -0.040845747 | AF15: 0.073281161 | AG15: -0.0099052077 | AH15: 0.024955207 | AI15: -0.0030352421 | AJ15: -0.001069904 | AK15: -0.0236187 | AL15: 0.049258885 | AM15: -0.041837428 | AN15: -0.029977661 | AO15: 0.0017088467 | AP15: 0.0021107071 | AQ15: 0.0023400742 | AR15: -0.020848044 | AS15: -0.023404964 | AT15: -0.086422915 | AU15: 0.015695418 | AV15: -0.0049079394 | AW15: -0.011292436 | AX15: 0.00020015025 | AY15: 0.068287143 | AZ15: -0.016857007 | BA15: 0.01770477 | BB15: 0.0021019545 | BC15: 0.019110867 | BD15: 0.015529874 | BE15: 0.048963911 | BF15: 0.071981555 | BG15: 0.057825844 | BH15: 0.0010630737 | BI15: 0.037499401 | BJ15: -0.024266088 | BK15: -0.0015834533 | BL15: -0.016413796 | BM15: -0.024812054 | BN15: -0.021773575 | BO15: -0.082577836 | BP15: -0.057598025 | BQ15: -0.016153312 | BR15: -0.081428202 | BS15: 0.0027340927 | BT15: 0.022651181 | BU15: -0.025178691 | BV15: 0.069814479 | BW15: 0.08027142 | BX15: -0.01523951 | BY15: 0.0078465601 | BZ15: -0.062915716 | CA15: -0.042622978 | CB15: 0.02274976 | CC15: -0.0025665769 | CD15: -0.021204144 | CE15: 0.022670431 | CF15: 0.010965174 | CG15: -0.022196704 | CH15: 0.029497085 | CI15: 0.0066072391 | CJ15: -0.08096216 | CK15: 0.010734913 | CL15: 0.070690453 | CM15: 0.014010735 | CN15: 0.14134677 | CO15: -0.060648236 | CP15: 0.027089074 | CQ15: -0.073319276 | CR15: -0.11164489 | CS15: -0.018419378 | CT15: -0.094868405 | CU15: -0.10709096 | CV15: 0.05457689 | CW15: 0.03630912 | CX15: -0.030582841 | CY15: 0.041201752 | CZ15: -0.0048982162 | DA15: 0.016936626 | DB15: 0.061356185 | DC15: -0.014149867 | DD15: -0.00059036845 | DE15: -0.012176081 | DF15: 0.01989365 | DG15: -0.011696069 | DH15: -0.034498129 | DI15: -0.044175588 | DJ15: 0.0070211236 | DK15: -0.0039577188 | DL15: -0.023641364 | DM15: -0.034463083 | DN15: 0.010715067 | DO15: 0.012299319 | DP15: 0.013144614 | DQ15: 0.013553481 | DR15: -0.014466961 | DS15: 0.029915194 | DT15: 0.029845809 | DU15: 0.023698854 | DV15: -0.030687472 | DW15: 0.017478143 | DX15: 0.015732765 | DY15: 0.0097591276 | DZ15: -0.0069097961 | EA15: -0.12446896 | EB15: 0.058059596 | EC15: 0.021984853 | ED15: 0.05397802 | EE15: -0.03586748 | EF15: -0.047879265
A16: 50 | B16: 19 | C16: -0.033228978 | D16: 0.14164365 | E16: -0.047920746 | F16: 0.017957807 | G16: 0.018155703 | H16: -0.011508261 | I16: 0.030100135 | J16: 0.045231574 | K16: 0.050827466 | L16: 0.056271085 | M16: -0.019021714 | N16: -0.12405157 | O16: 0.0014944079 | P16: 0.01196952 | Q16: 0.049500992 | R16: 0.011453173 | S16: 0.041715658 | T16: 0.0022210255 | U16: -0.014789417 | V16: -0.01344097 | W16: -0.021702239 | X16: -0.21811054 | Y16: -0.031992262 | Z16: 0.11670403 | AA16: -0.099905879 | AB16: -0.027335979 | AC16: -0.0030865623 | AD16: 0.069874592 | AE16: -0.0056825031 | AF16: 0.096080095 | AG16: -0.025329295 | AH16: 0.080952184 | AI16: 0.063253266 | AJ16: -0.016189757 | AK16: -0.0086778642 | AL16: 0.051230183 | AM16: -0.028014229 | AN16: -0.019132523 | AO16: 0.038044353 | AP16: -0.0083517816 | AQ16: -0.02973338 | AR16: -0.0075826917 | AS16: 0.0066693384 | AT16: -0.07940348 | AU16: 0.057421613 | AV16: -0.01231335 | AW16: 0.0038276407 | AX16: -0.010615142 | AY16: 0.14324851 | AZ16: -0.031301973 | BA16: 0.064770818 | BB16: 0.032127794 | BC16: -0.028505683 | BD16: 0.052229072 | BE16: 0.076027043 | BF16: 0.11017253 | BG16: 0.10047478 | BH16: 0.091153634 | BI16: 0.070811286 | BJ16: -0.068604196 | BK16: -0.0059792702 | BL16: -0.011627052 | BM16: -0.01713028 | BN16: -0.0047838156 | BO16: -0.020140931 | BP16: -0.070319344 | BQ16: 0.017671783 | BR16: -0.086828185 | BS16: 0.005066305 | BT16: 0.026437795 | BU16: -0.076735091 | BV16: 0.10176926 | BW16: 0.015980248 | BX16: -0.092177725 | BY16: 0.042570992 | BZ16: -0.16812656 | CA16: -0.051170227 | CB16: 0.11636706 | CC16: -0.035993753 | CD16: 0.032926387 | CE16: 0.043060426 | CF16: 0.020735298 | CG16: -0.040400431 | CH16: 0.0021026353 | CI16: -0.047976499 | CJ16: -0.1253171 | CK16: 0.074599979 | CL16: 0.091851719 | CM16: -0.0050971069 | CN16: 0.20849654 | CO16: -0.11865999 | CP16: 0.025792775 | CQ16: -0.092452779 | CR16: -0.20771971 | CS16: 0.010443103 | CT16: -0.099677084 | CU16: -0.101545 | CV16: 0.058675077 | CW16: 0.044763884 | CX16: -0.090639227 | CY16: 0.09636113 | CZ16: -0.0103014 | DA16: -0.056351881 | DB16: 0.090239014 | DC16: -0.042998542 | DD16: -0.0056504594 | DE16: 0.014117833 | DF16: 0.022607974 | DG16: -0.026961754 | DH16: 0.0012662364 | DI16: -0.12514038 | DJ16: 0.0087940294 | DK16: 0.068591516 | DL16: -0.063558098 | DM16: -0.020843043 | DN16: 0.001668604 | DO16: 0.0012384092 | DP16: -0.017980561 | DQ16: 0.032384745 | DR16: -0.0054840962 | DS16: 0.089437754 | DT16: 0.0077542903 | DU16: 0.11891759 | DV16: -0.049656627 | DW16: 0.054188708 | DX16: 0.032842422 | DY16: 0.036869823 | DZ16: -0.022551538 | EA16: -0.062912685 | EB16: 0.088158782 | EC16: 0.043260018 | ED16: 0.078399264 | EE16: -0.042505739 | EF16: -0.084951384
A17: 100 | B17: 10 | C17: -0.036350225 | D17: 0.27303487 | E17: -0.095344605 | F17: 0.013344162 | G17: -5.0918187e-05 | H17: -0.0012437261 | I17: 0.079293091 | J17: 0.06212121 | K17: 0.094514798 | L17: 0.081171061 | M17: -0.0021330164 | N17: -0.13481826 | O17: -0.012270796 | P17: 0.0045502269 | Q17: 0.052757304 | R17: -0.033711168 | S17: 0.088560885 | T17: -0.0065780207 | U17: 0.0080881446 | V17: -0.00055125571 | W17: -0.0060794047 | X17: -0.25186325 | Y17: -0.046039335 | Z17: 0.062704119 | AA17: -0.16085038 | AB17: -0.022166401 | AC17: 0.0043176688 | AD17: 0.081713375 | AE17: 0.01572749 | AF17: 0.13772629 | AG17: -0.044324544 | AH17: 0.13296737 | AI17: 0.078876382 | AJ17: 0.022201118 | AK17: 0.060211989 | AL17: 0.032360174 | AM17: 0.021048665 | AN17: -0.03550046 | AO17: 0.05138452 | AP17: -0.090555375 | AQ17: -0.036453319 | AR17: -0.017733826 | AS17: 0.048733221 | AT17: -0.070989813 | AU17: 0.077174077 | AV17: -0.094716061 | AW17: -0.022828047 | AX17: -0.054416045 | AY17: 0.20000627 | AZ17: -0.0056675795 | BA17: 0.14335282 | BB17: 0.030366028 | BC17: -0.030936692 | BD17: 0.059932733 | BE17: 0.074808226 | BF17: 0.12725231 | BG17: 0.12916989 | BH17: 0.051044265 | BI17: 0.10593719 | BJ17: -0.13011026 | BK17: 0.037923726 | BL17: -0.0047008904 | BM17: -0.011126533 | BN17: -0.059531748 | BO17: -0.028938091 | BP17: -0.13827563 | BQ17: 0.028214169 | BR17: -0.13180033 | BS17: 0.00055831707 | BT17: 0.095399787 | BU17: -0.040466167 | BV17: 0.16459385 | BW17: -0.014167149 | BX17: -0.0056261887 | BY17: 0.0024922433 | BZ17: -0.14914636 | CA17: -0.12993344 | CB17: 0.16188291 | CC17: -0.061217177 | CD17: -0.047114468 | CE17: 0.10253544 | CF17: 0.045210671 | CG17: -0.12524703 | CH17: 0.011834855 | CI17: -0.031100781 | CJ17: -0.056967559 | CK17: 0.085724331 | CL17: 0.13737052 | CM17: -0.046626536 | CN17: 0.2769722 | CO17: -0.19945622 | CP17: 0.092551972 | CQ17: -0.067089016 | CR17: -0.18148893 | CS17: 0.065435917 | CT17: -0.16873607 | CU17: -0.12404993 | CV17: 0.084641843 | CW17: 0.026072091 | CX17: -0.15238778 | CY17: 0.092947904 | CZ17: -0.023763335 | DA17: 0.057882147 | DB17: 0.2096634 | DC17: -0.067692432 | DD17: -0.013691371 | DE17: -0.00016019757 | DF17: 0.044700313 | DG17: -0.03745733 | DH17: -0.032902476 | DI17: -0.11060974 | DJ17: 0.060023777 | DK17: 0.15651374 | DL17: -0.062537168 | DM17: 0.0044523917 | DN17: 0.017128288 | DO17: -0.014779004 | DP17: -0.045072435 | DQ17: 0.043002665 | DR17: 0.03047264 | DS17: 0.0095715425 | DT17: 0.05271879 | DU17: 0.18864064 | DV17: -0.096902151 | DW17: 0.0096290501 | DX17: 0.050285288 | DY17: 0.010392759 | DZ17: -0.027874507 | EA17: -0.04345122 | EB17: 0.07529439 | EC17: 0.076157077 | ED17: 0.11066003 | EE17: -0.04934418 | EF17: -0.15968344
A18: 107 | B18: 9 | C18: -0.03943539 | D18: 0.23433798 | E18: -0.086704171 | F18: 0.024642133 | G18: -0.0018178771 | H18: -0.00064934946 | I18: 0.10921796 | J18: 0.073104639 | K18: 0.086420892 | L18: 0.085161604 | M18: -0.013987436 | N18: -0.16464784 | O18: -0.028587077 | P18: 0.0022388474 | Q18: 0.052802704 | R18: -0.034488337 | S18: 0.096643246 | T18: -0.030934916 | U18: 0.052915685 | V18: -0.036407149 | W18: 0.02678889 | X18: -0.27113096 | Y18: -0.047902109 | Z18: 0.043010058 | AA18: -0.16615889 | AB18: -0.032295414 | AC18: -0.012765448 | AD18: 0.053136056 | AE18: 0.048227124 | AF18: 0.14791561 | AG18: -0.04377616 | AH18: 0.14840163 | AI18: 0.10020271 | AJ18: 0.035776244 | AK18: 0.053699967 | AL18: 0.0054397026 | AM18: 0.028978861 | AN18: -0.022032518 | AO18: 0.041090153 | AP18: -0.094724683 | AQ18: -0.054497753 | AR18: -0.034371979 | AS18: 0.052642718 | AT18: -0.12256404 | AU18: 0.082090272 | AV18: -0.095921542 | AW18: -0.013947617 | AX18: -0.050559496 | AY18: 0.22593249 | AZ18: -0.003982412 | BA18: 0.15260112 | BB18: 0.073011429 | BC18: -0.038999392 | BD18: 0.035639774 | BE18: 0.075589961 | BF18: 0.15869235 | BG18: 0.12077889 | BH18: 0.043805074 | BI18: 0.13815009 | BJ18: -0.096566804 | BK18: 0.020691262 | BL18: -0.00073027177 | BM18: 0.0014382607 | BN18: -0.057828559 | BO18: -0.029487267 | BP18: -0.12596295 | BQ18: 0.02854154 | BR18: -0.14752203 | BS18: 0.0014379327 | BT18: 0.1024804 | BU18: -0.042432187 | BV18: 0.17428476 | BW18: -0.035276084 | BX18: -0.016073282 | BY18: 0.019693375 | BZ18: -0.14002572 | CA18: -0.13814774 | CB18: 0.16089687 | CC18: -0.055432229 | CD18: -0.060988526 | CE18: 0.12192791 | CF18: -0.01199364 | CG18: -0.091116257 | CH18: 0.016724789 | CI18: -0.037593168 | CJ18: -0.054788462 | CK18: 0.11174511 | CL18: 0.089066417 | CM18: -0.0069997267 | CN18: 0.32067948 | CO18: -0.20410183 | CP18: 0.082195843 | CQ18: -0.09163939 | CR18: -0.18928653 | CS18: 0.075198615 | CT18: -0.156979 | CU18: -0.1354717 | CV18: 0.090097055 | CW18: 0.047341659 | CX18: -0.16226598 | CY18: 0.081280638 | CZ18: -0.032724822 | DA18: 0.078106298 | DB18: 0.23166535 | DC18: -0.083264052 | DD18: 0.0077053805 | DE18: 0.00094053142 | DF18: 0.046156787 | DG18: -0.036227532 | DH18: -0.035919639 | DI18: -0.12794229 | DJ18: 0.070955052 | DK18: 0.15889822 | DL18: -0.076014086 | DM18: -0.0018719094 | DN18: 0.01150354 | DO18: -0.0062760956 | DP18: -0.047675807 | DQ18: 0.044220142 | DR18: 0.068305382 | DS18: -0.010423024 | DT18: 0.059112975 | DU18: 0.19010824 | DV18: -0.058480746 | DW18: 0.04052346 | DX18: 0.051507217 | DY18: 0.011151605 | DZ18: -0.049161819 | EA18: -0.00042051524 | EB18: 0.088908954 | EC18: 0.068501481 | ED18: 0.11469923 | EE18: -0.059240997 | EF18: -0.15799175
A19: 120 | B19: 8 | C19: -0.038913469 | D19: 0.16854736 | E19: -0.096671109 | F19: 0.027531384 | G19: -0.023814422 | H19: 0.0079428568 | I19: 0.11307752 | J19: 0.048286948 | K19: 0.10156008 | L19: 0.042234791 | M19: 0.014659142 | N19: -0.22574704 | O19: -0.011306676 | P19: 0.00069459976 | Q19: 0.058333135 | R19: -0.030203789 | S19: 0.12484658 | T19: -0.03752488 | U19: 0.031355564 | V19: -0.11295912 | W19: 0.058245239 | X19: -0.27133595 | Y19: -0.095475865 | Z19: 0.048325674 | AA19: -0.19128344 | AB19: -0.044538303 | AC19: -0.020086255 | AD19: 0.049777375 | AE19: 0.07787902 | AF19: 0.12028632 | AG19: -0.062640142 | AH19: 0.14702489 | AI19: 0.091956591 | AJ19: 0.023536896 | AK19: 0.03866433 | AL19: 0.027018182 | AM19: 0.029521143 | AN19: 0.0064561354 | AO19: 0.076694528 | AP19: -0.09341758 | AQ19: -0.061277252 | AR19: -0.045802626 | AS19: 0.058802957 | AT19: -0.12707179 | AU19: 0.11569961 | AV19: -0.10115858 | AW19: -0.0087282505 | AX19: -0.034695778 | AY19: 0.23807944 | AZ19: -0.0072219644 | BA19: 0.1515431 | BB19: 0.085202879 | BC19: -0.027292824 | BD19: 0.040997019 | BE19: 0.068529222 | BF19: 0.055060757 | BG19: 0.11262105 | BH19: 0.029758528 | BI19: 0.13096213 | BJ19: -0.097868244 | BK19: 0.016537443 | BL19: -0.012917736 | BM19: 0.0085086093 | BN19: -0.033552831 | BO19: -0.032197286 | BP19: -0.14972725 | BQ19: 0.053490466 | BR19: -0.1782881 | BS19: 0.033757817 | BT19: 0.093199875 | BU19: -0.067306502 | BV19: 0.18846884 | BW19: -0.068357545 | BX19: -0.0018025829 | BY19: -0.030092828 | BZ19: -0.13820224 | CA19: -0.12225927 | CB19: 0.1830453 | CC19: -0.037574482 | CD19: -0.076385115 | CE19: 0.16590361 | CF19: 0.00055948197 | CG19: -0.089267428 | CH19: 0.020669136 | CI19: -0.05509642 | CJ19: -0.081164387 | CK19: 0.116866 | CL19: 0.093869894 | CM19: 0.0016699729 | CN19: 0.3264374 | CO19: -0.18269785 | CP19: 0.085732279 | CQ19: -0.091887762 | CR19: -0.19640263 | CS19: 0.054006151 | CT19: -0.11450657 | CU19: -0.15535189 | CV19: 0.066457648 | CW19: 0.063393219 | CX19: -0.12500986 | CY19: 0.075608913 | CZ19: -0.031592684 | DA19: 0.048109805 | DB19: 0.22431697 | DC19: -0.098849393 | DD19: -0.0069842221 | DE19: 0.00077277579 | DF19: 0.040777929 | DG19: -0.038939056 | DH19: -0.028745682 | DI19: -0.14979688 | DJ19: 0.12892506 | DK19: 0.17164705 | DL19: -0.087764625 | DM19: -0.0025817581 | DN19: 0.010858502 | DO19: -0.0018782094 | DP19: -0.056639794 | DQ19: 0.036728692 | DR19: 0.045431264 | DS19: -0.0065055362 | DT19: 0.059811935 | DU19: 0.1595551 | DV19: -0.055500328 | DW19: 0.045629335 | DX19: 0.036950346 | DY19: -0.02002421 | DZ19: -0.047637765 | EA19: 0.0046325242 | EB19: 0.086858714 | EC19: 0.12151202 | ED19: 0.10329067 | EE19: -0.0642787 | EF19: -0.13981485
A20: 137 | B20: 7 | C20: -0.059146798 | D20: 0.18401889 | E20: -0.10047562 | F20: 0.021575273 | G20: -0.0090534051 | H20: 0.0086222278 | I20: 0.12862656 | J20: 0.091173232 | K20: 0.13564789 | L20: 0.050758207 | M20: 0.029051464 | N20: -0.23903745 | O20: 0.031737941 | P20: -0.0015852985 | Q20: 0.059093355 | R20: -0.035055205 | S20: 0.12739823 | T20: -0.047527599 | U20: 0.031634303 | V20: -0.13883427 | W20: 0.06596244 | X20: -0.28203659 | Y20: -0.11656972 | Z20: 0.051469726 | AA20: -0.17257066 | AB20: -0.062644805 | AC20: 0.0013654205 | AD20: 0.072443789 | AE20: 0.084086671 | AF20: 0.15054364 | AG20: -0.08171998 | AH20: 0.1630685 | AI20: 0.052553497 | AJ20: 0.046670517 | AK20: 0.014380613 | AL20: 0.032812812 | AM20: 0.039803316 | AN20: -0.0027944178 | AO20: -0.02458428 | AP20: -0.095545793 | AQ20: -0.064154974 | AR20: -0.039002474 | AS20: 0.083253128 | AT20: -0.16638581 | AU20: 0.13889821 | AV20: -0.11622238 | AW20: -0.020326564 | AX20: -0.03377089 | AY20: 0.25333878 | AZ20: -0.026067638 | BA20: 0.12875947 | BB20: 0.098925815 | BC20: 0.027942051 | BD20: 0.011404978 | BE20: 0.067547173 | BF20: 0.039489138 | BG20: 0.039685382 | BH20: 0.077457082 | BI20: 0.12468721 | BJ20: -0.098533857 | BK20: 0.019536271 | BL20: -0.019474133 | BM20: 0.015736216 | BN20: -0.048298491 | BO20: -0.029971588 | BP20: -0.16487337 | BQ20: 0.088664658 | BR20: -0.17418737 | BS20: 0.032879368 | BT20: 0.11280721 | BU20: -0.081337969 | BV20: 0.18988257 | BW20: -0.068489667 | BX20: -0.0077412973 | BY20: -0.028376458 | BZ20: -0.027370167 | CA20: -0.14000845 | CB20: 0.14365511 | CC20: -0.036515326 | CD20: -0.12159522 | CE20: 0.18645852 | CF20: 0.012563582 | CG20: -0.070437854 | CH20: 0.011128647 | CI20: -0.042128275 | CJ20: -0.074164048 | CK20: 0.050004768 | CL20: 0.12756845 | CM20: 0.01554875 | CN20: 0.29455502 | CO20: -0.2167774 | CP20: 0.10138046 | CQ20: -0.091780217 | CR20: -0.19372241 | CS20: 0.023923939 | CT20: -0.10089785 | CU20: -0.14456482 | CV20: 0.049648574 | CW20: 0.066558574 | CX20: -0.15307569 | CY20: 0.093178384 | CZ20: -0.091459213 | DA20: 0.076890546 | DB20: 0.22238211 | DC20: -0.082819707 | DD20: -0.012694658 | DE20: -0.0059605139 | DF20: 0.032824494 | DG20: -0.033314284 | DH20: -0.045324297 | DI20: -0.11909332 | DJ20: 0.14619608 | DK20: 0.1745113 | DL20: -0.091548177 | DM20: -0.0040596524 | DN20: 0.018961985 | DO20: 9.3113999e-05 | DP20: -0.040347675 | DQ20: 0.046889265 | DR20: 0.052461064 | DS20: -0.025385651 | DT20: 0.022601035 | DU20: 0.16258878 | DV20: -0.052647244 | DW20: 0.033724892 | DX20: 0.047265611 | DY20: -0.042035875 | DZ20: -0.070710335 | EA20: 0.0047382972 | EB20: 0.10197848 | EC20: 0.14304023 | ED20: 0.082759101 | EE20: -0.05301504 | EF20: -0.1549361
A21: 160 | B21: 6 | C21: -0.07386193 | D21: 0.21954287 | E21: -0.14058368 | F21: 0.027253382 | G21: -0.013871626 | H21: -0.012068788 | I21: 0.13411218 | J21: 0.11143724 | K21: 0.23878941 | L21: 0.02032665 | M21: -0.043690236 | N21: -0.31670199 | O21: 0.031561874 | P21: 0.0043138923 | Q21: 0.068942247 | R21: -0.05154014 | S21: 0.1365758 | T21: -0.043836093 | U21: 0.10479422 | V21: -0.16816101 | W21: 0.031863713 | X21: -0.27968945 | Y21: -0.091155341 | Z21: 0.057888725 | AA21: -0.1318329 | AB21: -0.051718753 | AC21: 0.014141543 | AD21: 0.023997457 | AE21: 0.097714156 | AF21: 0.16883058 | AG21: -0.041487103 | AH21: 0.20415629 | AI21: 0.075071918 | AJ21: 0.027981425 | AK21: 0.017600246 | AL21: 0.014914608 | AM21: 0.044370985 | AN21: 0.010239548 | AO21: -0.055890126 | AP21: -0.12482825 | AQ21: -0.042375665 | AR21: 0.041144515 | AS21: 0.10919888 | AT21: -0.18459366 | AU21: 0.15301463 | AV21: -0.15016236 | AW21: -0.065603456 | AX21: -0.043882228 | AY21: 0.28470839 | AZ21: -0.023985446 | BA21: 0.057635882 | BB21: 0.10665587 | BC21: 0.18457179 | BD21: 0.016662972 | BE21: 0.023058343 | BF21: 0.047638579 | BG21: 0.069151689 | BH21: 0.087994482 | BI21: 0.049004762 | BJ21: -0.058912217 | BK21: 0.018708692 | BL21: -0.029096141 | BM21: 0.0028667915 | BN21: -0.083155327 | BO21: -0.038154863 | BP21: -0.15328773 | BQ21: 0.1034959 | BR21: -0.19272349 | BS21: 0.025184534 | BT21: 0.14734952 | BU21: -0.050510197 | BV21: 0.17061194 | BW21: -0.057164411 | BX21: -0.015318949 | BY21: -0.028339166 | BZ21: 0.042433815 | CA21: -0.11835435 | CB21: 0.18311774 | CC21: -0.056829694 | CD21: -0.14873191 | CE21: 0.25475115 | CF21: 0.011263406 | CG21: -0.1135231 | CH21: -0.016324923 | CI21: -0.054197537 | CJ21: -0.12177619 | CK21: 0.069580909 | CL21: 0.13637708 | CM21: 0.075581871 | CN21: 0.22784777 | CO21: -0.2337067 | CP21: 0.11300079 | CQ21: -0.085571877 | CR21: -0.17630672 | CS21: 0.021899638 | CT21: -0.13687457 | CU21: -0.14660754 | CV21: 0.01631017 | CW21: 0.060515879 | CX21: -0.14815029 | CY21: 0.10789212 | CZ21: -0.057499263 | DA21: 0.1196964 | DB21: 0.28613845 | DC21: -0.065587585 | DD21: -0.022199214 | DE21: -0.028601638 | DF21: 0.027823184 | DG21: -0.040671953 | DH21: -0.059463187 | DI21: -0.1356139 | DJ21: 0.16525047 | DK21: 0.17247327 | DL21: -0.054935239 | DM21: -0.011867092 | DN21: 0.02730408 | DO21: -0.0016379752 | DP21: -0.017369959 | DQ21: 0.073200505 | DR21: 0.033181055 | DS21: -0.044918963 | DT21: 0.0050332465 | DU21: 0.19451944 | DV21: -0.067700156 | DW21: 0.068228373 | DX21: 0.062255644 | DY21: -0.037938573 | DZ21: -0.067585946 | EA21: -0.032919727 | EB21: 0.125676 | EC21: 0.1437742 | ED21: 0.080285258 | EE21: -0.022815886 | EF21: -0.16823694
A22: 192 | B22: 5 | C22: 0.011241332 | D22: 0.22258639 | E22: -0.14612491 | F22: 0.023820703 | G22: -0.020083254 | H22: 0.011583026 | I22: 0.18586318 | J22: 0.14728813 | K22: 0.2147245 | L22: 0.0089997713 | M22: -0.077718228 | N22: -0.35652158 | O22: 0.049864886 | P22: -0.0023378558 | Q22: 0.088288774 | R22: -0.068588879 | S22: 0.16333492 | T22: -0.059783537 | U22: 0.16139447 | V22: -0.15781631 | W22: 0.037687448 | X22: -0.22338311 | Y22: -0.085531421 | Z22: 0.074027168 | AA22: -0.13048337 | AB22: -0.032898545 | AC22: 0.047248263 | AD22: 0.026987304 | AE22: 0.18759777 | AF22: 0.22349782 | AG22: -0.032163249 | AH22: 0.21664245 | AI22: 0.11037372 | AJ22: 0.041672455 | AK22: 0.025137514 | AL22: 0.020780265 | AM22: -0.043441575 | AN22: -0.034444519 | AO22: -0.049108295 | AP22: -0.13972026 | AQ22: -0.033308231 | AR22: 0.029739 | AS22: 0.042291716 | AT22: -0.23912375 | AU22: 0.14307264 | AV22: -0.23551037 | AW22: -0.023968299 | AX22: -0.027057055 | AY22: 0.35493548 | AZ22: -0.028192862 | BA22: 0.010123627 | BB22: 0.062082765 | BC22: 0.24014067 | BD22: 0.029538661 | BE22: -0.020269759 | BF22: 0.059849354 | BG22: 0.056039329 | BH22: 0.037117062 | BI22: 0.081599623 | BJ22: -0.049139784 | BK22: 0.017963616 | BL22: 0.00084992523 | BM22: -0.0094222031 | BN22: -0.058380234 | BO22: -0.065655954 | BP22: -0.19922882 | BQ22: 0.045535404 | BR22: -0.21419006 | BS22: -0.0031186946 | BT22: 0.049007782 | BU22: -0.071351408 | BV22: 0.12943768 | BW22: -0.069784214 | BX22: 0.011684771 | BY22: -0.08425685 | BZ22: 0.037624224 | CA22: -0.127773 | CB22: 0.17266284 | CC22: -0.039277116 | CD22: -0.18885951 | CE22: 0.30509173 | CF22: 0.014094959 | CG22: -0.08418532 | CH22: -0.00022578669 | CI22: -0.091926463 | CJ22: -0.15596956 | CK22: 0.071530757 | CL22: 0.18841701 | CM22: 0.079454727 | CN22: 0.12992727 | CO22: -0.21426905 | CP22: 0.13145166 | CQ22: -0.07430263 | CR22: -0.19548611 | CS22: 0.023038502 | CT22: -0.11054396 | CU22: -0.14672801 | CV22: 0.027137039 | CW22: 0.067903708 | CX22: -0.14515419 | CY22: 0.10096666 | CZ22: -0.013062634 | DA22: 0.22461946 | DB22: 0.38248992 | DC22: -0.037332311 | DD22: -0.0026928905 | DE22: -0.037422803 | DF22: 0.092325886 | DG22: -0.046312237 | DH22: -0.034819127 | DI22: -0.12984972 | DJ22: 0.13655809 | DK22: 0.11290373 | DL22: -0.064166849 | DM22: -0.0053147808 | DN22: 0.053230522 | DO22: -0.0048887633 | DP22: -0.029220507 | DQ22: 0.069989438 | DR22: 0.088208884 | DS22: 0.069792758 | DT22: -0.029685339 | DU22: 0.27264433 | DV22: -0.14143996 | DW22: 0.063299144 | DX22: 0.042217605 | DY22: 0.0085083891 | DZ22: -0.061285559 | EA22: 0.0059255993 | EB22: 0.21024949 | EC22: 0.13100615 | ED22: 0.057827564 | EE22: -0.020017587 | EF22: -0.20954174
A23: 241 | B23: 4 | C23: 0.010384834 | D23: 0.32500828 | E23: -0.043717555 | F23: -0.0027590447 | G23: -0.025104067 | H23: -0.037844077 | I23: 0.23932306 | J23: 0.090566639 | K23: 0.20688003 | L23: 0.057226167 | M23: -0.099684593 | N23: -0.25375271 | O23: 0.034351989 | P23: -0.0022004018 | Q23: 0.10429481 | R23: -0.11112096 | S23: 0.21207201 | T23: -0.051427686 | U23: 0.17196778 | V23: -0.18314234 | W23: -0.11046338 | X23: -0.2689283 | Y23: -0.1092693 | Z23: 0.1093802 | AA23: -0.11063591 | AB23: -0.021955944 | AC23: 0.018827737 | AD23: -0.025933276 | AE23: 0.123702 | AF23: 0.29514426 | AG23: -0.011046572 | AH23: 0.24035126 | AI23: 0.14069942 | AJ23: 0.028564743 | AK23: 0.038160669 | AL23: 0.037391486 | AM23: -0.09159817 | AN23: -0.02178903 | AO23: -0.085567775 | AP23: -0.18810121 | AQ23: -0.037036188 | AR23: 0.034197901 | AS23: 0.045406682 | AT23: -0.26483826 | AU23: 0.06345533 | AV23: -0.27117384 | AW23: -0.0068901309 | AX23: -0.025460074 | AY23: 0.31298446 | AZ23: -0.020838982 | BA23: 0.042907777 | BB23: 0.068628374 | BC23: 0.16446053 | BD23: 0.054069378 | BE23: -0.01244989 | BF23: -0.0014405499 | BG23: 0.0088386262 | BH23: 0.043132469 | BI23: 0.056209635 | BJ23: -0.031982514 | BK23: 0.022605763 | BL23: -0.014781229 | BM23: -0.0028428272 | BN23: -0.013929185 | BO23: -0.074350174 | BP23: -0.20473422 | BQ23: 0.04876556 | BR23: -0.28727554 | BS23: -0.023146914 | BT23: 0.0078416551 | BU23: -0.087704926 | BV23: 0.18815701 | BW23: -0.011068494 | BX23: -0.03210607 | BY23: -0.039989541 | BZ23: 0.082791085 | CA23: 0.031340141 | CB23: 0.092096681 | CC23: -0.098470654 | CD23: -0.15078839 | CE23: 0.36420754 | CF23: 0.017618699 | CG23: -0.086945778 | CH23: -0.0073515592 | CI23: -0.11491526 | CJ23: -0.075528009 | CK23: 0.069914657 | CL23: 0.25947077 | CM23: 0.062994333 | CN23: 0.12031662 | CO23: -0.22242559 | CP23: 0.15989089 | CQ23: -0.12107338 | CR23: -0.23905997 | CS23: -0.012422126 | CT23: -0.067240263 | CU23: -0.15891662 | CV23: 0.056706712 | CW23: 0.038345517 | CX23: -0.15696885 | CY23: 0.15245231 | CZ23: -0.013847206 | DA23: 0.27617087 | DB23: 0.47235074 | DC23: -0.1539048 | DD23: 0.0040045209 | DE23: -0.037537974 | DF23: 0.056743675 | DG23: -0.040285673 | DH23: -0.031634902 | DI23: -0.11687556 | DJ23: 0.15660572 | DK23: 0.024780782 | DL23: -0.082190176 | DM23: 0.02386982 | DN23: 0.072086999 | DO23: -0.011234841 | DP23: -0.022876694 | DQ23: 0.01904972 | DR23: 0.11639751 | DS23: 0.084605434 | DT23: -0.0052151903 | DU23: 0.33980664 | DV23: -0.16008075 | DW23: 0.082401531 | DX23: 0.034708549 | DY23: -0.0049335772 | DZ23: -0.060338949 | EA23: 0.035066457 | EB23: 0.23519828 | EC23: 0.14009402 | ED23: -0.1291552 | EE23: 0.010955945 | EF23: -0.17865428
A24: 321 | B24: 3 | C24: 0.025922327 | D24: 0.41742192 | E24: -0.022230412 | F24: -4.2698865e-05 | G24: -0.024265746 | H24: -0.22980554 | I24: 0.2544329 | J24: 0.11837828 | K24: 0.24536591 | L24: 0.10748717 | M24: -0.074100059 | N24: -0.26414339 | O24: -0.0067158783 | P24: -0.010249158 | Q24: 0.12465636 | R24: -0.15188793 | S24: 0.11046183 | T24: -0.048773718 | U24: 0.17404563 | V24: -0.18487564 | W24: -0.084051092 | X24: -0.37472542 | Y24: -0.13590679 | Z24: 0.15015011 | AA24: -0.082524426 | AB24: 0.0038652301 | AC24: 0.085776461 | AD24: -0.018593749 | AE24: 0.1637474 | AF24: 0.42991677 | AG24: -0.010812101 | AH24: 0.24762225 | AI24: 0.19681697 | AJ24: 0.01067462 | AK24: 0.045065255 | AL24: 0.0011447262 | AM24: -0.1129979 | AN24: -0.027860567 | AO24: -0.15815288 | AP24: -0.25139506 | AQ24: 0.055126721 | AR24: 0.1081837 | AS24: -0.073843703 | AT24: -0.017728371 | AU24: 0.1099146 | AV24: -0.32909465 | AW24: -0.0045525394 | AX24: -0.0116517 | AY24: 0.30688012 | AZ24: -0.063401942 | BA24: 0.095016086 | BB24: 0.076073857 | BC24: 0.19562604 | BD24: -0.0047258791 | BE24: -0.01500766 | BF24: -0.10506563 | BG24: 0.068467458 | BH24: 0.078524243 | BI24: 0.11621667 | BJ24: 0.010233975 | BK24: 0.045489373 | BL24: -0.034329494 | BM24: 0.055446908 | BN24: -0.085932691 | BO24: -0.096567135 | BP24: -0.2391521 | BQ24: 0.032072135 | BR24: -0.37344457 | BS24: -0.08034693 | BT24: -0.039909924 | BU24: -0.14432676 | BV24: 0.21912061 | BW24: -0.029096932 | BX24: -0.014375782 | BY24: -0.037237852 | BZ24: 0.20053848 | CA24: -0.0026375687 | CB24: 0.15401169 | CC24: -0.26285714 | CD24: -0.31577166 | CE24: 0.344438 | CF24: 0.011724243 | CG24: -0.20956592 | CH24: 0.045441139 | CI24: -0.040508171 | CJ24: -0.056504408 | CK24: 0.12259805 | CL24: 0.14235436 | CM24: 0.046441279 | CN24: 0.12155884 | CO24: -0.2497464 | CP24: 0.081770051 | CQ24: -0.16015079 | CR24: -0.24677277 | CS24: -0.015126839 | CT24: -0.11773152 | CU24: -0.16735391 | CV24: 0.046660081 | CW24: 0.022884042 | CX24: -0.054293295 | CY24: 0.16243987 | CZ24: -0.0075872464 | DA24: 0.30545166 | DB24: 0.59337517 | DC24: -0.14116724 | DD24: 0.0004387308 | DE24: -0.046276179 | DF24: 0.07573946 | DG24: -0.054384439 | DH24: -0.035224492 | DI24: -0.18424672 | DJ24: 0.15369976 | DK24: 0.041065356 | DL24: -0.10181692 | DM24: 0.044016622 | DN24: 0.078357182 | DO24: -0.011605117 | DP24: 0.0087286277 | DQ24: -0.021456635 | DR24: 0.12963071 | DS24: 0.12952384 | DT24: 0.027128754 | DU24: 0.37526887 | DV24: -0.24032453 | DW24: -0.14291358 | DX24: 0.029115498 | DY24: -0.0092631562 | DZ24: -0.051518808 | EA24: 0.034191242 | EB24: 0.21821707 | EC24: -0.028428812 | ED24: -0.18368199 | EE24: 0.035899357 | EF24: -0.1611462
A25: 482 | B25: 2 | C25: 0.031325685 | D25: -0.088966623 | E25: -0.015061588 | F25: -0.044985282 | G25: -0.045824355 | H25: -0.26281024 | I25: 0.25570287 | J25: 0.15529382 | K25: 0.14260758 | L25: 0.23244436 | M25: -0.25844992 | N25: -0.16380597 | O25: -0.019407711 | P25: -0.058479235 | Q25: 0.1372071 | R25: -0.083127639 | S25: 0.1253013 | T25: -0.0150697 | U25: 0.15399525 | V25: -0.055931004 | W25: -0.21896378 | X25: -0.258703 | Y25: -0.079065036 | Z25: 0.14764041 | AA25: 0.056748446 | AB25: 0.030991385 | AC25: 0.1687548 | AD25: -0.0029952916 | AE25: 0.28317169 | AF25: 0.32465933 | AG25: 0.14589389 | AH25: -0.13564892 | AI25: 0.23406806 | AJ25: 0.047410734 | AK25: 0.093103067 | AL25: 0.051310311 | AM25: 0.032985765 | AN25: -0.16052014 | AO25: -0.09078248 | AP25: 0.010447821 | AQ25: -0.17571221 | AR25: 0.2534608 | AS25: -0.081663621 | AT25: -0.1095059 | AU25: 0.20359589 | AV25: -0.49926904 | AW25: 0.031913994 | AX25: -0.0091618244 | AY25: 0.42235449 | AZ25: -0.065450517 | BA25: 0.20896699 | BB25: 0.076715561 | BC25: 0.25286918 | BD25: -0.0088533634 | BE25: 0.043416826 | BF25: -0.040543091 | BG25: 0.060876158 | BH25: -0.021231065 | BI25: -0.013081385 | BJ25: -0.058020214 | BK25: 0.096518567 | BL25: -0.054331555 | BM25: 0.0011227371 | BN25: -0.22146322 | BO25: 0.021041233 | BP25: -0.24739863 | BQ25: 0.0060880572 | BR25: -0.36684673 | BS25: -0.12846429 | BT25: 0.027321575 | BU25: -0.17488044 | BV25: 0.31036374 | BW25: -0.050701833 | BX25: -0.12417427 | BY25: 0.020834549 | BZ25: 0.33659833 | CA25: -0.03428362 | CB25: 0.15352444 | CC25: -0.14108249 | CD25: -0.64074658 | CE25: 0.20376719 | CF25: 0.043442465 | CG25: -0.07510947 | CH25: 0.053255922 | CI25: -0.017992039 | CJ25: 0.035304074 | CK25: 0.093711931 | CL25: 0.12377064 | CM25: 0.006975009 | CN25: 0.30821328 | CO25: -0.21630903 | CP25: 0.075994055 | CQ25: -0.11922818 | CR25: -0.15099817 | CS25: -0.018055426 | CT25: -0.099939179 | CU25: -0.20210388 | CV25: 0.079103173 | CW25: -0.024186288 | CX25: -0.061859993 | CY25: 0.28171083 | CZ25: 0.061281101 | DA25: 0.51777096 | DB25: 0.86457557 | DC25: -0.1579489 | DD25: 0.035921303 | DE25: -0.045120356 | DF25: 0.10739389 | DG25: -0.084700305 | DH25: -0.055816077 | DI25: -0.21772999 | DJ25: 0.12003258 | DK25: 0.05737779 | DL25: -0.065805388 | DM25: 0.024810734 | DN25: 0.067384283 | DO25: 0.046262407 | DP25: 0.020394015 | DQ25: 0.048382875 | DR25: 0.12391735 | DS25: 0.24719455 | DT25: -0.022296457 | DU25: 0.52524171 | DV25: -0.30144336 | DW25: -0.22828224 | DX25: 0.017152664 | DY25: -0.00019524715 | DZ25: -0.075564413 | EA25: 0.093362079 | EB25: 0.31038588 | EC25: -0.12320494 | ED25: -0.19432328 | EE25: 0.069545558 | EF25: -0.083271777
A26: 964 | B26: 1 | C26: 0.027766967 | D26: -0.081988379 | E26: 0.081880335 | F26: -0.21039774 | G26: -0.056221512 | H26: -0.35082219 | I26: 0.24038624 | J26: 0.0040357249 | K26: 0.050444336 | L26: 0.33375944 | M26: -0.14681934 | N26: -0.045513037 | O26: 0.036648791 | P26: 0.023793042 | Q26: -0.058526355 | R26: -0.2057195 | S26: 0.16214817 | T26: 0.0086879701 | U26: 0.31319605 | V26: 0.11987087 | W26: -0.35846339 | X26: -0.39438028 | Y26: 0.014221313 | Z26: 0.15040993 | AA26: -0.21854458 | AB26: 0.30039379 | AC26: 0.40174733 | AD26: -0.059922147 | AE26: -0.0076910296 | AF26: 0.49538941 | AG26: 0.38005539 | AH26: -0.30212276 | AI26: 0.22020304 | AJ26: -0.043060157 | AK26: 0.074462095 | AL26: 0.10745443 | AM26: 0.0087353687 | AN26: -0.11066077 | AO26: -0.1029057 | AP26: 0.41640853 | AQ26: -0.35649193 | AR26: 0.020350844 | AS26: -0.0032867737 | AT26: -0.15076898 | AU26: 0.22984102 | AV26: -0.027012954 | AW26: 0.11069274 | AX26: -0.087562372 | AY26: -0.15123353 | AZ26: -0.13517478 | BA26: 0.17216878 | BB26: 0.097411652 | BC26: -0.0043668696 | BD26: -0.0084626104 | BE26: -0.22532542 | BF26: 0.005307218 | BG26: 0.23814201 | BH26: 0.38455842 | BI26: 0.012888999 | BJ26: 0.060567254 | BK26: 0.1360958 | BL26: -0.18502182 | BM26: -0.08478294 | BN26: -0.019890158 | BO26: 0.059152693 | BP26: -0.56718861 | BQ26: -0.030219752 | BR26: -0.46561903 | BS26: -0.29899424 | BT26: 0.013565278 | BU26: -0.42401331 | BV26: 0.57736679 | BW26: -0.12626742 | BX26: -0.11547585 | BY26: -0.062216433 | BZ26: 0.17452437 | CA26: -0.085352139 | CB26: 0.064127083 | CC26: -0.21339418 | CD26: -0.69133197 | CE26: -0.011613905 | CF26: -0.22059977 | CG26: -0.26059873 | CH26: 0.18315276 | CI26: -0.1449395 | CJ26: 0.2858032 | CK26: 0.07040769 | CL26: 0.085620879 | CM26: 0.044688538 | CN26: 0.5691225 | CO26: -0.47231299 | CP26: -0.039424886 | CQ26: 0.051440028 | CR26: -0.13778746 | CS26: 0.25680382 | CT26: -0.1020926 | CU26: -0.052729045 | CV26: 0.089725835 | CW26: -0.23499322 | CX26: -0.14669463 | CY26: 0.36022805 | CZ26: 0.16210691 | DA26: 0.8130224 | DB26: 0.94810959 | DC26: -0.28272978 | DD26: 0.029493018 | DE26: -0.11126516 | DF26: 0.10068726 | DG26: -0.21872041 | DH26: -0.082747512 | DI26: -0.37614904 | DJ26: 0.22936987 | DK26: 0.22005458 | DL26: -0.1532614 | DM26: -0.13104387 | DN26: 0.075677388 | DO26: 0.052337525 | DP26: 0.011914248 | DQ26: 0.048815483 | DR26: 0.34727417 | DS26: 0.14400697 | DT26: -0.029435726 | DU26: 0.77054331 | DV26: -0.32149889 | DW26: -0.22665737 | DX26: 0.028142323 | DY26: 0.16578721 | DZ26: 0.058303293 | EA26: 0.023171502 | EB26: 0.66580759 | EC26: -0.25665138 | ED26: -0.084540093 | EE26: -0.035663983 | EF26: -0.12895777
A27: 大盤 | B27: TWⅡ | C27: -0.017446771 | D27: 0.020701061 | E27: 0.023982129 | F27: -0.006557579 | G27: 0.03184513 | H27: 0.034348533 | I27: -0.0082549328 | J27: 0.012843524 | K27: -0.051018525 | L27: 0.00087394274 | M27: 0.023389576 | N27: 0.012988972 | O27: 0.0058545887 | P27: 0.027413207 | Q27: -0.0037129361 | R27: 0.024076614 | S27: -0.012190025 | T27: -0.039749578 | U27: -0.07315545 | V27: -0.05826023 | W27: 0.00077279757 | X27: 0.044591521 | Y27: -0.02769968 | Z27: 0.0020950059 | AA27: -0.023400551 | AB27: 0.032129371 | AC27: 0.038903273 | AD27: -0.042865382 | AE27: 0.018647195 | AF27: 0.015229768 | AG27: 0.036016604 | AH27: 0.0093546114 | AI27: 0.010748251 | AJ27: 0.013357754 | AK27: -0.0053327473 | AL27: 0.0013831358 | AM27: 0.020795928 | AN27: 0.031517702 | AO27: 0.0062417165 | AP27: 0.0061452617 | AQ27: 0.016946358 | AR27: 0.03468283 | AS27: 0.0030985886 | AT27: 0.015081347 | AU27: -0.019251209 | AV27: 0.038711513 | AW27: -0.021856951 | AX27: 0.0077743007 | AY27: 0.042397247 | AZ27: -0.026308975 | BA27: 0.0095717493 | BB27: -0.024249741 | BC27: 0.020163374 | BD27: -0.0035049988 | BE27: 0.020151935 | BF27: 0.00058133623 | BG27: -0.005219701 | BH27: -0.11587176 | BI27: 0.0087252257 | BJ27: -0.016377261 | BK27: 0.020840372 | BL27: 0.044975872 | BM27: 0.023954306 | BN27: 0.030239101 | BO27: -0.043725888 | BP27: 0.02188947 | BQ27: 0.0086274303 | BR27: -0.019192954 | BS27: 0.01973513 | BT27: 0.047694337 | BU27: 0.011454817 | BV27: 0.043228621 | BW27: -0.04274743 | BX27: -0.017811292 | BY27: -0.1511531 | BZ27: 0.124224 | CA27: -0.0045572538 | CB27: 0.06021124 | CC27: 0.085992033 | CD27: -0.0058084796 | CE27: -0.006041347 | CF27: 0.0024523244 | CG27: 0.089636252 | CH27: 0.070992733 | CI27: 0.027170643 | CJ27: 0.052468428 | CK27: 0.029480661 | CL27: 0.066825081 | CM27: -0.028772229 | CN27: 0.039462516 | CO27: -0.029031087 | CP27: 0.013983883 | CQ27: -0.032276965 | CR27: 0.0031035766 | CS27: 0.025591856 | CT27: 0.044391886 | CU27: -0.030338959 | CV27: -0.0012579765 | CW27: 0.0023363565 | CX27: -0.064264145 | CY27: 0.012909779 | CZ27: -0.12547709 | DA27: 0.011690683 | DB27: 0.0063378437 | DC27: -0.11730536 | DD27: -0.036010872 | DE27: 0.1389113 | DF27: -0.051143506 | DG27: 0.076731447 | DH27: 0.015508782 | DI27: 0.023223774 | DJ27: -0.018372876 | DK27: 0.062199014 | DL27: 0.020098304 | DM27: 0.01349894 | DN27: -0.030252213 | DO27: -0.017022836 | DP27: -0.021788523 | DQ27: 0.085745625 | DR27: 0.028106744 | DS27: -0.0023031598 | DT27: 0.058471198 | DU27: 0.067658949 | DV27: 0.0050207706 | DW27: 0.037416184 | DX27: 0.084111004 | DY27: -0.036832399 | DZ27: 0.0030917028 | EA27: -0.0019576282 | EB27: 0.026459104 | EC27: -0.024752539 | ED27: 0.034115491 | EE27: 0.021061974 | EF27: -0.020277393
C29: 1101 | D29: 2484 | E29: 1233 | F29: 2524 | G29: 2611 | H29: 1233 | I29: 2379 | J29: 2379 | K29: 2524 | L29: 1233 | M29: 2524 | N29: 1805 | O29: 2538 | P29: 3033 | Q29: 2385 | R29: 3024 | S29: 3024 | T29: 1314 | U29: 3024 | V29: 3024 | W29: 5521 | X29: 2535 | Y29: 3033 | Z29: 5201 | AA29: 2535 | AB29: 5201 | AC29: 5471 | AD29: 5521 | AE29: 2023 | AF29: 2023 | AG29: 3017 | AH29: 3033 | AI29: 1464 | AJ29: 2451 | AK29: 2451 | AL29: 4413 | AM29: 2451 | AN29: 2451 | AO29: 6121 | AP29: 2451 | AQ29: 1805 | AR29: 4416 | AS29: 5523 | AT29: 2524 | AU29: 1436 | AV29: 2338 | AW29: 5212 | AX29: 2338 | AY29: 6186 | AZ29: 5523 | BA29: 5523 | BB29: 5443 | BC29: 3051 | BD29: 5523 | BE29: 3051 | BF29: 3051 | BG29: 3051 | BH29: 6186 | BI29: 6186 | BJ29: 2537 | BK29: 2537 | BL29: 2488 | BM29: 6192 | BN29: 8927 | BO29: 2537 | BP29: 4416 | BQ29: 2537 | BR29: 6128 | BS29: 3002 | BT29: 5007 | BU29: 4109 | BV29: 6128 | BW29: 8085 | BX29: 8927 | BY29: 1737 | BZ29: 6242 | CA29: 6242 | CB29: 8927 | CC29: 8927 | CD29: 6242 | CE29: 8927 | CF29: 6242 | CG29: 8050 | CH29: 6242 | CI29: 6242 | CJ29: 8050 | CK29: 8050 | CL29: 6242 | CM29: 4402 | CN29: 3016 | CO29: 1436 | CP29: 6242 | CQ29: 3016 | CR29: 6242 | CS29: 3005 | CT29: 2493 | CU29: 2423 | CV29: 1734 | CW29: 5306 | CX29: 4402 | CY29: 9904 | CZ29: 8072 | DA29: 5007 | DB29: 9904 | DC29: 8072 | DD29: 6021 | DE29: 3232 | DF29: 2538 | DG29: 2538 | DH29: 5306 | DI29: 2538 | DJ29: 2434 | DK29: 2538 | DL29: 6020 | DM29: 2538 | DN29: 4402 | DO29: 2538 | DP29: 5425 | DQ29: 5425 | DR29: 4402 | DS29: 6291 | DT29: 2031 | DU29: 6291 | DV29: 3232 | DW29: 2538 | DX29: 6291 | DY29: 2538 | DZ29: 2538 | EA29: 8074 | EB29: 8074 | EC29: 3232 | ED29: 4402 | EE29: 2538 | EF29: 2538
C30: 台泥 | D30: 希華 | E30: 天仁 | F30: 京城 | G30: 志信 | H30: 天仁 | I30: 瑞昱 | J30: 瑞昱 | K30: 京城 | L30: 天仁 | M30: 京城 | N30: 寶徠 | O30: 基泰 | P30: 威健 | Q30: 群光 | R30: 憶聲 | S30: 憶聲 | T30: 中石化 | U30: 憶聲 | V30: 憶聲 | W30: 工信 | X30: 達欣工 | Y30: 威健 | Z30: 凱衛 | AA30: 達欣工 | AB30: 凱衛 | AC30: 松翰 | AD30: 工信 | AE30: 燁輝 | AF30: 燁輝 | AG30: 奇鋐 | AH30: 威健 | AI30: 得力 | AJ30: 創見 | AK30: 創見 | AL30: 飛寶企業 | AM30: 創見 | AN30: 創見 | AO30: 新普 | AP30: 創見 | AQ30: 寶徠 | AR30: 三圓 | AS30: 豐謙 | AT30: 京城 | AU30: 華友聯 | AV30: 光罩 | AW30: 凌網 | AX30: 光罩 | AY30: 新潤 | AZ30: 豐謙 | BA30: 豐謙 | BB30: 均豪 | BC30: 力特 | BD30: 豐謙 | BE30: 力特 | BF30: 力特 | BG30: 力特 | BH30: 新潤 | BI30: 新潤 | BJ30: 聯上發 | BK30: 聯上發 | BL30: 漢平 | BM30: 巨路 | BN30: 北基 | BO30: 聯上發 | BP30: 三圓 | BQ30: 聯上發 | BR30: 上福 | BS30: 歐格 | BT30: 三星 | BU30: 加捷生醫 | BV30: 上福 | BW30: 福華 | BX30: 北基 | BY30: 臺鹽 | BZ30: 立康 | CA30: 立康 | CB30: 北基 | CC30: 北基 | CD30: 立康 | CE30: 北基 | CF30: 立康 | CG30: 廣積 | CH30: 立康 | CI30: 立康 | CJ30: 廣積 | CK30: 廣積 | CL30: 立康 | CM30: 郡都開發 | CN30: 嘉晶 | CO30: 華友聯 | CP30: 立康 | CQ30: 嘉晶 | CR30: 立康 | CS30: 神基 | CT30: 揚博 | CU30: 固緯 | CV30: 杏輝 | CW30: 桂盟 | CX30: 郡都開發 | CY30: 寶成 | CZ30: 陞泰 | DA30: 三星 | DB30: 寶成 | DC30: 陞泰 | DD30: 美好證 | DE30: 昱捷 | DF30: 基泰 | DG30: 基泰 | DH30: 桂盟 | DI30: 基泰 | DJ30: 統懋 | DK30: 基泰 | DL30: 大展證 | DM30: 基泰 | DN30: 郡都開發 | DO30: 基泰 | DP30: 台半 | DQ30: 台半 | DR30: 郡都開發 | DS30: 沛亨 | DT30: 新光鋼 | DU30: 沛亨 | DV30: 昱捷 | DW30: 基泰 | DX30: 沛亨 | DY30: 基泰 | DZ30: 基泰 | EA30: 鉅橡 | EB30: 鉅橡 | EC30: 昱捷 | ED30: 郡都開發 | EE30: 基泰 | EF30: 基泰
C31: 9951 | D31: 3219 | E31: 2328 | F31: 2489 | G31: 2489 | H31: 2328 | I31: 1805 | J31: 1440 | K31: 2489 | L31: 2328 | M31: 2436 | N31: 2328 | O31: 2436 | P31: 2524 | Q31: 2524 | R31: 2524 | S31: 2524 | T31: 1451 | U31: 2524 | V31: 2524 | W31: 2328 | X31: 5007 | Y31: 2524 | Z31: 2524 | AA31: 5007 | AB31: 2524 | AC31: 5432 | AD31: 2328 | AE31: 5443 | AF31: 4528 | AG31: 2524 | AH31: 2527 | AI31: 2328 | AJ31: 2002 | AK31: 2538 | AL31: 2328 | AM31: 2538 | AN31: 2022 | AO31: 2023 | AP31: 2023 | AQ31: 2328 | AR31: 2328 | AS31: 2022 | AT31: 9904 | AU31: 2328 | AV31: 2607 | AW31: 1440 | AX31: 2539 | AY31: 2527 | AZ31: 2328 | BA31: 2328 | BB31: 5523 | BC31: 5523 | BD31: 2328 | BE31: 5523 | BF31: 5523 | BG31: 5523 | BH31: 5523 | BI31: 1785 | BJ31: 2328 | BK31: 2328 | BL31: 2537 | BM31: 5015 | BN31: 2328 | BO31: 1785 | BP31: 2328 | BQ31: 1785 | BR31: 6242 | BS31: 2538 | BT31: 2328 | BU31: 2328 | BV31: 3060 | BW31: 5355 | BX31: 2328 | BY31: 6285 | BZ31: 2504 | CA31: 4205 | CB31: 2328 | CC31: 2328 | CD31: 4205 | CE31: 2328 | CF31: 8927 | CG31: 4906 | CH31: 2504 | CI31: 4205 | CJ31: 8066 | CK31: 8066 | CL31: 4205 | CM31: 2328 | CN31: 5450 | CO31: 2328 | CP31: 4205 | CQ31: 6128 | CR31: 6128 | CS31: 6128 | CT31: 2328 | CU31: 5464 | CV31: 5464 | CW31: 5464 | CX31: 3016 | CY31: 2328 | CZ31: 3016 | DA31: 2328 | DB31: 2328 | DC31: 4205 | DD31: 2538 | DE31: 5306 | DF31: 2328 | DG31: 2328 | DH31: 2328 | DI31: 2328 | DJ31: 5306 | DK31: 2328 | DL31: 5306 | DM31: 2328 | DN31: 8074 | DO31: 2328 | DP31: 6167 | DQ31: 6167 | DR31: 8074 | DS31: 2328 | DT31: 8112 | DU31: 2328 | DV31: 3049 | DW31: 2328 | DX31: 2434 | DY31: 2328 | DZ31: 2328 | EA31: 8112 | EB31: 8112 | EC31: 3049 | ED31: 4205 | EE31: 2328 | EF31: 2328
C32: 皇田 | D32: 倚強科 | E32: 廣宇 | F32: 瑞軒 | G32: 瑞軒 | H32: 廣宇 | I32: 寶徠 | J32: 南紡 | K32: 瑞軒 | L32: 廣宇 | M32: 偉詮電 | N32: 廣宇 | O32: 偉詮電 | P32: 京城 | Q32: 京城 | R32: 京城 | S32: 京城 | T32: 年興 | U32: 京城 | V32: 京城 | W32: 廣宇 | X32: 三星 | Y32: 京城 | Z32: 京城 | AA32: 三星 | AB32: 京城 | AC32: 新門 | AD32: 廣宇 | AE32: 均豪 | AF32: 江興鍛 | AG32: 京城 | AH32: 宏璟 | AI32: 廣宇 | AJ32: 中鋼 | AK32: 基泰 | AL32: 廣宇 | AM32: 基泰 | AN32: 聚亨 | AO32: 燁輝 | AP32: 燁輝 | AQ32: 廣宇 | AR32: 廣宇 | AS32: 聚亨 | AT32: 寶成 | AU32: 廣宇 | AV32: 榮運 | AW32: 南紡 | AX32: 櫻花建 | AY32: 宏璟 | AZ32: 廣宇 | BA32: 廣宇 | BB32: 豐謙 | BC32: 豐謙 | BD32: 廣宇 | BE32: 豐謙 | BF32: 豐謙 | BG32: 豐謙 | BH32: 豐謙 | BI32: 光洋科 | BJ32: 廣宇 | BK32: 廣宇 | BL32: 聯上發 | BM32: 華祺 | BN32: 廣宇 | BO32: 光洋科 | BP32: 廣宇 | BQ32: 光洋科 | BR32: 立康 | BS32: 基泰 | BT32: 廣宇 | BU32: 廣宇 | BV32: 銘異 | BW32: 佳總 | BX32: 廣宇 | BY32: 啟碁 | BZ32: 國產 | CA32: 中華食 | CB32: 廣宇 | CC32: 廣宇 | CD32: 中華食 | CE32: 廣宇 | CF32: 北基 | CG32: 正文 | CH32: 國產 | CI32: 中華食 | CJ32: 來思達 | CK32: 來思達 | CL32: 中華食 | CM32: 廣宇 | CN32: 南良 | CO32: 廣宇 | CP32: 中華食 | CQ32: 上福 | CR32: 上福 | CS32: 上福 | CT32: 廣宇 | CU32: 霖宏 | CV32: 霖宏 | CW32: 霖宏 | CX32: 嘉晶 | CY32: 廣宇 | CZ32: 嘉晶 | DA32: 廣宇 | DB32: 廣宇 | DC32: 中華食 | DD32: 基泰 | DE32: 桂盟 | DF32: 廣宇 | DG32: 廣宇 | DH32: 廣宇 | DI32: 廣宇 | DJ32: 桂盟 | DK32: 廣宇 | DL32: 桂盟 | DM32: 廣宇 | DN32: 鉅橡 | DO32: 廣宇 | DP32: 久正 | DQ32: 久正 | DR32: 鉅橡 | DS32: 廣宇 | DT32: 至上 | DU32: 廣宇 | DV32: 精金 | DW32: 廣宇 | DX32: 統懋 | DY32: 廣宇 | DZ32: 廣宇 | EA32: 至上 | EB32: 至上 | EC32: 精金 | ED32: 中華食 | EE32: 廣宇 | EF32: 廣宇

Sheet 真實IC
A1: Real
B2: Time | C2: 2013/12 | D2: 2014/01 | E2: 2014/02 | F2: 2014/03 | G2: 2014/04 | H2: 2014/05 | I2: 2014/06 | J2: 2014/07 | K2: 2014/08 | L2: 2014/09 | M2: 2014/10 | N2: 2014/11 | O2: 2014/12 | P2: 2015/01 | Q2: 2015/02 | R2: 2015/03 | S2: 2015/04 | T2: 2015/05 | U2: 2015/06 | V2: 2015/07 | W2: 2015/08 | X2: 2015/09 | Y2: 2015/10 | Z2: 2015/11 | AA2: 2015/12 | AB2: 2016/01 | AC2: 2016/02 | AD2: 2016/03 | AE2: 2016/04 | AF2: 2016/05 | AG2: 2016/06 | AH2: 2016/07 | AI2: 2016/08 | AJ2: 2016/09 | AK2: 2016/10 | AL2: 2016/11 | AM2: 2016/12 | AN2: 2017/01 | AO2: 2017/02 | AP2: 2017/03 | AQ2: 2017/04 | AR2: 2017/05 | AS2: 2017/06 | AT2: 2017/07 | AU2: 2017/08 | AV2: 2017/09 | AW2: 2017/10 | AX2: 2017/11 | AY2: 2017/12 | AZ2: 2018/01 | BA2: 2018/02 | BB2: 2018/03 | BC2: 2018/04 | BD2: 2018/05 | BE2: 2018/06 | BF2: 2018/07 | BG2: 2018/08 | BH2: 2018/09 | BI2: 2018/10 | BJ2: 2018/11 | BK2: 2018/12 | BL2: 2019/01 | BM2: 2019/02 | BN2: 2019/03 | BO2: 2019/04 | BP2: 2019/05 | BQ2: 2019/06 | BR2: 2019/07 | BS2: 2019/08 | BT2: 2019/09 | BU2: 2019/10 | BV2: 2019/11 | BW2: 2019/12 | BX2: 2020/01 | BY2: 2020/02 | BZ2: 2020/03 | CA2: 2020/04 | CB2: 2020/05 | CC2: 2020/06 | CD2: 2020/07 | CE2: 2020/08 | CF2: 2020/09 | CG2: 2020/10 | CH2: 2020/11 | CI2: 2020/12 | CJ2: 2021/01 | CK2: 2021/02 | CL2: 2021/03 | CM2: 2021/04 | CN2: 2021/05 | CO2: 2021/06 | CP2: 2021/07 | CQ2: 2021/08 | CR2: 2021/09 | CS2: 2021/10 | CT2: 2021/11 | CU2: 2021/12 | CV2: 2022/01 | CW2: 2022/02 | CX2: 2022/03 | CY2: 2022/04 | CZ2: 2022/05 | DA2: 2022/06 | DB2: 2022/07 | DC2: 2022/08 | DD2: 2022/09 | DE2: 2022/10 | DF2: 2022/11 | DG2: 2022/12 | DH2: 2023/01 | DI2: 2023/02 | DJ2: 2023/03 | DK2: 2023/04 | DL2: 2023/05 | DM2: 2023/06 | DN2: 2023/07 | DO2: 2023/08 | DP2: 2023/09 | DQ2: 2023/10 | DR2: 2023/11 | DS2: 2023/12 | DT2: 2024/01 | DU2: 2024/02 | DV2: 2024/03 | DW2: 2024/04 | DX2: 2024/05 | DY2: 2024/06 | DZ2: 2024/07 | EA2: 2024/08 | EB2: 2024/09 | EC2: 2024/10 | ED2: 2024/11 | EE2: 2024/12 | EF2: 2025/01
B3: mom1 | C3: -0.039007327 | D3: 0.039134521 | E3: -0.02519492 | F3: -0.0032190847 | G3: -0.023583239 | H3: 0.047514284 | I3: -0.032860489 | J3: -0.09519145 | K3: 0.024055685 | L3: 0.11492369 | M3: 0.032584894 | N3: -0.13728707 | O3: 0.040583077 | P3: -0.030470532 | Q3: 0.008386664 | R3: 0.082080268 | S3: 0.16292554 | T3: 0.21728658 | U3: -0.055060942 | V3: -0.089510296 | W3: -0.10562485 | X3: -0.11971474 | Y3: 0.12771273 | Z3: -0.040331039 | AA3: 0.044367885 | AB3: -0.042279451 | AC3: -0.057020367 | AD3: 0.068722404 | AE3: 0.06736456 | AF3: -0.01823004 | AG3: -0.03416912 | AH3: -0.086886114 | AI3: 0.048592569 | AJ3: 0.012606433 | AK3: 0.025725429 | AL3: -0.1368454 | AM3: -0.049314903 | AN3: -0.073498153 | AO3: -0.043838382 | AP3: -0.14387054 | AQ3: 0.059010433 | AR3: -0.038686626 | AS3: -0.025058192 | AT3: 0.084254995 | AU3: -0.019291731 | AV3: 0.087104497 | AW3: -0.014162266 | AX3: -0.042657256 | AY3: 0.061058177 | AZ3: -5.1780362e-05 | BA3: 0.036828296 | BB3: -0.080436246 | BC3: 0.038029248 | BD3: -0.051565758 | BE3: -0.085810107 | BF3: -0.061128366 | BG3: 0.10900735 | BH3: 0.18797345 | BI3: -0.23403217 | BJ3: 0.0781446 | BK3: 0.049517645 | BL3: -0.1081123 | BM3: 0.040995421 | BN3: 0.092102484 | BO3: -0.02986819 | BP3: 0.085260597 | BQ3: -0.10416887 | BR3: 0.14969369 | BS3: 0.057613934 | BT3: 0.054899753 | BU3: 0.04012597 | BV3: -0.040890452 | BW3: 0.0065860612 | BX3: 0.055283002 | BY3: 0.13754053 | BZ3: -0.064512264 | CA3: -0.019263382 | CB3: 0.069052109 | CC3: 0.048435596 | CD3: -0.081719034 | CE3: 0.048460728 | CF3: 0.058417135 | CG3: -0.078602352 | CH3: 0.069508132 | CI3: -0.087246879 | CJ3: 0.20186411 | CK3: -0.043322736 | CL3: 0.18207458 | CM3: -0.0079455 | CN3: 0.33942025 | CO3: -0.14672757 | CP3: 0.04494147 | CQ3: 0.003910398 | CR3: -0.030683155 | CS3: -0.05187237 | CT3: 0.0094398586 | CU3: -0.27870294 | CV3: 0.020006763 | CW3: -0.0012464053 | CX3: 0.010781223 | CY3: -0.074905656 | CZ3: 0.18448789 | DA3: 0.19248529 | DB3: 0.061627754 | DC3: -0.10363873 | DD3: -0.053550316 | DE3: -0.25210861 | DF3: -0.027540622 | DG3: 0.16558887 | DH3: 0.046391735 | DI3: 0.0054891845 | DJ3: 0.13308746 | DK3: 0.063741011 | DL3: 0.070523454 | DM3: 0.10416237 | DN3: -0.058162916 | DO3: -0.013884912 | DP3: 0.056484873 | DQ3: -0.014706095 | DR3: -0.03002648 | DS3: 0.05196054 | DT3: -0.025467154 | DU3: 0.012285601 | DV3: -0.013448178 | DW3: -0.11774066 | DX3: -0.10918804 | DY3: -0.010464768 | DZ3: 0.070138978 | EA3: -0.19978654 | EB3: 0.1013021 | EC3: -0.065302513 | ED3: 0.062504548 | EE3: -0.0093883901 | EF3: -0.075127137
B4: mom12 | C4: -0.24758871 | D4: -0.2746933 | E4: -0.084648385 | F4: 0.022644631 | G4: -0.049680001 | H4: -0.10075963 | I4: -0.012522721 | J4: 0.07873655 | K4: -0.0341851 | L4: 0.088406798 | M4: -0.0030634546 | N4: -0.21221799 | O4: -0.036805389 | P4: 0.071033119 | Q4: -0.071261133 | R4: 0.021560447 | S4: 0.10111126 | T4: 0.04322474 | U4: 0.01488195 | V4: 0.0063260243 | W4: -0.14355298 | X4: -0.064282172 | Y4: -0.019034203 | Z4: -0.020644556 | AA4: 0.03305954 | AB4: -0.019418227 | AC4: -0.063126839 | AD4: -0.065629712 | AE4: 0.13799569 | AF4: -0.10056792 | AG4: -0.037969091 | AH4: -0.045839538 | AI4: -0.051034096 | AJ4: -0.0032204409 | AK4: 0.00048952959 | AL4: -0.10644675 | AM4: -0.013723974 | AN4: -0.12196471 | AO4: -0.048589666 | AP4: -0.0019031504 | AQ4: 0.029067485 | AR4: 0.052635777 | AS4: -0.012893259 | AT4: -0.0021311348 | AU4: -0.15538438 | AV4: 0.012681784 | AW4: -0.011942322 | AX4: -0.0042537915 | AY4: 0.029300872 | AZ4: -0.1341275 | BA4: -0.13711153 | BB4: 0.0017546605 | BC4: 0.025117126 | BD4: -0.11960191 | BE4: 0.13576165 | BF4: 0.047091162 | BG4: -0.026050044 | BH4: 0.043752774 | BI4: -0.081391828 | BJ4: -0.10060082 | BK4: 0.090490079 | BL4: -0.030898459 | BM4: 0.058814187 | BN4: 0.081345639 | BO4: -0.0077164169 | BP4: 0.10673487 | BQ4: -0.027156341 | BR4: -0.054431019 | BS4: -0.068229278 | BT4: 0.098612223 | BU4: 0.12839854 | BV4: -0.078402519 | BW4: -0.11913372 | BX4: -0.046890096 | BY4: 0.10169834 | BZ4: -0.025680084 | CA4: -0.08330179 | CB4: -0.15782765 | CC4: -0.071052572 | CD4: -0.073875492 | CE4: -0.23678647 | CF4: 0.032627706 | CG4: 0.013423085 | CH4: -0.0027966659 | CI4: 0.0479257 | CJ4: -0.0032520193 | CK4: -0.07570819 | CL4: -0.044397256 | CM4: 0.17898858 | CN4: 0.057994266 | CO4: -0.13939019 | CP4: 0.064714671 | CQ4: -0.18118789 | CR4: -0.088633532 | CS4: -0.025321775 | CT4: -0.11307907 | CU4: 0.0080959573 | CV4: -0.045200208 | CW4: -0.058941225 | CX4: -0.1077283 | CY4: -0.096503499 | CZ4: -0.21035435 | DA4: -0.10996114 | DB4: -0.19082047 | DC4: -0.020727272 | DD4: 0.087029095 | DE4: 0.082024593 | DF4: -0.16687666 | DG4: 0.22243809 | DH4: -0.14429775 | DI4: -0.11961995 | DJ4: -0.10159274 | DK4: 0.092855059 | DL4: -0.04263049 | DM4: 0.082732073 | DN4: -0.031049452 | DO4: -0.09814199 | DP4: -0.13058888 | DQ4: 0.048655718 | DR4: -0.03925191 | DS4: -0.1610302 | DT4: -0.078883966 | DU4: 0.16407716 | DV4: 0.0075052515 | DW4: -0.10164525 | DX4: -0.056040292 | DY4: -0.10665664 | DZ4: -0.069186576 | EA4: -0.12618866 | EB4: -0.064737118 | EC4: 0.051426073 | ED4: 0.034496728 | EE4: 0.1576776 | EF4: 0.24308194
B5: chmom | C5: 0.11843667 | D5: -0.089580754 | E5: 0.02348802 | F5: 0.0054203337 | G5: -0.14235739 | H5: -0.034467846 | I5: 0.041884802 | J5: 0.0078486872 | K5: -0.014786685 | L5: -0.035337575 | M5: -0.020088712 | N5: 0.14803677 | O5: -0.041218155 | P5: -0.0044827289 | Q5: -0.0050970105 | R5: -0.046034337 | S5: -0.050669568 | T5: -0.16357968 | U5: 0.023755847 | V5: 0.0066351999 | W5: 0.061004155 | X5: 0.34656785 | Y5: -0.11438583 | Z5: 0.22062448 | AA5: -0.071612332 | AB5: 0.017279595 | AC5: 0.1234334 | AD5: 0.04076667 | AE5: -0.11698163 | AF5: 0.14131086 | AG5: 0.03371033 | AH5: 0.039620448 | AI5: 0.039029679 | AJ5: -0.040906256 | AK5: 0.013733521 | AL5: 0.10645881 | AM5: -0.074864492 | AN5: -0.067789731 | AO5: -0.027650425 | AP5: 0.012937667 | AQ5: -0.0021777123 | AR5: -0.033042222 | AS5: -0.082125019 | AT5: -0.19568877 | AU5: 0.0138309 | AV5: -0.10073631 | AW5: -0.085478713 | AX5: 0.12050777 | AY5: -0.14167707 | AZ5: 0.019762032 | BA5: -0.019686915 | BB5: 0.093613272 | BC5: -0.078613955 | BD5: -0.0077988526 | BE5: 0.10760836 | BF5: 0.15040034 | BG5: 0.12494386 | BH5: 0.013408881 | BI5: 0.15067979 | BJ5: 0.054308432 | BK5: -0.0028732285 | BL5: 0.21103086 | BM5: -0.08826699 | BN5: -0.044718132 | BO5: 0.01146604 | BP5: -0.16075274 | BQ5: 0.0053684357 | BR5: -0.18186338 | BS5: 0.0042905754 | BT5: -0.003749355 | BU5: -0.085562283 | BV5: 0.10019903 | BW5: 0.090654954 | BX5: -0.025206335 | BY5: -0.058187496 | BZ5: -0.031926096 | CA5: -0.063127119 | CB5: 0.063839648 | CC5: -0.065052894 | CD5: 0.039461276 | CE5: 0.084324632 | CF5: 0.013056101 | CG5: 0.030704171 | CH5: 0.027499993 | CI5: 0.17815173 | CJ5: -0.27504808 | CK5: -0.11066748 | CL5: -0.15492649 | CM5: 0.031524406 | CN5: -0.30327885 | CO5: 0.14684401 | CP5: -0.0058229711 | CQ5: 0.19890546 | CR5: 0.14902269 | CS5: 0.0057004586 | CT5: 0.17668745 | CU5: 0.27688114 | CV5: -0.043579182 | CW5: -0.090868976 | CX5: 0.083238656 | CY5: -0.081559151 | CZ5: -0.02311921 | DA5: -0.084574586 | DB5: -0.073640848 | DC5: -0.016051325 | DD5: 0.15479537 | DE5: 0.1439888 | DF5: 0.025241552 | DG5: 0.18762996 | DH5: -0.035798482 | DI5: -0.1011401 | DJ5: -0.14828908 | DK5: -0.01368252 | DL5: -0.068096526 | DM5: -0.027891167 | DN5: 0.071020446 | DO5: 0.082716798 | DP5: 0.21860203 | DQ5: -0.17001764 | DR5: -0.025670146 | DS5: -0.12684065 | DT5: -0.081569073 | DU5: -0.026614727 | DV5: 0.024297421 | DW5: 0.015209186 | DX5: -0.027805665 | DY5: -0.096292678 | DZ5: -0.037660479 | EA5: 0.28823378 | EB5: 0.16698385 | EC5: 0.072976686 | ED5: 0.010544527 | EE5: 0.047730455 | EF5: 0.18371091
B6: retvol | C6: 0.011325795 | D6: 0.02727847 | E6: 0.014678822 | F6: 0.020470789 | G6: -0.016921652 | H6: 0.019290331 | I6: -0.050310643 | J6: 0.025365659 | K6: -0.038189545 | L6: -0.029690118 | M6: -0.018832459 | N6: -0.014796788 | O6: 0.031877637 | P6: -0.0070678861 | Q6: 0.018889372 | R6: -0.090849935 | S6: 0.05855853 | T6: -0.02932368 | U6: -0.055191852 | V6: 0.037888975 | W6: 0.026208604 | X6: -0.05974831 | Y6: 0.02941021 | Z6: 0.0035283755 | AA6: 0.049550292 | AB6: 0.051212905 | AC6: 0.0099760468 | AD6: -0.040117166 | AE6: 0.0051869659 | AF6: -0.033082755 | AG6: 0.029738728 | AH6: 0.026620507 | AI6: -0.045866403 | AJ6: -0.043883594 | AK6: -0.054074272 | AL6: 0.075132715 | AM6: -0.0043008163 | AN6: 0.012173749 | AO6: 0.021589045 | AP6: -0.0049648709 | AQ6: -0.013384412 | AR6: -0.027250206 | AS6: -0.055624597 | AT6: 0.066821333 | AU6: 0.037318035 | AV6: 0.042622766 | AW6: -0.031906879 | AX6: -0.0084058731 | AY6: 0.041145633 | AZ6: -0.065503244 | BA6: -0.00089268818 | BB6: -0.04878609 | BC6: 0.039228859 | BD6: 0.019952642 | BE6: -0.033075781 | BF6: 0.040011874 | BG6: -0.070602902 | BH6: -0.076056348 | BI6: 0.017309135 | BJ6: -0.04369921 | BK6: -0.0054757556 | BL6: 0.0020292708 | BM6: 0.021772042 | BN6: -0.015648547 | BO6: -0.1428103 | BP6: 0.00050387508 | BQ6: 0.023226492 | BR6: 0.046075521 | BS6: 0.015250343 | BT6: 0.0026376249 | BU6: -0.055801779 | BV6: 0.031511034 | BW6: -0.044379935 | BX6: -0.0079050666 | BY6: -0.036996307 | BZ6: -0.0077321944 | CA6: 0.026942443 | CB6: 0.041333757 | CC6: 0.067469749 | CD6: -0.035857722 | CE6: 0.065387392 | CF6: -0.025958834 | CG6: -0.046364339 | CH6: -0.0090699387 | CI6: 0.024264511 | CJ6: -0.0066902603 | CK6: -0.048342622 | CL6: 0.037879793 | CM6: -0.046722629 | CN6: 0.09479207 | CO6: -0.0732553 | CP6: -0.018109964 | CQ6: -0.056773907 | CR6: -0.082736451 | CS6: 0.0066175626 | CT6: 0.025210389 | CU6: -0.070137079 | CV6: 0.10815874 | CW6: 0.041686013 | CX6: -0.051857657 | CY6: 0.044480766 | CZ6: -0.0010581391 | DA6: 0.046776522 | DB6: 0.059503042 | DC6: -0.039210294 | DD6: -0.019989308 | DE6: 0.023312787 | DF6: -0.017275272 | DG6: 0.064328764 | DH6: 0.045716806 | DI6: 0.056202183 | DJ6: 0.044052951 | DK6: -0.020213321 | DL6: 0.067290109 | DM6: 0.045091508 | DN6: -0.025848343 | DO6: -0.025758286 | DP6: -0.014576831 | DQ6: -0.025349833 | DR6: 0.068266029 | DS6: 0.033487508 | DT6: 0.077907655 | DU6: 0.017433992 | DV6: -0.033361742 | DW6: -0.0176641 | DX6: -0.038165 | DY6: -0.042286816 | DZ6: 0.0099828166 | EA6: 0.0048277419 | EB6: 0.018541221 | EC6: 0.009831636 | ED6: 0.012779218 | EE6: -0.023222924 | EF6: 0.019512418
B7: maxret | C7: -0.00054983021 | D7: 0.0072772007 | E7: 0.016901946 | F7: -0.011187243 | G7: -0.028651438 | H7: -0.0017145601 | I7: -0.070230583 | J7: 0.018918721 | K7: -0.015809707 | L7: -0.022734647 | M7: 0.019028432 | N7: 0.065867286 | O7: 0.019884424 | P7: -0.0053364956 | Q7: 0.095075812 | R7: -0.098580041 | S7: 0.057430576 | T7: 0.044725221 | U7: -0.067300075 | V7: -0.02153496 | W7: 0.018756648 | X7: 0.020596763 | Y7: -0.034907178 | Z7: 0.0053227851 | AA7: -0.010729429 | AB7: -0.0043132895 | AC7: -0.022587213 | AD7: -0.0089228843 | AE7: -0.0096076921 | AF7: -0.0076328145 | AG7: 0.024721841 | AH7: -0.0074628673 | AI7: 0.012140445 | AJ7: -0.025444784 | AK7: -0.050010354 | AL7: 0.07267807 | AM7: -0.040703795 | AN7: 0.037375 | AO7: 0.047655597 | AP7: -0.027529783 | AQ7: -0.010221189 | AR7: -0.048505389 | AS7: -0.031925448 | AT7: 0.017880939 | AU7: 0.00090635712 | AV7: -0.012530696 | AW7: 0.042548022 | AX7: -0.026000709 | AY7: -0.015553313 | AZ7: -0.016624694 | BA7: 0.011084343 | BB7: -0.033470619 | BC7: 0.04125603 | BD7: 0.030048184 | BE7: -0.023365229 | BF7: -0.043191809 | BG7: -0.045074261 | BH7: -0.058638955 | BI7: 0.011459137 | BJ7: 0.013265458 | BK7: -0.0067173348 | BL7: 0.023564593 | BM7: 0.014470114 | BN7: -0.042319979 | BO7: -0.11135323 | BP7: 0.038323005 | BQ7: 0.030750204 | BR7: 0.039349962 | BS7: -0.01550241 | BT7: -0.0095360181 | BU7: -0.012382387 | BV7: 0.01612168 | BW7: -0.040442817 | BX7: -0.0090743374 | BY7: -0.032035669 | BZ7: 0.046341554 | CA7: -0.0091187007 | CB7: 0.016649364 | CC7: 0.044010187 | CD7: 0.055991533 | CE7: 0.032212349 | CF7: -0.082982889 | CG7: -0.024997803 | CH7: -0.053528527 | CI7: 0.066094632 | CJ7: 0.03557142 | CK7: 0.017034968 | CL7: -0.038621379 | CM7: 0.043880112 | CN7: -0.050285565 | CO7: 0.014932005 | CP7: -0.054661879 | CQ7: -0.026262523 | CR7: 0.0010931688 | CS7: 0.022495604 | CT7: 0.033626071 | CU7: -0.029927668 | CV7: 0.094178362 | CW7: 0.022797118 | CX7: -0.056389917 | CY7: -0.008997559 | CZ7: -0.12954596 | DA7: 0.056727122 | DB7: -0.061427324 | DC7: -0.042426214 | DD7: -0.0031254044 | DE7: 0.039853611 | DF7: -0.0066899378 | DG7: 0.0070939566 | DH7: 0.01415838 | DI7: -0.0057914177 | DJ7: -0.005456547 | DK7: -0.00050583134 | DL7: 0.0049071171 | DM7: 0.043344403 | DN7: 0.0028080107 | DO7: -0.046174631 | DP7: -0.040581955 | DQ7: -0.018061157 | DR7: 0.025478672 | DS7: 0.0030410292 | DT7: 0.058195878 | DU7: -0.0022504968 | DV7: -0.048376545 | DW7: 0.010462508 | DX7: -0.046380431 | DY7: -0.055720009 | DZ7: -1.060138e-05 | EA7: 0.0018724239 | EB7: 0.054872088 | EC7: -0.021973128 | ED7: 0.02637308 | EE7: -0.036568803 | EF7: 0.001947048
A8: 選絕對值最大 | C8: {=MATCH(MAX(ABS(C3:C7)), ABS(C3:C7), 0)} -> 2 | D8: {=MATCH(MAX(ABS(D3:D7)), ABS(D3:D7), 0)} -> 2 | E8: {=MATCH(MAX(ABS(E3:E7)), ABS(E3:E7), 0)} -> 2 | F8: {=MATCH(MAX(ABS(F3:F7)), ABS(F3:F7), 0)} -> 2 | G8: {=MATCH(MAX(ABS(G3:G7)), ABS(G3:G7), 0)} -> 3 | H8: {=MATCH(MAX(ABS(H3:H7)), ABS(H3:H7), 0)} -> 2 | I8: {=MATCH(MAX(ABS(I3:I7)), ABS(I3:I7), 0)} -> 5 | J8: {=MATCH(MAX(ABS(J3:J7)), ABS(J3:J7), 0)} -> 1 | ... EE8: {=MATCH(MAX(ABS(EE3:EE7)), ABS(EE3:EE7), 0)} -> 2 | EF8: 2
C9: =IF(C8=1,"mom1", IF(C8=2,"mom12", IF(C8=3,"chmom", IF(C8=4,"retvol", IF(C8=5,"maxret",""))))) -> mom12 | D9: =IF(D8=1,"mom1", IF(D8=2,"mom12", IF(D8=3,"chmom", IF(D8=4,"retvol", IF(D8=5,"maxret",""))))) -> mom12 | E9: =IF(E8=1,"mom1", IF(E8=2,"mom12", IF(E8=3,"chmom", IF(E8=4,"retvol", IF(E8=5,"maxret",""))))) -> mom12 | F9: =IF(F8=1,"mom1", IF(F8=2,"mom12", IF(F8=3,"chmom", IF(F8=4,"retvol", IF(F8=5,"maxret",""))))) -> mom12 | G9: =IF(G8=1,"mom1", IF(G8=2,"mom12", IF(G8=3,"chmom", IF(G8=4,"retvol", IF(G8=5,"maxret",""))))) -> chmom | H9: =IF(H8=1,"mom1", IF(H8=2,"mom12", IF(H8=3,"chmom", IF(H8=4,"retvol", IF(H8=5,"maxret",""))))) -> mom12 | I9: =IF(I8=1,"mom1", IF(I8=2,"mom12", IF(I8=3,"chmom", IF(I8=4,"retvol", IF(I8=5,"maxret",""))))) -> maxret | J9: =IF(J8=1,"mom1", IF(J8=2,"mom12", IF(J8=3,"chmom", IF(J8=4,"retvol", IF(J8=5,"maxret",""))))) -> mom1 | ... EF9: =IF(EF8=1,"mom1", IF(EF8=2,"mom12", IF(EF8=3,"chmom", IF(EF8=4,"retvol", IF(EF8=5,"maxret",""))))) -> mom12
C10: =IF(C8=1,C3,IF(C8=2,C4,IF(C8=3,C5,IF(C8=4,C6,IF(C8=5,C7))))) -> -0.24758871 | D10: =IF(D8=1,D3,IF(D8=2,D4,IF(D8=3,D5,IF(D8=4,D6,IF(D8=5,D7))))) -> -0.2746933 | E10: =IF(E8=1,E3,IF(E8=2,E4,IF(E8=3,E5,IF(E8=4,E6,IF(E8=5,E7))))) -> -0.084648385 | F10: =IF(F8=1,F3,IF(F8=2,F4,IF(F8=3,F5,IF(F8=4,F6,IF(F8=5,F7))))) -> 0.022644631 | G10: =IF(G8=1,G3,IF(G8=2,G4,IF(G8=3,G5,IF(G8=4,G6,IF(G8=5,G7))))) -> -0.14235739 | H10: =IF(H8=1,H3,IF(H8=2,H4,IF(H8=3,H5,IF(H8=4,H6,IF(H8=5,H7))))) -> -0.10075963 | I10: =IF(I8=1,I3,IF(I8=2,I4,IF(I8=3,I5,IF(I8=4,I6,IF(I8=5,I7))))) -> -0.070230583 | J10: =IF(J8=1,J3,IF(J8=2,J4,IF(J8=3,J5,IF(J8=4,J6,IF(J8=5,J7))))) -> -0.09519145 | ... EF10: =IF(EF8=1,EF3,IF(EF8=2,EF4,IF(EF8=3,EF5,IF(EF8=4,EF6,IF(EF8=5,EF7))))) -> 0.24308194
A12: 投資組合 | C12: 公司數 | D12: 964
A13: 等分 | B13: 家數 | C13: 2014/01 | D13: 2014/02 | E13: 2014/03 | F13: 2014/04 | G13: 2014/05 | H13: 2014/06 | I13: 2014/07 | J13: 2014/08 | K13: 2014/09 | L13: 2014/10 | M13: 2014/11 | N13: 2014/12 | O13: 2015/01 | P13: 2015/02 | Q13: 2015/03 | R13: 2015/04 | S13: 2015/05 | T13: 2015/06 | U13: 2015/07 | V13: 2015/08 | W13: 2015/09 | X13: 2015/10 | Y13: 2015/11 | Z13: 2015/12 | AA13: 2016/01 | AB13: 2016/02 | AC13: 2016/03 | AD13: 2016/04 | AE13: 2016/05 | AF13: 2016/06 | AG13: 2016/07 | AH13: 2016/08 | AI13: 2016/09 | AJ13: 2016/10 | AK13: 2016/11 | AL13: 2016/12 | AM13: 2017/01 | AN13: 2017/02 | AO13: 2017/03 | AP13: 2017/04 | AQ13: 2017/05 | AR13: 2017/06 | AS13: 2017/07 | AT13: 2017/08 | AU13: 2017/09 | AV13: 2017/10 | AW13: 2017/11 | AX13: 2017/12 | AY13: 2018/01 | AZ13: 2018/02 | BA13: 2018/03 | BB13: 2018/04 | BC13: 2018/05 | BD13: 2018/06 | BE13: 2018/07 | BF13: 2018/08 | BG13: 2018/09 | BH13: 2018/10 | BI13: 2018/11 | BJ13: 2018/12 | BK13: 2019/01 | BL13: 2019/02 | BM13: 2019/03 | BN13: 2019/04 | BO13: 2019/05 | BP13: 2019/06 | BQ13: 2019/07 | BR13: 2019/08 | BS13: 2019/09 | BT13: 2019/10 | BU13: 2019/11 | BV13: 2019/12 | BW13: 2020/01 | BX13: 2020/02 | BY13: 2020/03 | BZ13: 2020/04 | CA13: 2020/05 | CB13: 2020/06 | CC13: 2020/07 | CD13: 2020/08 | CE13: 2020/09 | CF13: 2020/10 | CG13: 2020/11 | CH13: 2020/12 | CI13: 2021/01 | CJ13: 2021/02 | CK13: 2021/03 | CL13: 2021/04 | CM13: 2021/05 | CN13: 2021/06 | CO13: 2021/07 | CP13: 2021/08 | CQ13: 2021/09 | CR13: 2021/10 | CS13: 2021/11 | CT13: 2021/12 | CU13: 2022/01 | CV13: 2022/02 | CW13: 2022/03 | CX13: 2022/04 | CY13: 2022/05 | CZ13: 2022/06 | DA13: 2022/07 | DB13: 2022/08 | DC13: 2022/09 | DD13: 2022/10 | DE13: 2022/11 | DF13: 2022/12 | DG13: 2023/01 | DH13: 2023/02 | DI13: 2023/03 | DJ13: 2023/04 | DK13: 2023/05 | DL13: 2023/06 | DM13: 2023/07 | DN13: 2023/08 | DO13: 2023/09 | DP13: 2023/10 | DQ13: 2023/11 | DR13: 2023/12 | DS13: 2024/01 | DT13: 2024/02 | DU13: 2024/03 | DV13: 2024/04 | DW13: 2024/05 | DX13: 2024/06 | DY13: 2024/07 | DZ13: 2024/08 | EA13: 2024/09 | EB13: 2024/10 | EC13: 2024/11 | ED13: 2024/12 | EE13: 2025/01 | EF13: 2025/02
A14: 10 | B14: 96 | C14: 0.014499247 | D14: -0.014678551 | E14: 0.0013937245 | F14: -0.055959385 | G14: 0.041961454 | H14: -0.0095992584 | I14: 0.03470674 | J14: 0.02330362 | K14: 0.0099649059 | L14: 0.031312735 | M14: -0.018019657 | N14: 0.034703354 | O14: 0.026784774 | P14: -0.00025432811 | Q14: 0.023279776 | R14: 0.026379861 | S14: 0.070622508 | T14: 0.081370906 | U14: 0.009300796 | V14: 0.012113184 | W14: 0.028417663 | X14: 0.10636944 | Y14: 0.049026199 | Z14: 0.065362758 | AA14: 0.0069017746 | AB14: 0.013853251 | AC14: 0.026464182 | AD14: 0.029116942 | AE14: 0.046437717 | AF14: 0.02223446 | AG14: 0.0038149304 | AH14: 0.01880273 | AI14: -0.0087937925 | AJ14: 0.020052091 | AK14: 0.014165816 | AL14: 0.047013173 | AM14: 0.028540928 | AN14: -0.026645629 | AO14: -0.014995471 | AP14: 0.039724131 | AQ14: 0.009693518 | AR14: 0.022223026 | AS14: 0.023262361 | AT14: 0.076883761 | AU14: -0.0037135364 | AV14: 0.046910307 | AW14: 0.017563424 | AX14: 0.040481688 | AY14: 0.048156517 | AZ14: 0.023614553 | BA14: 0.02643433 | BB14: 0.0012339722 | BC14: 0.037276109 | BD14: 0.0082215801 | BE14: -0.035368545 | BF14: 0.070904934 | BG14: 0.028739962 | BH14: 0.083923869 | BI14: 0.078574151 | BJ14: 0.024663126 | BK14: -0.0006573835 | BL14: 0.050616366 | BM14: 0.020634019 | BN14: 0.014305259 | BO14: 0.061541279 | BP14: 0.032994976 | BQ14: 0.032266203 | BR14: 0.056986675 | BS14: 0.032642855 | BT14: 0.016364783 | BU14: 0.016915017 | BV14: 0.037969142 | BW14: 0.044477004 | BX14: 0.014968367 | BY14: 0.088011315 | BZ14: 0.029735992 | CA14: -0.00060368843 | CB14: 0.027173863 | CC14: -0.016121181 | CD14: 0.049035807 | CE14: 0.050816539 | CF14: 0.011658065 | CG14: 0.020655947 | CH14: 0.032558163 | CI14: 0.059093802 | CJ14: 0.064059392 | CK14: 0.068992564 | CL14: 0.10751484 | CM14: -0.026353951 | CN14: 0.15617241 | CO14: 0.056181822 | CP14: -0.001005022 | CQ14: 0.067376584 | CR14: 0.055808329 | CS14: 0.022256163 | CT14: 0.065684092 | CU14: 0.051317624 | CV14: 0.035483195 | CW14: 0.016945479 | CX14: 0.030752638 | CY14: -0.016420596 | CZ14: 0.012324262 | DA14: 0.063495726 | DB14: -0.035585283 | DC14: 0.02431655 | DD14: 0.063793868 | DE14: 0.077132099 | DF14: -0.01162432 | DG14: -0.047394422 | DH14: -0.030803155 | DI14: -0.029979255 | DJ14: 0.046699545 | DK14: 0.0010711986 | DL14: 0.012310483 | DM14: 0.055814637 | DN14: 0.017558183 | DO14: 0.019030728 | DP14: 0.063520966 | DQ14: 0.026687358 | DR14: 0.019377367 | DS14: -0.046024279 | DT14: 0.010075931 | DU14: 0.045787142 | DV14: -0.0010771228 | DW14: 0.057481428 | DX14: 0.037731484 | DY14: -0.062728222 | DZ14: 0.028453286 | EA14: 0.09673516 | EB14: 0.031887415 | EC14: 0.021682572 | ED14: 0.028381041 | EE14: -0.02821628 | EF14: -0.031810858
A15: 20 | B15: 48 | C15: -0.0074773642 | D15: 0.00545686 | E15: 0.0055236267 | F15: -0.059986527 | G15: 0.030671077 | H15: -0.017388387 | I15: 0.05808402 | J15: 0.039856684 | K15: 0.015861689 | L15: 0.058607349 | M15: -0.0018712508 | N15: 0.043392417 | O15: 0.025220257 | P15: -0.0062776477 | Q15: 0.0070595183 | R15: 0.0076740477 | S15: 0.092380986 | T15: 0.098739164 | U15: 0.02743426 | V15: 0.022830753 | W15: 0.030968904 | X15: 0.15038578 | Y15: 0.059594262 | Z15: 0.089596587 | AA15: 0.041796949 | AB15: 0.0095636684 | AC15: 0.062887262 | AD15: 0.042610233 | AE15: 0.077071417 | AF15: 0.065830546 | AG15: -0.0099052077 | AH15: 0.053916524 | AI15: -0.018646046 | AJ15: 0.013035789 | AK15: 0.012319599 | AL15: 0.080599426 | AM15: 0.041837428 | AN15: -0.029977661 | AO15: 0.0017088467 | AP15: 0.04690919 | AQ15: 0.032293347 | AR15: 0.020848044 | AS15: 0.015442131 | AT15: 0.088363546 | AU15: 0.015695418 | AV15: 0.083161757 | AW15: 0.051912609 | AX15: 0.048434224 | AY15: 0.068287143 | AZ15: 0.031220536 | BA15: 0.026188274 | BB15: 0.054462432 | BC15: 0.047291056 | BD15: 0.010962313 | BE15: -0.043773789 | BF15: 0.071981555 | BG15: 0.057825844 | BH15: 0.062336407 | BI15: 0.070339509 | BJ15: 0.024266088 | BK15: -0.0088783959 | BL15: 0.039310511 | BM15: 0.024812054 | BN15: 0.0082262658 | BO15: 0.082577836 | BP15: 0.057598025 | BQ15: 0.024176505 | BR15: 0.081428202 | BS15: 0.040180514 | BT15: 0.00052107168 | BU15: 0.015527166 | BV15: 0.069814479 | BW15: 0.075714006 | BX15: 0.038230428 | BY15: 0.088893447 | BZ15: 0.049619743 | CA15: -0.011020985 | CB15: 0.02601738 | CC15: 0.0082248094 | CD15: 0.10303659 | CE15: 0.07943787 | CF15: 0.010965174 | CG15: 0.007008823 | CH15: 0.069980991 | CI15: 0.052366557 | CJ15: 0.08096216 | CK15: 0.034712428 | CL15: 0.095904702 | CM15: -0.014010735 | CN15: 0.19173365 | CO15: 0.060648236 | CP15: 0.020576996 | CQ15: 0.073319276 | CR15: 0.06369411 | CS15: 0.020437748 | CT15: 0.094868405 | CU15: 0.092464007 | CV15: 0.05457689 | CW15: 0.021968141 | CX15: 0.030582841 | CY15: -0.041201752 | CZ15: 0.0048982162 | DA15: 0.091763535 | DB15: -0.061356185 | DC15: 0.027499309 | DD15: 0.083806049 | DE15: 0.058686433 | DF15: -0.017271632 | DG15: -0.07133576 | DH15: -0.038806517 | DI15: -0.02957042 | DJ15: 0.062055444 | DK15: -0.023400892 | DL15: 0.01523211 | DM15: 0.05054401 | DN15: 0.034460787 | DO15: 0.044325139 | DP15: 0.071385517 | DQ15: 0.019359187 | DR15: 0.024434105 | DS15: -0.029915194 | DT15: -0.019573841 | DU15: 0.023698854 | DV15: -0.0018686776 | DW15: 0.068211975 | DX15: 0.048594748 | DY15: -0.0095046248 | DZ15: 0.042618817 | EA15: 0.13635655 | EB15: 0.058059596 | EC15: 0.0014759441 | ED15: 0.012285065 | EE15: -0.03586748 | EF15: -0.047879265
A16: 50 | B16: 19 | C16: -0.033228978 | D16: 0.14164365 | E16: 0.047920746 | F16: -0.060341905 | G16: 0.0021599074 | H16: 0.011508261 | I16: 0.029145888 | J16: 0.072074428 | K16: 0.033031717 | L16: 0.11035743 | M16: -0.032524613 | N16: 0.057369427 | O16: 0.010220681 | P16: 0.006541421 | Q16: 0.047138774 | R16: 0.023861424 | S16: 0.10179473 | T16: 0.14378685 | U16: 0.035183022 | V16: 0.059177758 | W16: 0.047795003 | X16: 0.21811054 | Y16: 0.029956432 | Z16: 0.14574386 | AA16: 0.10708346 | AB16: 0.034264467 | AC16: 0.068321334 | AD16: 0.038219856 | AE16: 0.11683692 | AF16: 0.15653347 | AG16: -0.025329295 | AH16: 0.079251789 | AI16: 0.035462644 | AJ16: 0.026059549 | AK16: -0.0037561767 | AL16: 0.10194434 | AM16: 0.028014229 | AN16: -0.019132523 | AO16: 0.038044353 | AP16: 0.077212592 | AQ16: 0.049519539 | AR16: 0.0075826917 | AS16: 0.027183251 | AT16: 0.12713666 | AU16: 0.057421613 | AV16: 0.022675495 | AW16: 0.12471053 | AX16: 0.053702717 | AY16: 0.14324851 | AZ16: 0.06107058 | BA16: 0.066889832 | BB16: 0.13998189 | BC16: 0.034202302 | BD16: 0.054089653 | BE16: -0.07008177 | BF16: 0.11017253 | BG16: 0.10047478 | BH16: 0.072087164 | BI16: 0.042830067 | BJ16: 0.068604196 | BK16: -0.03369142 | BL16: 0.042496618 | BM16: 0.01713028 | BN16: 0.082792683 | BO16: 0.020140931 | BP16: 0.070319344 | BQ16: 0.014055095 | BR16: 0.086828185 | BS16: 0.030332724 | BT16: -0.030726476 | BU16: 0.018002514 | BV16: 0.10176926 | BW16: 0.13089751 | BX16: 0.068591435 | BY16: 0.066609972 | BZ16: 0.026558405 | CA16: -0.096516325 | CB16: 0.05947706 | CC16: 0.028975681 | CD16: 0.096587739 | CE16: 0.11435311 | CF16: 0.020735298 | CG16: -0.003854846 | CH16: 0.025178401 | CI16: 0.064628961 | CJ16: 0.1253171 | CK16: 0.050262759 | CL16: 0.020066941 | CM16: 0.0050971069 | CN16: 0.21787442 | CO16: 0.11865999 | CP16: 0.093659358 | CQ16: 0.092452779 | CR16: 0.12558964 | CS16: -0.021811516 | CT16: 0.099677084 | CU16: 0.12194389 | CV16: 0.058675077 | CW16: -0.0086733493 | CX16: 0.090639227 | CY16: -0.09636113 | CZ16: 0.0103014 | DA16: 0.090255186 | DB16: -0.090239014 | DC16: 0.019587079 | DD16: 0.095026376 | DE16: 0.029401324 | DF16: -0.064180408 | DG16: -0.087324806 | DH16: -0.0084132404 | DI16: -0.040659135 | DJ16: 0.075919775 | DK16: -0.077413284 | DL16: 0.048888733 | DM16: -0.010041382 | DN16: 0.01930384 | DO16: 0.070288549 | DP16: 0.066129097 | DQ16: 0.046225077 | DR16: -0.014166333 | DS16: -0.089437754 | DT16: 0.032148243 | DU16: 0.11891759 | DV16: -0.0010553023 | DW16: 0.078666707 | DX16: 0.065291076 | DY16: -0.047660987 | DZ16: 0.017729962 | EA16: 0.19235016 | EB16: 0.088158782 | EC16: -0.0068136937 | ED16: 0.0326219 | EE16: -0.042505739 | EF16: -0.084951384
A17: 100 | B17: 10 | C17: -0.036350225 | D17: 0.27303487 | E17: 0.095344605 | F17: 0.034921437 | G17: 0.096089998 | H17: 0.0012437261 | I17: 0.022969761 | J17: 0.019207592 | K17: 0.0044247227 | L17: 0.024683837 | M17: 0.067675428 | N17: 0.10979619 | O17: -0.05330425 | P17: 0.02189657 | Q17: 0.061471869 | R17: 0.012323371 | S17: 0.14332082 | T17: 0.19849229 | U17: 0.035213137 | V17: 0.18766619 | W17: 0.050671424 | X17: 0.25186325 | Y17: 0.0093065989 | Z17: 0.085222205 | AA17: 0.11334521 | AB17: 0.033221016 | AC17: 0.15912435 | AD17: -0.0077282121 | AE17: 0.21179264 | AF17: 0.20342608 | AG17: -0.044324544 | AH17: 0.1650398 | AI17: 0.024849257 | AJ17: 0.049967109 | AK17: 0.0019606473 | AL17: 0.08978385 | AM17: -0.021048665 | AN17: -0.03550046 | AO17: 0.05138452 | AP17: 0.075074159 | AQ17: 0.12618229 | AR17: 0.017733826 | AS17: 0.00079962981 | AT17: 0.11866221 | AU17: 0.077174077 | AV17: -0.0044632516 | AW17: 0.18936077 | AX17: 0.11317637 | AY17: 0.20000627 | AZ17: 0.067846329 | BA17: -0.015151738 | BB17: 0.084664792 | BC17: 0.059072809 | BD17: 0.0096474811 | BE17: -0.041397971 | BF17: 0.12725231 | BG17: 0.12916989 | BH17: 0.068436268 | BI17: 0.13535398 | BJ17: 0.13011026 | BK17: 0.045604932 | BL17: 0.021112667 | BM17: 0.011126533 | BN17: 0.10130497 | BO17: 0.028938091 | BP17: 0.13827563 | BQ17: -0.0058076926 | BR17: 0.13180033 | BS17: 0.011865911 | BT17: -0.059850936 | BU17: -0.015140082 | BV17: 0.16459385 | BW17: 0.29887899 | BX17: 0.065865196 | BY17: 0.017358962 | BZ17: 0.012772746 | CA17: -0.092920534 | CB17: 0.092684106 | CC17: -0.035358543 | CD17: -0.0098917645 | CE17: 0.097490745 | CF17: 0.045210671 | CG17: 0.024511948 | CH17: 0.035292236 | CI17: 0.095587798 | CJ17: 0.056967559 | CK17: 0.021457221 | CL17: 0.065026536 | CM17: 0.046626536 | CN17: 0.30775853 | CO17: 0.19945622 | CP17: 0.13009875 | CQ17: 0.067089016 | CR17: 0.13647811 | CS17: -0.05991253 | CT17: 0.16873607 | CU17: 0.18427012 | CV17: 0.084641843 | CW17: 0.041982761 | CX17: 0.15238778 | CY17: -0.092947904 | CZ17: 0.023763335 | DA17: 0.16267105 | DB17: -0.2096634 | DC17: 0.084746934 | DD17: 0.10019875 | DE17: -0.022313539 | DF17: 0.0060545263 | DG17: -0.11309156 | DH17: 0.00093841477 | DI17: -0.054108319 | DJ17: 0.050118009 | DK17: -0.072188598 | DL17: 0.075327611 | DM17: -0.052317813 | DN17: -0.04696469 | DO17: 0.034104416 | DP17: 0.14544193 | DQ17: 0.041916519 | DR17: -0.036174918 | DS17: -0.0095715425 | DT17: 0.049159565 | DU17: 0.18864064 | DV17: 0.016190145 | DW17: 0.059003667 | DX17: 0.11240375 | DY17: 0.083673635 | DZ17: -0.015664546 | EA17: 0.14525279 | EB17: 0.07529439 | EC17: 0.014148269 | ED17: 0.059257878 | EE17: -0.04934418 | EF17: -0.15968344
A18: 107 | B18: 9 | C18: -0.03943539 | D18: 0.23433798 | E18: 0.086704171 | F18: 0.078715472 | G18: 0.10903115 | H18: 0.00064934946 | I18: 0.027240273 | J18: 0.041406976 | K18: -0.019554682 | L18: 0.0039397824 | M18: 0.049392185 | N18: 0.1202425 | O18: -0.066199356 | P18: 0.0081881795 | Q18: 0.076299133 | R18: -0.00096009692 | S18: 0.14543682 | T18: 0.2245598 | U18: 0.027648234 | V18: 0.22655835 | W18: 0.10163136 | X18: 0.27113096 | Y18: 0.072372984 | Z18: 0.095220855 | AA18: 0.1288075 | AB18: 0.02696187 | AC18: 0.14261636 | AD18: -0.0043150504 | AE18: 0.20962824 | AF18: 0.20694874 | AG18: -0.04377616 | AH18: 0.17727619 | AI18: 0.033383256 | AJ18: 0.055558244 | AK18: 0.021222532 | AL18: 0.08022133 | AM18: -0.028978861 | AN18: -0.022032518 | AO18: 0.041090153 | AP18: 0.051133118 | AQ18: 0.12639411 | AR18: 0.034371979 | AS18: -0.0082851231 | AT18: 0.1315111 | AU18: 0.082090272 | AV18: -0.021221235 | AW18: 0.21589448 | AX18: 0.026080094 | AY18: 0.22593249 | AZ18: 0.088150182 | BA18: 0.033911562 | BB18: 0.1187617 | BC18: 0.069517147 | BD18: -0.016936218 | BE18: -0.061197644 | BF18: 0.15869235 | BG18: 0.12077889 | BH18: 0.081620838 | BI18: 0.12236713 | BJ18: 0.096566804 | BK18: 0.051371625 | BL18: 0.0098151685 | BM18: -0.0014382607 | BN18: 0.1012639 | BO18: 0.029487267 | BP18: 0.12596295 | BQ18: 0.022652088 | BR18: 0.14752203 | BS18: 0.032006987 | BT18: -0.046660882 | BU18: -0.015064578 | BV18: 0.17428476 | BW18: 0.31797083 | BX18: 0.069459717 | BY18: 0.061034727 | BZ18: -0.028401772 | CA18: -0.13046988 | CB18: 0.11586555 | CC18: -0.020683161 | CD18: 0.064934923 | CE18: 0.12131041 | CF18: -0.01199364 | CG18: 0.054488638 | CH18: 0.059711264 | CI18: 0.10213547 | CJ18: 0.054788462 | CK18: 0.060724103 | CL18: 0.068320466 | CM18: 0.0069997267 | CN18: 0.30199598 | CO18: 0.20410183 | CP18: 0.11115145 | CQ18: 0.09163939 | CR18: 0.13403742 | CS18: -0.089290829 | CT18: 0.156979 | CU18: 0.16811338 | CV18: 0.090097055 | CW18: 0.05193426 | CX18: 0.16226598 | CY18: -0.081280638 | CZ18: 0.032724822 | DA18: 0.16782969 | DB18: -0.23166535 | DC18: 0.096133338 | DD18: 0.097893034 | DE18: -0.05063163 | DF18: 0.0026980136 | DG18: -0.12637192 | DH18: -0.003978832 | DI18: -0.045399498 | DJ18: 0.06605133 | DK18: -0.057685769 | DL18: 0.055473782 | DM18: -0.050953763 | DN18: -0.05767957 | DO18: 0.046563866 | DP18: 0.13500153 | DQ18: 0.041453411 | DR18: -0.02636538 | DS18: 0.010423024 | DT18: 0.046774335 | DU18: 0.19010824 | DV18: 0.010674916 | DW18: 0.048547745 | DX18: 0.105142 | DY18: 0.094984864 | DZ18: -0.015092247 | EA18: 0.14794581 | EB18: 0.088908954 | EC18: 0.016325518 | ED18: 0.058215192 | EE18: -0.059240997 | EF18: -0.15799175
A19: 120 | B19: 8 | C19: -0.038913469 | D19: 0.16854736 | E19: 0.096671109 | F19: 0.080752164 | G19: 0.13473266 | H19: -0.0079428568 | I19: 0.024219035 | J19: 0.028755829 | K19: -0.0045982239 | L19: 0.012572574 | M19: 0.049947202 | N19: 0.10927783 | O19: -0.069983647 | P19: 0.013382947 | Q19: 0.075377465 | R19: -0.0034291974 | S19: 0.1686581 | T19: 0.20441382 | U19: 0.008060323 | V19: 0.1840631 | W19: 0.12866725 | X19: 0.27133595 | Y19: 0.089095159 | Z19: 0.14106494 | AA19: 0.1172277 | AB19: 0.038530231 | AC19: 0.19759172 | AD19: 0.0096522741 | AE19: 0.2221227 | AF19: 0.21121321 | AG19: -0.062640142 | AH19: 0.21598925 | AI19: 0.057037976 | AJ19: 0.051567092 | AK19: 0.017833619 | AL19: 0.076426548 | AM19: -0.029521143 | AN19: 0.0064561354 | AO19: 0.076694528 | AP19: 0.059962441 | AQ19: 0.11272313 | AR19: 0.045802626 | AS19: 0.0099190402 | AT19: 0.14284858 | AU19: 0.11569961 | AV19: -0.061275359 | AW19: 0.25023987 | AX19: 0.029189242 | AY19: 0.23807944 | AZ19: 0.070494231 | BA19: 0.038771615 | BB19: 0.13322666 | BC19: 0.051348752 | BD19: 0.01347483 | BE19: -0.044110253 | BF19: 0.055060757 | BG19: 0.11262105 | BH19: 0.089156996 | BI19: 0.11829973 | BJ19: 0.097868244 | BK19: 0.016751327 | BL19: 0.011322583 | BM19: -0.0085086093 | BN19: 0.093255475 | BO19: 0.032197286 | BP19: 0.14972725 | BQ19: 0.019160736 | BR19: 0.1782881 | BS19: 0.020906018 | BT19: -0.05265016 | BU19: -0.038510385 | BV19: 0.18846884 | BW19: 0.20833683 | BX19: 0.071902304 | BY19: 0.051357931 | BZ19: -0.025526303 | CA19: -0.13087785 | CB19: 0.10916584 | CC19: -0.11468085 | CD19: 0.06057945 | CE19: 0.11249459 | CF19: 0.00055948197 | CG19: 0.095848573 | CH19: 0.11583937 | CI19: 0.13045056 | CJ19: 0.081164387 | CK19: 0.052047223 | CL19: 0.003069144 | CM19: -0.0016699729 | CN19: 0.33955425 | CO19: 0.18269785 | CP19: 0.10822138 | CQ19: 0.091887762 | CR19: 0.16311005 | CS19: -0.088519896 | CT19: 0.11450657 | CU19: 0.17086144 | CV19: 0.066457648 | CW19: 0.055803086 | CX19: 0.12500986 | CY19: -0.075608913 | CZ19: 0.031592684 | DA19: 0.21729512 | DB19: -0.22431697 | DC19: 0.11244638 | DD19: 0.089256538 | DE19: -0.053569555 | DF19: 0.015674445 | DG19: -0.12321247 | DH19: -0.012653895 | DI19: -0.035044536 | DJ19: 0.081138534 | DK19: -0.068118111 | DL19: 0.036462511 | DM19: -0.061866518 | DN19: -0.032796835 | DO19: 0.065250544 | DP19: 0.12178262 | DQ19: 0.072381798 | DR19: -0.029562321 | DS19: 0.0065055362 | DT19: -0.0072241768 | DU19: 0.1595551 | DV19: 0.023499681 | DW19: 0.062561776 | DX19: 0.11082108 | DY19: 0.12601054 | DZ19: 0.029107189 | EA19: 0.13185062 | EB19: 0.086858714 | EC19: -0.010220505 | ED19: 0.075350993 | EE19: -0.0642787 | EF19: -0.13981485
A20: 137 | B20: 7 | C20: -0.059146798 | D20: 0.18401889 | E20: 0.10047562 | F20: 0.11938296 | G20: 0.16399391 | H20: -0.0086222278 | I20: 0.030636707 | J20: -0.011634694 | K20: -0.014703561 | L20: 0.029322853 | M20: 0.070025626 | N20: 0.14120749 | O20: -0.069370689 | P20: 0.0083280859 | Q20: 0.075409571 | R20: -0.003306424 | S20: 0.19196587 | T20: 0.22531337 | U20: 0.0071456678 | V20: 0.23012921 | W20: 0.16613483 | X20: 0.28203659 | Y20: 0.052382066 | Z20: 0.14494978 | AA20: 0.10441761 | AB20: 0.036791411 | AC20: 0.19163482 | AD20: 0.018143742 | AE20: 0.25839135 | AF20: 0.25576929 | AG20: -0.08171998 | AH20: 0.29224261 | AI20: 0.08142375 | AJ20: 0.05593825 | AK20: 0.014642588 | AL20: 0.12452401 | AM20: -0.039803316 | AN20: -0.0027944178 | AO20: -0.02458428 | AP20: 0.096950774 | AQ20: 0.13434728 | AR20: 0.039002474 | AS20: 0.00050561009 | AT20: 0.15198511 | AU20: 0.13889821 | AV20: -0.046031584 | AW20: 0.21338714 | AX20: 0.067649607 | AY20: 0.25333878 | AZ20: 0.051646327 | BA20: 0.03530224 | BB20: 0.15960664 | BC20: 0.11804151 | BD20: 0.0038573503 | BE20: -0.091172853 | BF20: 0.039489138 | BG20: 0.039685382 | BH20: 0.067045153 | BI20: 0.097220939 | BJ20: 0.098533857 | BK20: 0.0009810839 | BL20: 0.026616326 | BM20: -0.015736216 | BN20: 0.13185709 | BO20: 0.029971588 | BP20: 0.16487337 | BQ20: 0.0045241931 | BR20: 0.17418737 | BS20: 0.032873257 | BT20: -0.061545323 | BU20: 0.0089206671 | BV20: 0.18988257 | BW20: 0.2183755 | BX20: -2.508092e-05 | BY20: 0.030645107 | BZ20: 0.0089482419 | CA20: -0.11432599 | CB20: 0.097387283 | CC20: -0.10559806 | CD20: 0.050324045 | CE20: 0.13007559 | CF20: 0.012563582 | CG20: 0.12563434 | CH20: 0.12198627 | CI20: 0.12734829 | CJ20: 0.074164048 | CK20: 0.041630199 | CL20: 0.011567712 | CM20: -0.01554875 | CN20: 0.34908052 | CO20: 0.2167774 | CP20: 0.11627032 | CQ20: 0.091780217 | CR20: 0.15261332 | CS20: -0.12939734 | CT20: 0.10089785 | CU20: 0.19223174 | CV20: 0.049648574 | CW20: 0.06699878 | CX20: 0.15307569 | CY20: -0.093178384 | CZ20: 0.091459213 | DA20: 0.22229135 | DB20: -0.22238211 | DC20: 0.15185648 | DD20: 0.061689382 | DE20: -0.010516025 | DF20: 0.028071975 | DG20: -0.11821709 | DH20: -0.013050033 | DI20: -0.018613248 | DJ20: 0.076328355 | DK20: -0.05725059 | DL20: 0.037182939 | DM20: -0.065017103 | DN20: -0.062461856 | DO20: 0.030199017 | DP20: 0.1183329 | DQ20: 0.090804693 | DR20: -0.03846617 | DS20: 0.025385651 | DT20: -0.0039831276 | DU20: 0.16258878 | DV20: 0.017545205 | DW20: 0.054192832 | DX20: 0.11951565 | DY20: 0.1657631 | DZ20: 0.011559543 | EA20: 0.09609712 | EB20: 0.10197848 | EC20: 0.009522877 | ED20: 0.081112114 | EE20: -0.05301504 | EF20: -0.1549361
A21: 160 | B21: 6 | C21: -0.07386193 | D21: 0.21954287 | E21: 0.14058368 | F21: 0.17768866 | G21: 0.23579517 | H21: 0.012068788 | I21: 0.016074988 | J21: -0.034276718 | K21: 0.017157792 | L21: 0.038786798 | M21: 0.061808697 | N21: 0.15184358 | O21: -0.086254643 | P21: 0.023513161 | Q21: 0.087977833 | R21: -0.0036027531 | S21: 0.18052064 | T21: 0.22434958 | U21: 0.025809927 | V21: 0.2947024 | W21: 0.17473476 | X21: 0.27968945 | Y21: 0.08141485 | Z21: 0.11868915 | AA21: 0.10162731 | AB21: 0.0580838 | AC21: 0.16768309 | AD21: 0.030483788 | AE21: 0.30849286 | AF21: 0.27543525 | AG21: -0.041487103 | AH21: 0.29963522 | AI21: 0.047766353 | AJ21: 0.057792584 | AK21: 0.0061761082 | AL21: 0.12227217 | AM21: -0.044370985 | AN21: 0.010239548 | AO21: -0.055890126 | AP21: 0.08883095 | AQ21: 0.1352596 | AR21: -0.041144515 | AS21: 0.021467463 | AT21: 0.17114731 | AU21: 0.15301463 | AV21: -0.064146317 | AW21: 0.17184159 | AX21: 0.053049005 | AY21: 0.28470839 | AZ21: 0.11561153 | BA21: 0.0015090166 | BB21: 0.19839559 | BC21: 0.093604507 | BD21: -0.014320047 | BE21: -0.089480722 | BF21: 0.047638579 | BG21: 0.069151689 | BH21: 0.037924394 | BI21: 0.13219913 | BJ21: 0.058912217 | BK21: -0.069519037 | BL21: 0.017025996 | BM21: -0.0028667915 | BN21: 0.16643404 | BO21: 0.038154863 | BP21: 0.15328773 | BQ21: 0.0002038851 | BR21: 0.19272349 | BS21: -0.0034999319 | BT21: -0.082323404 | BU21: 0.043246635 | BV21: 0.17061194 | BW21: 0.30745301 | BX21: -0.023374216 | BY21: -0.014334339 | BZ21: 0.054238669 | CA21: -0.056215144 | CB21: 0.078976808 | CC21: -0.10541676 | CD21: 0.0036318648 | CE21: 0.11441436 | CF21: 0.011263406 | CG21: 0.10199218 | CH21: 0.10775404 | CI21: 0.14299232 | CJ21: 0.12177619 | CK21: 0.056178442 | CL21: 0.050014713 | CM21: -0.075581871 | CN21: 0.39490354 | CO21: 0.2337067 | CP21: 0.13741472 | CQ21: 0.085571877 | CR21: 0.16159637 | CS21: -0.12394646 | CT21: 0.13687457 | CU21: 0.21065654 | CV21: 0.01631017 | CW21: 0.061053728 | CX21: 0.14815029 | CY21: -0.10789212 | CZ21: 0.057499263 | DA21: 0.22104857 | DB21: -0.28613845 | DC21: 0.20384504 | DD21: 0.044491239 | DE21: 0.0032174511 | DF21: 0.021296342 | DG21: -0.1264908 | DH21: -0.043220605 | DI21: -0.058647033 | DJ21: 0.11674202 | DK21: -0.01598429 | DL21: 0.027966294 | DM21: -0.047374441 | DN21: -0.064781566 | DO21: 0.04870552 | DP21: 0.10219567 | DQ21: 0.11124751 | DR21: -0.036135967 | DS21: 0.044918963 | DT21: -0.013871028 | DU21: 0.19451944 | DV21: 0.044761036 | DW21: 0.0065081708 | DX21: 0.16203385 | DY21: 0.15211941 | DZ21: 0.062238675 | EA21: 0.078030583 | EB21: 0.125676 | EC21: 0.050761181 | ED21: 0.088697608 | EE21: -0.022815886 | EF21: -0.16823694
A22: 192 | B22: 5 | C22: 0.011241332 | D22: 0.22258639 | E22: 0.14612491 | F22: 0.20553126 | G22: 0.30682916 | H22: -0.011583026 | I22: 0.026005244 | J22: -0.042850735 | K22: 0.010811429 | L22: 0.033703332 | M22: 0.036795825 | N22: 0.16814359 | O22: -0.11765135 | P22: 0.043138679 | Q22: 0.085412351 | R22: -0.02949057 | S22: 0.12175396 | T22: 0.25442142 | U22: 0.030971913 | V22: 0.24553612 | W22: 0.22644366 | X22: 0.22338311 | Y22: 0.081111125 | Z22: 0.11896327 | AA22: 0.12349037 | AB22: 0.074439458 | AC22: 0.1528896 | AD22: 0.11884884 | AE22: 0.16122121 | AF22: 0.30610803 | AG22: -0.032163249 | AH22: 0.4087576 | AI22: 0.083279354 | AJ22: 0.063529246 | AK22: 0.031722913 | AL22: 0.15473447 | AM22: 0.043441575 | AN22: -0.034444519 | AO22: -0.049108295 | AP22: 0.098230925 | AQ22: 0.14450643 | AR22: -0.029739 | AS22: 0.017012816 | AT22: 0.19326334 | AU22: 0.14307264 | AV22: -0.060817682 | AW22: 0.25381486 | AX22: 0.039045494 | AY22: 0.35493548 | AZ22: 0.15627401 | BA22: 0.10207757 | BB22: 0.2138347 | BC22: 0.086816751 | BD22: -0.011308295 | BE22: -0.098278375 | BF22: 0.059849354 | BG22: 0.056039329 | BH22: 0.071499987 | BI22: 0.14046893 | BJ22: 0.049139784 | BK22: -0.10259828 | BL22: 0.017847982 | BM22: 0.0094222031 | BN22: 0.23666855 | BO22: 0.065655954 | BP22: 0.19922882 | BQ22: -0.040867474 | BR22: 0.21419006 | BS22: -0.032536198 | BT22: -0.096530501 | BU22: -0.040683597 | BV22: 0.12943768 | BW22: 0.35182955 | BX22: -0.02018346 | BY22: -0.0092947883 | BZ22: 0.026249799 | CA22: 0.024248535 | CB22: -0.0001077551 | CC22: -0.10142938 | CD22: -0.023208029 | CE22: 0.11376847 | CF22: 0.014094959 | CG22: 0.10899062 | CH22: 0.099095897 | CI22: 0.18285071 | CJ22: 0.15596956 | CK22: 0.0095139694 | CL22: 0.059102171 | CM22: -0.079454727 | CN22: 0.36508132 | CO22: 0.21426905 | CP22: 0.15666076 | CQ22: 0.07430263 | CR22: 0.14783274 | CS22: -0.09342597 | CT22: 0.11054396 | CU22: 0.18953195 | CV22: 0.027137039 | CW22: 0.079694706 | CX22: 0.14515419 | CY22: -0.10096666 | CZ22: 0.013062634 | DA22: 0.13166377 | DB22: -0.38248992 | DC22: 0.1408352 | DD22: 0.05949981 | DE22: -0.035624449 | DF22: 0.045499958 | DG22: -0.12407331 | DH22: -0.048058412 | DI22: -0.074248336 | DJ22: 0.17033646 | DK22: -0.020765658 | DL22: 0.010233619 | DM22: -0.12382429 | DN22: -0.050852326 | DO22: 0.049820855 | DP22: 0.071459179 | DQ22: 0.13463076 | DR22: -0.028803114 | DS22: -0.069792758 | DT22: -0.0088607269 | DU22: 0.27264433 | DV22: 0.041075837 | DW22: 0.016707314 | DX22: 0.21065667 | DY22: 0.18740183 | DZ22: 0.027016073 | EA22: 0.017772342 | EB22: 0.21024949 | EC22: 0.059624152 | ED22: 0.12506639 | EE22: -0.020017587 | EF22: -0.20954174
A23: 241 | B23: 4 | C23: 0.010384834 | D23: 0.32500828 | E23: 0.043717555 | F23: 0.18403858 | G23: 0.27573235 | H23: 0.037844077 | I23: 0.055402397 | J23: -0.039422393 | K23: 0.0057512013 | L23: 0.11806212 | M23: -0.0012823152 | N23: 0.13905068 | O23: -0.080960976 | P23: 0.039891723 | Q23: 0.12157526 | R23: 0.010488576 | S23: 0.16387615 | T23: 0.27076117 | U23: 0.032611581 | V23: 0.25006428 | W23: 0.32292055 | X23: 0.2689283 | Y23: 0.13700497 | Z23: 0.13621156 | AA23: 0.11240867 | AB23: 0.084785255 | AC23: 0.22896002 | AD23: 0.10394717 | AE23: 0.12810498 | AF23: 0.27660032 | AG23: -0.011046572 | AH23: 0.51867459 | AI23: 0.067729681 | AJ23: 0.038083447 | AK23: 0.040757396 | AL23: 0.13175234 | AM23: 0.09159817 | AN23: -0.02178903 | AO23: -0.085567775 | AP23: 0.14197097 | AQ23: 0.0853709 | AR23: -0.034197901 | AS23: -0.022785132 | AT23: 0.19052675 | AU23: 0.06345533 | AV23: -0.09041684 | AW23: 0.31856932 | AX23: -0.02770729 | AY23: 0.31298446 | AZ23: 0.093059394 | BA23: 0.019293208 | BB23: 0.17171714 | BC23: 0.11197331 | BD23: -0.030287979 | BE23: -0.13674536 | BF23: -0.0014405499 | BG23: 0.0088386262 | BH23: -0.0040067581 | BI23: 0.10752401 | BJ23: 0.031982514 | BK23: -0.082973162 | BL23: 0.051745482 | BM23: 0.0028428272 | BN23: 0.24118208 | BO23: 0.074350174 | BP23: 0.20473422 | BQ23: -0.054916868 | BR23: 0.28727554 | BS23: -0.065741821 | BT23: -0.092952203 | BU23: 0.012996607 | BV23: 0.18815701 | BW23: 0.18446067 | BX23: -0.030042882 | BY23: -0.12128325 | BZ23: 0.24397093 | CA23: 0.038078939 | CB23: 0.073466099 | CC23: -0.053307578 | CD23: 0.0042417527 | CE23: 0.14537496 | CF23: 0.017618699 | CG23: 0.13225942 | CH23: 0.0022196871 | CI23: 0.15153965 | CJ23: 0.075528009 | CK23: 0.053693873 | CL23: 0.18260057 | CM23: -0.062994333 | CN23: 0.3037551 | CO23: 0.22242559 | CP23: 0.098307306 | CQ23: 0.12107338 | CR23: 0.11542004 | CS23: -0.053782916 | CT23: 0.067240263 | CU23: 0.23308971 | CV23: 0.056706712 | CW23: 0.08117407 | CX23: 0.15696885 | CY23: -0.15245231 | CZ23: 0.013847206 | DA23: 0.11800267 | DB23: -0.47235074 | DC23: 0.17680626 | DD23: 0.075397996 | DE23: -0.0011812776 | DF23: 0.1488089 | DG23: -0.14818493 | DH23: 0.010355572 | DI23: -0.090149203 | DJ23: 0.20682535 | DK23: -0.020966062 | DL23: -0.046592571 | DM23: -0.04052926 | DN23: 0.023084439 | DO23: -0.018558809 | DP23: 0.051127087 | DQ23: 0.086895181 | DR23: -0.04622482 | DS23: -0.084605434 | DT23: 0.035339623 | DU23: 0.33980664 | DV23: -0.0081659281 | DW23: -0.053584293 | DX23: 0.25082647 | DY23: 0.22566188 | DZ23: 0.028817505 | EA23: 0.0018000166 | EB23: 0.23519828 | EC23: 0.13202663 | ED23: 0.19143698 | EE23: 0.010955945 | EF23: -0.17865428
A24: 321 | B24: 3 | C24: 0.025922327 | D24: 0.41742192 | E24: 0.022230412 | F24: 0.067831061 | G24: 0.16821808 | H24: 0.22980554 | I24: 0.052519944 | J24: -0.0079776683 | K24: 0.0097392054 | L24: 0.13120749 | M24: -0.045551596 | N24: 0.098030861 | O24: -0.12970817 | P24: 0.042858489 | Q24: 0.17045619 | R24: 0.022808642 | S24: 0.20635453 | T24: 0.23665935 | U24: 0.025697143 | V24: 0.2011451 | W24: 0.34619349 | X24: 0.37472542 | Y24: 0.130825 | Z24: 0.14462707 | AA24: 0.027557702 | AB24: 0.065201125 | AC24: 0.30511676 | AD24: 0.063937156 | AE24: 0.13082384 | AF24: 0.1553232 | AG24: -0.010812101 | AH24: 0.60992565 | AI24: 0.067392901 | AJ24: 0.023989338 | AK24: 0.038889399 | AL24: 0.11620963 | AM24: 0.1129979 | AN24: -0.027860567 | AO24: -0.15815288 | AP24: 0.18351529 | AQ24: 0.0078650053 | AR24: -0.1081837 | AS24: 0.010010714 | AT24: 0.20960191 | AU24: 0.1099146 | AV24: -0.13130381 | AW24: 0.40348377 | AX24: -0.015941445 | AY24: 0.30688012 | AZ24: 0.2274855 | BA24: 0.04917694 | BB24: 0.23029086 | BC24: 0.16276258 | BD24: -0.058336355 | BE24: -0.12806788 | BF24: -0.10506563 | BG24: 0.068467458 | BH24: 0.068057648 | BI24: 0.11826475 | BJ24: -0.010233975 | BK24: -0.020854755 | BL24: 0.050842595 | BM24: -0.055446908 | BN24: 0.20235493 | BO24: 0.096567135 | BP24: 0.2391521 | BQ24: -0.1206328 | BR24: 0.37344457 | BS24: -0.09704759 | BT24: 0.067143215 | BU24: 0.040368469 | BV24: 0.21912061 | BW24: 0.13217179 | BX24: -0.054086914 | BY24: -0.23789165 | BZ24: 0.094846274 | CA24: 0.063406764 | CB24: 0.06360427 | CC24: 0.022431466 | CD24: -0.045246542 | CE24: 0.13394243 | CF24: 0.011724243 | CG24: 0.13432333 | CH24: 0.028602002 | CI24: 0.066530985 | CJ24: 0.056504408 | CK24: 0.046159647 | CL24: 0.40534034 | CM24: -0.046441279 | CN24: 0.3421646 | CO24: 0.2497464 | CP24: 0.17184373 | CQ24: 0.16015079 | CR24: 0.082635604 | CS24: -0.11040637 | CT24: 0.11773152 | CU24: 0.21647042 | CV24: 0.046660081 | CW24: 0.016559055 | CX24: 0.054293295 | CY24: -0.16243987 | CZ24: 0.0075872464 | DA24: 0.22724285 | DB24: -0.59337517 | DC24: 0.19207747 | DD24: 0.13700973 | DE24: -0.089808456 | DF24: 0.097071706 | DG24: -0.088121411 | DH24: -0.034688752 | DI24: -0.081105544 | DJ24: 0.18674153 | DK24: -0.023346177 | DL24: 0.032563908 | DM24: -0.018313227 | DN24: -0.026961745 | DO24: 0.023768668 | DP24: 0.051378438 | DQ24: 0.15247422 | DR24: -0.0578793 | DS24: -0.12952384 | DT24: 0.090306124 | DU24: 0.37526887 | DV24: 0.0033782387 | DW24: -0.053132475 | DX24: 0.34869509 | DY24: 0.31775437 | DZ24: 0.060848987 | EA24: 0.015406586 | EB24: 0.21821707 | EC24: 0.12589599 | ED24: 0.20723116 | EE24: 0.035899357 | EF24: -0.1611462
A25: 482 | B25: 2 | C25: 0.031325685 | D25: -0.088966623 | E25: 0.015061588 | F25: 0.18239608 | G25: 0.13603387 | H25: 0.26281024 | I25: 0.053045248 | J25: 0.068112855 | K25: 0.045734092 | L25: 0.084494634 | M25: -0.1025638 | N25: 0.12680001 | O25: -0.11749234 | P25: 0.010683505 | Q25: 0.20986705 | R25: -0.0085049777 | S25: 0.23955555 | T25: 0.19439365 | U25: 0.079732252 | V25: 0.15106907 | W25: 0.50391933 | X25: 0.258703 | Y25: 0.19511089 | Z25: 0.11537463 | AA25: 0.015120525 | AB25: 0.096909287 | AC25: 0.26512712 | AD25: 0.090543192 | AE25: 0.13721199 | AF25: 0.23397983 | AG25: 0.14589389 | AH25: 0.73424176 | AI25: 0.07545017 | AJ25: 0.048569116 | AK25: 0.060601025 | AL25: 0.068655516 | AM25: -0.032985765 | AN25: -0.16052014 | AO25: -0.09078248 | AP25: 0.31751436 | AQ25: -0.085582788 | AR25: -0.2534608 | AS25: -0.013614289 | AT25: 0.20518668 | AU25: 0.20359589 | AV25: -0.11392953 | AW25: 0.079829551 | AX25: 0.083560006 | AY25: 0.42235449 | AZ25: 0.31598452 | BA25: -0.17208091 | BB25: 0.41262257 | BC25: 0.1744794 | BD25: -0.015350669 | BE25: -0.12429214 | BF25: -0.040543091 | BG25: 0.060876158 | BH25: 0.13718938 | BI25: 0.026506634 | BJ25: 0.058020214 | BK25: -0.0050098635 | BL25: 0.040498239 | BM25: -0.0011227371 | BN25: 0.27087396 | BO25: -0.021041233 | BP25: 0.24739863 | BQ25: -0.069750883 | BR25: 0.36684673 | BS25: -0.22056709 | BT25: 0.070189264 | BU25: 0.16327469 | BV25: 0.31036374 | BW25: 0.015362515 | BX25: -0.071021976 | BY25: -0.19083521 | BZ25: 0.30511608 | CA25: -0.03428362 | CB25: -0.041664988 | CC25: 0.083555909 | CD25: -0.078274253 | CE25: 0.20459072 | CF25: 0.043442465 | CG25: 0.081436355 | CH25: 0.080916362 | CI25: 0.020130185 | CJ25: -0.035304074 | CK25: 0.037307753 | CL25: 0.30484811 | CM25: -0.006975009 | CN25: 0.37527391 | CO25: 0.21630903 | CP25: 0.24610177 | CQ25: 0.11922818 | CR25: 0.061912488 | CS25: 0.18411135 | CT25: 0.099939179 | CU25: 0.13089705 | CV25: 0.079103173 | CW25: 0.13558403 | CX25: 0.061859993 | CY25: -0.28171083 | CZ25: -0.061281101 | DA25: 0.12069275 | DB25: -0.86457557 | DC25: 0.21929107 | DD25: 0.28485167 | DE25: -0.13994415 | DF25: 0.19137387 | DG25: -0.15297665 | DH25: -0.1095822 | DI25: -0.18491271 | DJ25: 0.17841658 | DK25: -0.047749797 | DL25: 0.05497191 | DM25: -0.19976993 | DN25: 0.04621366 | DO25: -0.084670828 | DP25: 0.096270511 | DQ25: 0.23778793 | DR25: -0.075931973 | DS25: -0.24719455 | DT25: 0.055218175 | DU25: 0.52524171 | DV25: -0.024727086 | DW25: 0.21016617 | DX25: 0.25898497 | DY25: 0.26822193 | DZ25: 0.025955165 | EA25: 0.035782094 | EB25: 0.31038588 | EC25: 0.33146835 | ED25: 0.063192472 | EE25: 0.069545558 | EF25: -0.083271777
A26: 964 | B26: 1 | C26: 0.027766967 | D26: -0.081988379 | E26: -0.081880335 | F26: 0.20154572 | G26: -0.022622389 | H26: 0.35082219 | I26: 0.048541667 | J26: -0.0051705189 | K26: -0.019744556 | L26: -0.19257363 | M26: 0.1364512 | N26: 0.10519171 | O26: -0.27049725 | P26: 0.077736486 | Q26: 0.08679354 | R26: 0.022454266 | S26: 0.29893395 | T26: 0.4541758 | U26: 0.11732197 | V26: 0.56251758 | W26: 0.64293353 | X26: 0.39438028 | Y26: 0.15029018 | Z26: 0.089670663 | AA26: 0.078111046 | AB26: 0.065967774 | AC26: 0.40174733 | AD26: -0.36389544 | AE26: 0.19314179 | AF26: 0.48904084 | AG26: 0.38005539 | AH26: 1.4629476 | AI26: 0.15191167 | AJ26: 0.047560204 | AK26: 0.19140631 | AL26: 0.17551711 | AM26: -0.0087353687 | AN26: -0.11066077 | AO26: -0.1029057 | AP26: 0.20014831 | AQ26: -0.3330984 | AR26: -0.020350844 | AS26: -0.30407517 | AT26: -0.21265645 | AU26: 0.22984102 | AV26: -0.23782316 | AW26: 0.22381267 | AX26: -0.073407495 | AY26: -0.15123353 | AZ26: 0.60989956 | BA26: -0.10178269 | BB26: 0.77915232 | BC26: -0.08979229 | BD26: 0.17257014 | BE26: 0.057380538 | BF26: 0.005307218 | BG26: 0.23814201 | BH26: 0.23042623 | BI26: -0.12012438 | BJ26: -0.060567254 | BK26: -0.010019727 | BL26: 0.10610692 | BM26: 0.08478294 | BN26: 0.22225977 | BO26: -0.059152693 | BP26: 0.56718861 | BQ26: -0.14048484 | BR26: 0.46561903 | BS26: -0.12162104 | BT26: 0.055799256 | BU26: 0.45156954 | BV26: 0.57736679 | BW26: 0.15102745 | BX26: 0.098459177 | BY26: -0.39728191 | BZ26: -0.14164461 | CA26: -0.085352139 | CB26: 0.064127083 | CC26: 0.21983119 | CD26: -0.045151525 | CE26: 0.17930378 | CF26: -0.22059977 | CG26: 0.080322389 | CH26: 0.16137193 | CI26: -0.10620055 | CJ26: -0.2858032 | CK26: -0.30976648 | CL26: -0.042170642 | CM26: -0.044688538 | CN26: 0.14713512 | CO26: 0.47231299 | CP26: 0.19806735 | CQ26: -0.051440028 | CR26: -0.25506269 | CS26: 0.15756519 | CT26: 0.1020926 | CU26: 0.22870938 | CV26: 0.089725835 | CW26: 0.24364977 | CX26: 0.14669463 | CY26: -0.36022805 | CZ26: -0.16210691 | DA26: 0.26053401 | DB26: -0.94810959 | DC26: 0.35011754 | DD26: 0.075505698 | DE26: -0.21225499 | DF26: 0.19463806 | DG26: -0.24858898 | DH26: -0.10283284 | DI26: -0.4230988 | DJ26: 0.19144696 | DK26: -0.16602173 | DL26: 0.078227036 | DM26: -0.36802837 | DN26: 0.032577673 | DO26: -0.08311429 | DP26: -0.055090161 | DQ26: 0.076110339 | DR26: -0.082557027 | DS26: -0.14400697 | DT26: -0.061771073 | DU26: 0.77054331 | DV26: -0.10162469 | DW26: 0.23213227 | DX26: 0.56717595 | DY26: 0.032066536 | DZ26: 0.13060161 | EA26: 0.27291704 | EB26: 0.66580759 | EC26: 0.14343652 | ED26: 0.29283081 | EE26: -0.035663983 | EF26: -0.12895777
A27: 大盤 | B27: TWⅡ | C27: -0.017446771 | D27: 0.020701061 | E27: 0.023982129 | F27: -0.006557579 | G27: 0.03184513 | H27: 0.034348533 | I27: -0.0082549328 | J27: 0.012843524 | K27: -0.051018525 | L27: 0.00087394274 | M27: 0.023389576 | N27: 0.012988972 | O27: 0.0058545887 | P27: 0.027413207 | Q27: -0.0037129361 | R27: 0.024076614 | S27: -0.012190025 | T27: -0.039749578 | U27: -0.07315545 | V27: -0.05826023 | W27: 0.00077279757 | X27: 0.044591521 | Y27: -0.02769968 | Z27: 0.0020950059 | AA27: -0.023400551 | AB27: 0.032129371 | AC27: 0.038903273 | AD27: -0.042865382 | AE27: 0.018647195 | AF27: 0.015229768 | AG27: 0.036016604 | AH27: 0.0093546114 | AI27: 0.010748251 | AJ27: 0.013357754 | AK27: -0.0053327473 | AL27: 0.0013831358 | AM27: 0.020795928 | AN27: 0.031517702 | AO27: 0.0062417165 | AP27: 0.0061452617 | AQ27: 0.016946358 | AR27: 0.03468283 | AS27: 0.0030985886 | AT27: 0.015081347 | AU27: -0.019251209 | AV27: 0.038711513 | AW27: -0.021856951 | AX27: 0.0077743007 | AY27: 0.042397247 | AZ27: -0.026308975 | BA27: 0.0095717493 | BB27: -0.024249741 | BC27: 0.020163374 | BD27: -0.0035049988 | BE27: 0.020151935 | BF27: 0.00058133623 | BG27: -0.005219701 | BH27: -0.11587176 | BI27: 0.0087252257 | BJ27: -0.016377261 | BK27: 0.020840372 | BL27: 0.044975872 | BM27: 0.023954306 | BN27: 0.030239101 | BO27: -0.043725888 | BP27: 0.02188947 | BQ27: 0.0086274303 | BR27: -0.019192954 | BS27: 0.01973513 | BT27: 0.047694337 | BU27: 0.011454817 | BV27: 0.043228621 | BW27: -0.04274743 | BX27: -0.017811292 | BY27: -0.1511531 | BZ27: 0.124224 | CA27: -0.0045572538 | CB27: 0.06021124 | CC27: 0.085992033 | CD27: -0.0058084796 | CE27: -0.006041347 | CF27: 0.0024523244 | CG27: 0.089636252 | CH27: 0.070992733 | CI27: 0.027170643 | CJ27: 0.052468428 | CK27: 0.029480661 | CL27: 0.066825081 | CM27: -0.028772229 | CN27: 0.039462516 | CO27: -0.029031087 | CP27: 0.013983883 | CQ27: -0.032276965 | CR27: 0.0031035766 | CS27: 0.025591856 | CT27: 0.044391886 | CU27: -0.030338959 | CV27: -0.0012579765 | CW27: 0.0023363565 | CX27: -0.064264145 | CY27: 0.012909779 | CZ27: -0.12547709 | DA27: 0.011690683 | DB27: 0.0063378437 | DC27: -0.11730536 | DD27: -0.036010872 | DE27: 0.1389113 | DF27: -0.051143506 | DG27: 0.076731447 | DH27: 0.015508782 | DI27: 0.023223774 | DJ27: -0.018372876 | DK27: 0.062199014 | DL27: 0.020098304 | DM27: 0.01349894 | DN27: -0.030252213 | DO27: -0.017022836 | DP27: -0.021788523 | DQ27: 0.085745625 | DR27: 0.028106744 | DS27: -0.0023031598 | DT27: 0.058471198 | DU27: 0.067658949 | DV27: 0.0050207706 | DW27: 0.037416184 | DX27: 0.084111004 | DY27: -0.036832399 | DZ27: 0.0030917028 | EA27: -0.0019576282 | EB27: 0.026459104 | EC27: -0.024752539 | ED27: 0.034115491 | EE27: 0.021061974 | EF27: -0.020277393
C29: 1101 | D29: 2484 | E29: 1233 | F29: 2524 | G29: 2611 | H29: 1233 | I29: 2379 | J29: 2379 | K29: 2524 | L29: 1233 | M29: 2524 | N29: 1805 | O29: 2538 | P29: 3033 | Q29: 2385 | R29: 3024 | S29: 3024 | T29: 1314 | U29: 3024 | V29: 3024 | W29: 5521 | X29: 2535 | Y29: 3033 | Z29: 5201 | AA29: 2535 | AB29: 5201 | AC29: 5471 | AD29: 5521 | AE29: 2023 | AF29: 2023 | AG29: 3017 | AH29: 3033 | AI29: 1464 | AJ29: 2451 | AK29: 2451 | AL29: 4413 | AM29: 2451 | AN29: 2451 | AO29: 6121 | AP29: 2451 | AQ29: 1805 | AR29: 4416 | AS29: 5523 | AT29: 2524 | AU29: 1436 | AV29: 2338 | AW29: 5212 | AX29: 2338 | AY29: 6186 | AZ29: 5523 | BA29: 5523 | BB29: 5443 | BC29: 3051 | BD29: 5523 | BE29: 3051 | BF29: 3051 | BG29: 3051 | BH29: 6186 | BI29: 6186 | BJ29: 2537 | BK29: 2537 | BL29: 2488 | BM29: 6192 | BN29: 8927 | BO29: 2537 | BP29: 4416 | BQ29: 2537 | BR29: 6128 | BS29: 3002 | BT29: 5007 | BU29: 4109 | BV29: 6128 | BW29: 8085 | BX29: 8927 | BY29: 1737 | BZ29: 6242 | CA29: 6242 | CB29: 8927 | CC29: 8927 | CD29: 6242 | CE29: 8927 | CF29: 6242 | CG29: 8050 | CH29: 6242 | CI29: 6242 | CJ29: 8050 | CK29: 8050 | CL29: 6242 | CM29: 4402 | CN29: 3016 | CO29: 1436 | CP29: 6242 | CQ29: 3016 | CR29: 6242 | CS29: 3005 | CT29: 2493 | CU29: 2423 | CV29: 1734 | CW29: 5306 | CX29: 4402 | CY29: 9904 | CZ29: 8072 | DA29: 5007 | DB29: 9904 | DC29: 8072 | DD29: 6021 | DE29: 3232 | DF29: 2538 | DG29: 2538 | DH29: 5306 | DI29: 2538 | DJ29: 2434 | DK29: 2538 | DL29: 6020 | DM29: 2538 | DN29: 4402 | DO29: 2538 | DP29: 5425 | DQ29: 5425 | DR29: 4402 | DS29: 6291 | DT29: 2031 | DU29: 6291 | DV29: 3232 | DW29: 2538 | DX29: 6291 | DY29: 2538 | DZ29: 2538 | EA29: 8074 | EB29: 8074 | EC29: 3232 | ED29: 4402 | EE29: 2538 | EF29: 2538
C30: 台泥 | D30: 希華 | E30: 天仁 | F30: 京城 | G30: 志信 | H30: 天仁 | I30: 瑞昱 | J30: 瑞昱 | K30: 京城 | L30: 天仁 | M30: 京城 | N30: 寶徠 | O30: 基泰 | P30: 威健 | Q30: 群光 | R30: 憶聲 | S30: 憶聲 | T30: 中石化 | U30: 憶聲 | V30: 憶聲 | W30: 工信 | X30: 達欣工 | Y30: 威健 | Z30: 凱衛 | AA30: 達欣工 | AB30: 凱衛 | AC30: 松翰 | AD30: 工信 | AE30: 燁輝 | AF30: 燁輝 | AG30: 奇鋐 | AH30: 威健 | AI30: 得力 | AJ30: 創見 | AK30: 創見 | AL30: 飛寶企業 | AM30: 創見 | AN30: 創見 | AO30: 新普 | AP30: 創見 | AQ30: 寶徠 | AR30: 三圓 | AS30: 豐謙 | AT30: 京城 | AU30: 華友聯 | AV30: 光罩 | AW30: 凌網 | AX30: 光罩 | AY30: 新潤 | AZ30: 豐謙 | BA30: 豐謙 | BB30: 均豪 | BC30: 力特 | BD30: 豐謙 | BE30: 力特 | BF30: 力特 | BG30: 力特 | BH30: 新潤 | BI30: 新潤 | BJ30: 聯上發 | BK30: 聯上發 | BL30: 漢平 | BM30: 巨路 | BN30: 北基 | BO30: 聯上發 | BP30: 三圓 | BQ30: 聯上發 | BR30: 上福 | BS30: 歐格 | BT30: 三星 | BU30: 加捷生醫 | BV30: 上福 | BW30: 福華 | BX30: 北基 | BY30: 臺鹽 | BZ30: 立康 | CA30: 立康 | CB30: 北基 | CC30: 北基 | CD30: 立康 | CE30: 北基 | CF30: 立康 | CG30: 廣積 | CH30: 立康 | CI30: 立康 | CJ30: 廣積 | CK30: 廣積 | CL30: 立康 | CM30: 郡都開發 | CN30: 嘉晶 | CO30: 華友聯 | CP30: 立康 | CQ30: 嘉晶 | CR30: 立康 | CS30: 神基 | CT30: 揚博 | CU30: 固緯 | CV30: 杏輝 | CW30: 桂盟 | CX30: 郡都開發 | CY30: 寶成 | CZ30: 陞泰 | DA30: 三星 | DB30: 寶成 | DC30: 陞泰 | DD30: 美好證 | DE30: 昱捷 | DF30: 基泰 | DG30: 基泰 | DH30: 桂盟 | DI30: 基泰 | DJ30: 統懋 | DK30: 基泰 | DL30: 大展證 | DM30: 基泰 | DN30: 郡都開發 | DO30: 基泰 | DP30: 台半 | DQ30: 台半 | DR30: 郡都開發 | DS30: 沛亨 | DT30: 新光鋼 | DU30: 沛亨 | DV30: 昱捷 | DW30: 基泰 | DX30: 沛亨 | DY30: 基泰 | DZ30: 基泰 | EA30: 鉅橡 | EB30: 鉅橡 | EC30: 昱捷 | ED30: 郡都開發 | EE30: 基泰 | EF30: 基泰
C31: 9951 | D31: 3219 | E31: 2328 | F31: 2489 | G31: 2489 | H31: 2328 | I31: 1805 | J31: 1440 | K31: 2489 | L31: 2328 | M31: 2436 | N31: 2328 | O31: 2436 | P31: 2524 | Q31: 2524 | R31: 2524 | S31: 2524 | T31: 1451 | U31: 2524 | V31: 2524 | W31: 2328 | X31: 5007 | Y31: 2524 | Z31: 2524 | AA31: 5007 | AB31: 2524 | AC31: 5432 | AD31: 2328 | AE31: 5443 | AF31: 4528 | AG31: 2524 | AH31: 2527 | AI31: 2328 | AJ31: 2002 | AK31: 2538 | AL31: 2328 | AM31: 2538 | AN31: 2022 | AO31: 2023 | AP31: 2023 | AQ31: 2328 | AR31: 2328 | AS31: 2022 | AT31: 9904 | AU31: 2328 | AV31: 2607 | AW31: 1440 | AX31: 2539 | AY31: 2527 | AZ31: 2328 | BA31: 2328 | BB31: 5523 | BC31: 5523 | BD31: 2328 | BE31: 5523 | BF31: 5523 | BG31: 5523 | BH31: 5523 | BI31: 1785 | BJ31: 2328 | BK31: 2328 | BL31: 2537 | BM31: 5015 | BN31: 2328 | BO31: 1785 | BP31: 2328 | BQ31: 1785 | BR31: 6242 | BS31: 2538 | BT31: 2328 | BU31: 2328 | BV31: 3060 | BW31: 5355 | BX31: 2328 | BY31: 6285 | BZ31: 2504 | CA31: 4205 | CB31: 2328 | CC31: 2328 | CD31: 4205 | CE31: 2328 | CF31: 8927 | CG31: 4906 | CH31: 2504 | CI31: 4205 | CJ31: 8066 | CK31: 8066 | CL31: 4205 | CM31: 2328 | CN31: 5450 | CO31: 2328 | CP31: 4205 | CQ31: 6128 | CR31: 6128 | CS31: 6128 | CT31: 2328 | CU31: 5464 | CV31: 5464 | CW31: 5464 | CX31: 3016 | CY31: 2328 | CZ31: 3016 | DA31: 2328 | DB31: 2328 | DC31: 4205 | DD31: 2538 | DE31: 5306 | DF31: 2328 | DG31: 2328 | DH31: 2328 | DI31: 2328 | DJ31: 5306 | DK31: 2328 | DL31: 5306 | DM31: 2328 | DN31: 8074 | DO31: 2328 | DP31: 6167 | DQ31: 6167 | DR31: 8074 | DS31: 2328 | DT31: 8112 | DU31: 2328 | DV31: 3049 | DW31: 2328 | DX31: 2434 | DY31: 2328 | DZ31: 2328 | EA31: 8112 | EB31: 8112 | EC31: 3049 | ED31: 4205 | EE31: 2328 | EF31: 2328
C32: 皇田 | D32: 倚強科 | E32: 廣宇 | F32: 瑞軒 | G32: 瑞軒 | H32: 廣宇 | I32: 寶徠 | J32: 南紡 | K32: 瑞軒 | L32: 廣宇 | M32: 偉詮電 | N32: 廣宇 | O32: 偉詮電 | P32: 京城 | Q32: 京城 | R32: 京城 | S32: 京城 | T32: 年興 | U32: 京城 | V32: 京城 | W32: 廣宇 | X32: 三星 | Y32: 京城 | Z32: 京城 | AA32: 三星 | AB32: 京城 | AC32: 新門 | AD32: 廣宇 | AE32: 均豪 | AF32: 江興鍛 | AG32: 京城 | AH32: 宏璟 | AI32: 廣宇 | AJ32: 中鋼 | AK32: 基泰 | AL32: 廣宇 | AM32: 基泰 | AN32: 聚亨 | AO32: 燁輝 | AP32: 燁輝 | AQ32: 廣宇 | AR32: 廣宇 | AS32: 聚亨 | AT32: 寶成 | AU32: 廣宇 | AV32: 榮運 | AW32: 南紡 | AX32: 櫻花建 | AY32: 宏璟 | AZ32: 廣宇 | BA32: 廣宇 | BB32: 豐謙 | BC32: 豐謙 | BD32: 廣宇 | BE32: 豐謙 | BF32: 豐謙 | BG32: 豐謙 | BH32: 豐謙 | BI32: 光洋科 | BJ32: 廣宇 | BK32: 廣宇 | BL32: 聯上發 | BM32: 華祺 | BN32: 廣宇 | BO32: 光洋科 | BP32: 廣宇 | BQ32: 光洋科 | BR32: 立康 | BS32: 基泰 | BT32: 廣宇 | BU32: 廣宇 | BV32: 銘異 | BW32: 佳總 | BX32: 廣宇 | BY32: 啟碁 | BZ32: 國產 | CA32: 中華食 | CB32: 廣宇 | CC32: 廣宇 | CD32: 中華食 | CE32: 廣宇 | CF32: 北基 | CG32: 正文 | CH32: 國產 | CI32: 中華食 | CJ32: 來思達 | CK32: 來思達 | CL32: 中華食 | CM32: 廣宇 | CN32: 南良 | CO32: 廣宇 | CP32: 中華食 | CQ32: 上福 | CR32: 上福 | CS32: 上福 | CT32: 廣宇 | CU32: 霖宏 | CV32: 霖宏 | CW32: 霖宏 | CX32: 嘉晶 | CY32: 廣宇 | CZ32: 嘉晶 | DA32: 廣宇 | DB32: 廣宇 | DC32: 中華食 | DD32: 基泰 | DE32: 桂盟 | DF32: 廣宇 | DG32: 廣宇 | DH32: 廣宇 | DI32: 廣宇 | DJ32: 桂盟 | DK32: 廣宇 | DL32: 桂盟 | DM32: 廣宇 | DN32: 鉅橡 | DO32: 廣宇 | DP32: 久正 | DQ32: 久正 | DR32: 鉅橡 | DS32: 廣宇 | DT32: 至上 | DU32: 廣宇 | DV32: 精金 | DW32: 廣宇 | DX32: 統懋 | DY32: 廣宇 | DZ32: 廣宇 | EA32: 至上 | EB32: 至上 | EC32: 精金 | ED32: 中華食 | EE32: 廣宇 | EF32: 廣宇

Sheet 預測OLS勝率
A1: Predict
A4: 等分 | B4: 家數 | C4: 2014/01 | D4: 2014/02 | E4: 2014/03 | F4: 2014/04 | G4: 2014/05 | H4: 2014/06 | I4: 2014/07 | J4: 2014/08 | K4: 2014/09 | L4: 2014/10 | M4: 2014/11 | N4: 2014/12 | O4: 2015/01 | P4: 2015/02 | Q4: 2015/03 | R4: 2015/04 | S4: 2015/05 | T4: 2015/06 | U4: 2015/07 | V4: 2015/08 | W4: 2015/09 | X4: 2015/10 | Y4: 2015/11 | Z4: 2015/12 | AA4: 2016/01 | AB4: 2016/02 | AC4: 2016/03 | AD4: 2016/04 | AE4: 2016/05 | AF4: 2016/06 | AG4: 2016/07 | AH4: 2016/08 | AI4: 2016/09 | AJ4: 2016/10 | AK4: 2016/11 | AL4: 2016/12 | AM4: 2017/01 | AN4: 2017/02 | AO4: 2017/03 | AP4: 2017/04 | AQ4: 2017/05 | AR4: 2017/06 | AS4: 2017/07 | AT4: 2017/08 | AU4: 2017/09 | AV4: 2017/10 | AW4: 2017/11 | AX4: 2017/12 | AY4: 2018/01 | AZ4: 2018/02 | BA4: 2018/03 | BB4: 2018/04 | BC4: 2018/05 | BD4: 2018/06 | BE4: 2018/07 | BF4: 2018/08 | BG4: 2018/09 | BH4: 2018/10 | BI4: 2018/11 | BJ4: 2018/12 | BK4: 2019/01 | BL4: 2019/02 | BM4: 2019/03 | BN4: 2019/04 | BO4: 2019/05 | BP4: 2019/06 | BQ4: 2019/07 | BR4: 2019/08 | BS4: 2019/09 | BT4: 2019/10 | BU4: 2019/11 | BV4: 2019/12 | BW4: 2020/01 | BX4: 2020/02 | BY4: 2020/03 | BZ4: 2020/04 | CA4: 2020/05 | CB4: 2020/06 | CC4: 2020/07 | CD4: 2020/08 | CE4: 2020/09 | CF4: 2020/10 | CG4: 2020/11 | CH4: 2020/12 | CI4: 2021/01 | CJ4: 2021/02 | CK4: 2021/03 | CL4: 2021/04 | CM4: 2021/05 | CN4: 2021/06 | CO4: 2021/07 | CP4: 2021/08 | CQ4: 2021/09 | CR4: 2021/10 | CS4: 2021/11 | CT4: 2021/12 | CU4: 2022/01 | CV4: 2022/02 | CW4: 2022/03 | CX4: 2022/04 | CY4: 2022/05 | CZ4: 2022/06 | DA4: 2022/07 | DB4: 2022/08 | DC4: 2022/09 | DD4: 2022/10 | DE4: 2022/11 | DF4: 2022/12 | DG4: 2023/01 | DH4: 2023/02 | DI4: 2023/03 | DJ4: 2023/04 | DK4: 2023/05 | DL4: 2023/06 | DM4: 2023/07 | DN4: 2023/08 | DO4: 2023/09 | DP4: 2023/10 | DQ4: 2023/11 | DR4: 2023/12 | DS4: 2024/01 | DT4: 2024/02 | DU4: 2024/03 | DV4: 2024/04 | DW4: 2024/05 | DX4: 2024/06 | DY4: 2024/07 | DZ4: 2024/08 | EA4: 2024/09 | EB4: 2024/10 | EC4: 2024/11 | ED4: 2024/12 | EE4: 2025/01 | EF4: 2025/02 | EG4: SUM | EH4: 勝率
A5: 10 | B5: 96 | C5: =IF(預測IC!C14>預測IC!C$27,1,0) -> 1 | D5: =IF(預測IC!D14>預測IC!D$27,1,0) -> 0 | E5: =IF(預測IC!E14>預測IC!E$27,1,0) -> 0 | F5: =IF(預測IC!F14>預測IC!F$27,1,0) -> 0 | G5: =IF(預測IC!G14>預測IC!G$27,1,0) -> 0 | H5: =IF(預測IC!H14>預測IC!H$27,1,0) -> 0 | I5: =IF(預測IC!I14>預測IC!I$27,1,0) -> 0 | J5: =IF(預測IC!J14>預測IC!J$27,1,0) -> 0 | ... EF5: =IF(預測IC!EF14>預測IC!EF$27,1,0) -> 0 | EG5: =SUM(C5:EF5) -> 54 | EH5: =SUM(C5:EF5)/134 -> 0.40298507
A6: 20 | B6: 48 | C6: =IF(預測IC!C15>預測IC!C$27,1,0) -> 1 | D6: =IF(預測IC!D15>預測IC!D$27,1,0) -> 0 | E6: =IF(預測IC!E15>預測IC!E$27,1,0) -> 0 | F6: =IF(預測IC!F15>預測IC!F$27,1,0) -> 0 | G6: =IF(預測IC!G15>預測IC!G$27,1,0) -> 0 | H6: =IF(預測IC!H15>預測IC!H$27,1,0) -> 0 | I6: =IF(預測IC!I15>預測IC!I$27,1,0) -> 1 | J6: =IF(預測IC!J15>預測IC!J$27,1,0) -> 1 | ... EF6: =IF(預測IC!EF15>預測IC!EF$27,1,0) -> 0 | EG6: =SUM(C6:EF6) -> 59 | EH6: =SUM(C6:EF6)/134 -> 0.44029851
A7: 50 | B7: 19 | C7: =IF(預測IC!C16>預測IC!C$27,1,0) -> 0 | D7: =IF(預測IC!D16>預測IC!D$27,1,0) -> 1 | E7: =IF(預測IC!E16>預測IC!E$27,1,0) -> 0 | F7: =IF(預測IC!F16>預測IC!F$27,1,0) -> 1 | G7: =IF(預測IC!G16>預測IC!G$27,1,0) -> 0 | H7: =IF(預測IC!H16>預測IC!H$27,1,0) -> 0 | I7: =IF(預測IC!I16>預測IC!I$27,1,0) -> 1 | J7: =IF(預測IC!J16>預測IC!J$27,1,0) -> 1 | ... EF7: =IF(預測IC!EF16>預測IC!EF$27,1,0) -> 0 | EG7: =SUM(C7:EF7) -> 64 | EH7: =SUM(C7:EF7)/134 -> 0.47761194
A8: 100 | B8: 10 | C8: =IF(預測IC!C17>預測IC!C$27,1,0) -> 0 | D8: =IF(預測IC!D17>預測IC!D$27,1,0) -> 1 | E8: =IF(預測IC!E17>預測IC!E$27,1,0) -> 0 | F8: =IF(預測IC!F17>預測IC!F$27,1,0) -> 1 | G8: =IF(預測IC!G17>預測IC!G$27,1,0) -> 0 | H8: =IF(預測IC!H17>預測IC!H$27,1,0) -> 0 | I8: =IF(預測IC!I17>預測IC!I$27,1,0) -> 1 | J8: =IF(預測IC!J17>預測IC!J$27,1,0) -> 1 | ... EF8: =IF(預測IC!EF17>預測IC!EF$27,1,0) -> 0 | EG8: =SUM(C8:EF8) -> 69 | EH8: =SUM(C8:EF8)/134 -> 0.51492537
A9: 107 | B9: 9 | C9: =IF(預測IC!C18>預測IC!C$27,1,0) -> 0 | D9: =IF(預測IC!D18>預測IC!D$27,1,0) -> 1 | E9: =IF(預測IC!E18>預測IC!E$27,1,0) -> 0 | F9: =IF(預測IC!F18>預測IC!F$27,1,0) -> 1 | G9: =IF(預測IC!G18>預測IC!G$27,1,0) -> 0 | H9: =IF(預測IC!H18>預測IC!H$27,1,0) -> 0 | I9: =IF(預測IC!I18>預測IC!I$27,1,0) -> 1 | J9: =IF(預測IC!J18>預測IC!J$27,1,0) -> 1 | ... EF9: =IF(預測IC!EF18>預測IC!EF$27,1,0) -> 0 | EG9: =SUM(C9:EF9) -> 73 | EH9: =SUM(C9:EF9)/134 -> 0.54477612
A10: 120 | B10: 8 | C10: =IF(預測IC!C19>預測IC!C$27,1,0) -> 0 | D10: =IF(預測IC!D19>預測IC!D$27,1,0) -> 1 | E10: =IF(預測IC!E19>預測IC!E$27,1,0) -> 0 | F10: =IF(預測IC!F19>預測IC!F$27,1,0) -> 1 | G10: =IF(預測IC!G19>預測IC!G$27,1,0) -> 0 | H10: =IF(預測IC!H19>預測IC!H$27,1,0) -> 0 | I10: =IF(預測IC!I19>預測IC!I$27,1,0) -> 1 | J10: =IF(預測IC!J19>預測IC!J$27,1,0) -> 1 | ... EF10: =IF(預測IC!EF19>預測IC!EF$27,1,0) -> 0 | EG10: =SUM(C10:EF10) -> 72 | EH10: =SUM(C10:EF10)/134 -> 0.53731343
A11: 137 | B11: 7 | C11: =IF(預測IC!C20>預測IC!C$27,1,0) -> 0 | D11: =IF(預測IC!D20>預測IC!D$27,1,0) -> 1 | E11: =IF(預測IC!E20>預測IC!E$27,1,0) -> 0 | F11: =IF(預測IC!F20>預測IC!F$27,1,0) -> 1 | G11: =IF(預測IC!G20>預測IC!G$27,1,0) -> 0 | H11: =IF(預測IC!H20>預測IC!H$27,1,0) -> 0 | I11: =IF(預測IC!I20>預測IC!I$27,1,0) -> 1 | J11: =IF(預測IC!J20>預測IC!J$27,1,0) -> 1 | ... EF11: =IF(預測IC!EF20>預測IC!EF$27,1,0) -> 0 | EG11: =SUM(C11:EF11) -> 70 | EH11: =SUM(C11:EF11)/134 -> 0.52238806
A12: 160 | B12: 6 | C12: =IF(預測IC!C21>預測IC!C$27,1,0) -> 0 | D12: =IF(預測IC!D21>預測IC!D$27,1,0) -> 1 | E12: =IF(預測IC!E21>預測IC!E$27,1,0) -> 0 | F12: =IF(預測IC!F21>預測IC!F$27,1,0) -> 1 | G12: =IF(預測IC!G21>預測IC!G$27,1,0) -> 0 | H12: =IF(預測IC!H21>預測IC!H$27,1,0) -> 0 | I12: =IF(預測IC!I21>預測IC!I$27,1,0) -> 1 | J12: =IF(預測IC!J21>預測IC!J$27,1,0) -> 1 | ... EF12: =IF(預測IC!EF21>預測IC!EF$27,1,0) -> 0 | EG12: =SUM(C12:EF12) -> 70 | EH12: =SUM(C12:EF12)/134 -> 0.52238806
A13: 192 | B13: 5 | C13: =IF(預測IC!C22>預測IC!C$27,1,0) -> 1 | D13: =IF(預測IC!D22>預測IC!D$27,1,0) -> 1 | E13: =IF(預測IC!E22>預測IC!E$27,1,0) -> 0 | F13: =IF(預測IC!F22>預測IC!F$27,1,0) -> 1 | G13: =IF(預測IC!G22>預測IC!G$27,1,0) -> 0 | H13: =IF(預測IC!H22>預測IC!H$27,1,0) -> 0 | I13: =IF(預測IC!I22>預測IC!I$27,1,0) -> 1 | J13: =IF(預測IC!J22>預測IC!J$27,1,0) -> 1 | ... EF13: =IF(預測IC!EF22>預測IC!EF$27,1,0) -> 0 | EG13: =SUM(C13:EF13) -> 68 | EH13: =SUM(C13:EF13)/134 -> 0.50746269
A14: 241 | B14: 4 | C14: =IF(預測IC!C23>預測IC!C$27,1,0) -> 1 | D14: =IF(預測IC!D23>預測IC!D$27,1,0) -> 1 | E14: =IF(預測IC!E23>預測IC!E$27,1,0) -> 0 | F14: =IF(預測IC!F23>預測IC!F$27,1,0) -> 1 | G14: =IF(預測IC!G23>預測IC!G$27,1,0) -> 0 | H14: =IF(預測IC!H23>預測IC!H$27,1,0) -> 0 | I14: =IF(預測IC!I23>預測IC!I$27,1,0) -> 1 | J14: =IF(預測IC!J23>預測IC!J$27,1,0) -> 1 | ... EF14: =IF(預測IC!EF23>預測IC!EF$27,1,0) -> 0 | EG14: =SUM(C14:EF14) -> 66 | EH14: =SUM(C14:EF14)/134 -> 0.49253731
A15: 321 | B15: 3 | C15: =IF(預測IC!C24>預測IC!C$27,1,0) -> 1 | D15: =IF(預測IC!D24>預測IC!D$27,1,0) -> 1 | E15: =IF(預測IC!E24>預測IC!E$27,1,0) -> 0 | F15: =IF(預測IC!F24>預測IC!F$27,1,0) -> 1 | G15: =IF(預測IC!G24>預測IC!G$27,1,0) -> 0 | H15: =IF(預測IC!H24>預測IC!H$27,1,0) -> 0 | I15: =IF(預測IC!I24>預測IC!I$27,1,0) -> 1 | J15: =IF(預測IC!J24>預測IC!J$27,1,0) -> 1 | ... EF15: =IF(預測IC!EF24>預測IC!EF$27,1,0) -> 0 | EG15: =SUM(C15:EF15) -> 68 | EH15: =SUM(C15:EF15)/134 -> 0.50746269
A16: 482 | B16: 2 | C16: =IF(預測IC!C25>預測IC!C$27,1,0) -> 1 | D16: =IF(預測IC!D25>預測IC!D$27,1,0) -> 0 | E16: =IF(預測IC!E25>預測IC!E$27,1,0) -> 0 | F16: =IF(預測IC!F25>預測IC!F$27,1,0) -> 0 | G16: =IF(預測IC!G25>預測IC!G$27,1,0) -> 0 | H16: =IF(預測IC!H25>預測IC!H$27,1,0) -> 0 | I16: =IF(預測IC!I25>預測IC!I$27,1,0) -> 1 | J16: =IF(預測IC!J25>預測IC!J$27,1,0) -> 1 | ... EF16: =IF(預測IC!EF25>預測IC!EF$27,1,0) -> 0 | EG16: =SUM(C16:EF16) -> 66 | EH16: =SUM(C16:EF16)/134 -> 0.49253731
A17: 964 | B17: 1 | C17: =IF(預測IC!C26>預測IC!C$27,1,0) -> 1 | D17: =IF(預測IC!D26>預測IC!D$27,1,0) -> 0 | E17: =IF(預測IC!E26>預測IC!E$27,1,0) -> 1 | F17: =IF(預測IC!F26>預測IC!F$27,1,0) -> 0 | G17: =IF(預測IC!G26>預測IC!G$27,1,0) -> 0 | H17: =IF(預測IC!H26>預測IC!H$27,1,0) -> 0 | I17: =IF(預測IC!I26>預測IC!I$27,1,0) -> 1 | J17: =IF(預測IC!J26>預測IC!J$27,1,0) -> 0 | ... EF17: =IF(預測IC!EF26>預測IC!EF$27,1,0) -> 0 | EG17: =SUM(C17:EF17) -> 62 | EH17: =SUM(C17:EF17)/134 -> 0.46268657
A18: 大盤 | B18: TWⅡ | C18: -0.017446771 | D18: 0.020701061 | E18: 0.023982129 | F18: -0.006557579 | G18: 0.03184513 | H18: 0.034348533 | I18: -0.0082549328 | J18: 0.012843524 | K18: -0.051018525 | L18: 0.00087394274 | M18: 0.023389576 | N18: 0.012988972 | O18: 0.0058545887 | P18: 0.027413207 | Q18: -0.0037129361 | R18: 0.024076614 | S18: -0.012190025 | T18: -0.039749578 | U18: -0.07315545 | V18: -0.05826023 | W18: 0.00077279757 | X18: 0.044591521 | Y18: -0.02769968 | Z18: 0.0020950059 | AA18: -0.023400551 | AB18: 0.032129371 | AC18: 0.038903273 | AD18: -0.042865382 | AE18: 0.018647195 | AF18: 0.015229768 | AG18: 0.036016604 | AH18: 0.0093546114 | AI18: 0.010748251 | AJ18: 0.013357754 | AK18: -0.0053327473 | AL18: 0.0013831358 | AM18: 0.020795928 | AN18: 0.031517702 | AO18: 0.0062417165 | AP18: 0.0061452617 | AQ18: 0.016946358 | AR18: 0.03468283 | AS18: 0.0030985886 | AT18: 0.015081347 | AU18: -0.019251209 | AV18: 0.038711513 | AW18: -0.021856951 | AX18: 0.0077743007 | AY18: 0.042397247 | AZ18: -0.026308975 | BA18: 0.0095717493 | BB18: -0.024249741 | BC18: 0.020163374 | BD18: -0.0035049988 | BE18: 0.020151935 | BF18: 0.00058133623 | BG18: -0.005219701 | BH18: -0.11587176 | BI18: 0.0087252257 | BJ18: -0.016377261 | BK18: 0.020840372 | BL18: 0.044975872 | BM18: 0.023954306 | BN18: 0.030239101 | BO18: -0.043725888 | BP18: 0.02188947 | BQ18: 0.0086274303 | BR18: -0.019192954 | BS18: 0.01973513 | BT18: 0.047694337 | BU18: 0.011454817 | BV18: 0.043228621 | BW18: -0.04274743 | BX18: -0.017811292 | BY18: -0.1511531 | BZ18: 0.124224 | CA18: -0.0045572538 | CB18: 0.06021124 | CC18: 0.085992033 | CD18: -0.0058084796 | CE18: -0.006041347 | CF18: 0.0024523244 | CG18: 0.089636252 | CH18: 0.070992733 | CI18: 0.027170643 | CJ18: 0.052468428 | CK18: 0.029480661 | CL18: 0.066825081 | CM18: -0.028772229 | CN18: 0.039462516 | CO18: -0.029031087 | CP18: 0.013983883 | CQ18: -0.032276965 | CR18: 0.0031035766 | CS18: 0.025591856 | CT18: 0.044391886 | CU18: -0.030338959 | CV18: -0.0012579765 | CW18: 0.0023363565 | CX18: -0.064264145 | CY18: 0.012909779 | CZ18: -0.12547709 | DA18: 0.011690683 | DB18: 0.0063378437 | DC18: -0.11730536 | DD18: -0.036010872 | DE18: 0.1389113 | DF18: -0.051143506 | DG18: 0.076731447 | DH18: 0.015508782 | DI18: 0.023223774 | DJ18: -0.018372876 | DK18: 0.062199014 | DL18: 0.020098304 | DM18: 0.01349894 | DN18: -0.030252213 | DO18: -0.017022836 | DP18: -0.021788523 | DQ18: 0.085745625 | DR18: 0.028106744 | DS18: -0.0023031598 | DT18: 0.058471198 | DU18: 0.067658949 | DV18: 0.0050207706 | DW18: 0.037416184 | DX18: 0.084111004 | DY18: -0.036832399 | DZ18: 0.0030917028 | EA18: -0.0019576282 | EB18: 0.026459104 | EC18: -0.024752539 | ED18: 0.034115491 | EE18: 0.021061974 | EF18: -0.020277393

Sheet 真實OLS勝率
A1: Real
A4: 等分 | B4: 家數 | C4: 2014/01 | D4: 2014/02 | E4: 2014/03 | F4: 2014/04 | G4: 2014/05 | H4: 2014/06 | I4: 2014/07 | J4: 2014/08 | K4: 2014/09 | L4: 2014/10 | M4: 2014/11 | N4: 2014/12 | O4: 2015/01 | P4: 2015/02 | Q4: 2015/03 | R4: 2015/04 | S4: 2015/05 | T4: 2015/06 | U4: 2015/07 | V4: 2015/08 | W4: 2015/09 | X4: 2015/10 | Y4: 2015/11 | Z4: 2015/12 | AA4: 2016/01 | AB4: 2016/02 | AC4: 2016/03 | AD4: 2016/04 | AE4: 2016/05 | AF4: 2016/06 | AG4: 2016/07 | AH4: 2016/08 | AI4: 2016/09 | AJ4: 2016/10 | AK4: 2016/11 | AL4: 2016/12 | AM4: 2017/01 | AN4: 2017/02 | AO4: 2017/03 | AP4: 2017/04 | AQ4: 2017/05 | AR4: 2017/06 | AS4: 2017/07 | AT4: 2017/08 | AU4: 2017/09 | AV4: 2017/10 | AW4: 2017/11 | AX4: 2017/12 | AY4: 2018/01 | AZ4: 2018/02 | BA4: 2018/03 | BB4: 2018/04 | BC4: 2018/05 | BD4: 2018/06 | BE4: 2018/07 | BF4: 2018/08 | BG4: 2018/09 | BH4: 2018/10 | BI4: 2018/11 | BJ4: 2018/12 | BK4: 2019/01 | BL4: 2019/02 | BM4: 2019/03 | BN4: 2019/04 | BO4: 2019/05 | BP4: 2019/06 | BQ4: 2019/07 | BR4: 2019/08 | BS4: 2019/09 | BT4: 2019/10 | BU4: 2019/11 | BV4: 2019/12 | BW4: 2020/01 | BX4: 2020/02 | BY4: 2020/03 | BZ4: 2020/04 | CA4: 2020/05 | CB4: 2020/06 | CC4: 2020/07 | CD4: 2020/08 | CE4: 2020/09 | CF4: 2020/10 | CG4: 2020/11 | CH4: 2020/12 | CI4: 2021/01 | CJ4: 2021/02 | CK4: 2021/03 | CL4: 2021/04 | CM4: 2021/05 | CN4: 2021/06 | CO4: 2021/07 | CP4: 2021/08 | CQ4: 2021/09 | CR4: 2021/10 | CS4: 2021/11 | CT4: 2021/12 | CU4: 2022/01 | CV4: 2022/02 | CW4: 2022/03 | CX4: 2022/04 | CY4: 2022/05 | CZ4: 2022/06 | DA4: 2022/07 | DB4: 2022/08 | DC4: 2022/09 | DD4: 2022/10 | DE4: 2022/11 | DF4: 2022/12 | DG4: 2023/01 | DH4: 2023/02 | DI4: 2023/03 | DJ4: 2023/04 | DK4: 2023/05 | DL4: 2023/06 | DM4: 2023/07 | DN4: 2023/08 | DO4: 2023/09 | DP4: 2023/10 | DQ4: 2023/11 | DR4: 2023/12 | DS4: 2024/01 | DT4: 2024/02 | DU4: 2024/03 | DV4: 2024/04 | DW4: 2024/05 | DX4: 2024/06 | DY4: 2024/07 | DZ4: 2024/08 | EA4: 2024/09 | EB4: 2024/10 | EC4: 2024/11 | ED4: 2024/12 | EE4: 2025/01 | EF4: 2025/02 | EG4: SUM | EH4: 勝率
A5: 10 | B5: 96 | C5: =IF(真實IC!C14>真實IC!C$27,1,0) -> 1 | D5: =IF(真實IC!D14>真實IC!D$27,1,0) -> 0 | E5: =IF(真實IC!E14>真實IC!E$27,1,0) -> 0 | F5: =IF(真實IC!F14>真實IC!F$27,1,0) -> 0 | G5: =IF(真實IC!G14>真實IC!G$27,1,0) -> 1 | H5: =IF(真實IC!H14>真實IC!H$27,1,0) -> 0 | I5: =IF(真實IC!I14>真實IC!I$27,1,0) -> 1 | J5: =IF(真實IC!J14>真實IC!J$27,1,0) -> 1 | ... EF5: =IF(真實IC!EF14>真實IC!EF$27,1,0) -> 0 | EG5: =SUM(C5:EF5) -> 88 | EH5: =SUM(C5:EF5)/134 -> 0.65671642
A6: 20 | B6: 48 | C6: =IF(真實IC!C15>真實IC!C$27,1,0) -> 1 | D6: =IF(真實IC!D15>真實IC!D$27,1,0) -> 0 | E6: =IF(真實IC!E15>真實IC!E$27,1,0) -> 0 | F6: =IF(真實IC!F15>真實IC!F$27,1,0) -> 0 | G6: =IF(真實IC!G15>真實IC!G$27,1,0) -> 0 | H6: =IF(真實IC!H15>真實IC!H$27,1,0) -> 0 | I6: =IF(真實IC!I15>真實IC!I$27,1,0) -> 1 | J6: =IF(真實IC!J15>真實IC!J$27,1,0) -> 1 | ... EF6: =IF(真實IC!EF15>真實IC!EF$27,1,0) -> 0 | EG6: =SUM(C6:EF6) -> 89 | EH6: =SUM(C6:EF6)/134 -> 0.6641791
A7: 50 | B7: 19 | C7: =IF(真實IC!C16>真實IC!C$27,1,0) -> 0 | D7: =IF(真實IC!D16>真實IC!D$27,1,0) -> 1 | E7: =IF(真實IC!E16>真實IC!E$27,1,0) -> 1 | F7: =IF(真實IC!F16>真實IC!F$27,1,0) -> 0 | G7: =IF(真實IC!G16>真實IC!G$27,1,0) -> 0 | H7: =IF(真實IC!H16>真實IC!H$27,1,0) -> 0 | I7: =IF(真實IC!I16>真實IC!I$27,1,0) -> 1 | J7: =IF(真實IC!J16>真實IC!J$27,1,0) -> 1 | ... EF7: =IF(真實IC!EF16>真實IC!EF$27,1,0) -> 0 | EG7: =SUM(C7:EF7) -> 90 | EH7: =SUM(C7:EF7)/134 -> 0.67164179
A8: 100 | B8: 10 | C8: =IF(真實IC!C17>真實IC!C$27,1,0) -> 0 | D8: =IF(真實IC!D17>真實IC!D$27,1,0) -> 1 | E8: =IF(真實IC!E17>真實IC!E$27,1,0) -> 1 | F8: =IF(真實IC!F17>真實IC!F$27,1,0) -> 1 | G8: =IF(真實IC!G17>真實IC!G$27,1,0) -> 1 | H8: =IF(真實IC!H17>真實IC!H$27,1,0) -> 0 | I8: =IF(真實IC!I17>真實IC!I$27,1,0) -> 1 | J8: =IF(真實IC!J17>真實IC!J$27,1,0) -> 1 | ... EF8: =IF(真實IC!EF17>真實IC!EF$27,1,0) -> 0 | EG8: =SUM(C8:EF8) -> 90 | EH8: =SUM(C8:EF8)/134 -> 0.67164179
A9: 107 | B9: 9 | C9: =IF(真實IC!C18>真實IC!C$27,1,0) -> 0 | D9: =IF(真實IC!D18>真實IC!D$27,1,0) -> 1 | E9: =IF(真實IC!E18>真實IC!E$27,1,0) -> 1 | F9: =IF(真實IC!F18>真實IC!F$27,1,0) -> 1 | G9: =IF(真實IC!G18>真實IC!G$27,1,0) -> 1 | H9: =IF(真實IC!H18>真實IC!H$27,1,0) -> 0 | I9: =IF(真實IC!I18>真實IC!I$27,1,0) -> 1 | J9: =IF(真實IC!J18>真實IC!J$27,1,0) -> 1 | ... EF9: =IF(真實IC!EF18>真實IC!EF$27,1,0) -> 0 | EG9: =SUM(C9:EF9) -> 94 | EH9: =SUM(C9:EF9)/134 -> 0.70149254
A10: 120 | B10: 8 | C10: =IF(真實IC!C19>真實IC!C$27,1,0) -> 0 | D10: =IF(真實IC!D19>真實IC!D$27,1,0) -> 1 | E10: =IF(真實IC!E19>真實IC!E$27,1,0) -> 1 | F10: =IF(真實IC!F19>真實IC!F$27,1,0) -> 1 | G10: =IF(真實IC!G19>真實IC!G$27,1,0) -> 1 | H10: =IF(真實IC!H19>真實IC!H$27,1,0) -> 0 | I10: =IF(真實IC!I19>真實IC!I$27,1,0) -> 1 | J10: =IF(真實IC!J19>真實IC!J$27,1,0) -> 1 | ... EF10: =IF(真實IC!EF19>真實IC!EF$27,1,0) -> 0 | EG10: =SUM(C10:EF10) -> 99 | EH10: =SUM(C10:EF10)/134 -> 0.73880597
A11: 137 | B11: 7 | C11: =IF(真實IC!C20>真實IC!C$27,1,0) -> 0 | D11: =IF(真實IC!D20>真實IC!D$27,1,0) -> 1 | E11: =IF(真實IC!E20>真實IC!E$27,1,0) -> 1 | F11: =IF(真實IC!F20>真實IC!F$27,1,0) -> 1 | G11: =IF(真實IC!G20>真實IC!G$27,1,0) -> 1 | H11: =IF(真實IC!H20>真實IC!H$27,1,0) -> 0 | I11: =IF(真實IC!I20>真實IC!I$27,1,0) -> 1 | J11: =IF(真實IC!J20>真實IC!J$27,1,0) -> 0 | ... EF11: =IF(真實IC!EF20>真實IC!EF$27,1,0) -> 0 | EG11: =SUM(C11:EF11) -> 97 | EH11: =SUM(C11:EF11)/134 -> 0.7238806
A12: 160 | B12: 6 | C12: =IF(真實IC!C21>真實IC!C$27,1,0) -> 0 | D12: =IF(真實IC!D21>真實IC!D$27,1,0) -> 1 | E12: =IF(真實IC!E21>真實IC!E$27,1,0) -> 1 | F12: =IF(真實IC!F21>真實IC!F$27,1,0) -> 1 | G12: =IF(真實IC!G21>真實IC!G$27,1,0) -> 1 | H12: =IF(真實IC!H21>真實IC!H$27,1,0) -> 0 | I12: =IF(真實IC!I21>真實IC!I$27,1,0) -> 1 | J12: =IF(真實IC!J21>真實IC!J$27,1,0) -> 0 | ... EF12: =IF(真實IC!EF21>真實IC!EF$27,1,0) -> 0 | EG12: =SUM(C12:EF12) -> 92 | EH12: =SUM(C12:EF12)/134 -> 0.68656716
A13: 192 | B13: 5 | C13: =IF(真實IC!C22>真實IC!C$27,1,0) -> 1 | D13: =IF(真實IC!D22>真實IC!D$27,1,0) -> 1 | E13: =IF(真實IC!E22>真實IC!E$27,1,0) -> 1 | F13: =IF(真實IC!F22>真實IC!F$27,1,0) -> 1 | G13: =IF(真實IC!G22>真實IC!G$27,1,0) -> 1 | H13: =IF(真實IC!H22>真實IC!H$27,1,0) -> 0 | I13: =IF(真實IC!I22>真實IC!I$27,1,0) -> 1 | J13: =IF(真實IC!J22>真實IC!J$27,1,0) -> 0 | ... EF13: =IF(真實IC!EF22>真實IC!EF$27,1,0) -> 0 | EG13: =SUM(C13:EF13) -> 91 | EH13: =SUM(C13:EF13)/134 -> 0.67910448
A14: 241 | B14: 4 | C14: =IF(真實IC!C23>真實IC!C$27,1,0) -> 1 | D14: =IF(真實IC!D23>真實IC!D$27,1,0) -> 1 | E14: =IF(真實IC!E23>真實IC!E$27,1,0) -> 1 | F14: =IF(真實IC!F23>真實IC!F$27,1,0) -> 1 | G14: =IF(真實IC!G23>真實IC!G$27,1,0) -> 1 | H14: =IF(真實IC!H23>真實IC!H$27,1,0) -> 1 | I14: =IF(真實IC!I23>真實IC!I$27,1,0) -> 1 | J14: =IF(真實IC!J23>真實IC!J$27,1,0) -> 0 | ... EF14: =IF(真實IC!EF23>真實IC!EF$27,1,0) -> 0 | EG14: =SUM(C14:EF14) -> 93 | EH14: =SUM(C14:EF14)/134 -> 0.69402985
A15: 321 | B15: 3 | C15: =IF(真實IC!C24>真實IC!C$27,1,0) -> 1 | D15: =IF(真實IC!D24>真實IC!D$27,1,0) -> 1 | E15: =IF(真實IC!E24>真實IC!E$27,1,0) -> 0 | F15: =IF(真實IC!F24>真實IC!F$27,1,0) -> 1 | G15: =IF(真實IC!G24>真實IC!G$27,1,0) -> 1 | H15: =IF(真實IC!H24>真實IC!H$27,1,0) -> 1 | I15: =IF(真實IC!I24>真實IC!I$27,1,0) -> 1 | J15: =IF(真實IC!J24>真實IC!J$27,1,0) -> 0 | ... EF15: =IF(真實IC!EF24>真實IC!EF$27,1,0) -> 0 | EG15: =SUM(C15:EF15) -> 94 | EH15: =SUM(C15:EF15)/134 -> 0.70149254
A16: 482 | B16: 2 | C16: =IF(真實IC!C25>真實IC!C$27,1,0) -> 1 | D16: =IF(真實IC!D25>真實IC!D$27,1,0) -> 0 | E16: =IF(真實IC!E25>真實IC!E$27,1,0) -> 0 | F16: =IF(真實IC!F25>真實IC!F$27,1,0) -> 1 | G16: =IF(真實IC!G25>真實IC!G$27,1,0) -> 1 | H16: =IF(真實IC!H25>真實IC!H$27,1,0) -> 1 | I16: =IF(真實IC!I25>真實IC!I$27,1,0) -> 1 | J16: =IF(真實IC!J25>真實IC!J$27,1,0) -> 1 | ... EF16: =IF(真實IC!EF25>真實IC!EF$27,1,0) -> 0 | EG16: =SUM(C16:EF16) -> 89 | EH16: =SUM(C16:EF16)/134 -> 0.6641791
A17: 964 | B17: 1 | C17: =IF(真實IC!C26>真實IC!C$27,1,0) -> 1 | D17: =IF(真實IC!D26>真實IC!D$27,1,0) -> 0 | E17: =IF(真實IC!E26>真實IC!E$27,1,0) -> 0 | F17: =IF(真實IC!F26>真實IC!F$27,1,0) -> 1 | G17: =IF(真實IC!G26>真實IC!G$27,1,0) -> 0 | H17: =IF(真實IC!H26>真實IC!H$27,1,0) -> 1 | I17: =IF(真實IC!I26>真實IC!I$27,1,0) -> 1 | J17: =IF(真實IC!J26>真實IC!J$27,1,0) -> 0 | ... EF17: =IF(真實IC!EF26>真實IC!EF$27,1,0) -> 0 | EG17: =SUM(C17:EF17) -> 77 | EH17: =SUM(C17:EF17)/134 -> 0.57462687
A18: 大盤 | B18: TWⅡ | C18: -0.017446771 | D18: 0.020701061 | E18: 0.023982129 | F18: -0.006557579 | G18: 0.03184513 | H18: 0.034348533 | I18: -0.0082549328 | J18: 0.012843524 | K18: -0.051018525 | L18: 0.00087394274 | M18: 0.023389576 | N18: 0.012988972 | O18: 0.0058545887 | P18: 0.027413207 | Q18: -0.0037129361 | R18: 0.024076614 | S18: -0.012190025 | T18: -0.039749578 | U18: -0.07315545 | V18: -0.05826023 | W18: 0.00077279757 | X18: 0.044591521 | Y18: -0.02769968 | Z18: 0.0020950059 | AA18: -0.023400551 | AB18: 0.032129371 | AC18: 0.038903273 | AD18: -0.042865382 | AE18: 0.018647195 | AF18: 0.015229768 | AG18: 0.036016604 | AH18: 0.0093546114 | AI18: 0.010748251 | AJ18: 0.013357754 | AK18: -0.0053327473 | AL18: 0.0013831358 | AM18: 0.020795928 | AN18: 0.031517702 | AO18: 0.0062417165 | AP18: 0.0061452617 | AQ18: 0.016946358 | AR18: 0.03468283 | AS18: 0.0030985886 | AT18: 0.015081347 | AU18: -0.019251209 | AV18: 0.038711513 | AW18: -0.021856951 | AX18: 0.0077743007 | AY18: 0.042397247 | AZ18: -0.026308975 | BA18: 0.0095717493 | BB18: -0.024249741 | BC18: 0.020163374 | BD18: -0.0035049988 | BE18: 0.020151935 | BF18: 0.00058133623 | BG18: -0.005219701 | BH18: -0.11587176 | BI18: 0.0087252257 | BJ18: -0.016377261 | BK18: 0.020840372 | BL18: 0.044975872 | BM18: 0.023954306 | BN18: 0.030239101 | BO18: -0.043725888 | BP18: 0.02188947 | BQ18: 0.0086274303 | BR18: -0.019192954 | BS18: 0.01973513 | BT18: 0.047694337 | BU18: 0.011454817 | BV18: 0.043228621 | BW18: -0.04274743 | BX18: -0.017811292 | BY18: -0.1511531 | BZ18: 0.124224 | CA18: -0.0045572538 | CB18: 0.06021124 | CC18: 0.085992033 | CD18: -0.0058084796 | CE18: -0.006041347 | CF18: 0.0024523244 | CG18: 0.089636252 | CH18: 0.070992733 | CI18: 0.027170643 | CJ18: 0.052468428 | CK18: 0.029480661 | CL18: 0.066825081 | CM18: -0.028772229 | CN18: 0.039462516 | CO18: -0.029031087 | CP18: 0.013983883 | CQ18: -0.032276965 | CR18: 0.0031035766 | CS18: 0.025591856 | CT18: 0.044391886 | CU18: -0.030338959 | CV18: -0.0012579765 | CW18: 0.0023363565 | CX18: -0.064264145 | CY18: 0.012909779 | CZ18: -0.12547709 | DA18: 0.011690683 | DB18: 0.0063378437 | DC18: -0.11730536 | DD18: -0.036010872 | DE18: 0.1389113 | DF18: -0.051143506 | DG18: 0.076731447 | DH18: 0.015508782 | DI18: 0.023223774 | DJ18: -0.018372876 | DK18: 0.062199014 | DL18: 0.020098304 | DM18: 0.01349894 | DN18: -0.030252213 | DO18: -0.017022836 | DP18: -0.021788523 | DQ18: 0.085745625 | DR18: 0.028106744 | DS18: -0.0023031598 | DT18: 0.058471198 | DU18: 0.067658949 | DV18: 0.0050207706 | DW18: 0.037416184 | DX18: 0.084111004 | DY18: -0.036832399 | DZ18: 0.0030917028 | EA18: -0.0019576282 | EB18: 0.026459104 | EC18: -0.024752539 | ED18: 0.034115491 | EE18: 0.021061974 | EF18: -0.020277393

Sheet 預測OLS累積報酬
A9: 投資組合 | C9: 公司數 | D9: 964
A10: 時間 | B10: 2014/01 | C10: 2014/02 | D10: 2014/03 | E10: 2014/04 | F10: 2014/05 | G10: 2014/06 | H10: 2014/07 | I10: 2014/08 | J10: 2014/09 | K10: 2014/10 | L10: 2014/11 | M10: 2014/12 | N10: 2015/01 | O10: 2015/02 | P10: 2015/03 | Q10: 2015/04 | R10: 2015/05 | S10: 2015/06 | T10: 2015/07 | U10: 2015/08 | V10: 2015/09 | W10: 2015/10 | X10: 2015/11 | Y10: 2015/12 | Z10: 2016/01 | AA10: 2016/02 | AB10: 2016/03 | AC10: 2016/04 | AD10: 2016/05 | AE10: 2016/06 | AF10: 2016/07 | AG10: 2016/08 | AH10: 2016/09 | AI10: 2016/10 | AJ10: 2016/11 | AK10: 2016/12 | AL10: 2017/01 | AM10: 2017/02 | AN10: 2017/03 | AO10: 2017/04 | AP10: 2017/05 | AQ10: 2017/06 | AR10: 2017/07 | AS10: 2017/08 | AT10: 2017/09 | AU10: 2017/10 | AV10: 2017/11 | AW10: 2017/12 | AX10: 2018/01 | AY10: 2018/02 | AZ10: 2018/03 | BA10: 2018/04 | BB10: 2018/05 | BC10: 2018/06 | BD10: 2018/07 | BE10: 2018/08 | BF10: 2018/09 | BG10: 2018/10 | BH10: 2018/11 | BI10: 2018/12 | BJ10: 2019/01 | BK10: 2019/02 | BL10: 2019/03 | BM10: 2019/04 | BN10: 2019/05 | BO10: 2019/06 | BP10: 2019/07 | BQ10: 2019/08 | BR10: 2019/09 | BS10: 2019/10 | BT10: 2019/11 | BU10: 2019/12 | BV10: 2020/01 | BW10: 2020/02 | BX10: 2020/03 | BY10: 2020/04 | BZ10: 2020/05 | CA10: 2020/06 | CB10: 2020/07 | CC10: 2020/08 | CD10: 2020/09 | CE10: 2020/10 | CF10: 2020/11 | CG10: 2020/12 | CH10: 2021/01 | CI10: 2021/02 | CJ10: 2021/03 | CK10: 2021/04 | CL10: 2021/05 | CM10: 2021/06 | CN10: 2021/07 | CO10: 2021/08 | CP10: 2021/09 | CQ10: 2021/10 | CR10: 2021/11 | CS10: 2021/12 | CT10: 2022/01 | CU10: 2022/02 | CV10: 2022/03 | CW10: 2022/04 | CX10: 2022/05 | CY10: 2022/06 | CZ10: 2022/07 | DA10: 2022/08 | DB10: 2022/09 | DC10: 2022/10 | DD10: 2022/11 | DE10: 2022/12 | DF10: 2023/01 | DG10: 2023/02 | DH10: 2023/03 | DI10: 2023/04 | DJ10: 2023/05 | DK10: 2023/06 | DL10: 2023/07 | DM10: 2023/08 | DN10: 2023/09 | DO10: 2023/10 | DP10: 2023/11 | DQ10: 2023/12 | DR10: 2024/01 | DS10: 2024/02 | DT10: 2024/03 | DU10: 2024/04 | DV10: 2024/05 | DW10: 2024/06 | DX10: 2024/07 | DY10: 2024/08 | DZ10: 2024/09 | EA10: 2024/10 | EB10: 2024/11 | EC10: 2024/12 | ED10: 2025/01 | EE10: 2025/02
A11: 10等分 | B11: 0.014499247 | C11: =B11+預測IC!D14 -> -0.00017930451 | D11: =C11+預測IC!E14 -> -0.0015730291 | E11: =D11+預測IC!F14 -> -0.0092014455 | F11: =E11+預測IC!G14 -> -0.014797003 | G11: =F11+預測IC!H14 -> -0.005197745 | H11: =G11+預測IC!I14 -> -0.013855897 | I11: =H11+預測IC!J14 -> -0.0064661036 | J11: =I11+預測IC!K14 -> 0.022721895 | ... EE11: =ED11+預測IC!EF14 -> -0.33203619
A12: 20等分 | B12: -0.0074773642 | C12: =B12+預測IC!D15 -> -0.0020205042 | D12: =C12+預測IC!E15 -> -0.0075441309 | E12: =D12+預測IC!F15 -> -0.017937475 | F12: =E12+預測IC!G15 -> 0.0010565447 | G12: =F12+預測IC!H15 -> 0.018444932 | H12: =G12+預測IC!I15 -> 0.050730923 | I12: =H12+預測IC!J15 -> 0.073731332 | J12: =I12+預測IC!K15 -> 0.13405747 | ... EE12: =ED12+預測IC!EF15 -> -0.25688018
A13: 50等分 | B13: -0.033228978 | C13: =B13+預測IC!D16 -> 0.10841467 | D13: =C13+預測IC!E16 -> 0.060493925 | E13: =D13+預測IC!F16 -> 0.078451732 | F13: =E13+預測IC!G16 -> 0.096607434 | G13: =F13+預測IC!H16 -> 0.085099173 | H13: =G13+預測IC!I16 -> 0.11519931 | I13: =H13+預測IC!J16 -> 0.16043088 | J13: =I13+預測IC!K16 -> 0.21125835 | ... EE13: =ED13+預測IC!EF16 -> 0.37614606
A14: 100等分 | B14: -0.036350225 | C14: =B14+預測IC!D17 -> 0.23668465 | D14: =C14+預測IC!E17 -> 0.14134004 | E14: =D14+預測IC!F17 -> 0.1546842 | F14: =E14+預測IC!G17 -> 0.15463329 | G14: =F14+預測IC!H17 -> 0.15338956 | H14: =G14+預測IC!I17 -> 0.23268265 | I14: =H14+預測IC!J17 -> 0.29480386 | J14: =I14+預測IC!K17 -> 0.38931866 | ... EE14: =ED14+預測IC!EF17 -> 1.0206058
A15: 107等分 | B15: -0.03943539 | C15: =B15+預測IC!D18 -> 0.19490259 | D15: =C15+預測IC!E18 -> 0.10819842 | E15: =D15+預測IC!F18 -> 0.13284055 | F15: =E15+預測IC!G18 -> 0.13102267 | G15: =F15+預測IC!H18 -> 0.13037332 | H15: =G15+預測IC!I18 -> 0.23959129 | I15: =H15+預測IC!J18 -> 0.31269592 | J15: =I15+預測IC!K18 -> 0.39911682 | ... EE15: =ED15+預測IC!EF18 -> 1.1821442
A16: 120等分 | B16: -0.038913469 | C16: =B16+預測IC!D19 -> 0.12963389 | D16: =C16+預測IC!E19 -> 0.032962784 | E16: =D16+預測IC!F19 -> 0.060494168 | F16: =E16+預測IC!G19 -> 0.036679745 | G16: =F16+預測IC!H19 -> 0.044622602 | H16: =G16+預測IC!I19 -> 0.15770013 | I16: =H16+預測IC!J19 -> 0.20598707 | J16: =I16+預測IC!K19 -> 0.30754715 | ... EE16: =ED16+預測IC!EF19 -> 0.85108614
A17: 137等分 | B17: -0.059146798 | C17: =B17+預測IC!D20 -> 0.12487209 | D17: =C17+預測IC!E20 -> 0.024396469 | E17: =D17+預測IC!F20 -> 0.045971742 | F17: =E17+預測IC!G20 -> 0.036918337 | G17: =F17+預測IC!H20 -> 0.045540564 | H17: =G17+預測IC!I20 -> 0.17416712 | I17: =H17+預測IC!J20 -> 0.26534035 | J17: =I17+預測IC!K20 -> 0.40098824 | ... EE17: =ED17+預測IC!EF20 -> 0.77668609
A18: 160等分 | B18: -0.07386193 | C18: =B18+預測IC!D21 -> 0.14568094 | D18: =C18+預測IC!E21 -> 0.0050972619 | E18: =D18+預測IC!F21 -> 0.032350644 | F18: =E18+預測IC!G21 -> 0.018479018 | G18: =F18+預測IC!H21 -> 0.0064102299 | H18: =G18+預測IC!I21 -> 0.14052241 | I18: =H18+預測IC!J21 -> 0.25195965 | J18: =I18+預測IC!K21 -> 0.49074907 | ... EE18: =ED18+預測IC!EF21 -> 1.1377897
A19: 192等分 | B19: 0.011241332 | C19: =B19+預測IC!D22 -> 0.23382773 | D19: =C19+預測IC!E22 -> 0.08770282 | E19: =D19+預測IC!F22 -> 0.11152352 | F19: =E19+預測IC!G22 -> 0.09144027 | G19: =F19+預測IC!H22 -> 0.1030233 | H19: =G19+預測IC!I22 -> 0.28888647 | I19: =H19+預測IC!J22 -> 0.4361746 | J19: =I19+預測IC!K22 -> 0.65089911 | ... EE19: =ED19+預測IC!EF22 -> 1.5388885
A20: 241等分 | B20: 0.010384834 | C20: =B20+預測IC!D23 -> 0.33539312 | D20: =C20+預測IC!E23 -> 0.29167556 | E20: =D20+預測IC!F23 -> 0.28891652 | F20: =E20+預測IC!G23 -> 0.26381245 | G20: =F20+預測IC!H23 -> 0.22596837 | H20: =G20+預測IC!I23 -> 0.46529143 | I20: =H20+預測IC!J23 -> 0.55585807 | J20: =I20+預測IC!K23 -> 0.7627381 | ... EE20: =ED20+預測IC!EF23 -> 1.4580476
A21: 321等分 | B21: 0.025922327 | C21: =B21+預測IC!D24 -> 0.44334425 | D21: =C21+預測IC!E24 -> 0.42111384 | E21: =D21+預測IC!F24 -> 0.42107114 | F21: =E21+預測IC!G24 -> 0.39680539 | G21: =F21+預測IC!H24 -> 0.16699985 | H21: =G21+預測IC!I24 -> 0.42143275 | I21: =H21+預測IC!J24 -> 0.53981103 | J21: =I21+預測IC!K24 -> 0.78517695 | ... EE21: =ED21+預測IC!EF24 -> 0.87408781
A22: 482等分 | B22: 0.031325685 | C22: =B22+預測IC!D25 -> -0.057640938 | D22: =C22+預測IC!E25 -> -0.072702526 | E22: =D22+預測IC!F25 -> -0.11768781 | F22: =E22+預測IC!G25 -> -0.16351216 | G22: =F22+預測IC!H25 -> -0.4263224 | H22: =G22+預測IC!I25 -> -0.17061953 | I22: =H22+預測IC!J25 -> -0.015325715 | J22: =I22+預測IC!K25 -> 0.12728186 | ... EE22: =ED22+預測IC!EF25 -> 2.0853345
... A24: 大盤 | B24: -0.017446771 | C24: =B24+預測IC!D27 -> 0.00325429 | D24: =C24+預測IC!E27 -> 0.027236419 | E24: =D24+預測IC!F27 -> 0.02067884 | F24: =E24+預測IC!G27 -> 0.05252397 | G24: =F24+預測IC!H27 -> 0.086872503 | H24: =G24+預測IC!I27 -> 0.07861757 | I24: =H24+預測IC!J27 -> 0.091461094 | J24: =I24+預測IC!K27 -> 0.04044257 | ... EE24: =ED24+預測IC!EF27 -> 0.98470404

Sheet 真實OLS累積報酬 
A8: 投資組合 | C8: 公司數 | D8: 964
A9: 時間 | B9: 2014/01 | C9: 2014/02 | D9: 2014/03 | E9: 2014/04 | F9: 2014/05 | G9: 2014/06 | H9: 2014/07 | I9: 2014/08 | J9: 2014/09 | K9: 2014/10 | L9: 2014/11 | M9: 2014/12 | N9: 2015/01 | O9: 2015/02 | P9: 2015/03 | Q9: 2015/04 | R9: 2015/05 | S9: 2015/06 | T9: 2015/07 | U9: 2015/08 | V9: 2015/09 | W9: 2015/10 | X9: 2015/11 | Y9: 2015/12 | Z9: 2016/01 | AA9: 2016/02 | AB9: 2016/03 | AC9: 2016/04 | AD9: 2016/05 | AE9: 2016/06 | AF9: 2016/07 | AG9: 2016/08 | AH9: 2016/09 | AI9: 2016/10 | AJ9: 2016/11 | AK9: 2016/12 | AL9: 2017/01 | AM9: 2017/02 | AN9: 2017/03 | AO9: 2017/04 | AP9: 2017/05 | AQ9: 2017/06 | AR9: 2017/07 | AS9: 2017/08 | AT9: 2017/09 | AU9: 2017/10 | AV9: 2017/11 | AW9: 2017/12 | AX9: 2018/01 | AY9: 2018/02 | AZ9: 2018/03 | BA9: 2018/04 | BB9: 2018/05 | BC9: 2018/06 | BD9: 2018/07 | BE9: 2018/08 | BF9: 2018/09 | BG9: 2018/10 | BH9: 2018/11 | BI9: 2018/12 | BJ9: 2019/01 | BK9: 2019/02 | BL9: 2019/03 | BM9: 2019/04 | BN9: 2019/05 | BO9: 2019/06 | BP9: 2019/07 | BQ9: 2019/08 | BR9: 2019/09 | BS9: 2019/10 | BT9: 2019/11 | BU9: 2019/12 | BV9: 2020/01 | BW9: 2020/02 | BX9: 2020/03 | BY9: 2020/04 | BZ9: 2020/05 | CA9: 2020/06 | CB9: 2020/07 | CC9: 2020/08 | CD9: 2020/09 | CE9: 2020/10 | CF9: 2020/11 | CG9: 2020/12 | CH9: 2021/01 | CI9: 2021/02 | CJ9: 2021/03 | CK9: 2021/04 | CL9: 2021/05 | CM9: 2021/06 | CN9: 2021/07 | CO9: 2021/08 | CP9: 2021/09 | CQ9: 2021/10 | CR9: 2021/11 | CS9: 2021/12 | CT9: 2022/01 | CU9: 2022/02 | CV9: 2022/03 | CW9: 2022/04 | CX9: 2022/05 | CY9: 2022/06 | CZ9: 2022/07 | DA9: 2022/08 | DB9: 2022/09 | DC9: 2022/10 | DD9: 2022/11 | DE9: 2022/12 | DF9: 2023/01 | DG9: 2023/02 | DH9: 2023/03 | DI9: 2023/04 | DJ9: 2023/05 | DK9: 2023/06 | DL9: 2023/07 | DM9: 2023/08 | DN9: 2023/09 | DO9: 2023/10 | DP9: 2023/11 | DQ9: 2023/12 | DR9: 2024/01 | DS9: 2024/02 | DT9: 2024/03 | DU9: 2024/04 | DV9: 2024/05 | DW9: 2024/06 | DX9: 2024/07 | DY9: 2024/08 | DZ9: 2024/09 | EA9: 2024/10 | EB9: 2024/11 | EC9: 2024/12 | ED9: 2025/01 | EE9: 2025/02
A10: 10等分 | B10: 0.014499247 | C10: =B10+真實IC!D14 -> -0.00017930451 | D10: =C10+真實IC!E14 -> 0.00121442 | E10: =D10+真實IC!F14 -> -0.054744965 | F10: =E10+真實IC!G14 -> -0.01278351 | G10: =F10+真實IC!H14 -> -0.022382769 | H10: =G10+真實IC!I14 -> 0.012323971 | I10: =H10+真實IC!J14 -> 0.035627591 | J10: =I10+真實IC!K14 -> 0.045592497 | ... EE10: =ED10+真實IC!EF14 -> 3.5636388
A11: 20等分 | B11: -0.0074773642 | C11: =B11+真實IC!D15 -> -0.0020205042 | D11: =C11+真實IC!E15 -> 0.0035031225 | E11: =D11+真實IC!F15 -> -0.056483404 | F11: =E11+真實IC!G15 -> -0.025812327 | G11: =F11+真實IC!H15 -> -0.043200714 | H11: =G11+真實IC!I15 -> 0.014883306 | I11: =H11+真實IC!J15 -> 0.05473999 | J11: =I11+真實IC!K15 -> 0.070601679 | ... EE11: =ED11+真實IC!EF15 -> 4.6138405
A12: 50等分 | B12: -0.033228978 | C12: =B12+真實IC!D16 -> 0.10841467 | D12: =C12+真實IC!E16 -> 0.15633542 | E12: =D12+真實IC!F16 -> 0.095993512 | F12: =E12+真實IC!G16 -> 0.09815342 | G12: =F12+真實IC!H16 -> 0.10966168 | H12: =G12+真實IC!I16 -> 0.13880757 | I12: =H12+真實IC!J16 -> 0.210882 | J12: =I12+真實IC!K16 -> 0.24391371 | ... EE12: =ED12+真實IC!EF16 -> 6.0480496
A13: 100等分 | B13: -0.036350225 | C13: =B13+真實IC!D17 -> 0.23668465 | D13: =C13+真實IC!E17 -> 0.33202925 | E13: =D13+真實IC!F17 -> 0.36695069 | F13: =E13+真實IC!G17 -> 0.46304069 | G13: =F13+真實IC!H17 -> 0.46428441 | H13: =G13+真實IC!I17 -> 0.48725417 | I13: =H13+真實IC!J17 -> 0.50646177 | J13: =I13+真實IC!K17 -> 0.51088649 | ... EE13: =ED13+真實IC!EF17 -> 7.7998318
A14: 107等分 | B14: -0.03943539 | C14: =B14+真實IC!D18 -> 0.19490259 | D14: =C14+真實IC!E18 -> 0.28160676 | E14: =D14+真實IC!F18 -> 0.36032223 | F14: =E14+真實IC!G18 -> 0.46935338 | G14: =F14+真實IC!H18 -> 0.47000273 | H14: =G14+真實IC!I18 -> 0.497243 | I14: =H14+真實IC!J18 -> 0.53864998 | J14: =I14+真實IC!K18 -> 0.5190953 | ... EE14: =ED14+真實IC!EF18 -> 8.1512627
A15: 120等分 | B15: -0.038913469 | C15: =B15+真實IC!D19 -> 0.12963389 | D15: =C15+真實IC!E19 -> 0.226305 | E15: =D15+真實IC!F19 -> 0.30705717 | F15: =E15+真實IC!G19 -> 0.44178983 | G15: =F15+真實IC!H19 -> 0.43384697 | H15: =G15+真實IC!I19 -> 0.45806601 | I15: =H15+真實IC!J19 -> 0.48682183 | J15: =I15+真實IC!K19 -> 0.48222361 | ... EE15: =ED15+真實IC!EF19 -> 8.2274836
A16: 137等分 | B16: -0.059146798 | C16: =B16+真實IC!D20 -> 0.12487209 | D16: =C16+真實IC!E20 -> 0.22534771 | E16: =D16+真實IC!F20 -> 0.34473067 | F16: =E16+真實IC!G20 -> 0.50872458 | G16: =F16+真實IC!H20 -> 0.50010235 | H16: =G16+真實IC!I20 -> 0.53073906 | I16: =H16+真實IC!J20 -> 0.51910437 | J16: =I16+真實IC!K20 -> 0.50440081 | ... EE16: =ED16+真實IC!EF20 -> 8.7153074
A17: 160等分 | B17: -0.07386193 | C17: =B17+真實IC!D21 -> 0.14568094 | D17: =C17+真實IC!E21 -> 0.28626462 | E17: =D17+真實IC!F21 -> 0.46395328 | F17: =E17+真實IC!G21 -> 0.69974845 | G17: =F17+真實IC!H21 -> 0.71181723 | H17: =G17+真實IC!I21 -> 0.72789222 | I17: =H17+真實IC!J21 -> 0.6936155 | J17: =I17+真實IC!K21 -> 0.7107733 | ... EE17: =ED17+真實IC!EF21 -> 9.2723364
A18: 192等分 | B18: 0.011241332 | C18: =B18+真實IC!D22 -> 0.23382773 | D18: =C18+真實IC!E22 -> 0.37995263 | E18: =D18+真實IC!F22 -> 0.5854839 | F18: =E18+真實IC!G22 -> 0.89231305 | G18: =F18+真實IC!H22 -> 0.88073003 | H18: =G18+真實IC!I22 -> 0.90673527 | I18: =H18+真實IC!J22 -> 0.86388453 | J18: =I18+真實IC!K22 -> 0.87469596 | ... EE18: =ED18+真實IC!EF22 -> 9.5692091
A19: 241等分 | B19: 0.010384834 | C19: =B19+真實IC!D23 -> 0.33539312 | D19: =C19+真實IC!E23 -> 0.37911067 | E19: =D19+真實IC!F23 -> 0.56314925 | F19: =E19+真實IC!G23 -> 0.8388816 | G19: =F19+真實IC!H23 -> 0.87672568 | H19: =G19+真實IC!I23 -> 0.93212808 | I19: =H19+真實IC!J23 -> 0.89270568 | J19: =I19+真實IC!K23 -> 0.89845689 | ... EE19: =ED19+真實IC!EF23 -> 10.049661
A20: 321等分 | B20: 0.025922327 | C20: =B20+真實IC!D24 -> 0.44334425 | D20: =C20+真實IC!E24 -> 0.46557466 | E20: =D20+真實IC!F24 -> 0.53340572 | F20: =E20+真實IC!G24 -> 0.7016238 | G20: =F20+真實IC!H24 -> 0.93142935 | H20: =G20+真實IC!I24 -> 0.98394929 | I20: =H20+真實IC!J24 -> 0.97597162 | J20: =I20+真實IC!K24 -> 0.98571083 | ... EE20: =ED20+真實IC!EF24 -> 10.666981
A21: 482等分 | B21: 0.031325685 | C21: =B21+真實IC!D25 -> -0.057640938 | D21: =C21+真實IC!E25 -> -0.04257935 | E21: =D21+真實IC!F25 -> 0.13981672 | F21: =E21+真實IC!G25 -> 0.2758506 | G21: =F21+真實IC!H25 -> 0.53866084 | H21: =G21+真實IC!I25 -> 0.59170609 | I21: =H21+真實IC!J25 -> 0.65981894 | J21: =I21+真實IC!K25 -> 0.70555303 | ... EE21: =ED21+真實IC!EF25 -> 10.61993
... A23: 大盤 | B23: -0.017446771 | C23: =B23+真實IC!D27 -> 0.00325429 | D23: =C23+真實IC!E27 -> 0.027236419 | E23: =D23+真實IC!F27 -> 0.02067884 | F23: =E23+真實IC!G27 -> 0.05252397 | G23: =F23+真實IC!H27 -> 0.086872503 | H23: =G23+真實IC!I27 -> 0.07861757 | I23: =H23+真實IC!J27 -> 0.091461094 | J23: =I23+真實IC!K27 -> 0.04044257 | ... EE23: =ED23+真實IC!EF27 -> 0.98470404

Sheet 預測ＯＬＳ再投資累積報酬
C3: 投資組合 | D3: 964
C4: 等分 | D4: 2014/01 | E4: 2014/02 | F4: 2014/03 | G4: 2014/04 | H4: 2014/05 | I4: 2014/06 | J4: 2014/07 | K4: 2014/08 | L4: 2014/09 | M4: 2014/10 | N4: 2014/11 | O4: 2014/12 | P4: 2015/01 | Q4: 2015/02 | R4: 2015/03 | S4: 2015/04 | T4: 2015/05 | U4: 2015/06 | V4: 2015/07 | W4: 2015/08 | X4: 2015/09 | Y4: 2015/10 | Z4: 2015/11 | AA4: 2015/12 | AB4: 2016/01 | AC4: 2016/02 | AD4: 2016/03 | AE4: 2016/04 | AF4: 2016/05 | AG4: 2016/06 | AH4: 2016/07 | AI4: 2016/08 | AJ4: 2016/09 | AK4: 2016/10 | AL4: 2016/11 | AM4: 2016/12 | AN4: 2017/01 | AO4: 2017/02 | AP4: 2017/03 | AQ4: 2017/04 | AR4: 2017/05 | AS4: 2017/06 | AT4: 2017/07 | AU4: 2017/08 | AV4: 2017/09 | AW4: 2017/10 | AX4: 2017/11 | AY4: 2017/12 | AZ4: 2018/01 | BA4: 2018/02 | BB4: 2018/03 | BC4: 2018/04 | BD4: 2018/05 | BE4: 2018/06 | BF4: 2018/07 | BG4: 2018/08 | BH4: 2018/09 | BI4: 2018/10 | BJ4: 2018/11 | BK4: 2018/12 | BL4: 2019/01 | BM4: 2019/02 | BN4: 2019/03 | BO4: 2019/04 | BP4: 2019/05 | BQ4: 2019/06 | BR4: 2019/07 | BS4: 2019/08 | BT4: 2019/09 | BU4: 2019/10 | BV4: 2019/11 | BW4: 2019/12 | BX4: 2020/01 | BY4: 2020/02 | BZ4: 2020/03 | CA4: 2020/04 | CB4: 2020/05 | CC4: 2020/06 | CD4: 2020/07 | CE4: 2020/08 | CF4: 2020/09 | CG4: 2020/10 | CH4: 2020/11 | CI4: 2020/12 | CJ4: 2021/01 | CK4: 2021/02 | CL4: 2021/03 | CM4: 2021/04 | CN4: 2021/05 | CO4: 2021/06 | CP4: 2021/07 | CQ4: 2021/08 | CR4: 2021/09 | CS4: 2021/10 | CT4: 2021/11 | CU4: 2021/12 | CV4: 2022/01 | CW4: 2022/02 | CX4: 2022/03 | CY4: 2022/04 | CZ4: 2022/05 | DA4: 2022/06 | DB4: 2022/07 | DC4: 2022/08 | DD4: 2022/09 | DE4: 2022/10 | DF4: 2022/11 | DG4: 2022/12 | DH4: 2023/01 | DI4: 2023/02 | DJ4: 2023/03 | DK4: 2023/04 | DL4: 2023/05 | DM4: 2023/06 | DN4: 2023/07 | DO4: 2023/08 | DP4: 2023/09 | DQ4: 2023/10 | DR4: 2023/11 | DS4: 2023/12 | DT4: 2024/01 | DU4: 2024/02 | DV4: 2024/03 | DW4: 2024/04 | DX4: 2024/05 | DY4: 2024/06 | DZ4: 2024/07 | EA4: 2024/08 | EB4: 2024/09 | EC4: 2024/10 | ED4: 2024/11 | EE4: 2024/12 | EF4: 2025/01 | EG4: 2025/02
C5: 10 | D5: {=PRODUCT(1 + 預測IC!$C14:C14) - 1} -> 0.014499247 | E5: {=PRODUCT(1 + 預測IC!$C14:D14) - 1} -> -0.00039213246 | F5: {=PRODUCT(1 + 預測IC!$C14:E14) - 1} -> -0.0017853105 | G5: {=PRODUCT(1 + 預測IC!$C14:F14) - 1} -> -0.0094001078 | H5: {=PRODUCT(1 + 預測IC!$C14:G14) - 1} -> -0.014943067 | I5: {=PRODUCT(1 + 預測IC!$C14:H14) - 1} -> -0.0054872508 | J5: {=PRODUCT(1 + 預測IC!$C14:I14) - 1} -> -0.014097894 | K5: {=PRODUCT(1 + 預測IC!$C14:J14) - 1} -> -0.0068122805 | ... EG5: {=PRODUCT(1 + 預測IC!$C14:EF14) - 1} -> -0.33855085
C6: 20 | D6: {=PRODUCT(1 + 預測IC!$C15:C15) - 1} -> -0.0074773642 | E6: {=PRODUCT(1 + 預測IC!$C15:D15) - 1} -> -0.0020613071 | F6: {=PRODUCT(1 + 預測IC!$C15:E15) - 1} -> -0.007573548 | G6: {=PRODUCT(1 + 預測IC!$C15:F15) - 1} -> -0.017888178 | H6: {=PRODUCT(1 + 預測IC!$C15:G15) - 1} -> 0.00076607374 | I6: {=PRODUCT(1 + 預測IC!$C15:H15) - 1} -> 0.018167782 | J6: {=PRODUCT(1 + 預測IC!$C15:I15) - 1} -> 0.051040338 | K6: {=PRODUCT(1 + 預測IC!$C15:J15) - 1} -> 0.075214695 | ... EG6: {=PRODUCT(1 + 預測IC!$C15:EF15) - 1} -> -0.32204409
C7: 50 | D7: {=PRODUCT(1 + 預測IC!$C16:C16) - 1} -> -0.033228978 | E7: {=PRODUCT(1 + 預測IC!$C16:D16) - 1} -> 0.103708 | F7: {=PRODUCT(1 + 預測IC!$C16:E16) - 1} -> 0.050817487 | G7: {=PRODUCT(1 + 預測IC!$C16:F16) - 1} -> 0.069687864 | H7: {=PRODUCT(1 + 預測IC!$C16:G16) - 1} -> 0.089108799 | I7: {=PRODUCT(1 + 預測IC!$C16:H16) - 1} -> 0.076575051 | J7: {=PRODUCT(1 + 預測IC!$C16:I16) - 1} -> 0.10898011 | K7: {=PRODUCT(1 + 預測IC!$C16:J16) - 1} -> 0.15914102 | ... EG7: {=PRODUCT(1 + 預測IC!$C16:EF16) - 1} -> 0.061107141
C8: 100 | D8: {=PRODUCT(1 + 預測IC!$C17:C17) - 1} -> -0.036350225 | E8: {=PRODUCT(1 + 預測IC!$C17:D17) - 1} -> 0.22675977 | F8: {=PRODUCT(1 + 預測IC!$C17:E17) - 1} -> 0.10979484 | G8: {=PRODUCT(1 + 預測IC!$C17:F17) - 1} -> 0.12460412 | H8: {=PRODUCT(1 + 預測IC!$C17:G17) - 1} -> 0.12454686 | I8: {=PRODUCT(1 + 預測IC!$C17:H17) - 1} -> 0.12314823 | J8: {=PRODUCT(1 + 預測IC!$C17:I17) - 1} -> 0.21220613 | K8: {=PRODUCT(1 + 預測IC!$C17:J17) - 1} -> 0.28750984 | ... EG8: {=PRODUCT(1 + 預測IC!$C17:EF17) - 1} -> 0.57085932
C9: 107 | D9: {=PRODUCT(1 + 預測IC!$C18:C18) - 1} -> -0.03943539 | E9: {=PRODUCT(1 + 預測IC!$C18:D18) - 1} -> 0.18566138 | F9: {=PRODUCT(1 + 預測IC!$C18:E18) - 1} -> 0.08285959 | G9: {=PRODUCT(1 + 預測IC!$C18:F18) - 1} -> 0.10954356 | H9: {=PRODUCT(1 + 預測IC!$C18:G18) - 1} -> 0.10752655 | I9: {=PRODUCT(1 + 預測IC!$C18:H18) - 1} -> 0.10680738 | J9: {=PRODUCT(1 + 預測IC!$C18:I18) - 1} -> 0.22769062 | K9: {=PRODUCT(1 + 預測IC!$C18:J18) - 1} -> 0.3174405 | ... EG9: {=PRODUCT(1 + 預測IC!$C18:EF18) - 1} -> 0.74635852
C10: 120 | D10: {=PRODUCT(1 + 預測IC!$C19:C19) - 1} -> -0.038913469 | E10: {=PRODUCT(1 + 預測IC!$C19:D19) - 1} -> 0.12307513 | F10: {=PRODUCT(1 + 預測IC!$C19:E19) - 1} -> 0.014506212 | G10: {=PRODUCT(1 + 預測IC!$C19:F19) - 1} -> 0.042436972 | H10: {=PRODUCT(1 + 預測IC!$C19:G19) - 1} -> 0.017611938 | I10: {=PRODUCT(1 + 預測IC!$C19:H19) - 1} -> 0.025694684 | J10: {=PRODUCT(1 + 預測IC!$C19:I19) - 1} -> 0.1416777 | K10: {=PRODUCT(1 + 預測IC!$C19:J19) - 1} -> 0.19680583 | ... EG10: {=PRODUCT(1 + 預測IC!$C19:EF19) - 1} -> 0.21460316
C11: 137 | D11: {=PRODUCT(1 + 預測IC!$C20:C20) - 1} -> -0.059146798 | E11: {=PRODUCT(1 + 預測IC!$C20:D20) - 1} -> 0.11398796 | F11: {=PRODUCT(1 + 預測IC!$C20:E20) - 1} -> 0.0020593289 | G11: {=PRODUCT(1 + 預測IC!$C20:F20) - 1} -> 0.023679033 | H11: {=PRODUCT(1 + 預測IC!$C20:G20) - 1} -> 0.014411252 | I11: {=PRODUCT(1 + 預測IC!$C20:H20) - 1} -> 0.023157737 | J11: {=PRODUCT(1 + 預測IC!$C20:I20) - 1} -> 0.15476299 | K11: {=PRODUCT(1 + 預測IC!$C20:J20) - 1} -> 0.26004647 | ... EG11: {=PRODUCT(1 + 預測IC!$C20:EF20) - 1} -> 0.075111037
C12: 160 | D12: {=PRODUCT(1 + 預測IC!$C21:C21) - 1} -> -0.07386193 | E12: {=PRODUCT(1 + 預測IC!$C21:D21) - 1} -> 0.12946508 | F12: {=PRODUCT(1 + 預測IC!$C21:E21) - 1} -> -0.029319275 | G12: {=PRODUCT(1 + 預測IC!$C21:F21) - 1} -> -0.0028649421 | H12: {=PRODUCT(1 + 預測IC!$C21:G21) - 1} -> -0.016696826 | I12: {=PRODUCT(1 + 預測IC!$C21:H21) - 1} -> -0.028564104 | J12: {=PRODUCT(1 + 預測IC!$C21:I21) - 1} -> 0.10171728 | K12: {=PRODUCT(1 + 預測IC!$C21:J21) - 1} -> 0.22448962 | ... EG12: {=PRODUCT(1 + 預測IC!$C21:EF21) - 1} -> 0.32413072
C13: 192 | D13: {=PRODUCT(1 + 預測IC!$C22:C22) - 1} -> 0.011241332 | E13: {=PRODUCT(1 + 預測IC!$C22:D22) - 1} -> 0.23632989 | F13: {=PRODUCT(1 + 預測IC!$C22:E22) - 1} -> 0.055671304 | G13: {=PRODUCT(1 + 預測IC!$C22:F22) - 1} -> 0.080818137 | H13: {=PRODUCT(1 + 預測IC!$C22:G22) - 1} -> 0.059111793 | I13: {=PRODUCT(1 + 預測IC!$C22:H22) - 1} -> 0.071379512 | J13: {=PRODUCT(1 + 預測IC!$C22:I22) - 1} -> 0.27050951 | K13: {=PRODUCT(1 + 預測IC!$C22:J22) - 1} -> 0.45764048 | ... EG13: {=PRODUCT(1 + 預測IC!$C22:EF22) - 1} -> 0.64889521
C14: 241 | D14: {=PRODUCT(1 + 預測IC!$C23:C23) - 1} -> 0.010384834 | E14: {=PRODUCT(1 + 預測IC!$C23:D23) - 1} -> 0.33876827 | F14: {=PRODUCT(1 + 預測IC!$C23:E23) - 1} -> 0.2802406 | G14: {=PRODUCT(1 + 預測IC!$C23:F23) - 1} -> 0.27670836 | H14: {=PRODUCT(1 + 預測IC!$C23:G23) - 1} -> 0.24465778 | I14: {=PRODUCT(1 + 預測IC!$C23:H23) - 1} -> 0.19755486 | J14: {=PRODUCT(1 + 預測IC!$C23:I23) - 1} -> 0.48415736 | K14: {=PRODUCT(1 + 預測IC!$C23:J23) - 1} -> 0.6185725 | ... EG14: {=PRODUCT(1 + 預測IC!$C23:EF23) - 1} -> 0.29918464
C15: 321 | D15: {=PRODUCT(1 + 預測IC!$C24:C24) - 1} -> 0.025922327 | E15: {=PRODUCT(1 + 預測IC!$C24:D24) - 1} -> 0.4541648 | F15: {=PRODUCT(1 + 預測IC!$C24:E24) - 1} -> 0.42183812 | G15: {=PRODUCT(1 + 預測IC!$C24:F24) - 1} -> 0.4217774 | H15: {=PRODUCT(1 + 預測IC!$C24:G24) - 1} -> 0.38727691 | I15: {=PRODUCT(1 + 預測IC!$C24:H24) - 1} -> 0.068472988 | J15: {=PRODUCT(1 + 預測IC!$C24:I24) - 1} -> 0.34032767 | K15: {=PRODUCT(1 + 預測IC!$C24:J24) - 1} -> 0.49899336 | ... EG15: {=PRODUCT(1 + 預測IC!$C24:EF24) - 1} -> -0.5624637
C16: 482 | D16: {=PRODUCT(1 + 預測IC!$C25:C25) - 1} -> 0.031325685 | E16: {=PRODUCT(1 + 預測IC!$C25:D25) - 1} -> -0.060427879 | F16: {=PRODUCT(1 + 預測IC!$C25:E25) - 1} -> -0.074579326 | G16: {=PRODUCT(1 + 預測IC!$C25:F25) - 1} -> -0.11620964 | H16: {=PRODUCT(1 + 預測IC!$C25:G25) - 1} -> -0.15670876 | I16: {=PRODUCT(1 + 預測IC!$C25:H25) - 1} -> -0.37833433 | J16: {=PRODUCT(1 + 預測IC!$C25:I25) - 1} -> -0.21937264 | K16: {=PRODUCT(1 + 預測IC!$C25:J25) - 1} -> -0.098146035 | ... EG16: {=PRODUCT(1 + 預測IC!$C25:EF25) - 1} -> -0.30819218
C17: 964 | D17: {=PRODUCT(1 + 預測IC!$C26:C26) - 1} -> 0.027766967 | E17: {=PRODUCT(1 + 預測IC!$C26:D26) - 1} -> -0.056497981 | F17: {=PRODUCT(1 + 預測IC!$C26:E26) - 1} -> 0.020756281 | G17: {=PRODUCT(1 + 預測IC!$C26:F26) - 1} -> -0.19400853 | H17: {=PRODUCT(1 + 預測IC!$C26:G26) - 1} -> -0.23932259 | I17: {=PRODUCT(1 + 預測IC!$C26:H26) - 1} -> -0.50618511 | J17: {=PRODUCT(1 + 預測IC!$C26:I26) - 1} -> -0.3874788 | K17: {=PRODUCT(1 + 預測IC!$C26:J26) - 1} -> -0.38500683 | ... EG17: {=PRODUCT(1 + 預測IC!$C26:EF26) - 1} -> -0.93833852
C18: 大盤 | D18: {=PRODUCT(1 + 預測IC!$C27:C27) - 1} -> -0.017446771 | E18: {=PRODUCT(1 + 預測IC!$C27:D27) - 1} -> 0.0028931233 | F18: {=PRODUCT(1 + 預測IC!$C27:E27) - 1} -> 0.026944636 | G18: {=PRODUCT(1 + 預測IC!$C27:F27) - 1} -> 0.020210365 | H18: {=PRODUCT(1 + 預測IC!$C27:G27) - 1} -> 0.052699097 | I18: {=PRODUCT(1 + 預測IC!$C27:H27) - 1} -> 0.088857766 | J18: {=PRODUCT(1 + 預測IC!$C27:I27) - 1} -> 0.079869319 | K18: {=PRODUCT(1 + 預測IC!$C27:J27) - 1} -> 0.093738646 | ... EG18: {=PRODUCT(1 + 預測IC!$C27:EF27) - 1} -> 1.3673442
C22: 等分 | D22: 2014/01 | E22: 2014/02 | F22: 2014/03 | G22: 2014/04 | H22: 2014/05 | I22: 2014/06 | J22: 2014/07 | K22: 2014/08 | L22: 2014/09 | M22: 2014/10 | N22: 2014/11 | O22: 2014/12 | P22: 2015/01 | Q22: 2015/02 | R22: 2015/03 | S22: 2015/04 | T22: 2015/05 | U22: 2015/06 | V22: 2015/07 | W22: 2015/08 | X22: 2015/09 | Y22: 2015/10 | Z22: 2015/11 | AA22: 2015/12 | AB22: 2016/01 | AC22: 2016/02 | AD22: 2016/03 | AE22: 2016/04 | AF22: 2016/05 | AG22: 2016/06 | AH22: 2016/07 | AI22: 2016/08 | AJ22: 2016/09 | AK22: 2016/10 | AL22: 2016/11 | AM22: 2016/12 | AN22: 2017/01 | AO22: 2017/02 | AP22: 2017/03 | AQ22: 2017/04 | AR22: 2017/05 | AS22: 2017/06 | AT22: 2017/07 | AU22: 2017/08 | AV22: 2017/09 | AW22: 2017/10 | AX22: 2017/11 | AY22: 2017/12 | AZ22: 2018/01 | BA22: 2018/02 | BB22: 2018/03 | BC22: 2018/04 | BD22: 2018/05 | BE22: 2018/06 | BF22: 2018/07 | BG22: 2018/08 | BH22: 2018/09 | BI22: 2018/10 | BJ22: 2018/11 | BK22: 2018/12 | BL22: 2019/01 | BM22: 2019/02 | BN22: 2019/03 | BO22: 2019/04 | BP22: 2019/05 | BQ22: 2019/06 | BR22: 2019/07 | BS22: 2019/08 | BT22: 2019/09 | BU22: 2019/10 | BV22: 2019/11 | BW22: 2019/12 | BX22: 2020/01 | BY22: 2020/02 | BZ22: 2020/03 | CA22: 2020/04 | CB22: 2020/05 | CC22: 2020/06 | CD22: 2020/07 | CE22: 2020/08 | CF22: 2020/09 | CG22: 2020/10 | CH22: 2020/11 | CI22: 2020/12 | CJ22: 2021/01 | CK22: 2021/02 | CL22: 2021/03 | CM22: 2021/04 | CN22: 2021/05 | CO22: 2021/06 | CP22: 2021/07 | CQ22: 2021/08 | CR22: 2021/09 | CS22: 2021/10 | CT22: 2021/11 | CU22: 2021/12 | CV22: 2022/01 | CW22: 2022/02 | CX22: 2022/03 | CY22: 2022/04 | CZ22: 2022/05 | DA22: 2022/06 | DB22: 2022/07 | DC22: 2022/08 | DD22: 2022/09 | DE22: 2022/10 | DF22: 2022/11 | DG22: 2022/12 | DH22: 2023/01 | DI22: 2023/02 | DJ22: 2023/03 | DK22: 2023/04 | DL22: 2023/05 | DM22: 2023/06 | DN22: 2023/07 | DO22: 2023/08 | DP22: 2023/09 | DQ22: 2023/10 | DR22: 2023/11 | DS22: 2023/12 | DT22: 2024/01 | DU22: 2024/02 | DV22: 2024/03 | DW22: 2024/04 | DX22: 2024/05 | DY22: 2024/06 | DZ22: 2024/07 | EA22: 2024/08 | EB22: 2024/09 | EC22: 2024/10 | ED22: 2024/11 | EE22: 2024/12 | EF22: 2025/01 | EG22: 2025/02
C23: 10 | D23: 0.014499247 | E23: -0.00039213246 | F23: -0.0017853105 | G23: -0.0094001078 | H23: -0.014943067 | I23: -0.0054872508 | J23: -0.014097894 | K23: -0.0068122805 | L23: 0.022176881 | M23: 0.031129674 | N23: 0.058855899 | O23: -0.0097671259 | P23: 0.017874986 | Q23: 0.019504097 | R23: 0.04168403 | S23: 0.0060273266 | T23: 0.01773668 | U23: -0.0049726647 | V23: -0.021798373 | W23: -0.014832859 | X23: -0.036829954 | Y23: -0.13928181 | Z23: -0.10793765 | AA23: -0.060522672 | AB23: -0.085811973 | AC23: -0.095624254 | AD23: -0.053323937 | AE23: -0.050928439 | AF23: -0.086855544 | AG23: -0.039360981 | AH23: -0.03569621 | AI23: -0.020544072 | AJ23: -0.013174852 | AK23: -0.022203982 | AL23: -0.044344262 | AM23: 0.0013365504 | AN23: -0.027242523 | AO23: -0.053162258 | AP23: -0.067360536 | AQ23: -0.07331112 | AR23: -0.071738594 | AS23: -0.092367371 | AT23: -0.11049849 | AU23: -0.17471639 | AV23: -0.17778111 | AW23: -0.17589237 | AX23: -0.18713137 | AY23: -0.19188231 | AZ23: -0.15296618 | BA23: -0.17540869 | BB23: -0.1707972 | BC23: -0.16072779 | BD23: -0.13832681 | BE23: -0.15584791 | BF23: -0.13054628 | BG23: -0.068897726 | BH23: -0.042137882 | BI23: -0.045232908 | BJ23: 0.00078098271 | BK23: -0.023901405 | BL23: -0.015891589 | BM23: -0.036098903 | BN23: -0.055988056 | BO23: -0.070061723 | BP23: -0.12729131 | BQ23: -0.15608632 | BR23: -0.1646248 | BS23: -0.21223005 | BT23: -0.21097461 | BU23: -0.21462369 | BV23: -0.23282005 | BW23: -0.20369088 | BX23: -0.16885576 | BY23: -0.17635106 | BZ23: -0.19098859 | CA23: -0.20041579 | CB23: -0.21520503 | CC23: -0.19989351 | CD23: -0.23482759 | CE23: -0.26876701 | CF23: -0.26191562 | CG23: -0.25331099 | CH23: -0.2567782 | CI23: -0.24800456 | CJ23: -0.24685867 | CK23: -0.29510445 | CL23: -0.28488262 | CM23: -0.23044715 | CN23: -0.21016639 | CO23: -0.099804604 | CP23: -0.15037922 | CQ23: -0.14676675 | CR23: -0.20425469 | CS23: -0.24973948 | CT23: -0.26781987 | CU23: -0.31591246 | CV23: -0.3670682 | CW23: -0.34460976 | CX23: -0.33606565 | CY23: -0.35648339 | CZ23: -0.34591646 | DA23: -0.35397756 | DB23: -0.34310866 | DC23: -0.319733 | DD23: -0.32279513 | DE23: -0.31933362 | DF23: -0.32532132 | DG23: -0.31223611 | DH23: -0.32208095 | DI23: -0.32111236 | DJ23: -0.34765004 | DK23: -0.32065707 | DL23: -0.33846473 | DM23: -0.34903567 | DN23: -0.36722481 | DO23: -0.3592679 | DP23: -0.35316752 | DQ23: -0.34601072 | DR23: -0.33855266 | DS23: -0.34573071 | DT23: -0.31561844 | DU23: -0.29863631 | DV23: -0.26652287 | DW23: -0.27369933 | DX23: -0.27047297 | DY23: -0.27669466 | DZ23: -0.26559038 | EA23: -0.26040799 | EB23: -0.34407585 | EC23: -0.32316012 | ED23: -0.31308609 | EE23: -0.29698169 | EF23: -0.31681825 | EG23: -0.33855085
C24: 20 | D24: -0.0074773642 | E24: -0.0020613071 | F24: -0.007573548 | G24: -0.017888178 | H24: 0.00076607374 | I24: 0.018167782 | J24: 0.051040338 | K24: 0.075214695 | L24: 0.14007825 | M24: 0.1651377 | N24: 0.16895907 | O24: 0.080680256 | P24: 0.099508622 | Q24: 0.092941129 | R24: 0.11923616 | S24: 0.066360636 | T24: 0.094276925 | U24: 0.065499485 | V24: 0.06307246 | W24: 0.0512876 | X24: 0.014922893 | Y24: -0.13770708 | Z24: -0.11906157 | AA24: -0.047484091 | AB24: -0.092931148 | AC24: -0.10653861 | AD24: -0.046880671 | AE24: -0.027398694 | AF24: -0.067125321 | AG24: 0.0012368182 | AH24: -0.0086806405 | AI24: 0.016057939 | AJ24: 0.012973957 | AK24: 0.011890172 | AL24: -0.012009358 | AM24: 0.036657959 | AN24: -0.0067131433 | AO24: -0.036489559 | AP24: -0.034843068 | AQ24: -0.032805904 | AR24: -0.030542598 | AS24: -0.050753889 | AT24: -0.072970959 | AU24: -0.15308751 | AV24: -0.13979487 | AW24: -0.1440167 | AX24: -0.15368284 | AY24: -0.15351345 | AZ24: -0.095709298 | BA24: -0.11095293 | BB24: -0.095212559 | BC24: -0.093310737 | BD24: -0.075983119 | BE24: -0.061633253 | BF24: -0.015687147 | BG24: 0.055165223 | BH24: 0.11618104 | BI24: 0.11736763 | BJ24: 0.15926824 | BK24: 0.13113734 | BL24: 0.12934624 | BM24: 0.11080938 | BN24: 0.083247915 | BO24: 0.059661735 | BP24: -0.027842838 | BQ24: -0.083837171 | BR24: -0.098636235 | BS24: -0.17203267 | BT24: -0.16976893 | BU24: -0.15096321 | BV24: -0.17234085 | BW24: -0.11455825 | BX24: -0.043482587 | BY24: -0.058059444 | BZ24: -0.050668451 | CA24: -0.11039633 | CB24: -0.14831388 | CC24: -0.12893823 | CD24: -0.13117388 | CE24: -0.14959659 | CF24: -0.13031758 | CG24: -0.12078136 | CH24: -0.14029711 | CI24: -0.11493838 | CJ24: -0.10909057 | CK24: -0.18122052 | CL24: -0.172431 | CM24: -0.11392977 | CN24: -0.10151527 | CO24: 0.025482639 | CP24: -0.036711074 | CQ24: -0.010616469 | CR24: -0.083157353 | CS24: -0.18551815 | CT24: -0.20052039 | CU24: -0.27636575 | CV24: -0.35386044 | CW24: -0.31859615 | CX24: -0.29385498 | CY24: -0.3154509 | CZ24: -0.28724628 | DA24: -0.2907375 | DB24: -0.27872498 | DC24: -0.2344703 | DD24: -0.24530244 | DE24: -0.24574799 | DF24: -0.25493183 | DG24: -0.2401097 | DH24: -0.24899743 | DI24: -0.27490561 | DJ24: -0.30693708 | DK24: -0.302071 | DL24: -0.30483321 | DM24: -0.3212679 | DN24: -0.3446591 | DO24: -0.33763708 | DP24: -0.32949047 | DQ24: -0.32067688 | DR24: -0.31146969 | DS24: -0.32143063 | DT24: -0.30113109 | DU24: -0.28027279 | DV24: -0.26321608 | DW24: -0.28582611 | DX24: -0.27334368 | DY24: -0.26191136 | DZ24: -0.25470826 | EA24: -0.25985808 | EB24: -0.35198277 | EC24: -0.31435915 | ED24: -0.29928544 | EE24: -0.26146226 | EF24: -0.28795174 | EG24: -0.32204409
C25: 50 | D25: -0.033228978 | E25: 0.103708 | F25: 0.050817487 | G25: 0.069687864 | H25: 0.089108799 | I25: 0.076575051 | J25: 0.10898011 | K25: 0.15914102 | L25: 0.21805722 | M25: 0.28659862 | N25: 0.26212531 | O25: 0.10555669 | P25: 0.10720884 | Q25: 0.1204616 | R25: 0.17592556 | S25: 0.18939364 | T25: 0.23900997 | U25: 0.24176185 | V25: 0.22339691 | W25: 0.20695327 | X25: 0.18075968 | Y25: -0.076776442 | Z25: -0.10631245 | AA25: -0.0020155129 | AB25: -0.10172003 | AC25: -0.12627539 | AD25: -0.1289722 | AE25: -0.068109486 | AF25: -0.073404957 | AG25: 0.015622383 | AH25: -0.010102616 | AI25: 0.07003174 | AJ25: 0.13771474 | AK25: 0.11929542 | AL25: 0.10958232 | AM25: 0.16642643 | AN25: 0.13374989 | AO25: 0.1120584 | AP25: 0.15436594 | AQ25: 0.14472492 | AR25: 0.11068838 | AS25: 0.10226638 | AT25: 0.10961776 | AU25: 0.021510251 | AV25: 0.080167018 | AW25: 0.066866543 | AX25: 0.070950125 | AY25: 0.059581837 | AZ25: 0.21136536 | BA25: 0.17344724 | BB25: 0.24945237 | BC25: 0.28959452 | BD25: 0.25283375 | BE25: 0.31826809 | BF25: 0.41849212 | BG25: 0.57477098 | BH25: 0.73299575 | BI25: 0.89096461 | BJ25: 1.0248662 | BK25: 0.88595192 | BL25: 0.87467531 | BM25: 0.85287836 | BN25: 0.82113803 | BO25: 0.81242604 | BP25: 0.7759221 | BQ25: 0.65104042 | BR25: 0.68021725 | BS25: 0.53432703 | BT25: 0.5421004 | BU25: 0.58287014 | BV25: 0.46140845 | BW25: 0.61013491 | BX25: 0.63586526 | BY25: 0.48507493 | BZ25: 0.54829604 | CA25: 0.28798636 | CB25: 0.2220798 | CC25: 0.36428963 | CD25: 0.31518373 | CE25: 0.35848798 | CF25: 0.41698505 | CG25: 0.44636666 | CH25: 0.38793282 | CI25: 0.39085114 | CJ25: 0.32412297 | CK25: 0.15818771 | CL25: 0.24458849 | CM25: 0.35890608 | CN25: 0.35197959 | CO25: 0.63386267 | CP25: 0.43998855 | CQ25: 0.47712985 | CR25: 0.34056509 | CS25: 0.062103293 | CT25: 0.073194948 | CU25: -0.033777995 | CV25: -0.13189301 | CW25: -0.080956764 | CX25: -0.039816819 | CY25: -0.12684708 | CZ25: -0.042709078 | DA25: -0.052570515 | DB25: -0.10595995 | DC25: -0.025282655 | DD25: -0.06719408 | DE25: -0.072464862 | DF25: -0.059370076 | DG25: -0.03810434 | DH25: -0.064038734 | DI25: -0.062853586 | DJ25: -0.18012845 | DK25: -0.17291847 | DL25: -0.1161877 | DM25: -0.17236113 | DN25: -0.18961164 | DO25: -0.18825942 | DP25: -0.18725415 | DQ25: -0.20186778 | DR25: -0.17602047 | DS25: -0.18053925 | DT25: -0.10724853 | DU25: -0.10032587 | DV25: 0.0066612045 | DW25: -0.043326196 | DX25: 0.0085147222 | DY25: 0.041636788 | DZ25: 0.080041753 | EA25: 0.05568515 | EB25: -0.010730837 | EC25: 0.076481927 | ED25: 0.12305055 | EE25: 0.21109689 | EF25: 0.15961832 | EG25: 0.061107141
C26: 100 | D26: -0.036350225 | E26: 0.22675977 | F26: 0.10979484 | G26: 0.12460412 | H26: 0.12454686 | I26: 0.12314823 | J26: 0.21220613 | K26: 0.28750984 | L26: 0.40919857 | M26: 0.52358471 | N26: 0.52033488 | O26: 0.31536597 | P26: 0.29922538 | Q26: 0.30513716 | R26: 0.37399267 | S26: 0.32767378 | T26: 0.44525374 | U26: 0.43574683 | V26: 0.44735936 | W26: 0.44656149 | X26: 0.43776726 | Y26: 0.075646524 | Z26: 0.026124473 | AA26: 0.090466705 | AB26: -0.084935284 | AC26: -0.10521897 | AD26: -0.10135561 | AE26: -0.027924341 | AF26: -0.01263603 | AG26: 0.12334994 | AH26: 0.073557969 | AI26: 0.21630614 | AJ26: 0.31224397 | AK26: 0.34137726 | AL26: 0.42214425 | AM26: 0.46816508 | AN26: 0.499068 | AO26: 0.44585039 | AP26: 0.52014472 | AQ26: 0.38248745 | AR26: 0.33209119 | AS26: 0.30846812 | AT26: 0.37223398 | AU26: 0.27481935 | AV26: 0.37320236 | AW26: 0.24313804 | AX26: 0.21475963 | AY26: 0.14865721 | AZ26: 0.37839585 | BA26: 0.37058369 | BB26: 0.56706073 | BC26: 0.61464614 | BD26: 0.56469433 | BE26: 0.65847074 | BF26: 0.78253799 | BG26: 1.0093701 | BH26: 1.2689202 | BI26: 1.3847355 | BJ26: 1.6373677 | BK26: 1.2942191 | BL26: 1.3812245 | BM26: 1.3700306 | BN26: 1.3436604 | BO26: 1.2041382 | BP26: 1.1403546 | BQ26: 0.84439575 | BR26: 0.89643384 | BS26: 0.64648324 | BT26: 0.6474025 | BU26: 0.80456435 | BV26: 0.73154054 | BW26: 1.0165415 | BX26: 0.98797282 | BY26: 0.97678811 | BZ26: 0.98171475 | CA26: 0.6861492 | CB26: 0.46706204 | CC26: 0.70455432 | CD26: 0.60020631 | CE26: 0.52481345 | CF26: 0.68116086 | CG26: 0.75716727 | CH26: 0.53708728 | CI26: 0.55527849 | CJ26: 0.50690811 | CK26: 0.42106324 | CL26: 0.54288293 | CM26: 0.75482956 | CN26: 0.67300794 | CO26: 1.1363846 | CP26: 0.71026942 | CQ26: 0.86855822 | CR26: 0.74319849 | CS26: 0.42682726 | CT26: 0.52019301 | CU26: 0.26368162 | CV26: 0.106922 | CW26: 0.20061392 | CX26: 0.23191644 | CY26: 0.044187427 | CZ26: 0.14124246 | DA26: 0.11412273 | DB26: 0.17861055 | DC26: 0.42572205 | DD26: 0.32921145 | DE26: 0.31101273 | DF26: 0.31080271 | DG26: 0.369396 | DH26: 0.31810208 | DI26: 0.27473326 | DJ26: 0.13373534 | DK26: 0.20178642 | DL26: 0.3898825 | DM26: 0.30296319 | DN26: 0.30876449 | DO26: 0.33118139 | DP26: 0.31150785 | DQ26: 0.252395 | DR26: 0.30625132 | DS26: 0.34605625 | DT26: 0.35894008 | DU26: 0.43058176 | DV26: 0.70044763 | DW26: 0.53567059 | DX26: 0.55045764 | DY26: 0.62842285 | DZ26: 0.64534666 | EA26: 0.59948343 | EB26: 0.52998392 | EC26: 0.64518313 | ED26: 0.77047547 | EE26: 0.96639634 | EF26: 0.86936613 | EG26: 0.57085932
C27: 192 | D27: 0.011241332 | E27: 0.23632989 | F27: 0.055671304 | G27: 0.080818137 | H27: 0.059111793 | I27: 0.071379512 | J27: 0.27050951 | K27: 0.45764048 | L27: 0.77063161 | M27: 0.78656689 | N27: 0.64771808 | O27: 0.06027102 | P27: 0.11314131 | Q27: 0.11053895 | R27: 0.20858707 | S27: 0.12569144 | T27: 0.30955616 | U27: 0.23126626 | V27: 0.42998583 | W27: 0.20431074 | X27: 0.24969814 | Y27: -0.029463316 | Z27: -0.1124747 | AA27: -0.046773713 | AB27: -0.17115389 | AC27: -0.19842172 | AD27: -0.16054854 | AE27: -0.13789401 | AF27: 0.023835156 | AG27: 0.25266008 | AH27: 0.21237046 | AI27: 0.47502137 | AJ27: 0.63782498 | AK27: 0.70607716 | AL27: 0.7489637 | AM27: 0.78530763 | AN27: 0.70775106 | AO27: 0.64892839 | AP27: 0.56795233 | AQ27: 0.34887763 | AR27: 0.3039489 | AS27: 0.34272704 | AT27: 0.39951327 | AU27: 0.06485641 | AV27: 0.21720823 | AW27: -0.069456927 | AX27: -0.091760462 | AY27: -0.11633475 | AZ27: 0.1973094 | BA27: 0.16355382 | BB27: 0.1753332 | BC27: 0.24830114 | BD27: 0.54806901 | BE27: 0.5937969 | BF27: 0.56149102 | BG27: 0.65494525 | BH27: 0.74768727 | BI27: 0.81255629 | BJ27: 0.9604602 | BK27: 0.86412361 | BL27: 0.89761001 | BM27: 0.89922283 | BN27: 0.88132797 | BO27: 0.7714956 | BP27: 0.65518637 | BQ27: 0.32542554 | BR27: 0.38577932 | BS27: 0.08895917 | BT27: 0.085563039 | BU27: 0.13876408 | BV27: 0.057511656 | BW27: 0.19439351 | BX27: 0.1110437 | BY27: 0.12402599 | BZ27: 0.029319098 | CA27: 0.06804643 | CB27: -0.068421065 | CC27: 0.092427995 | CD27: 0.049520574 | CE27: -0.14869137 | CF27: 0.11103585 | CG27: 0.12669586 | CH27: 0.031844606 | CI27: 0.031611629 | CJ27: -0.063220779 | CK27: -0.20932982 | CL27: -0.15277259 | CM27: 0.0068594674 | CN27: 0.086859212 | CO27: 0.22807186 | CP27: -0.035065932 | CQ27: 0.091776257 | CR27: 0.010654411 | CS27: -0.18691449 | CT27: -0.16818222 | CU27: -0.26013465 | CV27: -0.36869362 | CW27: -0.35156183 | CX27: -0.30753048 | CY27: -0.40804533 | CZ27: -0.34827764 | DA27: -0.35679085 | DB27: -0.21231356 | DC27: 0.08896856 | DD27: 0.048314847 | DE27: 0.04549185 | DF27: 0.0063666138 | DG27: 0.099280303 | DH27: 0.048370174 | DI27: 0.01186684 | DJ27: -0.11952378 | DK27: 0.00071237105 | DL27: 0.11369653 | DM27: 0.042234134 | DN27: 0.036694888 | DO27: 0.091878698 | DP27: 0.086540761 | DQ27: 0.05479149 | DR27: 0.12861575 | DS27: 0.22816969 | DT27: 0.31388704 | DU27: 0.27488386 | DV27: 0.62247371 | DW27: 0.39299109 | DX27: 0.48116623 | DY27: 0.54369752 | DZ27: 0.5568319 | EA27: 0.46142059 | EB27: 0.47008038 | EC27: 0.77916403 | ED27: 1.0122454 | EE27: 1.1286087 | EF27: 1.0859991 | EG27: 0.64889521
C28: 964 | D28: 0.027766967 | E28: -0.056497981 | F28: 0.020756281 | G28: -0.19400853 | H28: -0.23932259 | I28: -0.50618511 | J28: -0.3874788 | K28: -0.38500683 | L28: -0.35398391 | M28: -0.13836994 | N28: -0.26487389 | O28: -0.29833171 | P28: -0.27261642 | Q28: -0.25530975 | R28: -0.29889376 | S28: -0.44312498 | T28: -0.35282872 | U28: -0.34720611 | V28: -0.14275365 | W28: -0.039994781 | X28: -0.38412151 | Y28: -0.62701184 | Z28: -0.62170746 | AA28: -0.5648085 | AB28: -0.65991725 | AC28: -0.5577585 | AD28: -0.38008915 | AE28: -0.41723554 | AF28: -0.4217176 | AG28: -0.13524262 | AH28: 0.19341308 | AI28: -0.16714417 | AJ28: 0.016253218 | AK28: -0.027506805 | AL28: 0.044907076 | AM28: 0.15718697 | AN28: 0.16729542 | AO28: 0.038121609 | AP28: -0.068707025 | AQ28: 0.31909132 | AR28: -0.15115409 | AS28: -0.13387936 | AT28: -0.13672611 | AU28: -0.26688103 | AV28: -0.098380222 | AW28: -0.12273564 | AX28: -0.025628838 | AY28: -0.11094709 | AZ28: -0.24540169 | BA28: -0.34740435 | BB28: -0.23504776 | BC28: -0.1605325 | BD28: -0.16419834 | BE28: -0.1712714 | BF28: -0.35800502 | BG28: -0.35459781 | BH28: -0.20090044 | BI28: 0.10640003 | BJ28: 0.12066042 | BK28: 0.18853574 | BL28: 0.35029047 | BM28: 0.10045727 | BN28: 0.007157266 | BO28: -0.012875252 | BP28: 0.045515835 | BQ28: -0.54748884 | BR28: -0.56116362 | BS28: -0.76549419 | BT28: -0.83561008 | BU28: -0.83338008 | BV28: -0.90402914 | BW28: -0.84861876 | BX28: -0.86773328 | BY28: -0.88300689 | BZ28: -0.89028578 | CA28: -0.87113798 | CB28: -0.88213663 | CC28: -0.87457839 | CD28: -0.90134264 | CE28: -0.96954763 | CF28: -0.9699013 | CG28: -0.97654106 | CH28: -0.98265443 | CI28: -0.97947754 | CJ28: -0.98245206 | CK28: -0.9774368 | CL28: -0.97584818 | CM28: -0.97378028 | CN28: -0.97260856 | CO28: -0.95701947 | CP28: -0.97731973 | CQ28: -0.9782139 | CR28: -0.97709322 | CS28: -0.98024949 | CT28: -0.97517748 | CU28: -0.97771168 | CV28: -0.97888692 | CW28: -0.97699253 | CX28: -0.98239913 | CY28: -0.98498108 | CZ28: -0.97957085 | DA28: -0.97625914 | DB28: -0.95695729 | DC28: -0.91614809 | DD28: -0.93985552 | DE28: -0.93808168 | DF28: -0.94497103 | DG28: -0.93943031 | DH28: -0.95267814 | DI28: -0.95659391 | DJ28: -0.97292107 | DK28: -0.96670997 | DL28: -0.95938435 | DM28: -0.96560916 | DN28: -0.97011587 | DO28: -0.96785432 | DP28: -0.96617189 | DQ28: -0.96576886 | DR28: -0.96409785 | DS28: -0.95162996 | DT28: -0.94466433 | DU28: -0.94629318 | DV28: -0.90490975 | DW28: -0.93548116 | DX28: -0.95010483 | DY28: -0.94870066 | DZ28: -0.94019589 | EA28: -0.93670911 | EB28: -0.93524257 | EC28: -0.89212658 | ED28: -0.91981244 | EE28: -0.9265915 | EF28: -0.92920954 | EG28: -0.93833852
C29: 大盤 | D29: -0.017446771 | E29: 0.0028931233 | F29: 0.026944636 | G29: 0.020210365 | H29: 0.052699097 | I29: 0.088857766 | J29: 0.079869319 | K29: 0.093738646 | L29: 0.037937714 | M29: 0.038844813 | N29: 0.063142952 | O29: 0.076952086 | P29: 0.083257197 | Q29: 0.11295275 | R29: 0.10882043 | S29: 0.13551707 | T29: 0.12167509 | U29: 0.077088976 | V29: -0.0017059521 | W29: -0.059866793 | X29: -0.05914026 | Y29: -0.017185893 | Z29: -0.04440953 | AA29: -0.042407562 | AB29: -0.064815753 | AC29: -0.034768871 | AD29: 0.0027817794 | AE29: -0.040202845 | AF29: -0.02230532 | AG29: -0.007415257 | AH29: 0.028334274 | AI29: 0.037953942 | AJ29: 0.049110132 | AK29: 0.063123887 | AL29: 0.057454516 | AM29: 0.058917119 | AN29: 0.080938284 | AO29: 0.11500697 | AP29: 0.12196653 | AQ29: 0.12886131 | AR29: 0.1479914 | AS29: 0.18780699 | AT29: 0.19148751 | AU29: 0.20945675 | AV29: 0.18617325 | AW29: 0.23209181 | AX29: 0.20516204 | AY29: 0.21453133 | AZ29: 0.26602411 | BA29: 0.23271632 | BB29: 0.24451557 | BC29: 0.21433639 | BD29: 0.23882151 | BE29: 0.23447944 | BF29: 0.25935659 | BG29: 0.2600887 | BH29: 0.25351141 | BI29: 0.10826484 | BJ29: 0.1179347 | BK29: 0.099625989 | BL29: 0.1225426 | BM29: 0.17302994 | BN29: 0.20112905 | BO29: 0.23745012 | BP29: 0.18334151 | BQ29: 0.20924423 | BR29: 0.2196769 | BS29: 0.1962677 | BT29: 0.2198762 | BU29: 0.27805738 | BV29: 0.2926973 | BW29: 0.34857882 | BX29: 0.29093054 | BY29: 0.2679374 | BZ29: 0.076284733 | CA29: 0.20998513 | CB29: 0.20447092 | CC29: 0.27699361 | CD29: 0.38680489 | CE29: 0.37874966 | CF29: 0.37042015 | CG29: 0.37378087 | CH29: 0.49692144 | CI29: 0.60319198 | CJ29: 0.64675174 | CK29: 0.73315421 | CL29: 0.78424874 | CM29: 0.90348131 | CN29: 0.84871391 | CO29: 0.92166881 | CP29: 0.86588068 | CQ29: 0.89197294 | CR29: 0.83090579 | CS29: 0.83658815 | CT29: 0.88358985 | CU29: 0.96720595 | CV29: 0.90752297 | CW29: 0.90512335 | CX29: 0.9095744 | CY29: 0.78685724 | CZ29: 0.80992517 | DA29: 0.58282102 | DB29: 0.60132527 | DC29: 0.61147422 | DD29: 0.42243967 | DE29: 0.37121637 | DF29: 0.56169383 | DG29: 0.48182333 | DH29: 0.59552578 | DI29: 0.62027044 | DJ29: 0.65789923 | DK29: 0.62743886 | DL29: 0.72866395 | DM29: 0.76340716 | DN29: 0.78721129 | DO29: 0.73314419 | DP29: 0.70364117 | DQ29: 0.66652134 | DR29: 0.80941825 | DS29: 0.86027511 | DT29: 0.8559906 | DU29: 0.96451259 | DV29: 1.0974294 | DW29: 1.1079602 | DX29: 1.186832 | DY29: 1.3707686 | DZ29: 1.2834475 | EA29: 1.2905073 | EB29: 1.2860233 | EC29: 1.3465094 | ED29: 1.2884274 | EE29: 1.3664982 | EF29: 1.4163413 | EG29: 1.3673442

Sheet 真實OLS再投資累積報酬
C3: 投資組合 | D3: 964
C4: 等分 | D4: 2014/01 | E4: 2014/02 | F4: 2014/03 | G4: 2014/04 | H4: 2014/05 | I4: 2014/06 | J4: 2014/07 | K4: 2014/08 | L4: 2014/09 | M4: 2014/10 | N4: 2014/11 | O4: 2014/12 | P4: 2015/01 | Q4: 2015/02 | R4: 2015/03 | S4: 2015/04 | T4: 2015/05 | U4: 2015/06 | V4: 2015/07 | W4: 2015/08 | X4: 2015/09 | Y4: 2015/10 | Z4: 2015/11 | AA4: 2015/12 | AB4: 2016/01 | AC4: 2016/02 | AD4: 2016/03 | AE4: 2016/04 | AF4: 2016/05 | AG4: 2016/06 | AH4: 2016/07 | AI4: 2016/08 | AJ4: 2016/09 | AK4: 2016/10 | AL4: 2016/11 | AM4: 2016/12 | AN4: 2017/01 | AO4: 2017/02 | AP4: 2017/03 | AQ4: 2017/04 | AR4: 2017/05 | AS4: 2017/06 | AT4: 2017/07 | AU4: 2017/08 | AV4: 2017/09 | AW4: 2017/10 | AX4: 2017/11 | AY4: 2017/12 | AZ4: 2018/01 | BA4: 2018/02 | BB4: 2018/03 | BC4: 2018/04 | BD4: 2018/05 | BE4: 2018/06 | BF4: 2018/07 | BG4: 2018/08 | BH4: 2018/09 | BI4: 2018/10 | BJ4: 2018/11 | BK4: 2018/12 | BL4: 2019/01 | BM4: 2019/02 | BN4: 2019/03 | BO4: 2019/04 | BP4: 2019/05 | BQ4: 2019/06 | BR4: 2019/07 | BS4: 2019/08 | BT4: 2019/09 | BU4: 2019/10 | BV4: 2019/11 | BW4: 2019/12 | BX4: 2020/01 | BY4: 2020/02 | BZ4: 2020/03 | CA4: 2020/04 | CB4: 2020/05 | CC4: 2020/06 | CD4: 2020/07 | CE4: 2020/08 | CF4: 2020/09 | CG4: 2020/10 | CH4: 2020/11 | CI4: 2020/12 | CJ4: 2021/01 | CK4: 2021/02 | CL4: 2021/03 | CM4: 2021/04 | CN4: 2021/05 | CO4: 2021/06 | CP4: 2021/07 | CQ4: 2021/08 | CR4: 2021/09 | CS4: 2021/10 | CT4: 2021/11 | CU4: 2021/12 | CV4: 2022/01 | CW4: 2022/02 | CX4: 2022/03 | CY4: 2022/04 | CZ4: 2022/05 | DA4: 2022/06 | DB4: 2022/07 | DC4: 2022/08 | DD4: 2022/09 | DE4: 2022/10 | DF4: 2022/11 | DG4: 2022/12 | DH4: 2023/01 | DI4: 2023/02 | DJ4: 2023/03 | DK4: 2023/04 | DL4: 2023/05 | DM4: 2023/06 | DN4: 2023/07 | DO4: 2023/08 | DP4: 2023/09 | DQ4: 2023/10 | DR4: 2023/11 | DS4: 2023/12 | DT4: 2024/01 | DU4: 2024/02 | DV4: 2024/03 | DW4: 2024/04 | DX4: 2024/05 | DY4: 2024/06 | DZ4: 2024/07 | EA4: 2024/08 | EB4: 2024/09 | EC4: 2024/10 | ED4: 2024/11 | EE4: 2024/12 | EF4: 2025/01 | EG4: 2025/02
C5: 10 | D5: {=PRODUCT(1 + 真實IC!$C14:C14) - 1} -> 0.014499247 | E5: {=PRODUCT(1 + 真實IC!$C14:D14) - 1} -> -0.00039213246 | F5: {=PRODUCT(1 + 真實IC!$C14:E14) - 1} -> 0.0010010456 | G5: {=PRODUCT(1 + 真實IC!$C14:F14) - 1} -> -0.055014357 | H5: {=PRODUCT(1 + 真實IC!$C14:G14) - 1} -> -0.015361385 | I5: {=PRODUCT(1 + 真實IC!$C14:H14) - 1} -> -0.024813186 | J5: {=PRODUCT(1 + 真實IC!$C14:I14) - 1} -> 0.0090323693 | K5: {=PRODUCT(1 + 真實IC!$C14:J14) - 1} -> 0.032546476 | ... EG5: {=PRODUCT(1 + 真實IC!$C14:EF14) - 1} -> 30.252548
C6: 20 | D6: {=PRODUCT(1 + 真實IC!$C15:C15) - 1} -> -0.0074773642 | E6: {=PRODUCT(1 + 真實IC!$C15:D15) - 1} -> -0.0020613071 | F6: {=PRODUCT(1 + 真實IC!$C15:E15) - 1} -> 0.0034509337 | G6: {=PRODUCT(1 + 真實IC!$C15:F15) - 1} -> -0.056742603 | H6: {=PRODUCT(1 + 真實IC!$C15:G15) - 1} -> -0.027811882 | I6: {=PRODUCT(1 + 真實IC!$C15:H15) - 1} -> -0.044716665 | J6: {=PRODUCT(1 + 真實IC!$C15:I15) - 1} -> 0.010770031 | K6: {=PRODUCT(1 + 真實IC!$C15:J15) - 1} -> 0.051055973 | ... EG6: {=PRODUCT(1 + 真實IC!$C15:EF15) - 1} -> 82.330738
C7: 50 | D7: {=PRODUCT(1 + 真實IC!$C16:C16) - 1} -> -0.033228978 | E7: {=PRODUCT(1 + 真實IC!$C16:D16) - 1} -> 0.103708 | F7: {=PRODUCT(1 + 真實IC!$C16:E16) - 1} -> 0.15659851 | G7: {=PRODUCT(1 + 真實IC!$C16:F16) - 1} -> 0.086807151 | H7: {=PRODUCT(1 + 真實IC!$C16:G16) - 1} -> 0.089154554 | I7: {=PRODUCT(1 + 真實IC!$C16:H16) - 1} -> 0.10168883 | J7: {=PRODUCT(1 + 真實IC!$C16:I16) - 1} -> 0.13379853 | K7: {=PRODUCT(1 + 真實IC!$C16:J16) - 1} -> 0.21551641 | ... EG7: {=PRODUCT(1 + 真實IC!$C16:EF16) - 1} -> 289.76465
C8: 100 | D8: {=PRODUCT(1 + 真實IC!$C17:C17) - 1} -> -0.036350225 | E8: {=PRODUCT(1 + 真實IC!$C17:D17) - 1} -> 0.22675977 | F8: {=PRODUCT(1 + 真實IC!$C17:E17) - 1} -> 0.34372469 | G8: {=PRODUCT(1 + 真實IC!$C17:F17) - 1} -> 0.39064949 | H8: {=PRODUCT(1 + 真實IC!$C17:G17) - 1} -> 0.524277 | I8: {=PRODUCT(1 + 真實IC!$C17:H17) - 1} -> 0.52617278 | J8: {=PRODUCT(1 + 真實IC!$C17:I17) - 1} -> 0.5612286 | K8: {=PRODUCT(1 + 真實IC!$C17:J17) - 1} -> 0.59121605 | ... EG8: {=PRODUCT(1 + 真實IC!$C17:EF17) - 1} -> 1251.5993
C9: 107 | D9: {=PRODUCT(1 + 真實IC!$C18:C18) - 1} -> -0.03943539 | E9: {=PRODUCT(1 + 真實IC!$C18:D18) - 1} -> 0.18566138 | F9: {=PRODUCT(1 + 真實IC!$C18:E18) - 1} -> 0.28846316 | G9: {=PRODUCT(1 + 真實IC!$C18:F18) - 1} -> 0.38988515 | H9: {=PRODUCT(1 + 真實IC!$C18:G18) - 1} -> 0.54142593 | I9: {=PRODUCT(1 + 真實IC!$C18:H18) - 1} -> 0.54242685 | J9: {=PRODUCT(1 + 真實IC!$C18:I18) - 1} -> 0.58444298 | K9: {=PRODUCT(1 + 真實IC!$C18:J18) - 1} -> 0.65004997 | ... EG9: {=PRODUCT(1 + 真實IC!$C18:EF18) - 1} -> 1674.7393
C10: 120 | D10: {=PRODUCT(1 + 真實IC!$C19:C19) - 1} -> -0.038913469 | E10: {=PRODUCT(1 + 真實IC!$C19:D19) - 1} -> 0.12307513 | F10: {=PRODUCT(1 + 真實IC!$C19:E19) - 1} -> 0.23164405 | G10: {=PRODUCT(1 + 真實IC!$C19:F19) - 1} -> 0.33110197 | H10: {=PRODUCT(1 + 真實IC!$C19:G19) - 1} -> 0.51044488 | I10: {=PRODUCT(1 + 真實IC!$C19:H19) - 1} -> 0.49844763 | J10: {=PRODUCT(1 + 真實IC!$C19:I19) - 1} -> 0.53473859 | K10: {=PRODUCT(1 + 真實IC!$C19:J19) - 1} -> 0.57887127 | ... EG10: {=PRODUCT(1 + 真實IC!$C19:EF19) - 1} -> 1781.57
C11: 137 | D11: {=PRODUCT(1 + 真實IC!$C20:C20) - 1} -> -0.059146798 | E11: {=PRODUCT(1 + 真實IC!$C20:D20) - 1} -> 0.11398796 | F11: {=PRODUCT(1 + 真實IC!$C20:E20) - 1} -> 0.2259166 | G11: {=PRODUCT(1 + 真實IC!$C20:F20) - 1} -> 0.37227015 | H11: {=PRODUCT(1 + 真實IC!$C20:G20) - 1} -> 0.5973141 | I11: {=PRODUCT(1 + 真實IC!$C20:H20) - 1} -> 0.58354169 | J11: {=PRODUCT(1 + 真實IC!$C20:I20) - 1} -> 0.63205619 | K11: {=PRODUCT(1 + 真實IC!$C20:J20) - 1} -> 0.61306772 | ... EG11: {=PRODUCT(1 + 真實IC!$C20:EF20) - 1} -> 2600.1984
C12: 160 | D12: {=PRODUCT(1 + 真實IC!$C21:C21) - 1} -> -0.07386193 | E12: {=PRODUCT(1 + 真實IC!$C21:D21) - 1} -> 0.12946508 | F12: {=PRODUCT(1 + 真實IC!$C21:E21) - 1} -> 0.28824943 | G12: {=PRODUCT(1 + 真實IC!$C21:F21) - 1} -> 0.51715675 | H12: {=PRODUCT(1 + 真實IC!$C21:G21) - 1} -> 0.87489498 | I12: {=PRODUCT(1 + 真實IC!$C21:H21) - 1} -> 0.89752269 | J12: {=PRODUCT(1 + 真實IC!$C21:I21) - 1} -> 0.92802535 | K12: {=PRODUCT(1 + 真實IC!$C21:J21) - 1} -> 0.86193897 | ... EG12: {=PRODUCT(1 + 真實IC!$C21:EF21) - 1} -> 3851.3823
C13: 192 | D13: {=PRODUCT(1 + 真實IC!$C22:C22) - 1} -> 0.011241332 | E13: {=PRODUCT(1 + 真實IC!$C22:D22) - 1} -> 0.23632989 | F13: {=PRODUCT(1 + 真實IC!$C22:E22) - 1} -> 0.41698848 | G13: {=PRODUCT(1 + 真實IC!$C22:F22) - 1} -> 0.70822392 | H13: {=PRODUCT(1 + 真實IC!$C22:G22) - 1} -> 1.2323568 | I13: {=PRODUCT(1 + 真實IC!$C22:H22) - 1} -> 1.2064994 | J13: {=PRODUCT(1 + 真實IC!$C22:I22) - 1} -> 1.2638799 | K13: {=PRODUCT(1 + 真實IC!$C22:J22) - 1} -> 1.166871 | ... EG13: {=PRODUCT(1 + 真實IC!$C22:EF22) - 1} -> 4300.3651
C14: 241 | D14: {=PRODUCT(1 + 真實IC!$C23:C23) - 1} -> 0.010384834 | E14: {=PRODUCT(1 + 真實IC!$C23:D23) - 1} -> 0.33876827 | F14: {=PRODUCT(1 + 真實IC!$C23:E23) - 1} -> 0.39729595 | G14: {=PRODUCT(1 + 真實IC!$C23:F23) - 1} -> 0.65445231 | H14: {=PRODUCT(1 + 真實IC!$C23:G23) - 1} -> 1.1106383 | I14: {=PRODUCT(1 + 真實IC!$C23:H23) - 1} -> 1.1905135 | J14: {=PRODUCT(1 + 真實IC!$C23:I23) - 1} -> 1.3118732 | K14: {=PRODUCT(1 + 真實IC!$C23:J23) - 1} -> 1.2207336 | ... EG14: {=PRODUCT(1 + 真實IC!$C23:EF23) - 1} -> 5703.4943
C15: 321 | D15: {=PRODUCT(1 + 真實IC!$C24:C24) - 1} -> 0.025922327 | E15: {=PRODUCT(1 + 真實IC!$C24:D24) - 1} -> 0.4541648 | F15: {=PRODUCT(1 + 真實IC!$C24:E24) - 1} -> 0.48649148 | G15: {=PRODUCT(1 + 真實IC!$C24:F24) - 1} -> 0.58732178 | H15: {=PRODUCT(1 + 真實IC!$C24:G24) - 1} -> 0.854338 | I15: {=PRODUCT(1 + 真實IC!$C24:H24) - 1} -> 1.2804751 | J15: {=PRODUCT(1 + 真實IC!$C24:I24) - 1} -> 1.4002456 | K15: {=PRODUCT(1 + 真實IC!$C24:J24) - 1} -> 1.3810972 | ... EG15: {=PRODUCT(1 + 真實IC!$C24:EF24) - 1} -> 6632.9596
C16: 482 | D16: {=PRODUCT(1 + 真實IC!$C25:C25) - 1} -> 0.031325685 | E16: {=PRODUCT(1 + 真實IC!$C25:D25) - 1} -> -0.060427879 | F16: {=PRODUCT(1 + 真實IC!$C25:E25) - 1} -> -0.046276431 | G16: {=PRODUCT(1 + 真實IC!$C25:F25) - 1} -> 0.12767901 | H16: {=PRODUCT(1 + 真實IC!$C25:G25) - 1} -> 0.28108155 | I16: {=PRODUCT(1 + 真實IC!$C25:H25) - 1} -> 0.6177629 | J16: {=PRODUCT(1 + 真實IC!$C25:I25) - 1} -> 0.70357753 | K16: {=PRODUCT(1 + 真實IC!$C25:J25) - 1} -> 0.81961306 | ... EG16: {=PRODUCT(1 + 真實IC!$C25:EF25) - 1} -> 1740.0556
C17: 964 | D17: {=PRODUCT(1 + 真實IC!$C26:C26) - 1} -> 0.027766967 | E17: {=PRODUCT(1 + 真實IC!$C26:D26) - 1} -> -0.056497981 | F17: {=PRODUCT(1 + 真實IC!$C26:E26) - 1} -> -0.13375224 | G17: {=PRODUCT(1 + 真實IC!$C26:F26) - 1} -> 0.040836286 | H17: {=PRODUCT(1 + 真實IC!$C26:G26) - 1} -> 0.017290083 | I17: {=PRODUCT(1 + 真實IC!$C26:H26) - 1} -> 0.37417802 | J17: {=PRODUCT(1 + 真實IC!$C26:I26) - 1} -> 0.44088291 | K17: {=PRODUCT(1 + 真實IC!$C26:J26) - 1} -> 0.4334328 | ... EG17: {=PRODUCT(1 + 真實IC!$C26:EF26) - 1} -> 79.65991
C18: 大盤 | D18: {=PRODUCT(1 + 真實IC!$C27:C27) - 1} -> -0.017446771 | E18: {=PRODUCT(1 + 真實IC!$C27:D27) - 1} -> 0.0028931233 | F18: {=PRODUCT(1 + 真實IC!$C27:E27) - 1} -> 0.026944636 | G18: {=PRODUCT(1 + 真實IC!$C27:F27) - 1} -> 0.020210365 | H18: {=PRODUCT(1 + 真實IC!$C27:G27) - 1} -> 0.052699097 | I18: {=PRODUCT(1 + 真實IC!$C27:H27) - 1} -> 0.088857766 | J18: {=PRODUCT(1 + 真實IC!$C27:I27) - 1} -> 0.079869319 | K18: {=PRODUCT(1 + 真實IC!$C27:J27) - 1} -> 0.093738646 | ... EG18: {=PRODUCT(1 + 真實IC!$C27:EF27) - 1} -> 1.3673442
