Workbook

Sheet 預測IC
A1: Predict
B2: Time | C2: 2013/12 | D2: 2014/01 | E2: 2014/02 | F2: 2014/03 | G2: 2014/04 | H2: 2014/05 | I2: 2014/06 | J2: 2014/07 | K2: 2014/08 | L2: 2014/09 | M2: 2014/10 | N2: 2014/11 | O2: 2014/12 | P2: 2015/01 | Q2: 2015/02 | R2: 2015/03 | S2: 2015/04 | T2: 2015/05 | U2: 2015/06 | V2: 2015/07 | W2: 2015/08 | X2: 2015/09 | Y2: 2015/10 | Z2: 2015/11 | AA2: 2015/12 | AB2: 2016/01 | AC2: 2016/02 | AD2: 2016/03 | AE2: 2016/04 | AF2: 2016/05 | AG2: 2016/06 | AH2: 2016/07 | AI2: 2016/08 | AJ2: 2016/09 | AK2: 2016/10 | AL2: 2016/11 | AM2: 2016/12 | AN2: 2017/01 | AO2: 2017/02 | AP2: 2017/03 | AQ2: 2017/04 | AR2: 2017/05 | AS2: 2017/06 | AT2: 2017/07 | AU2: 2017/08 | AV2: 2017/09 | AW2: 2017/10 | AX2: 2017/11 | AY2: 2017/12 | AZ2: 2018/01 | BA2: 2018/02 | BB2: 2018/03 | BC2: 2018/04 | BD2: 2018/05 | BE2: 2018/06 | BF2: 2018/07 | BG2: 2018/08 | BH2: 2018/09 | BI2: 2018/10 | BJ2: 2018/11 | BK2: 2018/12 | BL2: 2019/01 | BM2: 2019/02 | BN2: 2019/03 | BO2: 2019/04 | BP2: 2019/05 | BQ2: 2019/06 | BR2: 2019/07 | BS2: 2019/08 | BT2: 2019/09 | BU2: 2019/10 | BV2: 2019/11 | BW2: 2019/12 | BX2: 2020/01 | BY2: 2020/02 | BZ2: 2020/03 | CA2: 2020/04 | CB2: 2020/05 | CC2: 2020/06 | CD2: 2020/07 | CE2: 2020/08 | CF2: 2020/09 | CG2: 2020/10 | CH2: 2020/11 | CI2: 2020/12 | CJ2: 2021/01 | CK2: 2021/02 | CL2: 2021/03 | CM2: 2021/04 | CN2: 2021/05 | CO2: 2021/06 | CP2: 2021/07 | CQ2: 2021/08 | CR2: 2021/09 | CS2: 2021/10 | CT2: 2021/11 | CU2: 2021/12 | CV2: 2022/01 | CW2: 2022/02 | CX2: 2022/03 | CY2: 2022/04 | CZ2: 2022/05 | DA2: 2022/06 | DB2: 2022/07 | DC2: 2022/08 | DD2: 2022/09 | DE2: 2022/10 | DF2: 2022/11 | DG2: 2022/12 | DH2: 2023/01 | DI2: 2023/02 | DJ2: 2023/03 | DK2: 2023/04 | DL2: 2023/05 | DM2: 2023/06 | DN2: 2023/07 | DO2: 2023/08 | DP2: 2023/09 | DQ2: 2023/10 | DR2: 2023/11 | DS2: 2023/12 | DT2: 2024/01 | DU2: 2024/02 | DV2: 2024/03 | DW2: 2024/04 | DX2: 2024/05 | DY2: 2024/06 | DZ2: 2024/07 | EA2: 2024/08 | EB2: 2024/09 | EC2: 2024/10 | ED2: 2024/11 | EE2: 2024/12 | EF2: 2025/01
B3: mom1 | C3: -0.084296037 | D3: -0.028453094 | E3: -0.021896736 | F3: 0.0049927875 | G3: -0.12759725 | H3: 0.012816976 | I3: -0.048252078 | J3: -0.03769571 | K3: -0.094919957 | L3: -0.05809928 | M3: -0.03382241 | N3: 0.0089612257 | O3: -0.03212113 | P3: -0.032817403 | Q3: -0.046633806 | R3: -0.018320594 | S3: 0.0069135447 | T3: 0.0061760095 | U3: -0.031689833 | V3: -0.030298885 | W3: -0.0021307535 | X3: -0.086751883 | Y3: -0.037445057 | Z3: -0.046435733 | AA3: -0.046019081 | AB3: 0.015009172 | AC3: -0.0082020305 | AD3: 0.0080247193 | AE3: -0.014694865 | AF3: -0.025363234 | AG3: -0.0062780939 | AH3: -0.016290747 | AI3: -0.023747914 | AJ3: -0.0042027211 | AK3: -0.034839297 | AL3: -0.08603256 | AM3: -0.010445528 | AN3: -0.038234996 | AO3: -0.053682827 | AP3: -0.051607565 | AQ3: -0.10576687 | AR3: -0.016083889 | AS3: -0.070025962 | AT3: -0.025652004 | AU3: -0.032847243 | AV3: -0.021292943 | AW3: -0.013342953 | AX3: -0.0031210136 | AY3: -0.02905573 | AZ3: -0.0046051808 | BA3: -0.019629734 | BB3: -0.052320474 | BC3: 0.050930865 | BD3: -0.019246249 | BE3: 0.0093228681 | BF3: 0.068709222 | BG3: -0.050917387 | BH3: -0.0067289767 | BI3: 0.10163034 | BJ3: 0.067263981 | BK3: 0.050972985 | BL3: -0.04618489 | BM3: 0.025892876 | BN3: -0.026710333 | BO3: -0.049927813 | BP3: -0.0071747729 | BQ3: 0.0049605234 | BR3: 0.021221624 | BS3: -0.020949281 | BT3: -0.019188709 | BU3: -0.008492241 | BV3: 0.00094929292 | BW3: 0.0076663619 | BX3: -0.017806185 | BY3: -0.043971775 | BZ3: 0.030984032 | CA3: -0.0004806922 | CB3: 0.024421774 | CC3: -0.03139256 | CD3: 0.011642674 | CE3: -0.020740706 | CF3: -0.051309418 | CG3: -0.050579963 | CH3: -0.045668993 | CI3: -0.041886812 | CJ3: -0.013254799 | CK3: -0.056820905 | CL3: 0.011741601 | CM3: -0.009358498 | CN3: -0.047772208 | CO3: -0.015664503 | CP3: -0.030212116 | CQ3: -0.020150091 | CR3: -0.02206235 | CS3: 0.046777664 | CT3: -0.070356072 | CU3: -0.052592098 | CV3: -0.022595184 | CW3: -0.028634971 | CX3: -0.020095476 | CY3: -0.0068682508 | CZ3: -0.0083664722 | DA3: -0.012527147 | DB3: -0.034742487 | DC3: -0.035287016 | DD3: -0.040320739 | DE3: -0.018885248 | DF3: -0.0057070855 | DG3: 0.021545946 | DH3: -0.020355161 | DI3: 0.012775707 | DJ3: -0.028843413 | DK3: -0.013952374 | DL3: -0.020192651 | DM3: -0.038524102 | DN3: -0.036688151 | DO3: -0.04833259 | DP3: -0.028173829 | DQ3: -0.040410748 | DR3: -0.022062607 | DS3: 0.012081524 | DT3: -0.031258488 | DU3: -0.038229013 | DV3: -0.030951333 | DW3: -0.028482854 | DX3: -0.018710657 | DY3: -0.007841557 | DZ3: -0.052340509 | EA3: -0.00077639696 | EB3: -0.080836125 | EC3: -0.028180415 | ED3: -0.019637574 | EE3: -0.027325425 | EF3: -0.0069995168
B4: mom12 | C4: 0.031086562 | D4: 0.047767866 | E4: 0.029442859 | F4: 0.034256261 | G4: 0.036325841 | H4: 0.006332599 | I4: 0.069692227 | J4: 0.024401361 | K4: 0.045767937 | L4: 0.0314772 | M4: 0.042317701 | N4: -0.0018905536 | O4: -0.010245775 | P4: -0.0019796769 | Q4: 0.017536847 | R4: 0.0017624406 | S4: 0.021768037 | T4: 0.0059442181 | U4: 0.039464302 | V4: 0.06876214 | W4: 0.076546931 | X4: 0.031420375 | Y4: 0.07966016 | Z4: 0.085053838 | AA4: 0.091527942 | AB4: 0.049242917 | AC4: 0.085711746 | AD4: 0.071048822 | AE4: 0.10226172 | AF4: 0.069767586 | AG4: 0.0438662 | AH4: 0.021430809 | AI4: 0.079171444 | AJ4: 0.014593232 | AK4: 0.015906456 | AL4: 0.012273356 | AM4: 0.016922997 | AN4: 0.011423359 | AO4: 0.026535957 | AP4: 0.0011743756 | AQ4: 0.012771089 | AR4: 0.010317775 | AS4: 0.01697541 | AT4: 0.014166618 | AU4: 0.0082552446 | AV4: 0.023066346 | AW4: 0.023147919 | AX4: 0.023799649 | AY4: 0.014460876 | AZ4: 0.034728633 | BA4: 0.032672294 | BB4: 0.033982517 | BC4: 0.029035951 | BD4: 0.020288006 | BE4: -0.00028476376 | BF4: 0.0062749563 | BG4: 0.017906543 | BH4: 0.0063413702 | BI4: 0.0068454634 | BJ4: -0.060452063 | BK4: -0.013397291 | BL4: -0.034864653 | BM4: -0.021633195 | BN4: -0.016377984 | BO4: -0.0061762359 | BP4: -0.011117686 | BQ4: -0.0003618203 | BR4: -0.011873785 | BS4: -0.0034710975 | BT4: -0.025477536 | BU4: 0.0069430725 | BV4: -0.023398357 | BW4: -0.018522725 | BX4: 0.00059401307 | BY4: -0.014444654 | BZ4: 0.028941468 | CA4: 0.010229575 | CB4: 0.041552027 | CC4: 0.0057523362 | CD4: 0.0033523121 | CE4: 0.014197075 | CF4: -0.004569375 | CG4: -0.019029597 | CH4: -0.010788284 | CI4: 0.00063783894 | CJ4: -0.014108614 | CK4: 0.0086953487 | CL4: 0.0017359775 | CM4: 0.0040652307 | CN4: 0.0015994583 | CO4: -0.0043710701 | CP4: 0.0069698803 | CQ4: 0.010808053 | CR4: 0.0067308185 | CS4: 0.0039378843 | CT4: 0.0023343906 | CU4: 0.014161852 | CV4: 0.016578617 | CW4: -5.3767109e-05 | CX4: 0.0059573099 | CY4: -0.0031593002 | CZ4: 0.045647167 | DA4: -0.0086543633 | DB4: 0.004292258 | DC4: 0.023703575 | DD4: -0.016213709 | DE4: -0.0076176694 | DF4: -0.012475125 | DG4: 0.0092687208 | DH4: 0.022705826 | DI4: 0.023233119 | DJ4: 0.02163116 | DK4: 0.014060585 | DL4: 0.013527414 | DM4: 0.016738818 | DN4: -0.0037982045 | DO4: -0.014217691 | DP4: -0.011308714 | DQ4: -0.0079768897 | DR4: -0.021246794 | DS4: -0.0034573385 | DT4: -0.0031901923 | DU4: -0.0055752805 | DV4: 0.0012936465 | DW4: 0.0099671657 | DX4: 0.023796675 | DY4: 0.017423391 | DZ4: 0.024955597 | EA4: 0.01592509 | EB4: 0.020969357 | EC4: 0.035010762 | ED4: 0.024269625 | EE4: 0.027041592 | EF4: 0.033338079
B5: chmom | C5: -0.012769034 | D5: -0.080379557 | E5: -0.077795222 | F5: 0.0032339975 | G5: -0.049376852 | H5: -0.00047750875 | I5: -0.006410866 | J5: 0.0035346434 | K5: 0.03762383 | L5: 0.0098663401 | M5: 0.049079599 | N5: -0.052030404 | O5: -0.044621881 | P5: -0.0441503 | Q5: -0.041312605 | R5: -0.060858785 | S5: -0.0072576562 | T5: -0.0043309017 | U5: 0.002972276 | V5: -0.033837327 | W5: -0.065398147 | X5: 0.042224769 | Y5: 0.031967889 | Z5: 0.031174127 | AA5: 0.01903959 | AB5: -0.055678241 | AC5: 0.050430968 | AD5: 0.044867778 | AE5: -0.010455356 | AF5: -0.012711314 | AG5: -0.055209956 | AH5: -0.034749333 | AI5: -0.048839311 | AJ5: -0.047042933 | AK5: -0.031198327 | AL5: -0.04554627 | AM5: -0.034191704 | AN5: -0.030586555 | AO5: -0.028680839 | AP5: -0.031230965 | AQ5: -0.030843959 | AR5: -0.015263559 | AS5: -0.0073979911 | AT5: -0.0023343631 | AU5: -0.015139698 | AV5: -0.0025649844 | AW5: -0.0016685692 | AX5: -0.0077675325 | AY5: -0.0039317776 | AZ5: -0.017814331 | BA5: -0.010207532 | BB5: -0.0022441413 | BC5: -0.026053514 | BD5: -0.021648415 | BE5: -0.020364468 | BF5: -0.00279204 | BG5: -0.016380118 | BH5: -0.0170688 | BI5: 0.013178145 | BJ5: -0.005369774 | BK5: -0.03232371 | BL5: -0.04651313 | BM5: -0.065427689 | BN5: -0.028340079 | BO5: -0.068067015 | BP5: -0.057393521 | BQ5: -0.036663021 | BR5: -0.031607124 | BS5: 0.011799891 | BT5: -0.013009514 | BU5: -0.014311287 | BV5: 0.0018115701 | BW5: -0.030749639 | BX5: -0.018084769 | BY5: 0.00098999111 | BZ5: -0.013055744 | CA5: -0.0253284 | CB5: 0.038353479 | CC5: -0.016522259 | CD5: -0.00053755456 | CE5: -0.011252224 | CF5: -0.015260309 | CG5: -0.015347673 | CH5: -0.025082186 | CI5: -0.023339198 | CJ5: -0.01682036 | CK5: -0.0097529039 | CL5: -0.034307649 | CM5: -0.016145441 | CN5: -0.052400768 | CO5: -0.042581802 | CP5: -0.046556868 | CQ5: -0.020272322 | CR5: -0.0031058179 | CS5: -0.00087262058 | CT5: -0.039574466 | CU5: -0.029502153 | CV5: -0.022976063 | CW5: -0.0083811044 | CX5: -0.011353243 | CY5: -0.020845782 | CZ5: -0.027662335 | DA5: -0.029502399 | DB5: -0.022160845 | DC5: -0.074919917 | DD5: -0.058916671 | DE5: -0.057093108 | DF5: -0.053718019 | DG5: -0.058042034 | DH5: -0.045676489 | DI5: -0.015917013 | DJ5: -0.033235287 | DK5: -0.018187099 | DL5: -0.015445846 | DM5: -0.022497262 | DN5: -0.016052082 | DO5: -0.01592865 | DP5: -0.020912629 | DQ5: -0.022164842 | DR5: -0.0089371676 | DS5: -0.010982404 | DT5: -0.010795643 | DU5: -0.011575455 | DV5: -0.03691777 | DW5: -0.031998141 | DX5: -0.026040725 | DY5: -0.016413638 | DZ5: -0.022523036 | EA5: -0.030593762 | EB5: -0.023293475 | EC5: -0.027976747 | ED5: -0.017834178 | EE5: -0.099851966 | EF5: -0.011236467
B6: retvol | C6: 0.024781267 | D6: -0.0013055566 | E6: 0.016088752 | F6: 0.024671316 | G6: -0.0031626399 | H6: 0.017431697 | I6: 0.034224801 | J6: 0.021370584 | K6: 0.040150458 | L6: 0.033348308 | M6: 0.034388557 | N6: 0.035428174 | O6: 0.026141638 | P6: 0.018742898 | Q6: -0.00093773209 | R6: 0.010792956 | S6: 0.031520276 | T6: 0.010780637 | U6: 0.012518142 | V6: 0.01477949 | W6: -0.0010149845 | X6: -0.0015559868 | Y6: -0.0039166886 | Z6: 0.0039797344 | AA6: -0.012931896 | AB6: -0.0036109545 | AC6: -0.0015901802 | AD6: 0.0065947133 | AE6: 0.0090079003 | AF6: 0.005167996 | AG6: 0.011664802 | AH6: 0.075437548 | AI6: 0.017333287 | AJ6: 0.013547005 | AK6: 0.0056964666 | AL6: 0.019356861 | AM6: 0.020237432 | AN6: 0.013241048 | AO6: 0.0071526961 | AP6: 0.015454284 | AQ6: 0.033343226 | AR6: 0.021523284 | AS6: 0.025957378 | AT6: 0.013557033 | AU6: 0.016235781 | AV6: 0.023924466 | AW6: 0.012314908 | AX6: 0.027608811 | AY6: 0.019968728 | AZ6: 0.018852319 | BA6: 0.014060394 | BB6: 0.032051331 | BC6: 0.029666564 | BD6: 0.02897614 | BE6: 0.016734098 | BF6: 0.033082162 | BG6: 0.015582072 | BH6: 0.0093848799 | BI6: 0.022418834 | BJ6: 0.015080653 | BK6: 0.014967289 | BL6: 0.0027962623 | BM6: 0.0064001785 | BN6: 0.0059565527 | BO6: 0.010496731 | BP6: 0.0041071899 | BQ6: 0.0072204176 | BR6: 0.012253608 | BS6: 0.009688116 | BT6: 0.027689998 | BU6: 0.037176813 | BV6: 0.022503001 | BW6: 0.023397136 | BX6: 0.024806566 | BY6: 0.032843935 | BZ6: 0.033974649 | CA6: 0.03950916 | CB6: 0.08390838 | CC6: 0.025834606 | CD6: 0.024055735 | CE6: 0.023266115 | CF6: 0.01373645 | CG6: 0.0079774934 | CH6: 0.033776237 | CI6: 0.039098583 | CJ6: 0.094079957 | CK6: 0.024276765 | CL6: 0.022128573 | CM6: 0.035010445 | CN6: 0.020401066 | CO6: 0.027974486 | CP6: 0.027230711 | CQ6: 0.023250527 | CR6: 0.0059947723 | CS6: 0.0046918987 | CT6: 0.014269957 | CU6: 0.0066048063 | CV6: -0.0028537012 | CW6: 0.011713582 | CX6: 0.014280895 | CY6: 0.014092544 | CZ6: 0.01430786 | DA6: 0.016388941 | DB6: 0.018640834 | DC6: 0.017264688 | DD6: 0.013670796 | DE6: 0.015980331 | DF6: 0.010148804 | DG6: 0.009217544 | DH6: 0.0086918177 | DI6: 0.0083922694 | DJ6: 0.012134253 | DK6: 0.0078949549 | DL6: 0.0086436134 | DM6: 0.007171855 | DN6: 0.011896805 | DO6: 0.086997096 | DP6: 0.092320822 | DQ6: 0.091081724 | DR6: 0.086032132 | DS6: 0.085301284 | DT6: 0.1041565 | DU6: 0.11147645 | DV6: 0.11222523 | DW6: 0.11382743 | DX6: 0.11960259 | DY6: 0.12528885 | DZ6: 0.12639663 | EA6: 0.12674933 | EB6: 0.13046922 | EC6: 0.13362178 | ED6: 0.0019701395 | EE6: 0.0028774188 | EF6: 0.0013222361
B7: maxret | C7: 0.028323116 | D7: 0.012206451 | E7: 0.0037689315 | F7: -0.0089288017 | G7: -0.029484002 | H7: -0.034708549 | I7: -0.051269569 | J7: -0.031660115 | K7: -0.020045522 | L7: -0.019466422 | M7: -0.021515619 | N7: -0.010837063 | O7: 0.0052283702 | P7: 0.01022319 | Q7: 0.017629328 | R7: 0.024250753 | S7: 0.031586313 | T7: 0.046423107 | U7: 0.04512689 | V7: -0.0059353127 | W7: 0.0062574475 | X7: 0.021909646 | Y7: -0.01907875 | Z7: 0.0051659428 | AA7: -0.01227952 | AB7: -0.0017069929 | AC7: -0.00075664344 | AD7: -0.0030775684 | AE7: -0.010483986 | AF7: -0.0026502199 | AG7: 8.079779e-05 | AH7: -0.0048559479 | AI7: -0.0046092936 | AJ7: -0.014472156 | AK7: -0.012909039 | AL7: -0.015644126 | AM7: -0.0065867115 | AN7: -0.016828039 | AO7: -0.014476777 | AP7: -0.021091682 | AQ7: -0.028551068 | AR7: -0.0078151466 | AS7: -0.010129083 | AT7: -0.0078955662 | AU7: -0.0090748824 | AV7: 0.021755522 | AW7: 0.025959518 | AX7: 0.010969239 | AY7: 0.0195285 | AZ7: 0.03910909 | BA7: 0.050277286 | BB7: -0.0041446395 | BC7: 0.015062358 | BD7: 0.00082699574 | BE7: 0.0034352436 | BF7: 0.0011414189 | BG7: -0.002914366 | BH7: 0.0099346356 | BI7: 0.0059251983 | BJ7: -0.0056623803 | BK7: -0.0020464909 | BL7: -0.0038359612 | BM7: -0.0087151659 | BN7: -0.0018325715 | BO7: -0.0044087482 | BP7: -0.0028912579 | BQ7: -0.0061427376 | BR7: -0.00099651227 | BS7: 0.0064362376 | BT7: 0.0046488175 | BU7: -0.0012628116 | BV7: 0.0086401319 | BW7: 0.016261705 | BX7: 0.027921779 | BY7: 0.020634725 | BZ7: 0.022316884 | CA7: 0.0034580544 | CB7: -0.0003578152 | CC7: -0.0018413325 | CD7: 0.0016207623 | CE7: 0.0049775067 | CF7: -0.012314832 | CG7: -0.015143892 | CH7: -0.012504156 | CI7: -0.0084800575 | CJ7: -0.00082879515 | CK7: 0.0054167268 | CL7: 0.008275818 | CM7: 0.0087966919 | CN7: 0.014065471 | CO7: 0.0046390609 | CP7: 0.017356226 | CQ7: 0.012931298 | CR7: 0.014260785 | CS7: 0.0100124 | CT7: 0.014104361 | CU7: 0.0074970201 | CV7: 0.0014517656 | CW7: 0.00041397841 | CX7: -0.004716975 | CY7: -0.0036579019 | CZ7: -0.003174917 | DA7: -0.00419089 | DB7: -0.0050241844 | DC7: -0.0020616992 | DD7: 0.003859574 | DE7: 9.496941e-05 | DF7: -0.00017685341 | DG7: 0.0016713109 | DH7: 0.00058193289 | DI7: 0.00038134949 | DJ7: -0.0070806786 | DK7: -0.0037518035 | DL7: -0.00050886448 | DM7: -0.0026977714 | DN7: 0.00045161168 | DO7: -0.012603039 | DP7: -0.0092454617 | DQ7: -0.0042401797 | DR7: 0.0031142192 | DS7: -0.0020752695 | DT7: 0.0069542704 | DU7: 0.00088154032 | DV7: -0.00077751543 | DW7: -0.0028298685 | DX7: -0.00050638239 | DY7: 0.0058338743 | DZ7: 0.0006071589 | EA7: -0.003785089 | EB7: 0.002689984 | EC7: 0.002180623 | ED7: 0.0063146461 | EE7: 0.0064540842 | EF7: 0.0062494523
A8: 選絕對值最大 | C8: {=MATCH(MAX(ABS(C3:C7)), ABS(C3:C7), 0)} -> 1 | D8: {=MATCH(MAX(ABS(D3:D7)), ABS(D3:D7), 0)} -> 3 | E8: {=MATCH(MAX(ABS(E3:E7)), ABS(E3:E7), 0)} -> 3 | F8: {=MATCH(MAX(ABS(F3:F7)), ABS(F3:F7), 0)} -> 2 | G8: {=MATCH(MAX(ABS(G3:G7)), ABS(G3:G7), 0)} -> 1 | H8: {=MATCH(MAX(ABS(H3:H7)), ABS(H3:H7), 0)} -> 5 | I8: {=MATCH(MAX(ABS(I3:I7)), ABS(I3:I7), 0)} -> 2 | J8: {=MATCH(MAX(ABS(J3:J7)), ABS(J3:J7), 0)} -> 1 | ... EE8: {=MATCH(MAX(ABS(EE3:EE7)), ABS(EE3:EE7), 0)} -> 3 | EF8: 2
C9: =IF(C8=1,"mom1", IF(C8=2,"mom12", IF(C8=3,"chmom", IF(C8=4,"retvol", IF(C8=5,"maxret",""))))) -> mom1 | D9: =IF(D8=1,"mom1", IF(D8=2,"mom12", IF(D8=3,"chmom", IF(D8=4,"retvol", IF(D8=5,"maxret",""))))) -> chmom | E9: =IF(E8=1,"mom1", IF(E8=2,"mom12", IF(E8=3,"chmom", IF(E8=4,"retvol", IF(E8=5,"maxret",""))))) -> chmom | F9: =IF(F8=1,"mom1", IF(F8=2,"mom12", IF(F8=3,"chmom", IF(F8=4,"retvol", IF(F8=5,"maxret",""))))) -> mom12 | G9: =IF(G8=1,"mom1", IF(G8=2,"mom12", IF(G8=3,"chmom", IF(G8=4,"retvol", IF(G8=5,"maxret",""))))) -> mom1 | H9: =IF(H8=1,"mom1", IF(H8=2,"mom12", IF(H8=3,"chmom", IF(H8=4,"retvol", IF(H8=5,"maxret",""))))) -> maxret | I9: =IF(I8=1,"mom1", IF(I8=2,"mom12", IF(I8=3,"chmom", IF(I8=4,"retvol", IF(I8=5,"maxret",""))))) -> mom12 | J9: =IF(J8=1,"mom1", IF(J8=2,"mom12", IF(J8=3,"chmom", IF(J8=4,"retvol", IF(J8=5,"maxret",""))))) -> mom1 | ... EF9: =IF(EF8=1,"mom1", IF(EF8=2,"mom12", IF(EF8=3,"chmom", IF(EF8=4,"retvol", IF(EF8=5,"maxret",""))))) -> mom12
C10: =IF(C8=1,C3,IF(C8=2,C4,IF(C8=3,C5,IF(C8=4,C6,IF(C8=5,C7))))) -> -0.084296037 | D10: =IF(D8=1,D3,IF(D8=2,D4,IF(D8=3,D5,IF(D8=4,D6,IF(D8=5,D7))))) -> -0.080379557 | E10: =IF(E8=1,E3,IF(E8=2,E4,IF(E8=3,E5,IF(E8=4,E6,IF(E8=5,E7))))) -> -0.077795222 | F10: =IF(F8=1,F3,IF(F8=2,F4,IF(F8=3,F5,IF(F8=4,F6,IF(F8=5,F7))))) -> 0.034256261 | G10: =IF(G8=1,G3,IF(G8=2,G4,IF(G8=3,G5,IF(G8=4,G6,IF(G8=5,G7))))) -> -0.12759725 | H10: =IF(H8=1,H3,IF(H8=2,H4,IF(H8=3,H5,IF(H8=4,H6,IF(H8=5,H7))))) -> -0.034708549 | I10: =IF(I8=1,I3,IF(I8=2,I4,IF(I8=3,I5,IF(I8=4,I6,IF(I8=5,I7))))) -> 0.069692227 | J10: =IF(J8=1,J3,IF(J8=2,J4,IF(J8=3,J5,IF(J8=4,J6,IF(J8=5,J7))))) -> -0.03769571 | ... EF10: =IF(EF8=1,EF3,IF(EF8=2,EF4,IF(EF8=3,EF5,IF(EF8=4,EF6,IF(EF8=5,EF7))))) -> 0.033338079
A12: 投資組合 | C12: 公司數 | D12: 964
A13: 等分 | B13: 家數 | C13: 2014/01 | D13: 2014/02 | E13: 2014/03 | F13: 2014/04 | G13: 2014/05 | H13: 2014/06 | I13: 2014/07 | J13: 2014/08 | K13: 2014/09 | L13: 2014/10 | M13: 2014/11 | N13: 2014/12 | O13: 2015/01 | P13: 2015/02 | Q13: 2015/03 | R13: 2015/04 | S13: 2015/05 | T13: 2015/06 | U13: 2015/07 | V13: 2015/08 | W13: 2015/09 | X13: 2015/10 | Y13: 2015/11 | Z13: 2015/12 | AA13: 2016/01 | AB13: 2016/02 | AC13: 2016/03 | AD13: 2016/04 | AE13: 2016/05 | AF13: 2016/06 | AG13: 2016/07 | AH13: 2016/08 | AI13: 2016/09 | AJ13: 2016/10 | AK13: 2016/11 | AL13: 2016/12 | AM13: 2017/01 | AN13: 2017/02 | AO13: 2017/03 | AP13: 2017/04 | AQ13: 2017/05 | AR13: 2017/06 | AS13: 2017/07 | AT13: 2017/08 | AU13: 2017/09 | AV13: 2017/10 | AW13: 2017/11 | AX13: 2017/12 | AY13: 2018/01 | AZ13: 2018/02 | BA13: 2018/03 | BB13: 2018/04 | BC13: 2018/05 | BD13: 2018/06 | BE13: 2018/07 | BF13: 2018/08 | BG13: 2018/09 | BH13: 2018/10 | BI13: 2018/11 | BJ13: 2018/12 | BK13: 2019/01 | BL13: 2019/02 | BM13: 2019/03 | BN13: 2019/04 | BO13: 2019/05 | BP13: 2019/06 | BQ13: 2019/07 | BR13: 2019/08 | BS13: 2019/09 | BT13: 2019/10 | BU13: 2019/11 | BV13: 2019/12 | BW13: 2020/01 | BX13: 2020/02 | BY13: 2020/03 | BZ13: 2020/04 | CA13: 2020/05 | CB13: 2020/06 | CC13: 2020/07 | CD13: 2020/08 | CE13: 2020/09 | CF13: 2020/10 | CG13: 2020/11 | CH13: 2020/12 | CI13: 2021/01 | CJ13: 2021/02 | CK13: 2021/03 | CL13: 2021/04 | CM13: 2021/05 | CN13: 2021/06 | CO13: 2021/07 | CP13: 2021/08 | CQ13: 2021/09 | CR13: 2021/10 | CS13: 2021/11 | CT13: 2021/12 | CU13: 2022/01 | CV13: 2022/02 | CW13: 2022/03 | CX13: 2022/04 | CY13: 2022/05 | CZ13: 2022/06 | DA13: 2022/07 | DB13: 2022/08 | DC13: 2022/09 | DD13: 2022/10 | DE13: 2022/11 | DF13: 2022/12 | DG13: 2023/01 | DH13: 2023/02 | DI13: 2023/03 | DJ13: 2023/04 | DK13: 2023/05 | DL13: 2023/06 | DM13: 2023/07 | DN13: 2023/08 | DO13: 2023/09 | DP13: 2023/10 | DQ13: 2023/11 | DR13: 2023/12 | DS13: 2024/01 | DT13: 2024/02 | DU13: 2024/03 | DV13: 2024/04 | DW13: 2024/05 | DX13: 2024/06 | DY13: 2024/07 | DZ13: 2024/08 | EA13: 2024/09 | EB13: 2024/10 | EC13: 2024/11 | ED13: 2024/12 | EE13: 2025/01 | EF13: 2025/02
A14: 10 | B14: 96 | C14: -0.017914422 | D14: 0.01474379 | E14: -0.012204229 | F14: -0.053147374 | G14: 0.040128401 | H14: -0.029291093 | I14: 0.008989969 | J14: 0.023382661 | K14: 0.021930043 | L14: -0.0269641 | M14: 0.042054112 | N14: -0.062779238 | O14: 0.016232899 | P14: 0.012193469 | Q14: 0.0076230885 | R14: 0.018116053 | S14: 0.0077262328 | T14: 0.016864847 | U14: 0.023544394 | V14: 0.0071100019 | W14: 0.0034325513 | X14: -0.014388568 | Y14: -0.017673309 | Z14: 0.015356015 | AA14: -0.02023878 | AB14: -0.015252853 | AC14: 0.052316224 | AD14: 0.013841406 | AE14: -0.043800236 | AF14: 0.034362667 | AG14: -0.0011394646 | AH14: -0.011343814 | AI14: -0.027578078 | AJ14: 0.0084470293 | AK14: 0.012210252 | AL14: 0.00078536443 | AM14: -0.015189797 | AN14: -0.0031120303 | AO14: -0.012258227 | AP14: 0.011149207 | AQ14: -0.001786015 | AR14: -0.0058911143 | AS14: -0.0041443954 | AT14: 0.026630815 | AU14: 0.026437148 | AV14: 0.0020173675 | AW14: -0.0091094251 | AX14: -0.0031902494 | AY14: 0.017877521 | AZ14: -0.0024840243 | BA14: -0.032672666 | BB14: -0.028447327 | BC14: 0.0056434854 | BD14: 0.001452469 | BE14: -0.010464923 | BF14: 0.0053348007 | BG14: -0.028091151 | BH14: -0.10111457 | BI14: -0.079817936 | BJ14: -0.018070249 | BK14: 0.0011683874 | BL14: 0.0027396236 | BM14: 0.012795198 | BN14: 0.011799903 | BO14: -0.00094684798 | BP14: 0.030534431 | BQ14: 0.0037879717 | BR14: 0.044921121 | BS14: -0.0029157219 | BT14: 0.018350074 | BU14: 0.015541905 | BV14: -0.027131051 | BW14: 0.00037233386 | BX14: 0.025321738 | BY14: -0.036592154 | BZ14: -0.00080121838 | CA14: -0.001983026 | CB14: 0.021274721 | CC14: -0.019468785 | CD14: -0.014153332 | CE14: 0.046425814 | CF14: -0.035742396 | CG14: 0.021749295 | CH14: -0.019303362 | CI14: 0.0018884799 | CJ14: 0.033818884 | CK14: 1.7029972e-06 | CL14: -0.091623579 | CM14: -0.0046818755 | CN14: 0.055908726 | CO14: 0.03344169 | CP14: -0.016988097 | CQ14: -0.013259306 | CR14: -0.017079858 | CS14: -0.0026031772 | CT14: 0.03618057 | CU14: 0.025473001 | CV14: -0.027420184 | CW14: -0.017227962 | CX14: -0.0010624493 | CY14: 0.0060544407 | CZ14: 0.034360349 | DA14: 0.015074514 | DB14: 0.0031380159 | DC14: 0.037955986 | DD14: -0.032348512 | DE14: -0.02082289 | DF14: -0.0008042479 | DG14: -0.029950973 | DH14: -0.02279128 | DI14: -0.016653315 | DJ14: 0.035436352 | DK14: 0.0031399639 | DL14: -0.010422765 | DM14: -0.0029136022 | DN14: 0.035085275 | DO14: -0.016824926 | DP14: 0.0089140411 | DQ14: -0.00094653305 | DR14: 0.0012631379 | DS14: 0.021131864 | DT14: 0.010060553 | DU14: -0.018461382 | DV14: 0.0078079076 | DW14: 0.01606348 | DX14: -0.0076204184 | DY14: -0.0046646487 | DZ14: -0.019807221 | EA14: 0.013475792 | EB14: 0.013961429 | EC14: 0.0026554381 | ED14: 0.015404233 | EE14: -0.01604335 | EF14: 0.0036622338
A15: 20 | B15: 48 | C15: -0.003950283 | D15: -0.0025084934 | E15: -0.0060947418 | F15: -0.055185485 | G15: 0.048132934 | H15: -0.041932639 | I15: 0.031606175 | J15: 0.021767521 | K15: 0.042399896 | L15: -0.035107971 | M15: 0.066044614 | N15: -0.072815628 | O15: 0.030584033 | P15: 0.0055538611 | Q15: 0.024820848 | R15: 0.019114633 | S15: 0.010434531 | T15: 0.019459161 | U15: 0.031820208 | V15: -0.010824561 | W15: 0.00069474788 | X15: -0.033582969 | Y15: -0.037065107 | Z15: 0.019560793 | AA15: -0.042959051 | AB15: -0.018608172 | AC15: 0.049468075 | AD15: 0.016287212 | AE15: -0.056550969 | AF15: 0.058299593 | AG15: 0.0046532493 | AH15: -0.0029585738 | AI15: 0.0029685835 | AJ15: 0.01934611 | AK15: 0.0041515791 | AL15: -0.019143576 | AM15: 0.0007308227 | AN15: -0.013633471 | AO15: -0.008097408 | AP15: 0.012356176 | AQ15: 0.0084706181 | AR15: 0.015414591 | AS15: 0.017405365 | AT15: -0.0087288884 | AU15: 0.045568821 | AV15: 0.0021763861 | AW15: 0.0099436208 | AX15: 0.0021568869 | AY15: 0.024207464 | AZ15: 0.0076985173 | BA15: -0.028348353 | BB15: -0.035372516 | BC15: -0.011692869 | BD15: 0.021076727 | BE15: 0.0041405111 | BF15: -0.023107576 | BG15: -0.011187911 | BH15: -0.11728993 | BI15: -0.085489923 | BJ15: -0.0028021215 | BK15: 0.015026012 | BL15: 0.010811863 | BM15: -0.0010779226 | BN15: 0.0027556243 | BO15: 0.0049250299 | BP15: 0.054043902 | BQ15: 0.011818776 | BR15: 0.069886902 | BS15: 0.0013337684 | BT15: 0.010025935 | BU15: 0.03569211 | BV15: -0.042122787 | BW15: 0.0068643352 | BX15: 0.045067547 | BY15: -0.039873584 | BZ15: 0.0020573892 | CA15: 0.0068027679 | CB15: 0.059118242 | CC15: 0.0039295206 | CD15: -0.024752282 | CE15: 0.050895924 | CF15: -0.016859165 | CG15: 0.028115601 | CH15: -0.056158763 | CI15: -0.010421872 | CJ15: 0.017601347 | CK15: 0.0050814086 | CL15: -0.08865897 | CM15: -0.025314001 | CN15: 0.065478157 | CO15: 0.047109008 | CP15: -0.0017926871 | CQ15: -0.016009899 | CR15: -0.010522434 | CS15: 0.014141764 | CT15: 0.015788784 | CU15: 0.037858174 | CV15: -0.02093146 | CW15: -0.031107906 | CX15: -0.014504454 | CY15: 0.022843924 | CZ15: 0.022392373 | DA15: 0.038088297 | DB15: -0.04449956 | DC15: 0.001163238 | DD15: -0.025719971 | DE15: 0.0090249524 | DF15: -0.0037510555 | DG15: -0.04597892 | DH15: -0.011428908 | DI15: -0.022486578 | DJ15: 0.025070374 | DK15: 0.025608914 | DL15: -0.032432535 | DM15: 0.0009546467 | DN15: 0.043622927 | DO15: -0.031128307 | DP15: -0.0084223615 | DQ15: 0.010897443 | DR15: 0.0067693859 | DS15: 0.0081973445 | DT15: -0.0067101916 | DU15: 0.010343277 | DV15: 0.029949356 | DW15: 0.03862699 | DX15: -0.034424866 | DY15: 0.021058177 | DZ15: -0.028400033 | EA15: 0.012309624 | EB15: 0.036744407 | EC15: -0.0028880779 | ED15: -0.011140574 | EE15: 0.0037713156 | EF15: 0.022015488
A16: 50 | B16: 19 | C16: -0.0033019748 | D16: -0.064571216 | E16: -0.004835497 | F16: 0.032352589 | G16: 0.086666883 | H16: -0.0059818487 | I16: 0.086349551 | J16: 0.0016257159 | K16: 0.030400411 | L16: -0.071342897 | M16: 0.0070043857 | N16: -0.13761006 | O16: 0.036485842 | P16: -0.00016283972 | Q16: -0.010307655 | R16: 0.035589056 | S16: 0.013911385 | T16: -0.010024759 | U16: 0.048520728 | V16: 0.021086276 | W16: 0.053159186 | X16: -0.011985196 | Y16: 0.0083469226 | Z16: 0.10277159 | AA16: -0.034522748 | AB16: -0.014607627 | AC16: 0.074341695 | AD16: 0.034693644 | AE16: -0.061821971 | AF16: 0.13590869 | AG16: -0.0079502293 | AH16: -0.010930175 | AI16: 0.016370663 | AJ16: 0.046961948 | AK16: -0.032260639 | AL16: -0.029968038 | AM16: -0.050937933 | AN16: 0.035739294 | AO16: -0.025596766 | AP16: 0.0012189463 | AQ16: -0.041504465 | AR16: 0.025335573 | AS16: 0.010097589 | AT16: -0.010811071 | AU16: 0.043261429 | AV16: -0.010847928 | AW16: 0.0041307411 | AX16: -0.0053084129 | AY16: 0.028490601 | AZ16: 0.012086329 | BA16: -0.028568877 | BB16: -0.047089722 | BC16: 0.030207846 | BD16: 0.078092959 | BE16: -0.024172808 | BF16: -0.024511704 | BG16: -0.0058406285 | BH16: -0.13175057 | BI16: -0.072657391 | BJ16: -0.022907705 | BK16: -0.05279362 | BL16: 0.032758447 | BM16: -0.013292609 | BN16: -0.025230124 | BO16: -0.052015306 | BP16: 0.080501309 | BQ16: 0.0034503221 | BR16: 0.058227598 | BS16: -0.010442267 | BT16: -0.0090245966 | BU16: 0.035357455 | BV16: -0.11695795 | BW16: 0.07023393 | BX16: 0.069320211 | BY16: 0.012578967 | BZ16: 0.0076876374 | CA16: -0.0083220959 | CB16: 0.057043682 | CC16: -0.017633978 | CD16: -0.053812125 | CE16: 0.079259114 | CF16: 0.022318752 | CG16: -0.020837135 | CH16: -0.055070142 | CI16: 0.047076614 | CJ16: 0.021583767 | CK16: 0.0065144967 | CL16: -0.1264709 | CM16: -0.034181104 | CN16: 0.086151891 | CO16: 0.064133156 | CP16: -0.0019513094 | CQ16: -0.04011381 | CR16: -0.073959473 | CS16: 0.029653831 | CT16: 0.0320802 | CU16: 0.09479207 | CV16: 0.027207998 | CW16: -0.030757688 | CX16: -0.0053997377 | CY16: 0.053652027 | CZ16: 0.052085286 | DA16: 0.070693033 | DB16: -0.027102044 | DC16: 0.0032284748 | DD16: -0.038924516 | DE16: 0.060802243 | DF16: -0.073598301 | DG16: -0.051763352 | DH16: -0.023530661 | DI16: -0.060491998 | DJ16: 0.066055157 | DK16: -0.0071598137 | DL16: -0.070838604 | DM16: -0.019804717 | DN16: 0.039163982 | DO16: -0.052839322 | DP16: -0.0057975536 | DQ16: 0.030566702 | DR16: 0.0019011258 | DS16: 0.021013096 | DT16: -0.014455569 | DU16: 0.040471275 | DV16: 0.082461398 | DW16: 0.043423894 | DX16: -0.042781676 | DY16: 0.0071405324 | DZ16: -0.080220212 | EA16: -0.031474482 | EB16: 0.011213675 | EC16: -0.010576377 | ED16: 0.013813554 | EE16: -0.013121095 | EF16: 0.054841656
A17: 100 | B17: 10 | C17: 0.065024995 | D17: -0.077036997 | E17: -0.0030786204 | F17: 0.038184382 | G17: 0.093175457 | H17: 0.0072814308 | I17: 0.089156758 | J17: 0.01657412 | K17: 0.047793938 | L17: 0.012082397 | M17: -0.032627993 | N17: -0.14606349 | O17: 0.042228512 | P17: 3.4199147e-05 | Q17: 0.040930211 | R17: 0.078809605 | S17: 0.038629632 | T17: -0.00086051017 | U17: 0.11326912 | V17: 0.045889133 | W17: 0.078215746 | X17: 0.00602284 | Y17: -0.039359625 | Z17: 0.048588148 | AA17: -0.041170903 | AB17: 0.0024020314 | AC17: 0.066863788 | AD17: 0.034624052 | AE17: -0.083110883 | AF17: 0.11896227 | AG17: -0.022942839 | AH17: -0.044426446 | AI17: 0.068890799 | AJ17: 0.051665749 | AK17: -0.088493733 | AL17: -0.012042585 | AM17: -0.023712275 | AN17: 0.078691126 | AO17: -0.038788003 | AP17: -0.02282635 | AQ17: -0.069999892 | AR17: 0.034428829 | AS17: 0.0053876963 | AT17: -0.049657417 | AU17: 0.033348055 | AV17: 0.012826748 | AW17: -0.0093101334 | AX17: -0.038227576 | AY17: 0.056601081 | AZ17: 0.0048493021 | BA17: 0.0045373531 | BB17: -0.047840444 | BC17: -0.00050583706 | BD17: 0.052737819 | BE17: -0.019801787 | BF17: -0.050648466 | BG17: 0.047524063 | BH17: -0.097079008 | BI17: -0.077627796 | BJ17: -0.035742294 | BK17: -0.022313901 | BL17: 0.023924665 | BM17: 0.0074932598 | BN17: -0.070567261 | BO17: -0.07382028 | BP17: 0.10514705 | BQ17: 0.041747416 | BR17: 0.1604377 | BS17: -0.023733971 | BT17: 0.032657328 | BU17: 0.054206579 | BV17: -0.079065836 | BW17: 0.068269622 | BX17: 0.064696938 | BY17: 0.073249581 | BZ17: 0.0068673055 | CA17: -0.0093570307 | CB17: 0.032233264 | CC17: -0.00068775568 | CD17: -0.041271664 | CE17: 0.04504219 | CF17: -0.067171529 | CG17: -0.027427639 | CH17: -0.080336017 | CI17: 0.19284501 | CJ17: -0.0079055462 | CK17: 0.089784596 | CL17: -0.16580277 | CM17: -0.055442971 | CN17: 0.10225893 | CO17: 0.031612142 | CP17: 0.038180732 | CQ17: -0.0026617495 | CR17: -0.066644806 | CS17: 0.050923182 | CT17: 0.020256879 | CU17: 0.081219749 | CV17: 0.085248868 | CW17: -0.03572489 | CX17: -0.047706025 | CY17: -0.011989745 | CZ17: 0.11056068 | DA17: 0.049430427 | DB17: -0.070449386 | DC17: -0.0091739531 | DD17: -0.028451422 | DE17: 0.078905619 | DF17: -0.0632664 | DG17: -0.073699837 | DH17: -0.079285533 | DI17: -0.081947619 | DJ17: 0.13617866 | DK17: -0.1203309 | DL17: -0.050233041 | DM17: -0.029395195 | DN17: 0.053013488 | DO17: -0.12972371 | DP17: -0.0098689454 | DQ17: 0.047617062 | DR17: 0.024212093 | DS17: 0.0082711256 | DT17: -0.02484681 | DU17: -0.0008397302 | DV17: 0.12796254 | DW17: -0.015405392 | DX17: -0.041381168 | DY17: 0.0314516 | DZ17: -0.078069211 | EA17: -0.06603903 | EB17: -0.029080517 | EC17: -0.026393045 | ED17: -0.044477235 | EE17: 0.017437442 | EF17: 0.053625958
A18: 107 | B18: 9 | C18: 0.012727346 | D18: -0.081178361 | E18: 0.023442656 | F18: 0.031865826 | G18: 0.13694829 | H18: -0.0054385144 | I18: 0.07789373 | J18: 0.025943398 | K18: 0.05962968 | L18: -0.01482675 | M18: -0.13201409 | N18: -0.14366253 | O18: 0.042807527 | P18: 0.0024603784 | Q18: 0.037730238 | R18: 0.083950398 | S18: 0.031243215 | T18: 0.00013066301 | U18: 0.11889346 | V18: 0.045323599 | W18: 0.076963671 | X18: 0.014484535 | Y18: -0.034463446 | Z18: 0.050091717 | AA18: -0.04306462 | AB18: -0.0049527631 | AC18: 0.080335563 | AD18: 0.049880522 | AE18: -0.074208739 | AF18: 0.12119384 | AG18: 0.0082207018 | AH18: -0.056626905 | AI18: 0.090039638 | AJ18: 0.054373028 | AK18: -0.10006973 | AL18: -0.050455211 | AM18: -0.00048290398 | AN18: 0.092246966 | AO18: -0.077982407 | AP18: -0.034824531 | AQ18: -0.081982254 | AR18: 0.053434668 | AS18: -0.023885241 | AT18: 0.010714472 | AU18: 0.037533086 | AV18: 0.019593645 | AW18: -0.020035219 | AX18: -0.042937574 | AY18: 0.075887327 | AZ18: 0.0041182584 | BA18: 0.021082282 | BB18: -0.052214923 | BC18: -0.0019536551 | BD18: 0.068012372 | BE18: 0.017384475 | BF18: -0.052819587 | BG18: 0.056580512 | BH18: -0.081853736 | BI18: -0.079212078 | BJ18: -0.063145987 | BK18: -0.016675768 | BL18: 0.036493375 | BM18: -0.00047397805 | BN18: -0.10429412 | BO18: -0.069432375 | BP18: 0.11563158 | BQ18: 0.043169933 | BR18: 0.16185376 | BS18: -0.039722352 | BT18: 0.043696697 | BU18: 0.055504623 | BV18: -0.10039697 | BW18: 0.068018452 | BX18: 0.072551485 | BY18: 0.071764632 | BZ18: 0.020985904 | CA18: -0.010393545 | CB18: 0.047089122 | CC18: 0.019810439 | CD18: -0.037983875 | CE18: 0.055828567 | CF18: -0.080704041 | CG18: -0.029303665 | CH18: -0.098431929 | CI18: 0.18956145 | CJ18: -0.022028241 | CK18: 0.13691154 | CL18: -0.1674491 | CM18: -0.045612277 | CN18: 0.093722239 | CO18: 0.037338085 | CP18: 0.0052863946 | CQ18: 0.018454844 | CR18: -0.041941293 | CS18: 0.058571332 | CT18: 0.02474117 | CU18: 0.084904466 | CV18: 0.075509124 | CW18: -0.046448025 | CX18: -0.0447956 | CY18: 0.0076395826 | CZ18: 0.080269509 | DA18: 0.060609863 | DB18: -0.064855599 | DC18: -0.045653849 | DD18: -0.019305859 | DE18: 0.068800741 | DF18: -0.043022386 | DG18: -0.076482322 | DH18: -0.086660966 | DI18: -0.077294867 | DJ18: 0.15583692 | DK18: -0.11555867 | DL18: -0.073965349 | DM18: -0.035445016 | DN18: 0.054443676 | DO18: -0.051423223 | DP18: -0.01082569 | DQ18: 0.047499555 | DR18: 0.03122626 | DS18: 0.011323288 | DT18: -0.02623772 | DU18: 0.011803257 | DV18: 0.14184336 | DW18: -0.058804942 | DX18: -0.043366826 | DY18: 0.065202633 | DZ18: -0.057107413 | EA18: -0.075313262 | EB18: -0.029394572 | EC18: -0.0044447661 | ED18: -0.051872164 | EE18: 0.011620678 | EF18: 0.065544713
A19: 120 | B19: 8 | C19: 0.0034430522 | D19: -0.034114759 | E19: 0.02122993 | F19: 0.080752164 | G19: 0.14170195 | H19: -0.025334487 | I19: 0.13403569 | J19: 0.033237528 | K19: 0.080449042 | L19: 0.001286852 | M19: -0.085573118 | N19: -0.20770834 | O19: 0.060431164 | P19: -0.0039117032 | Q19: 0.03935145 | R19: 0.016659025 | S19: 0.03094762 | T19: 0.017684873 | U19: 0.12956222 | V19: 0.027569841 | W19: 0.10725357 | X19: 0.0026242628 | Y19: -0.0099203729 | Z19: 0.060105554 | AA19: -0.031296669 | AB19: -0.032246493 | AC19: 0.067722256 | AD19: 0.040802297 | AE19: -0.079743368 | AF19: 0.13710219 | AG19: -0.0045273804 | AH19: -0.053106564 | AI19: 0.10936191 | AJ19: 0.067225917 | AK19: -0.1064953 | AL19: -0.027200691 | AM19: 0.00011779734 | AN19: 0.11960126 | AO19: -0.12118239 | AP19: -0.02678496 | AQ19: -0.12413666 | AR19: 0.037953857 | AS19: -0.0076907375 | AT19: 0.021772349 | AU19: 0.041176679 | AV19: 0.01393323 | AW19: -0.045093543 | AX19: -0.027095513 | AY19: 0.0347182 | AZ19: 0.020305984 | BA19: 0.0078602069 | BB19: -0.080636654 | BC19: -0.035577806 | BD19: 0.050031578 | BE19: 0.011238807 | BF19: -0.075746703 | BG19: 0.10277794 | BH19: -0.1060004 | BI19: -0.088462215 | BJ19: -0.074190565 | BK19: -0.0074480785 | BL19: 0.051117339 | BM19: -0.014252083 | BN19: -0.10552436 | BO19: 0.0048926897 | BP19: 0.11081983 | BQ19: 0.054395197 | BR19: 0.18345257 | BS19: -0.03290331 | BT19: 0.045901123 | BU19: 0.050221349 | BV19: -0.096397571 | BW19: 0.063098423 | BX19: 0.078919709 | BY19: 0.087446929 | BZ19: 0.021993623 | CA19: -0.016113078 | CB19: 0.058471606 | CC19: 0.0044744318 | CD19: -0.06137669 | CE19: 0.079841683 | CF19: -0.086335718 | CG19: -0.095754133 | CH19: -0.13870247 | CI19: 0.21388535 | CJ19: -0.003262524 | CK19: 0.14369067 | CL19: -0.24847889 | CM19: -0.043715367 | CN19: 0.13476321 | CO19: 0.021559553 | CP19: -0.0064980884 | CQ19: 0.011135082 | CR19: -0.033683179 | CS19: 0.063773273 | CT19: 0.020322815 | CU19: 0.094327425 | CV19: 0.079651412 | CW19: -0.026165506 | CX19: -0.029866928 | CY19: 0.010867278 | CZ19: 0.090082651 | DA19: 0.067902276 | DB19: -0.0598173 | DC19: -0.044965287 | DD19: -0.017051638 | DE19: 0.0097045238 | DF19: -0.046826105 | DG19: -0.10240228 | DH19: -0.092184712 | DI19: -0.071179831 | DJ19: 0.16726498 | DK19: -0.1015602 | DL19: -0.074861808 | DM19: -0.02483125 | DN19: 0.04360622 | DO19: -0.059281068 | DP19: -0.014179585 | DQ19: 0.035883977 | DR19: 0.036688961 | DS19: 0.019903238 | DT19: -0.0075344898 | DU19: 0.015997556 | DV19: 0.14434055 | DW19: -0.038731474 | DX19: -0.042663211 | DY19: 0.078164815 | DZ19: -0.0018355678 | EA19: -0.056364519 | EB19: -0.032955059 | EC19: 0.0042087431 | ED19: -0.019877495 | EE19: 0.01792451 | EF19: 0.069255381
A20: 137 | B20: 7 | C20: 0.020288327 | D20: -0.013818096 | E20: 0.026501157 | F20: 0.11938296 | G20: 0.15796014 | H20: -0.043135563 | I20: 0.15623012 | J20: 0.05428223 | K20: 0.11505417 | L20: 0.0022842862 | M20: -0.08812279 | N20: -0.29940109 | O20: 0.06938619 | P20: 0.0094140372 | Q20: -0.035206997 | R20: 0.029378335 | S20: 0.034228436 | T20: 0.01561176 | U20: 0.13272605 | V20: 0.024136735 | W20: 0.1011943 | X20: 0.0066850737 | Y20: -0.020388839 | Z20: 0.080471111 | AA20: -0.019210041 | AB20: -0.0332956 | AC20: 0.082927243 | AD20: 0.029847713 | AE20: -0.084368787 | AF20: 0.13145645 | AG20: -0.033355881 | AH20: -0.052692405 | AI20: 0.14920003 | AJ20: 0.066902633 | AK20: -0.075500612 | AL20: -0.023756311 | AM20: -0.083278953 | AN20: 0.10794647 | AO20: -0.11794451 | AP20: -0.03598591 | AQ20: -0.14940017 | AR20: 0.053599691 | AS20: 0.011682128 | AT20: 0.014017357 | AU20: 0.031818795 | AV20: -0.0061904768 | AW20: -0.027428949 | AX20: -0.027068059 | AY20: -0.012442999 | AZ20: 0.023144842 | BA20: 0.011533372 | BB20: -0.094841437 | BC20: -0.044226477 | BD20: 0.064860699 | BE20: 0.010273402 | BF20: -0.10105953 | BG20: 0.13354478 | BH20: -0.084087318 | BI20: -0.11918947 | BJ20: -0.060352261 | BK20: -0.0042345116 | BL20: 0.034624584 | BM20: -0.021863485 | BN20: -0.094393284 | BO20: 0.008269135 | BP20: 0.039488147 | BQ20: 0.037730244 | BR20: 0.16909219 | BS20: -0.019097795 | BT20: 0.035004756 | BU20: 0.053120185 | BV20: -0.10071876 | BW20: 0.032666591 | BX20: 0.093900046 | BY20: 0.095998433 | BZ20: -0.067785243 | CA20: -0.012267473 | CB20: 0.072911257 | CC20: 0.0062139535 | CD20: -0.048949304 | CE20: 0.090608748 | CF20: -0.076914614 | CG20: -0.09826549 | CH20: -0.19591305 | CI20: 0.21915736 | CJ20: -0.0069570763 | CK20: 0.10336266 | CL20: -0.28637745 | CM20: -0.067531469 | CN20: 0.14096813 | CO20: 0.077970069 | CP20: -0.017809151 | CQ20: -0.0019469469 | CR20: -0.056637101 | CS20: 0.093034541 | CT20: 0.0034971913 | CU20: 0.09962308 | CV20: 0.088968179 | CW20: -0.055074298 | CX20: -0.042436429 | CY20: 0.00487224 | CZ20: 0.068762931 | DA20: 0.072417075 | DB20: -0.086460604 | DC20: -0.060083204 | DD20: -0.048806128 | DE20: 0.024628315 | DF20: -0.048374215 | DG20: -0.12557107 | DH20: -0.10243058 | DI20: -0.081066382 | DJ20: 0.18304163 | DK20: -0.099041062 | DL20: -0.04643854 | DM20: -0.052897131 | DN20: 0.0088925924 | DO20: -0.067259395 | DP20: -0.014209129 | DQ20: 0.034218916 | DR20: 0.051452052 | DS20: 0.0139538 | DT20: -0.005211723 | DU20: 0.00056573756 | DV20: 0.059036259 | DW20: -0.053528115 | DX20: -0.053717702 | DY20: 0.053488379 | DZ20: -0.012405472 | EA20: -0.060673147 | EB20: -0.033054231 | EC20: 0.014852473 | ED20: -0.026315806 | EE20: 0.025600683 | EF20: 0.079182484
A21: 160 | B21: 6 | C21: 0.014170614 | D21: 0.0037389426 | E21: 0.029561052 | F21: 0.17768866 | G21: 0.12538656 | H21: 0.0052119611 | I21: 0.18530146 | J21: 0.084289728 | K21: 0.13535886 | L21: 0.016273318 | M21: -0.066788099 | N21: -0.29842616 | O21: 0.082510446 | P21: 0.028471158 | Q21: -0.066220951 | R21: 0.011653818 | S21: 0.039573074 | T21: 0.03249889 | U21: 0.095375372 | V21: -0.0042103526 | W21: 0.09390667 | X21: 0.031896124 | Y21: -0.043088843 | Z21: 0.10499849 | AA21: -0.011972373 | AB21: -0.028261487 | AC21: 0.082957631 | AD21: 0.075010147 | AE21: -0.058804324 | AF21: 0.073773497 | AG21: 0.0045374132 | AH21: -0.064313304 | AI21: 0.17788052 | AJ21: 0.043796788 | AK21: -0.095792501 | AL21: -0.061708846 | AM21: -0.090506591 | AN21: 0.11555954 | AO21: -0.078897677 | AP21: -0.10438705 | AQ21: -0.13674694 | AR21: 0.060928759 | AS21: 0.048554026 | AT21: 0.0064221134 | AU21: 0.045615301 | AV21: -0.017717025 | AW21: -0.028836933 | AX21: -0.0054653746 | AY21: 0.029063425 | AZ21: 0.0058566476 | BA21: 0.01800384 | BB21: -0.11465032 | BC21: -0.065597552 | BD21: 0.083771202 | BE21: -0.0006579429 | BF21: -0.1234698 | BG21: 0.15400693 | BH21: -0.10801032 | BI21: -0.12757213 | BJ21: -0.060711578 | BK21: -0.019327912 | BL21: 0.042692696 | BM21: -0.012294533 | BN21: -0.083750817 | BO21: -0.012680736 | BP21: 0.056761407 | BQ21: 0.030274652 | BR21: 0.10212666 | BS21: 0.0095808992 | BT21: 0.041864957 | BU21: 0.069234332 | BV21: -0.12913698 | BW21: 0.046771461 | BX21: 0.11756963 | BY21: 0.11230636 | BZ21: -0.032374295 | CA21: 0.005817894 | CB21: 0.090264913 | CC21: -0.02471104 | CD21: -0.026261221 | CE21: 0.08885025 | CF21: -0.075521709 | CG21: -0.087640012 | CH21: -0.19610873 | CI21: 0.29376096 | CJ21: -0.0049615594 | CK21: 0.10481518 | CL21: -0.31598367 | CM21: -0.048507977 | CN21: 0.16662779 | CO21: 0.046133096 | CP21: -0.021714649 | CQ21: -0.003561534 | CR21: -0.00081896281 | CS21: 0.13590345 | CT21: 0.0042926339 | CU21: 0.095412972 | CV21: 0.080332617 | CW21: -0.0522044 | CX21: 0.02172448 | CY21: 0.014154188 | CZ21: 0.083234747 | DA21: 0.056810669 | DB21: -0.094786783 | DC21: -0.081591936 | DD21: -0.0015168703 | DE21: 0.060590486 | DF21: -0.05806 | DG21: -0.09792572 | DH21: -0.097100983 | DI21: -0.077990751 | DJ21: 0.17965 | DK21: -0.13347011 | DL21: -0.041539196 | DM21: -0.052482978 | DN21: 0.025084353 | DO21: -0.065203128 | DP21: -0.02579966 | DQ21: 0.0075013928 | DR21: 0.06657291 | DS21: -0.0022891794 | DT21: 0.055367513 | DU21: -0.025836396 | DV21: 0.021412871 | DW21: -0.052603058 | DX21: 0.00033962205 | DY21: 0.0770691 | DZ21: 0.029567305 | EA21: -0.093776578 | EB21: -0.016968324 | EC21: 0.017932049 | ED21: 0.017901103 | EE21: 0.042735043 | EF21: 0.10292891
A22: 192 | B22: 5 | C22: 0.012696408 | D22: 0.0057359618 | E22: 0.045567491 | F22: 0.15058182 | G22: 0.14069841 | H22: 0.025308548 | I22: 0.2404458 | J22: 0.012473748 | K22: 0.13236028 | L22: 0.0066462663 | M22: -0.069602728 | N22: -0.32558226 | O22: 0.10208977 | P22: 0.045990059 | Q22: -0.066329425 | R22: -0.01447158 | S22: 0.10575847 | T22: -0.001213181 | U22: 0.093152444 | V22: -0.022429716 | W22: 0.10823291 | X22: 0.037686844 | Y22: -0.062420342 | Z22: 0.044118993 | AA22: -0.0010042568 | AB22: -0.025291441 | AC22: 0.10044624 | AD22: 0.11238291 | AE22: -0.0099604831 | AF22: 0.12392923 | AG22: -0.0053414693 | AH22: -0.0083068788 | AI22: 0.11069 | AJ22: 0.03057109 | AK22: -0.014601134 | AL22: -0.04132625 | AM22: -0.08673153 | AN22: 0.068920855 | AO22: -0.036974261 | AP22: -0.13315504 | AQ22: -0.18588106 | AR22: 0.050828797 | AS22: -0.0078027456 | AT22: 0.003817659 | AU22: 0.060437711 | AV22: 0.011480871 | AW22: -0.063432406 | AX22: -3.4367649e-05 | AY22: 0.027198162 | AZ22: 0.0028768739 | BA22: 0.016297836 | BB22: -0.1034907 | BC22: -0.13043549 | BD22: 0.1091901 | BE22: 0.0047507091 | BF22: -0.12060345 | BG22: 0.18801366 | BH22: -0.081000614 | BI22: -0.14975677 | BJ22: -0.061310162 | BK22: -0.043094689 | BL22: 0.031001588 | BM22: -0.0073533752 | BN22: -0.16284259 | BO22: 0.008734179 | BP22: 0.038429687 | BQ22: 0.03913173 | BR22: 0.12650302 | BS22: 0.014086394 | BT22: -0.010972234 | BU22: 0.067903221 | BV22: -0.12492476 | BW22: 0.014968495 | BX22: 0.1399272 | BY22: 0.17776288 | BZ22: -0.058495426 | CA22: 0.019973455 | CB22: 0.10582941 | CC22: -0.028887093 | CD22: -0.074761637 | CE22: 0.11312962 | CF22: -0.051603358 | CG22: -0.11287215 | CH22: -0.14207979 | CI22: 0.36047329 | CJ22: 0.0022798547 | CK22: 0.14437849 | CL22: -0.42611894 | CM22: -0.039561565 | CN22: 0.20150551 | CO22: 0.07856594 | CP22: -0.016808346 | CQ22: -0.0262881 | CR22: 0.021865264 | CS22: 0.19521081 | CT22: -0.058479647 | CU22: 0.14876302 | CV22: 0.12410061 | CW22: -0.03725059 | CX22: -0.014766062 | CY22: 0.029813079 | CZ22: 0.05882934 | DA22: 0.05447617 | DB22: -0.069940938 | DC22: -0.075149732 | DD22: -0.067729867 | DE22: 0.053891433 | DF22: -0.07874799 | DG22: -0.16125763 | DH22: -0.10736633 | DI22: -0.10727767 | DJ22: 0.1341292 | DK22: -0.096606814 | DL22: -0.00013837066 | DM22: -0.018109702 | DN22: 0.034113445 | DO22: -0.056789559 | DP22: -0.025117061 | DQ22: -0.013742983 | DR22: 0.054787554 | DS22: -0.00074842879 | DT22: 0.051025246 | DU22: -0.044304975 | DV22: 0.01699776 | DW22: -0.042731049 | DX22: 0.0071212896 | DY22: 0.090467789 | DZ22: 0.033861853 | EA22: -0.094898745 | EB22: 0.055127371 | EC22: -0.017822573 | ED22: -0.010980551 | EE22: 0.041577905 | EF22: 0.080705724
A23: 241 | B23: 4 | C23: 0.017768558 | D23: 0.0036293738 | E23: 0.033365454 | F23: 0.18403858 | G23: 0.13182637 | H23: -0.033901708 | I23: 0.21972382 | J23: 0.023901226 | K23: 0.081136137 | L23: 0.057345987 | M23: -0.017826517 | N23: -0.35858597 | O23: 0.11877782 | P23: 0.051670152 | Q23: -0.054608636 | R23: -0.021618604 | S23: 0.10616276 | T23: 0.015105484 | U23: 0.085449085 | V23: 0.025839713 | W23: 0.044941372 | X23: 0.050875929 | Y23: -0.060508537 | Z23: 0.034319391 | AA23: -0.064744737 | AB23: 0.017717561 | AC23: 0.13907031 | AD23: 0.096590875 | AE23: -0.048736242 | AF23: 0.12865817 | AG23: -0.033132071 | AH23: -0.023778885 | AI23: 0.093260164 | AJ23: 0.016259809 | AK23: -0.050449209 | AL23: -0.029040961 | AM23: -0.10952467 | AN23: 0.1147438 | AO23: 0.031320906 | AP23: -0.18769588 | AQ23: -0.1424325 | AR23: 0.029043929 | AS23: -0.016452133 | AT23: 0.016240972 | AU23: 0.036693167 | AV23: 0.0064710435 | AW23: -0.078632267 | AX23: -0.003620255 | AY23: -0.0066584052 | AZ23: 0.043636806 | BA23: 0.015310521 | BB23: -0.12056482 | BC23: -0.090689496 | BD23: 0.074106514 | BE23: 0.061631803 | BF23: -0.14126018 | BG23: 0.25976446 | BH23: -0.087023735 | BI23: -0.16329975 | BJ23: -0.0046496825 | BK23: -0.032709401 | BL23: 0.021576635 | BM23: -0.056008616 | BN23: -0.047873293 | BO23: -0.019005871 | BP23: 0.06518089 | BQ23: 0.064890394 | BR23: 0.080472381 | BS23: 0.029805534 | BT23: 0.038373337 | BU23: 0.035994218 | BV23: -0.0025965389 | BW23: -0.014293919 | BX23: 0.06602193 | BY23: 0.18970454 | BZ23: -0.10725506 | CA23: 0.057609563 | CB23: 0.12801693 | CC23: -0.024582376 | CD23: -0.10063302 | CE23: 0.11849776 | CF23: -0.068491263 | CG23: -0.080124954 | CH23: -0.14246342 | CI23: 0.42336065 | CJ23: -0.0072806889 | CK23: 0.15986768 | CL23: -0.35889914 | CM23: -0.020742141 | CN23: 0.27224845 | CO23: 0.091276525 | CP23: -0.069024375 | CQ23: -0.021689423 | CR23: 0.033343086 | CS23: 0.19386831 | CT23: -0.034785012 | CU23: 0.10438155 | CV23: 0.10053199 | CW23: -0.028884808 | CX23: -0.088659967 | CY23: 0.079509195 | CZ23: 0.02797658 | DA23: 0.030745403 | DB23: -0.061865798 | DC23: -0.10851453 | DD23: -0.080548522 | DE23: 0.086208574 | DF23: -0.092197034 | DG23: -0.12503268 | DH23: -0.10136651 | DI23: -0.11530334 | DJ23: 0.13260215 | DK23: -0.080880373 | DL23: 0.015517063 | DM23: 0.010108939 | DN23: 0.076587817 | DO23: -0.036377545 | DP23: -0.020275294 | DQ23: -0.0011067564 | DR23: 0.051945146 | DS23: 0.0037581957 | DT23: 0.060108355 | DU23: -0.068452402 | DV23: 0.027650714 | DW23: -0.052355674 | DX23: -0.010180787 | DY23: 0.15835805 | DZ23: 0.051267416 | EA23: -0.075067437 | EB23: 0.049217697 | EC23: -0.023638998 | ED23: 0.0024791378 | EE23: 0.081987457 | EF23: 0.098831202
A24: 321 | B24: 3 | C24: -0.0063062694 | D24: -0.004869163 | E24: -0.019723682 | F24: 0.067831061 | G24: 0.18159615 | H24: 0.040275061 | I24: 0.24653947 | J24: -0.022304675 | K24: 0.17301942 | L24: 0.11131511 | M24: -0.029017011 | N24: -0.22759173 | O24: 0.12528368 | P24: 0.020624945 | Q24: 0.035129306 | R24: -0.043626576 | S24: 0.1002771 | T24: 0.038207711 | U24: 0.10881975 | V24: 0.039304239 | W24: 0.075881254 | X24: -0.0047154922 | Y24: -0.066619025 | Z24: 0.029560575 | AA24: -0.019168415 | AB24: 0.020918383 | AC24: 0.021426172 | AD24: 0.10524304 | AE24: -0.010814056 | AF24: 0.085420812 | AG24: -0.096262504 | AH24: -0.029239322 | AI24: 0.096775907 | AJ24: 0.019238961 | AK24: -0.072907422 | AL24: -0.00041616186 | AM24: -0.09648146 | AN24: 0.10876785 | AO24: 0.020795468 | AP24: -0.23470322 | AQ24: -0.18056535 | AR24: 0.009320952 | AS24: -0.056958809 | AT24: 0.020018044 | AU24: 0.099998295 | AV24: 0.061910958 | AW24: -0.069264748 | AX24: -0.0069511224 | AY24: 0.01163289 | AZ24: 0.10846798 | BA24: -0.0090978695 | BB24: -0.2322564 | BC24: -0.086937838 | BD24: 0.083377875 | BE24: 0.039816066 | BF24: -0.19663622 | BG24: 0.29932013 | BH24: 0.019983486 | BI24: -0.19862429 | BJ24: 0.11125405 | BK24: -0.051393366 | BL24: 0.049826377 | BM24: -0.10431373 | BN24: -0.061547943 | BO24: -0.0083627883 | BP24: 0.062981806 | BQ24: 0.074121564 | BR24: 0.097648744 | BS24: -0.026147767 | BT24: 0.046516775 | BU24: 0.053464221 | BV24: 0.10912356 | BW24: -0.041536124 | BX24: 0.10968823 | BY24: 0.25496003 | BZ24: -0.14784459 | CA24: 0.061790226 | CB24: 0.08668285 | CC24: -0.0032948818 | CD24: -0.069298645 | CE24: 0.14968584 | CF24: -0.17263227 | CG24: -0.027718504 | CH24: -0.13880496 | CI24: 0.4988715 | CJ24: -0.038237947 | CK24: 0.19282319 | CL24: -0.23559133 | CM24: 0.0029003906 | CN24: 0.35538733 | CO24: 0.10580519 | CP24: -0.067433001 | CQ24: -0.022709821 | CR24: 0.0085028481 | CS24: 0.27548718 | CT24: -0.047539112 | CU24: 0.11288422 | CV24: 0.078399902 | CW24: -0.024774013 | CX24: -0.18173616 | CY24: 0.11810958 | CZ24: 0.089602014 | DA24: 0.13290261 | DB24: -0.14650552 | DC24: -0.16784517 | DD24: -0.067394627 | DE24: 0.086433858 | DF24: -0.12235118 | DG24: -0.082917717 | DH24: -0.0063375236 | DI24: -0.15864167 | DJ24: 0.19682175 | DK24: -0.13509892 | DL24: 0.005673634 | DM24: 0.0080068754 | DN24: 0.058503042 | DO24: -0.029333554 | DP24: -0.034563659 | DQ24: 0.0050752037 | DR24: -0.028489142 | DS24: 0.027487496 | DT24: 0.059239907 | DU24: -0.059237545 | DV24: 0.047527442 | DW24: -0.10587876 | DX24: 0.039786367 | DY24: 0.29163649 | DZ24: 0.069418288 | EA24: -0.040301101 | EB24: 0.076117642 | EC24: -0.08670786 | ED24: 0.019995782 | EE24: 0.061664883 | EF24: 0.10834501
A25: 482 | B25: 2 | C25: -0.011176635 | D25: 0.10170585 | E25: 0.0017298065 | F25: 0.18239608 | G25: 0.13597331 | H25: 0.1174826 | I25: 0.27196118 | J25: 0.038118738 | K25: 0.20235701 | L25: 0.20599386 | M25: -0.056184856 | N25: -0.10897849 | O25: 0.10707325 | P25: 0.02440991 | Q25: 0.13040003 | R25: -0.11145569 | S25: 0.1587588 | T25: -0.15453823 | U25: 0.060416741 | V25: 0.012586624 | W25: 0.082796037 | X25: 0.025317077 | Y25: -0.081813474 | Z25: 0.1385019 | AA25: -0.074478126 | AB25: 0.067539196 | AC25: -0.039342473 | AD25: 0.14000637 | AE25: -0.016441839 | AF25: -0.046565531 | AG25: -0.090288917 | AH25: -0.014882818 | AI25: 0.05450632 | AJ25: -0.067327504 | AK25: -0.053778447 | AL25: 0.03535979 | AM25: -0.13989796 | AN25: 0.018071933 | AO25: 0.01728582 | AP25: -0.26878315 | AQ25: -0.17786576 | AR25: -0.0060289305 | AS25: -0.0017369853 | AT25: -0.021738457 | AU25: 0.089617389 | AV25: 0.066312772 | AW25: -0.1463286 | AX25: -0.03661045 | AY25: 0.039620455 | AZ25: 0.21271992 | BA25: 0.010230411 | BB25: -0.40590382 | BC25: -0.25872778 | BD25: 0.068750755 | BE25: 0.0048838024 | BF25: -0.078079993 | BG25: 0.28204447 | BH25: 0.078692413 | BI25: -0.20510939 | BJ25: 0.1208634 | BK25: 0.065382535 | BL25: -0.026370013 | BM25: -0.085424442 | BN25: -0.28180432 | BO25: 0.010006677 | BP25: 0.074523472 | BQ25: 0.028943449 | BR25: 0.10373006 | BS25: -0.017801572 | BT25: 0.0029470257 | BU25: 0.05351514 | BV25: 0.061355668 | BW25: 0.076821222 | BX25: 0.11648559 | BY25: 0.25922077 | BZ25: -0.054013621 | CA25: -0.063292142 | CB25: 0.050376511 | CC25: -0.054953002 | CD25: -0.04740112 | CE25: -0.026251391 | CF25: -0.097597849 | CG25: -0.12614548 | CH25: -0.19654867 | CI25: 0.24210089 | CJ25: -0.030218477 | CK25: 0.19491862 | CL25: -0.26704515 | CM25: 0.070337668 | CN25: 0.38307225 | CO25: 0.24323253 | CP25: -0.084267173 | CQ25: -0.011965492 | CR25: 0.062754605 | CS25: 0.30874974 | CT25: -0.062386893 | CU25: -0.063346804 | CV25: 0.081010744 | CW25: -0.050220956 | CX25: -0.0963714 | CY25: 0.17675246 | CZ25: 0.069488823 | DA25: 0.25064705 | DB25: -0.21468139 | DC25: -0.20796471 | DD25: -0.12145728 | DE25: 0.17933135 | DF25: -0.14752329 | DG25: -0.083393467 | DH25: 0.078069362 | DI25: -0.12881936 | DJ25: 0.12231863 | DK25: -0.021390825 | DL25: -0.002915211 | DM25: 0.054019009 | DN25: 0.010762117 | DO25: -0.036036683 | DP25: -0.022379992 | DQ25: -0.02487699 | DR25: 0.0024518062 | DS25: 0.057046335 | DT25: 0.054242171 | DU25: 0.040785589 | DV25: 0.007510108 | DW25: -0.11684588 | DX25: 0.040656365 | DY25: 0.30069223 | DZ25: 0.058520648 | EA25: -0.042626528 | EB25: 0.098940549 | EC25: 0.05681408 | ED25: -0.022318442 | EE25: 0.10807169 | EF25: 0.15302671
A26: 964 | B26: 1 | C26: -0.023978273 | D26: 0.10746684 | E26: 0.081880335 | F26: 0.20154572 | G26: -0.030122759 | H26: 0.4601534 | I26: 0.13279746 | J26: -0.13980471 | K26: 0.066573718 | L26: 0.07822828 | M26: -0.10199866 | N26: -0.045513037 | O26: 0.059180834 | P26: -0.0097279322 | Q26: -0.021923763 | R26: -0.17737141 | S26: 0.35409217 | T26: -0.32186608 | U26: 0.12158004 | V26: 0.018085838 | W26: -0.083245267 | X26: -0.011084832 | Y26: -0.1343496 | Z26: 0.30298222 | AA26: -0.064650776 | AB26: 0.29886183 | AC26: -0.11998972 | AD26: 0.0026312997 | AE26: 0.27206647 | AF26: 0.056712085 | AG26: -0.16788087 | AH26: 0.0011082145 | AI26: 0.093749654 | AJ26: 0.0099353041 | AK26: -0.20923945 | AL26: 0.051245019 | AM26: 0.041787712 | AN26: 0.022585701 | AO26: 0.25746018 | AP26: -0.12520374 | AQ26: -0.064725673 | AR26: 0.017315274 | AS26: 0.1536609 | AT26: -0.073778944 | AU26: 0.078874832 | AV26: 0.07612155 | AW26: -0.22850363 | AX26: -0.054109392 | AY26: -0.33258448 | AZ26: 0.44422924 | BA26: -0.081321871 | BB26: -0.57777575 | BC26: -0.36462735 | BD26: -0.029082265 | BE26: -0.15545516 | BF26: 0.22423064 | BG26: 0.072909504 | BH26: -0.12727242 | BI26: -0.088317144 | BJ26: -0.058521572 | BK26: -0.0010005003 | BL26: -0.0091837889 | BM26: -0.18523762 | BN26: -0.23863078 | BO26: -0.044829258 | BP26: 0.069861208 | BQ26: 0.11785998 | BR26: 0.25295734 | BS26: 0.075707377 | BT26: 0.0081280216 | BU26: 0.10139314 | BV26: 0.15057537 | BW26: 0.013813921 | BX26: 0.44324424 | BY26: 0.20360345 | BZ26: -0.10483761 | CA26: -0.025118082 | CB26: 0.010315553 | CC26: 0.12736008 | CD26: -0.16539219 | CE26: -0.027341346 | CF26: -0.20924058 | CG26: 2.2968881e-05 | CH26: -0.0542757 | CI26: -0.035124205 | CJ26: -0.02949215 | CK26: -0.024112796 | CL26: -0.31770506 | CM26: 0.15087951 | CN26: 0.61572721 | CO26: 0.33089493 | CP26: -0.13311928 | CQ26: -0.043926428 | CR26: -0.018817213 | CS26: 0.11603612 | CT26: 0.10590234 | CU26: -0.049885679 | CV26: 0.18097124 | CW26: -0.055481234 | CX26: 0.00028276545 | CY26: 0.40222269 | CZ26: 0.14897143 | DA26: 0.046293284 | DB26: -0.29234257 | DC26: -0.34795665 | DD26: 0.21542713 | DE26: 0.19912843 | DF26: -0.090697091 | DG26: -0.13032743 | DH26: 0.10631883 | DI26: 0.092112155 | DJ26: 0.28429457 | DK26: 0.18393473 | DL26: 0.090323206 | DM26: 0.45836075 | DN26: 0.13803355 | DO26: -0.058539411 | DP26: 0.066723921 | DQ26: -0.099914946 | DR26: -0.025269917 | DS26: 0.12412695 | DT26: 0.062242989 | DU26: -0.052845281 | DV26: -0.01850118 | DW26: 0.030684046 | DX26: 0.0063391654 | DY26: 0.14062865 | DZ26: 0.054973545 | EA26: -0.073102723 | EB26: 0.040453049 | EC26: 0.12090273 | ED26: 0.0036871482 | EE26: 0.041388278 | EF26: 0.088642827
A27: 大盤 | B27: TWⅡ | C27: -0.017446771 | D27: 0.020701061 | E27: 0.023982129 | F27: -0.006557579 | G27: 0.03184513 | H27: 0.034348533 | I27: -0.0082549328 | J27: 0.012843524 | K27: -0.051018525 | L27: 0.00087394274 | M27: 0.023389576 | N27: 0.012988972 | O27: 0.0058545887 | P27: 0.027413207 | Q27: -0.0037129361 | R27: 0.024076614 | S27: -0.012190025 | T27: -0.039749578 | U27: -0.07315545 | V27: -0.05826023 | W27: 0.00077279757 | X27: 0.044591521 | Y27: -0.02769968 | Z27: 0.0020950059 | AA27: -0.023400551 | AB27: 0.032129371 | AC27: 0.038903273 | AD27: -0.042865382 | AE27: 0.018647195 | AF27: 0.015229768 | AG27: 0.036016604 | AH27: 0.0093546114 | AI27: 0.010748251 | AJ27: 0.013357754 | AK27: -0.0053327473 | AL27: 0.0013831358 | AM27: 0.020795928 | AN27: 0.031517702 | AO27: 0.0062417165 | AP27: 0.0061452617 | AQ27: 0.016946358 | AR27: 0.03468283 | AS27: 0.0030985886 | AT27: 0.015081347 | AU27: -0.019251209 | AV27: 0.038711513 | AW27: -0.021856951 | AX27: 0.0077743007 | AY27: 0.042397247 | AZ27: -0.026308975 | BA27: 0.0095717493 | BB27: -0.024249741 | BC27: 0.020163374 | BD27: -0.0035049988 | BE27: 0.020151935 | BF27: 0.00058133623 | BG27: -0.005219701 | BH27: -0.11587176 | BI27: 0.0087252257 | BJ27: -0.016377261 | BK27: 0.020840372 | BL27: 0.044975872 | BM27: 0.023954306 | BN27: 0.030239101 | BO27: -0.043725888 | BP27: 0.02188947 | BQ27: 0.0086274303 | BR27: -0.019192954 | BS27: 0.01973513 | BT27: 0.047694337 | BU27: 0.011454817 | BV27: 0.043228621 | BW27: -0.04274743 | BX27: -0.017811292 | BY27: -0.1511531 | BZ27: 0.124224 | CA27: -0.0045572538 | CB27: 0.06021124 | CC27: 0.085992033 | CD27: -0.0058084796 | CE27: -0.006041347 | CF27: 0.0024523244 | CG27: 0.089636252 | CH27: 0.070992733 | CI27: 0.027170643 | CJ27: 0.052468428 | CK27: 0.029480661 | CL27: 0.066825081 | CM27: -0.028772229 | CN27: 0.039462516 | CO27: -0.029031087 | CP27: 0.013983883 | CQ27: -0.032276965 | CR27: 0.0031035766 | CS27: 0.025591856 | CT27: 0.044391886 | CU27: -0.030338959 | CV27: -0.0012579765 | CW27: 0.0023363565 | CX27: -0.064264145 | CY27: 0.012909779 | CZ27: -0.12547709 | DA27: 0.011690683 | DB27: 0.0063378437 | DC27: -0.11730536 | DD27: -0.036010872 | DE27: 0.1389113 | DF27: -0.051143506 | DG27: 0.076731447 | DH27: 0.015508782 | DI27: 0.023223774 | DJ27: -0.018372876 | DK27: 0.062199014 | DL27: 0.020098304 | DM27: 0.01349894 | DN27: -0.030252213 | DO27: -0.017022836 | DP27: -0.021788523 | DQ27: 0.085745625 | DR27: 0.028106744 | DS27: -0.0023031598 | DT27: 0.058471198 | DU27: 0.067658949 | DV27: 0.0050207706 | DW27: 0.037416184 | DX27: 0.084111004 | DY27: -0.036832399 | DZ27: 0.0030917028 | EA27: -0.0019576282 | EB27: 0.026459104 | EC27: -0.024752539 | ED27: 0.034115491 | EE27: 0.021061974 | EF27: -0.020277393
C29: 1101 | D29: 2484 | E29: 1233 | F29: 2524 | G29: 2611 | H29: 1233 | I29: 2379 | J29: 2379 | K29: 2524 | L29: 1233 | M29: 2524 | N29: 1805 | O29: 2538 | P29: 3033 | Q29: 2385 | R29: 3024 | S29: 3024 | T29: 1314 | U29: 3024 | V29: 3024 | W29: 5521 | X29: 2535 | Y29: 3033 | Z29: 5201 | AA29: 2535 | AB29: 5201 | AC29: 5471 | AD29: 5521 | AE29: 2023 | AF29: 2023 | AG29: 3017 | AH29: 3033 | AI29: 1464 | AJ29: 2451 | AK29: 2451 | AL29: 4413 | AM29: 2451 | AN29: 2451 | AO29: 6121 | AP29: 2451 | AQ29: 1805 | AR29: 4416 | AS29: 5523 | AT29: 2524 | AU29: 1436 | AV29: 2338 | AW29: 5212 | AX29: 2338 | AY29: 6186 | AZ29: 5523 | BA29: 5523 | BB29: 5443 | BC29: 3051 | BD29: 5523 | BE29: 3051 | BF29: 3051 | BG29: 3051 | BH29: 6186 | BI29: 6186 | BJ29: 2537 | BK29: 2537 | BL29: 2488 | BM29: 6192 | BN29: 8927 | BO29: 2537 | BP29: 4416 | BQ29: 2537 | BR29: 6128 | BS29: 3002 | BT29: 5007 | BU29: 4109 | BV29: 6128 | BW29: 8085 | BX29: 8927 | BY29: 1737 | BZ29: 6242 | CA29: 6242 | CB29: 8927 | CC29: 8927 | CD29: 6242 | CE29: 8927 | CF29: 6242 | CG29: 8050 | CH29: 6242 | CI29: 6242 | CJ29: 8050 | CK29: 8050 | CL29: 6242 | CM29: 4402 | CN29: 3016 | CO29: 1436 | CP29: 6242 | CQ29: 3016 | CR29: 6242 | CS29: 3005 | CT29: 2493 | CU29: 2423 | CV29: 1734 | CW29: 5306 | CX29: 4402 | CY29: 9904 | CZ29: 8072 | DA29: 5007 | DB29: 9904 | DC29: 8072 | DD29: 6021 | DE29: 3232 | DF29: 2538 | DG29: 2538 | DH29: 5306 | DI29: 2538 | DJ29: 2434 | DK29: 2538 | DL29: 6020 | DM29: 2538 | DN29: 4402 | DO29: 2538 | DP29: 5425 | DQ29: 5425 | DR29: 4402 | DS29: 6291 | DT29: 2031 | DU29: 6291 | DV29: 3232 | DW29: 2538 | DX29: 6291 | DY29: 2538 | DZ29: 2538 | EA29: 8074 | EB29: 8074 | EC29: 3232 | ED29: 4402 | EE29: 2538 | EF29: 2538
C30: 台泥 | D30: 希華 | E30: 天仁 | F30: 京城 | G30: 志信 | H30: 天仁 | I30: 瑞昱 | J30: 瑞昱 | K30: 京城 | L30: 天仁 | M30: 京城 | N30: 寶徠 | O30: 基泰 | P30: 威健 | Q30: 群光 | R30: 憶聲 | S30: 憶聲 | T30: 中石化 | U30: 憶聲 | V30: 憶聲 | W30: 工信 | X30: 達欣工 | Y30: 威健 | Z30: 凱衛 | AA30: 達欣工 | AB30: 凱衛 | AC30: 松翰 | AD30: 工信 | AE30: 燁輝 | AF30: 燁輝 | AG30: 奇鋐 | AH30: 威健 | AI30: 得力 | AJ30: 創見 | AK30: 創見 | AL30: 飛寶企業 | AM30: 創見 | AN30: 創見 | AO30: 新普 | AP30: 創見 | AQ30: 寶徠 | AR30: 三圓 | AS30: 豐謙 | AT30: 京城 | AU30: 華友聯 | AV30: 光罩 | AW30: 凌網 | AX30: 光罩 | AY30: 新潤 | AZ30: 豐謙 | BA30: 豐謙 | BB30: 均豪 | BC30: 力特 | BD30: 豐謙 | BE30: 力特 | BF30: 力特 | BG30: 力特 | BH30: 新潤 | BI30: 新潤 | BJ30: 聯上發 | BK30: 聯上發 | BL30: 漢平 | BM30: 巨路 | BN30: 北基 | BO30: 聯上發 | BP30: 三圓 | BQ30: 聯上發 | BR30: 上福 | BS30: 歐格 | BT30: 三星 | BU30: 加捷生醫 | BV30: 上福 | BW30: 福華 | BX30: 北基 | BY30: 臺鹽 | BZ30: 立康 | CA30: 立康 | CB30: 北基 | CC30: 北基 | CD30: 立康 | CE30: 北基 | CF30: 立康 | CG30: 廣積 | CH30: 立康 | CI30: 立康 | CJ30: 廣積 | CK30: 廣積 | CL30: 立康 | CM30: 郡都開發 | CN30: 嘉晶 | CO30: 華友聯 | CP30: 立康 | CQ30: 嘉晶 | CR30: 立康 | CS30: 神基 | CT30: 揚博 | CU30: 固緯 | CV30: 杏輝 | CW30: 桂盟 | CX30: 郡都開發 | CY30: 寶成 | CZ30: 陞泰 | DA30: 三星 | DB30: 寶成 | DC30: 陞泰 | DD30: 美好證 | DE30: 昱捷 | DF30: 基泰 | DG30: 基泰 | DH30: 桂盟 | DI30: 基泰 | DJ30: 統懋 | DK30: 基泰 | DL30: 大展證 | DM30: 基泰 | DN30: 郡都開發 | DO30: 基泰 | DP30: 台半 | DQ30: 台半 | DR30: 郡都開發 | DS30: 沛亨 | DT30: 新光鋼 | DU30: 沛亨 | DV30: 昱捷 | DW30: 基泰 | DX30: 沛亨 | DY30: 基泰 | DZ30: 基泰 | EA30: 鉅橡 | EB30: 鉅橡 | EC30: 昱捷 | ED30: 郡都開發 | EE30: 基泰 | EF30: 基泰
C31: 9951 | D31: 3219 | E31: 2328 | F31: 2489 | G31: 2489 | H31: 2328 | I31: 1805 | J31: 1440 | K31: 2489 | L31: 2328 | M31: 2436 | N31: 2328 | O31: 2436 | P31: 2524 | Q31: 2524 | R31: 2524 | S31: 2524 | T31: 1451 | U31: 2524 | V31: 2524 | W31: 2328 | X31: 5007 | Y31: 2524 | Z31: 2524 | AA31: 5007 | AB31: 2524 | AC31: 5432 | AD31: 2328 | AE31: 5443 | AF31: 4528 | AG31: 2524 | AH31: 2527 | AI31: 2328 | AJ31: 2002 | AK31: 2538 | AL31: 2328 | AM31: 2538 | AN31: 2022 | AO31: 2023 | AP31: 2023 | AQ31: 2328 | AR31: 2328 | AS31: 2022 | AT31: 9904 | AU31: 2328 | AV31: 2607 | AW31: 1440 | AX31: 2539 | AY31: 2527 | AZ31: 2328 | BA31: 2328 | BB31: 5523 | BC31: 5523 | BD31: 2328 | BE31: 5523 | BF31: 5523 | BG31: 5523 | BH31: 5523 | BI31: 1785 | BJ31: 2328 | BK31: 2328 | BL31: 2537 | BM31: 5015 | BN31: 2328 | BO31: 1785 | BP31: 2328 | BQ31: 1785 | BR31: 6242 | BS31: 2538 | BT31: 2328 | BU31: 2328 | BV31: 3060 | BW31: 5355 | BX31: 2328 | BY31: 6285 | BZ31: 2504 | CA31: 4205 | CB31: 2328 | CC31: 2328 | CD31: 4205 | CE31: 2328 | CF31: 8927 | CG31: 4906 | CH31: 2504 | CI31: 4205 | CJ31: 8066 | CK31: 8066 | CL31: 4205 | CM31: 2328 | CN31: 5450 | CO31: 2328 | CP31: 4205 | CQ31: 6128 | CR31: 6128 | CS31: 6128 | CT31: 2328 | CU31: 5464 | CV31: 5464 | CW31: 5464 | CX31: 3016 | CY31: 2328 | CZ31: 3016 | DA31: 2328 | DB31: 2328 | DC31: 4205 | DD31: 2538 | DE31: 5306 | DF31: 2328 | DG31: 2328 | DH31: 2328 | DI31: 2328 | DJ31: 5306 | DK31: 2328 | DL31: 5306 | DM31: 2328 | DN31: 8074 | DO31: 2328 | DP31: 6167 | DQ31: 6167 | DR31: 8074 | DS31: 2328 | DT31: 8112 | DU31: 2328 | DV31: 3049 | DW31: 2328 | DX31: 2434 | DY31: 2328 | DZ31: 2328 | EA31: 8112 | EB31: 8112 | EC31: 3049 | ED31: 4205 | EE31: 2328 | EF31: 2328
C32: 皇田 | D32: 倚強科 | E32: 廣宇 | F32: 瑞軒 | G32: 瑞軒 | H32: 廣宇 | I32: 寶徠 | J32: 南紡 | K32: 瑞軒 | L32: 廣宇 | M32: 偉詮電 | N32: 廣宇 | O32: 偉詮電 | P32: 京城 | Q32: 京城 | R32: 京城 | S32: 京城 | T32: 年興 | U32: 京城 | V32: 京城 | W32: 廣宇 | X32: 三星 | Y32: 京城 | Z32: 京城 | AA32: 三星 | AB32: 京城 | AC32: 新門 | AD32: 廣宇 | AE32: 均豪 | AF32: 江興鍛 | AG32: 京城 | AH32: 宏璟 | AI32: 廣宇 | AJ32: 中鋼 | AK32: 基泰 | AL32: 廣宇 | AM32: 基泰 | AN32: 聚亨 | AO32: 燁輝 | AP32: 燁輝 | AQ32: 廣宇 | AR32: 廣宇 | AS32: 聚亨 | AT32: 寶成 | AU32: 廣宇 | AV32: 榮運 | AW32: 南紡 | AX32: 櫻花建 | AY32: 宏璟 | AZ32: 廣宇 | BA32: 廣宇 | BB32: 豐謙 | BC32: 豐謙 | BD32: 廣宇 | BE32: 豐謙 | BF32: 豐謙 | BG32: 豐謙 | BH32: 豐謙 | BI32: 光洋科 | BJ32: 廣宇 | BK32: 廣宇 | BL32: 聯上發 | BM32: 華祺 | BN32: 廣宇 | BO32: 光洋科 | BP32: 廣宇 | BQ32: 光洋科 | BR32: 立康 | BS32: 基泰 | BT32: 廣宇 | BU32: 廣宇 | BV32: 銘異 | BW32: 佳總 | BX32: 廣宇 | BY32: 啟碁 | BZ32: 國產 | CA32: 中華食 | CB32: 廣宇 | CC32: 廣宇 | CD32: 中華食 | CE32: 廣宇 | CF32: 北基 | CG32: 正文 | CH32: 國產 | CI32: 中華食 | CJ32: 來思達 | CK32: 來思達 | CL32: 中華食 | CM32: 廣宇 | CN32: 南良 | CO32: 廣宇 | CP32: 中華食 | CQ32: 上福 | CR32: 上福 | CS32: 上福 | CT32: 廣宇 | CU32: 霖宏 | CV32: 霖宏 | CW32: 霖宏 | CX32: 嘉晶 | CY32: 廣宇 | CZ32: 嘉晶 | DA32: 廣宇 | DB32: 廣宇 | DC32: 中華食 | DD32: 基泰 | DE32: 桂盟 | DF32: 廣宇 | DG32: 廣宇 | DH32: 廣宇 | DI32: 廣宇 | DJ32: 桂盟 | DK32: 廣宇 | DL32: 桂盟 | DM32: 廣宇 | DN32: 鉅橡 | DO32: 廣宇 | DP32: 久正 | DQ32: 久正 | DR32: 鉅橡 | DS32: 廣宇 | DT32: 至上 | DU32: 廣宇 | DV32: 精金 | DW32: 廣宇 | DX32: 統懋 | DY32: 廣宇 | DZ32: 廣宇 | EA32: 至上 | EB32: 至上 | EC32: 精金 | ED32: 中華食 | EE32: 廣宇 | EF32: 廣宇
C38: Date | D38: 2014/01 | E38: 2014/02 | F38: 2014/03 | G38: 2014/04 | H38: …... | I38: 2024/11 | J38: 2024/12 | K38: 2025/01 | L38: 2025/02
C39: Bottom Quantile | D39: 1101 | E39: 2484 | F39: 1233 | G39: 2524 | H39: …... | I39: 1233 | J39: 2379 | K39: 2379 | L39: 2524
D40: 台泥 | E40: 希華 | F40: 天仁 | G40: 京城 | H40: …... | I40: 天仁 | J40: 瑞昱 | K40: 瑞昱 | L40: 京城 | N40: 病理過程 | O40: 關鍵菌種 | P40: 代謝產物 | Q40: 臨床表現
C41: Top Quantile | D41: 9951 | E41: 3219 | F41: 2328 | G41: 2489 | H41: …... | I41: 2328 | J41: 1805 | K41: 1440 | L41: 2489
D42: 皇田 | E42: 倚強科 | F42: 廣宇 | G42: 瑞軒 | H42: …... | I42: 廣宇 | J42: 寶徠 | K42: 南紡 | L42: 瑞軒
C44: Date | D44: 2014/01 | E44: 2014/02 | F44: 2014/03 | G44: 2014/04 | H44: …... | I44: 2024/11 | J44: 2024/12 | K44: 2025/01 | L44: 2025/02
C45: Bottom Quantile | D45: 5212 | E45: 2338 | F45: 6186 | G45: 5523 | H45: …... | I45: 5443 | J45: 3051 | K45: 5523 | L45: 3051
D46: 凌網 | E46: 光罩 | F46: 新潤 | G46: 豐謙 | H46: …... | I46: 均豪 | J46: 力特 | K46: 豐謙 | L46: 力特
C47: Top Quantile | D47: 1440 | E47: 2539 | F47: 2527 | G47: 2328 | H47: …... | I47: 5523 | J47: 5523 | K47: 2328 | L47: 5523
D48: 南紡 | E48: 櫻花建 | F48: 宏璟 | G48: 廣宇 | H48: …... | I48: 豐謙 | J48: 豐謙 | K48: 廣宇 | L48: 豐謙
C50: Date | D50: 2014/01 | E50: 2014/02 | F50: 2014/03 | G50: 2014/04 | I50: 2024/11 | J50: 2024/12 | K50: 2025/01 | L50: 2025/02
C51: Bottom Quantile | D51: 1101 | E51: 2484 | F51: 1233 | G51: 2524 | I51: 1233 | J51: 2379 | K51: 2379 | L51: 2524
D52: 台泥 | E52: 希華 | F52: 天仁 | G52: 京城 | I52: 天仁 | J52: 瑞昱 | K52: 瑞昱 | L52: 京城
C53: Top Quantile | D53: 9951 | E53: 3219 | F53: 2328 | G53: 2489 | I53: 2328 | J53: 1805 | K53: 1440 | L53: 2489
D54: 皇田 | E54: 倚強科 | F54: 廣宇 | G54: 瑞軒 | I54: 廣宇 | J54: 寶徠 | K54: 南紡 | L54: 瑞軒

Sheet 工作表1
I8: 病理過程 | J8: 關鍵菌種 | K8: 代謝產物 | L8: 臨床表現
I9: 內毒素血症 | J9: 陰溝腸桿菌↑ | K9: 脂多糖 (LPS) ↑ | L9: 全身性慢性炎症
I10: 短鏈脂肪酸缺乏 | J10: 普拉梭菌↓ | K10: 丁酸、丙酸 ↓ | L10: 胰島素敏感性下降
I11: 免疫異常活化 | J11: 卵形擬桿菌↑ | K11: IL-17 ↑ | L11: 胰島β細胞損傷
I12: 能量代謝紊亂 | J12: 毛螺菌科細菌↑ | K12: 可用碳水化合物 ↑ | L12: 體重增加、脂肪堆積

Sheet 預測ＧＢＲＴ勝率
A1: Predict
A4: 等分 | B4: 家數 | C4: 2014/01 | D4: 2014/02 | E4: 2014/03 | F4: 2014/04 | G4: 2014/05 | H4: 2014/06 | I4: 2014/07 | J4: 2014/08 | K4: 2014/09 | L4: 2014/10 | M4: 2014/11 | N4: 2014/12 | O4: 2015/01 | P4: 2015/02 | Q4: 2015/03 | R4: 2015/04 | S4: 2015/05 | T4: 2015/06 | U4: 2015/07 | V4: 2015/08 | W4: 2015/09 | X4: 2015/10 | Y4: 2015/11 | Z4: 2015/12 | AA4: 2016/01 | AB4: 2016/02 | AC4: 2016/03 | AD4: 2016/04 | AE4: 2016/05 | AF4: 2016/06 | AG4: 2016/07 | AH4: 2016/08 | AI4: 2016/09 | AJ4: 2016/10 | AK4: 2016/11 | AL4: 2016/12 | AM4: 2017/01 | AN4: 2017/02 | AO4: 2017/03 | AP4: 2017/04 | AQ4: 2017/05 | AR4: 2017/06 | AS4: 2017/07 | AT4: 2017/08 | AU4: 2017/09 | AV4: 2017/10 | AW4: 2017/11 | AX4: 2017/12 | AY4: 2018/01 | AZ4: 2018/02 | BA4: 2018/03 | BB4: 2018/04 | BC4: 2018/05 | BD4: 2018/06 | BE4: 2018/07 | BF4: 2018/08 | BG4: 2018/09 | BH4: 2018/10 | BI4: 2018/11 | BJ4: 2018/12 | BK4: 2019/01 | BL4: 2019/02 | BM4: 2019/03 | BN4: 2019/04 | BO4: 2019/05 | BP4: 2019/06 | BQ4: 2019/07 | BR4: 2019/08 | BS4: 2019/09 | BT4: 2019/10 | BU4: 2019/11 | BV4: 2019/12 | BW4: 2020/01 | BX4: 2020/02 | BY4: 2020/03 | BZ4: 2020/04 | CA4: 2020/05 | CB4: 2020/06 | CC4: 2020/07 | CD4: 2020/08 | CE4: 2020/09 | CF4: 2020/10 | CG4: 2020/11 | CH4: 2020/12 | CI4: 2021/01 | CJ4: 2021/02 | CK4: 2021/03 | CL4: 2021/04 | CM4: 2021/05 | CN4: 2021/06 | CO4: 2021/07 | CP4: 2021/08 | CQ4: 2021/09 | CR4: 2021/10 | CS4: 2021/11 | CT4: 2021/12 | CU4: 2022/01 | CV4: 2022/02 | CW4: 2022/03 | CX4: 2022/04 | CY4: 2022/05 | CZ4: 2022/06 | DA4: 2022/07 | DB4: 2022/08 | DC4: 2022/09 | DD4: 2022/10 | DE4: 2022/11 | DF4: 2022/12 | DG4: 2023/01 | DH4: 2023/02 | DI4: 2023/03 | DJ4: 2023/04 | DK4: 2023/05 | DL4: 2023/06 | DM4: 2023/07 | DN4: 2023/08 | DO4: 2023/09 | DP4: 2023/10 | DQ4: 2023/11 | DR4: 2023/12 | DS4: 2024/01 | DT4: 2024/02 | DU4: 2024/03 | DV4: 2024/04 | DW4: 2024/05 | DX4: 2024/06 | DY4: 2024/07 | DZ4: 2024/08 | EA4: 2024/09 | EB4: 2024/10 | EC4: 2024/11 | ED4: 2024/12 | EE4: 2025/01 | EF4: 2025/02 | EG4: SUM | EH4: 勝率
A5: 10 | B5: 96 | C5: =IF(預測IC!C14>預測IC!C$27,1,0) -> 0 | D5: =IF(預測IC!D14>預測IC!D$27,1,0) -> 0 | E5: =IF(預測IC!E14>預測IC!E$27,1,0) -> 0 | F5: =IF(預測IC!F14>預測IC!F$27,1,0) -> 0 | G5: =IF(預測IC!G14>預測IC!G$27,1,0) -> 1 | H5: =IF(預測IC!H14>預測IC!H$27,1,0) -> 0 | I5: =IF(預測IC!I14>預測IC!I$27,1,0) -> 1 | J5: =IF(預測IC!J14>預測IC!J$27,1,0) -> 1 | ... EF5: =IF(預測IC!EF14>預測IC!EF$27,1,0) -> 1 | EG5: =SUM(C5:EF5) -> 57 | EH5: =SUM(C5:EF5)/134 -> 0.42537313
A6: 20 | B6: 48 | C6: =IF(預測IC!C15>預測IC!C$27,1,0) -> 1 | D6: =IF(預測IC!D15>預測IC!D$27,1,0) -> 0 | E6: =IF(預測IC!E15>預測IC!E$27,1,0) -> 0 | F6: =IF(預測IC!F15>預測IC!F$27,1,0) -> 0 | G6: =IF(預測IC!G15>預測IC!G$27,1,0) -> 1 | H6: =IF(預測IC!H15>預測IC!H$27,1,0) -> 0 | I6: =IF(預測IC!I15>預測IC!I$27,1,0) -> 1 | J6: =IF(預測IC!J15>預測IC!J$27,1,0) -> 1 | ... EF6: =IF(預測IC!EF15>預測IC!EF$27,1,0) -> 1 | EG6: =SUM(C6:EF6) -> 58 | EH6: =SUM(C6:EF6)/134 -> 0.43283582
A7: 50 | B7: 19 | C7: =IF(預測IC!C16>預測IC!C$27,1,0) -> 1 | D7: =IF(預測IC!D16>預測IC!D$27,1,0) -> 0 | E7: =IF(預測IC!E16>預測IC!E$27,1,0) -> 0 | F7: =IF(預測IC!F16>預測IC!F$27,1,0) -> 1 | G7: =IF(預測IC!G16>預測IC!G$27,1,0) -> 1 | H7: =IF(預測IC!H16>預測IC!H$27,1,0) -> 0 | I7: =IF(預測IC!I16>預測IC!I$27,1,0) -> 1 | J7: =IF(預測IC!J16>預測IC!J$27,1,0) -> 0 | ... EF7: =IF(預測IC!EF16>預測IC!EF$27,1,0) -> 1 | EG7: =SUM(C7:EF7) -> 54 | EH7: =SUM(C7:EF7)/134 -> 0.40298507
A8: 100 | B8: 10 | C8: =IF(預測IC!C17>預測IC!C$27,1,0) -> 1 | D8: =IF(預測IC!D17>預測IC!D$27,1,0) -> 0 | E8: =IF(預測IC!E17>預測IC!E$27,1,0) -> 0 | F8: =IF(預測IC!F17>預測IC!F$27,1,0) -> 1 | G8: =IF(預測IC!G17>預測IC!G$27,1,0) -> 1 | H8: =IF(預測IC!H17>預測IC!H$27,1,0) -> 0 | I8: =IF(預測IC!I17>預測IC!I$27,1,0) -> 1 | J8: =IF(預測IC!J17>預測IC!J$27,1,0) -> 1 | ... EF8: =IF(預測IC!EF17>預測IC!EF$27,1,0) -> 1 | EG8: =SUM(C8:EF8) -> 59 | EH8: =SUM(C8:EF8)/134 -> 0.44029851
A9: 107 | B9: 9 | C9: =IF(預測IC!C18>預測IC!C$27,1,0) -> 1 | D9: =IF(預測IC!D18>預測IC!D$27,1,0) -> 0 | E9: =IF(預測IC!E18>預測IC!E$27,1,0) -> 0 | F9: =IF(預測IC!F18>預測IC!F$27,1,0) -> 1 | G9: =IF(預測IC!G18>預測IC!G$27,1,0) -> 1 | H9: =IF(預測IC!H18>預測IC!H$27,1,0) -> 0 | I9: =IF(預測IC!I18>預測IC!I$27,1,0) -> 1 | J9: =IF(預測IC!J18>預測IC!J$27,1,0) -> 1 | ... EF9: =IF(預測IC!EF18>預測IC!EF$27,1,0) -> 1 | EG9: =SUM(C9:EF9) -> 61 | EH9: =SUM(C9:EF9)/134 -> 0.45522388
A10: 120 | B10: 8 | C10: =IF(預測IC!C19>預測IC!C$27,1,0) -> 1 | D10: =IF(預測IC!D19>預測IC!D$27,1,0) -> 0 | E10: =IF(預測IC!E19>預測IC!E$27,1,0) -> 0 | F10: =IF(預測IC!F19>預測IC!F$27,1,0) -> 1 | G10: =IF(預測IC!G19>預測IC!G$27,1,0) -> 1 | H10: =IF(預測IC!H19>預測IC!H$27,1,0) -> 0 | I10: =IF(預測IC!I19>預測IC!I$27,1,0) -> 1 | J10: =IF(預測IC!J19>預測IC!J$27,1,0) -> 1 | ... EF10: =IF(預測IC!EF19>預測IC!EF$27,1,0) -> 1 | EG10: =SUM(C10:EF10) -> 62 | EH10: =SUM(C10:EF10)/134 -> 0.46268657
A11: 137 | B11: 7 | C11: =IF(預測IC!C20>預測IC!C$27,1,0) -> 1 | D11: =IF(預測IC!D20>預測IC!D$27,1,0) -> 0 | E11: =IF(預測IC!E20>預測IC!E$27,1,0) -> 1 | F11: =IF(預測IC!F20>預測IC!F$27,1,0) -> 1 | G11: =IF(預測IC!G20>預測IC!G$27,1,0) -> 1 | H11: =IF(預測IC!H20>預測IC!H$27,1,0) -> 0 | I11: =IF(預測IC!I20>預測IC!I$27,1,0) -> 1 | J11: =IF(預測IC!J20>預測IC!J$27,1,0) -> 1 | ... EF11: =IF(預測IC!EF20>預測IC!EF$27,1,0) -> 1 | EG11: =SUM(C11:EF11) -> 65 | EH11: =SUM(C11:EF11)/134 -> 0.48507463
A12: 160 | B12: 6 | C12: =IF(預測IC!C21>預測IC!C$27,1,0) -> 1 | D12: =IF(預測IC!D21>預測IC!D$27,1,0) -> 0 | E12: =IF(預測IC!E21>預測IC!E$27,1,0) -> 1 | F12: =IF(預測IC!F21>預測IC!F$27,1,0) -> 1 | G12: =IF(預測IC!G21>預測IC!G$27,1,0) -> 1 | H12: =IF(預測IC!H21>預測IC!H$27,1,0) -> 0 | I12: =IF(預測IC!I21>預測IC!I$27,1,0) -> 1 | J12: =IF(預測IC!J21>預測IC!J$27,1,0) -> 1 | ... EF12: =IF(預測IC!EF21>預測IC!EF$27,1,0) -> 1 | EG12: =SUM(C12:EF12) -> 66 | EH12: =SUM(C12:EF12)/134 -> 0.49253731
A13: 192 | B13: 5 | C13: =IF(預測IC!C22>預測IC!C$27,1,0) -> 1 | D13: =IF(預測IC!D22>預測IC!D$27,1,0) -> 0 | E13: =IF(預測IC!E22>預測IC!E$27,1,0) -> 1 | F13: =IF(預測IC!F22>預測IC!F$27,1,0) -> 1 | G13: =IF(預測IC!G22>預測IC!G$27,1,0) -> 1 | H13: =IF(預測IC!H22>預測IC!H$27,1,0) -> 0 | I13: =IF(預測IC!I22>預測IC!I$27,1,0) -> 1 | J13: =IF(預測IC!J22>預測IC!J$27,1,0) -> 0 | ... EF13: =IF(預測IC!EF22>預測IC!EF$27,1,0) -> 1 | EG13: =SUM(C13:EF13) -> 65 | EH13: =SUM(C13:EF13)/134 -> 0.48507463
A14: 241 | B14: 4 | C14: =IF(預測IC!C23>預測IC!C$27,1,0) -> 1 | D14: =IF(預測IC!D23>預測IC!D$27,1,0) -> 0 | E14: =IF(預測IC!E23>預測IC!E$27,1,0) -> 1 | F14: =IF(預測IC!F23>預測IC!F$27,1,0) -> 1 | G14: =IF(預測IC!G23>預測IC!G$27,1,0) -> 1 | H14: =IF(預測IC!H23>預測IC!H$27,1,0) -> 0 | I14: =IF(預測IC!I23>預測IC!I$27,1,0) -> 1 | J14: =IF(預測IC!J23>預測IC!J$27,1,0) -> 1 | ... EF14: =IF(預測IC!EF23>預測IC!EF$27,1,0) -> 1 | EG14: =SUM(C14:EF14) -> 72 | EH14: =SUM(C14:EF14)/134 -> 0.53731343
A15: 321 | B15: 3 | C15: =IF(預測IC!C24>預測IC!C$27,1,0) -> 1 | D15: =IF(預測IC!D24>預測IC!D$27,1,0) -> 0 | E15: =IF(預測IC!E24>預測IC!E$27,1,0) -> 0 | F15: =IF(預測IC!F24>預測IC!F$27,1,0) -> 1 | G15: =IF(預測IC!G24>預測IC!G$27,1,0) -> 1 | H15: =IF(預測IC!H24>預測IC!H$27,1,0) -> 1 | I15: =IF(預測IC!I24>預測IC!I$27,1,0) -> 1 | J15: =IF(預測IC!J24>預測IC!J$27,1,0) -> 0 | ... EF15: =IF(預測IC!EF24>預測IC!EF$27,1,0) -> 1 | EG15: =SUM(C15:EF15) -> 67 | EH15: =SUM(C15:EF15)/134 -> 0.5
A16: 482 | B16: 2 | C16: =IF(預測IC!C25>預測IC!C$27,1,0) -> 1 | D16: =IF(預測IC!D25>預測IC!D$27,1,0) -> 1 | E16: =IF(預測IC!E25>預測IC!E$27,1,0) -> 0 | F16: =IF(預測IC!F25>預測IC!F$27,1,0) -> 1 | G16: =IF(預測IC!G25>預測IC!G$27,1,0) -> 1 | H16: =IF(預測IC!H25>預測IC!H$27,1,0) -> 1 | I16: =IF(預測IC!I25>預測IC!I$27,1,0) -> 1 | J16: =IF(預測IC!J25>預測IC!J$27,1,0) -> 1 | ... EF16: =IF(預測IC!EF25>預測IC!EF$27,1,0) -> 1 | EG16: =SUM(C16:EF16) -> 64 | EH16: =SUM(C16:EF16)/134 -> 0.47761194
A17: 964 | B17: 1 | C17: =IF(預測IC!C26>預測IC!C$27,1,0) -> 0 | D17: =IF(預測IC!D26>預測IC!D$27,1,0) -> 1 | E17: =IF(預測IC!E26>預測IC!E$27,1,0) -> 1 | F17: =IF(預測IC!F26>預測IC!F$27,1,0) -> 1 | G17: =IF(預測IC!G26>預測IC!G$27,1,0) -> 0 | H17: =IF(預測IC!H26>預測IC!H$27,1,0) -> 1 | I17: =IF(預測IC!I26>預測IC!I$27,1,0) -> 1 | J17: =IF(預測IC!J26>預測IC!J$27,1,0) -> 0 | ... EF17: =IF(預測IC!EF26>預測IC!EF$27,1,0) -> 1 | EG17: =SUM(C17:EF17) -> 64 | EH17: =SUM(C17:EF17)/134 -> 0.47761194
A18: 大盤 | B18: TWⅡ | C18: -0.017446771 | D18: 0.020701061 | E18: 0.023982129 | F18: -0.006557579 | G18: 0.03184513 | H18: 0.034348533 | I18: -0.0082549328 | J18: 0.012843524 | K18: -0.051018525 | L18: 0.00087394274 | M18: 0.023389576 | N18: 0.012988972 | O18: 0.0058545887 | P18: 0.027413207 | Q18: -0.0037129361 | R18: 0.024076614 | S18: -0.012190025 | T18: -0.039749578 | U18: -0.07315545 | V18: -0.05826023 | W18: 0.00077279757 | X18: 0.044591521 | Y18: -0.02769968 | Z18: 0.0020950059 | AA18: -0.023400551 | AB18: 0.032129371 | AC18: 0.038903273 | AD18: -0.042865382 | AE18: 0.018647195 | AF18: 0.015229768 | AG18: 0.036016604 | AH18: 0.0093546114 | AI18: 0.010748251 | AJ18: 0.013357754 | AK18: -0.0053327473 | AL18: 0.0013831358 | AM18: 0.020795928 | AN18: 0.031517702 | AO18: 0.0062417165 | AP18: 0.0061452617 | AQ18: 0.016946358 | AR18: 0.03468283 | AS18: 0.0030985886 | AT18: 0.015081347 | AU18: -0.019251209 | AV18: 0.038711513 | AW18: -0.021856951 | AX18: 0.0077743007 | AY18: 0.042397247 | AZ18: -0.026308975 | BA18: 0.0095717493 | BB18: -0.024249741 | BC18: 0.020163374 | BD18: -0.0035049988 | BE18: 0.020151935 | BF18: 0.00058133623 | BG18: -0.005219701 | BH18: -0.11587176 | BI18: 0.0087252257 | BJ18: -0.016377261 | BK18: 0.020840372 | BL18: 0.044975872 | BM18: 0.023954306 | BN18: 0.030239101 | BO18: -0.043725888 | BP18: 0.02188947 | BQ18: 0.0086274303 | BR18: -0.019192954 | BS18: 0.01973513 | BT18: 0.047694337 | BU18: 0.011454817 | BV18: 0.043228621 | BW18: -0.04274743 | BX18: -0.017811292 | BY18: -0.1511531 | BZ18: 0.124224 | CA18: -0.0045572538 | CB18: 0.06021124 | CC18: 0.085992033 | CD18: -0.0058084796 | CE18: -0.006041347 | CF18: 0.0024523244 | CG18: 0.089636252 | CH18: 0.070992733 | CI18: 0.027170643 | CJ18: 0.052468428 | CK18: 0.029480661 | CL18: 0.066825081 | CM18: -0.028772229 | CN18: 0.039462516 | CO18: -0.029031087 | CP18: 0.013983883 | CQ18: -0.032276965 | CR18: 0.0031035766 | CS18: 0.025591856 | CT18: 0.044391886 | CU18: -0.030338959 | CV18: -0.0012579765 | CW18: 0.0023363565 | CX18: -0.064264145 | CY18: 0.012909779 | CZ18: -0.12547709 | DA18: 0.011690683 | DB18: 0.0063378437 | DC18: -0.11730536 | DD18: -0.036010872 | DE18: 0.1389113 | DF18: -0.051143506 | DG18: 0.076731447 | DH18: 0.015508782 | DI18: 0.023223774 | DJ18: -0.018372876 | DK18: 0.062199014 | DL18: 0.020098304 | DM18: 0.01349894 | DN18: -0.030252213 | DO18: -0.017022836 | DP18: -0.021788523 | DQ18: 0.085745625 | DR18: 0.028106744 | DS18: -0.0023031598 | DT18: 0.058471198 | DU18: 0.067658949 | DV18: 0.0050207706 | DW18: 0.037416184 | DX18: 0.084111004 | DY18: -0.036832399 | DZ18: 0.0030917028 | EA18: -0.0019576282 | EB18: 0.026459104 | EC18: -0.024752539 | ED18: 0.034115491 | EE18: 0.021061974 | EF18: -0.020277393

Sheet 預測ＧＢＲＴ累積報酬 
A8: 投資組合 | C8: 公司數 | D8: 964
A9: 時間 | B9: 2014/01 | C9: 2014/02 | D9: 2014/03 | E9: 2014/04 | F9: 2014/05 | G9: 2014/06 | H9: 2014/07 | I9: 2014/08 | J9: 2014/09 | K9: 2014/10 | L9: 2014/11 | M9: 2014/12 | N9: 2015/01 | O9: 2015/02 | P9: 2015/03 | Q9: 2015/04 | R9: 2015/05 | S9: 2015/06 | T9: 2015/07 | U9: 2015/08 | V9: 2015/09 | W9: 2015/10 | X9: 2015/11 | Y9: 2015/12 | Z9: 2016/01 | AA9: 2016/02 | AB9: 2016/03 | AC9: 2016/04 | AD9: 2016/05 | AE9: 2016/06 | AF9: 2016/07 | AG9: 2016/08 | AH9: 2016/09 | AI9: 2016/10 | AJ9: 2016/11 | AK9: 2016/12 | AL9: 2017/01 | AM9: 2017/02 | AN9: 2017/03 | AO9: 2017/04 | AP9: 2017/05 | AQ9: 2017/06 | AR9: 2017/07 | AS9: 2017/08 | AT9: 2017/09 | AU9: 2017/10 | AV9: 2017/11 | AW9: 2017/12 | AX9: 2018/01 | AY9: 2018/02 | AZ9: 2018/03 | BA9: 2018/04 | BB9: 2018/05 | BC9: 2018/06 | BD9: 2018/07 | BE9: 2018/08 | BF9: 2018/09 | BG9: 2018/10 | BH9: 2018/11 | BI9: 2018/12 | BJ9: 2019/01 | BK9: 2019/02 | BL9: 2019/03 | BM9: 2019/04 | BN9: 2019/05 | BO9: 2019/06 | BP9: 2019/07 | BQ9: 2019/08 | BR9: 2019/09 | BS9: 2019/10 | BT9: 2019/11 | BU9: 2019/12 | BV9: 2020/01 | BW9: 2020/02 | BX9: 2020/03 | BY9: 2020/04 | BZ9: 2020/05 | CA9: 2020/06 | CB9: 2020/07 | CC9: 2020/08 | CD9: 2020/09 | CE9: 2020/10 | CF9: 2020/11 | CG9: 2020/12 | CH9: 2021/01 | CI9: 2021/02 | CJ9: 2021/03 | CK9: 2021/04 | CL9: 2021/05 | CM9: 2021/06 | CN9: 2021/07 | CO9: 2021/08 | CP9: 2021/09 | CQ9: 2021/10 | CR9: 2021/11 | CS9: 2021/12 | CT9: 2022/01 | CU9: 2022/02 | CV9: 2022/03 | CW9: 2022/04 | CX9: 2022/05 | CY9: 2022/06 | CZ9: 2022/07 | DA9: 2022/08 | DB9: 2022/09 | DC9: 2022/10 | DD9: 2022/11 | DE9: 2022/12 | DF9: 2023/01 | DG9: 2023/02 | DH9: 2023/03 | DI9: 2023/04 | DJ9: 2023/05 | DK9: 2023/06 | DL9: 2023/07 | DM9: 2023/08 | DN9: 2023/09 | DO9: 2023/10 | DP9: 2023/11 | DQ9: 2023/12 | DR9: 2024/01 | DS9: 2024/02 | DT9: 2024/03 | DU9: 2024/04 | DV9: 2024/05 | DW9: 2024/06 | DX9: 2024/07 | DY9: 2024/08 | DZ9: 2024/09 | EA9: 2024/10 | EB9: 2024/11 | EC9: 2024/12 | ED9: 2025/01 | EE9: 2025/02
A10: 10等分 | B10: -0.017914422 | C10: =B10+預測IC!D14 -> -0.0031706321 | D10: =C10+預測IC!E14 -> -0.015374861 | E10: =D10+預測IC!F14 -> -0.068522235 | F10: =E10+預測IC!G14 -> -0.028393834 | G10: =F10+預測IC!H14 -> -0.057684927 | H10: =G10+預測IC!I14 -> -0.048694958 | I10: =H10+預測IC!J14 -> -0.025312296 | J10: =I10+預測IC!K14 -> -0.0033822534 | ... EE10: =ED10+預測IC!EF14 -> -0.055545248
A11: 20等分 | B11: -0.003950283 | C11: =B11+預測IC!D15 -> -0.0064587764 | D11: =C11+預測IC!E15 -> -0.012553518 | E11: =D11+預測IC!F15 -> -0.067739003 | F11: =E11+預測IC!G15 -> -0.019606069 | G11: =F11+預測IC!H15 -> -0.061538708 | H11: =G11+預測IC!I15 -> -0.029932533 | I11: =H11+預測IC!J15 -> -0.0081650121 | J11: =I11+預測IC!K15 -> 0.034234884 | ... EE11: =ED11+預測IC!EF15 -> 0.21563789
A12: 50等分 | B12: -0.0033019748 | C12: =B12+預測IC!D16 -> -0.067873191 | D12: =C12+預測IC!E16 -> -0.072708688 | E12: =D12+預測IC!F16 -> -0.040356099 | F12: =E12+預測IC!G16 -> 0.046310784 | G12: =F12+預測IC!H16 -> 0.040328935 | H12: =G12+預測IC!I16 -> 0.12667849 | I12: =H12+預測IC!J16 -> 0.1283042 | J12: =I12+預測IC!K16 -> 0.15870461 | ... EE12: =ED12+預測IC!EF16 -> 0.3442294
A13: 100等分 | B13: 0.065024995 | C13: =B13+預測IC!D17 -> -0.012012001 | D13: =C13+預測IC!E17 -> -0.015090622 | E13: =D13+預測IC!F17 -> 0.023093761 | F13: =E13+預測IC!G17 -> 0.11626922 | G13: =F13+預測IC!H17 -> 0.12355065 | H13: =G13+預測IC!I17 -> 0.21270741 | I13: =H13+預測IC!J17 -> 0.22928153 | J13: =I13+預測IC!K17 -> 0.27707547 | ... EE13: =ED13+預測IC!EF17 -> 0.54822972
A14: 107等分 | B14: 0.012727346 | C14: =B14+預測IC!D18 -> -0.068451015 | D14: =C14+預測IC!E18 -> -0.045008359 | E14: =D14+預測IC!F18 -> -0.013142533 | F14: =E14+預測IC!G18 -> 0.12380575 | G14: =F14+預測IC!H18 -> 0.11836724 | H14: =G14+預測IC!I18 -> 0.19626097 | I14: =H14+預測IC!J18 -> 0.22220437 | J14: =I14+預測IC!K18 -> 0.28183405 | ... EE14: =ED14+預測IC!EF18 -> 0.72681057
A15: 120等分 | B15: 0.0034430522 | C15: =B15+預測IC!D19 -> -0.030671707 | D15: =C15+預測IC!E19 -> -0.009441777 | E15: =D15+預測IC!F19 -> 0.071310387 | F15: =E15+預測IC!G19 -> 0.21301234 | G15: =F15+預測IC!H19 -> 0.18767785 | H15: =G15+預測IC!I19 -> 0.32171355 | I15: =H15+預測IC!J19 -> 0.35495108 | J15: =I15+預測IC!K19 -> 0.43540012 | ... EE15: =ED15+預測IC!EF19 -> 0.89262095
A16: 137等分 | B16: 0.020288327 | C16: =B16+預測IC!D20 -> 0.0064702313 | D16: =C16+預測IC!E20 -> 0.032971389 | E16: =D16+預測IC!F20 -> 0.15235435 | F16: =E16+預測IC!G20 -> 0.31031449 | G16: =F16+預測IC!H20 -> 0.26717893 | H16: =G16+預測IC!I20 -> 0.42340904 | I16: =H16+預測IC!J20 -> 0.47769127 | J16: =I16+預測IC!K20 -> 0.59274544 | ... EE16: =ED16+預測IC!EF20 -> 0.23067996
A17: 160等分 | B17: 0.014170614 | C17: =B17+預測IC!D21 -> 0.017909556 | D17: =C17+預測IC!E21 -> 0.047470608 | E17: =D17+預測IC!F21 -> 0.22515927 | F17: =E17+預測IC!G21 -> 0.35054583 | G17: =F17+預測IC!H21 -> 0.35575779 | H17: =G17+預測IC!I21 -> 0.54105925 | I17: =H17+預測IC!J21 -> 0.62534898 | J17: =I17+預測IC!K21 -> 0.76070784 | ... EE17: =ED17+預測IC!EF21 -> 0.91625765
A18: 192等分 | B18: 0.012696408 | C18: =B18+預測IC!D22 -> 0.01843237 | D18: =C18+預測IC!E22 -> 0.063999861 | E18: =D18+預測IC!F22 -> 0.21458168 | F18: =E18+預測IC!G22 -> 0.35528009 | G18: =F18+預測IC!H22 -> 0.38058864 | H18: =G18+預測IC!I22 -> 0.62103443 | I18: =H18+預測IC!J22 -> 0.63350818 | J18: =I18+預測IC!K22 -> 0.76586846 | ... EE18: =ED18+預測IC!EF22 -> 0.94771467
A19: 241等分 | B19: 0.017768558 | C19: =B19+預測IC!D23 -> 0.021397931 | D19: =C19+預測IC!E23 -> 0.054763385 | E19: =D19+預測IC!F23 -> 0.23880197 | F19: =E19+預測IC!G23 -> 0.37062834 | G19: =F19+預測IC!H23 -> 0.33672663 | H19: =G19+預測IC!I23 -> 0.55645045 | I19: =H19+預測IC!J23 -> 0.58035167 | J19: =I19+預測IC!K23 -> 0.66148781 | ... EE19: =ED19+預測IC!EF23 -> 1.4576766
A20: 321等分 | B20: -0.0063062694 | C20: =B20+預測IC!D24 -> -0.011175432 | D20: =C20+預測IC!E24 -> -0.030899115 | E20: =D20+預測IC!F24 -> 0.036931946 | F20: =E20+預測IC!G24 -> 0.21852809 | G20: =F20+預測IC!H24 -> 0.25880315 | H20: =G20+預測IC!I24 -> 0.50534263 | I20: =H20+預測IC!J24 -> 0.48303795 | J20: =I20+預測IC!K24 -> 0.65605737 | ... EE20: =ED20+預測IC!EF24 -> 2.2626723
A21: 482等分 | B21: -0.011176635 | C21: =B21+預測IC!D25 -> 0.090529219 | D21: =C21+預測IC!E25 -> 0.092259026 | E21: =D21+預測IC!F25 -> 0.2746551 | F21: =E21+預測IC!G25 -> 0.41062841 | G21: =F21+預測IC!H25 -> 0.52811101 | H21: =G21+預測IC!I25 -> 0.80007219 | I21: =H21+預測IC!J25 -> 0.83819093 | J21: =I21+預測IC!K25 -> 1.0405479 | ... EE21: =ED21+預測IC!EF25 -> 2.1033959
... A23: 大盤 | B23: -0.017446771 | C23: =B23+預測IC!D27 -> 0.00325429 | D23: =C23+預測IC!E27 -> 0.027236419 | E23: =D23+預測IC!F27 -> 0.02067884 | F23: =E23+預測IC!G27 -> 0.05252397 | G23: =F23+預測IC!H27 -> 0.086872503 | H23: =G23+預測IC!I27 -> 0.07861757 | I23: =H23+預測IC!J27 -> 0.091461094 | J23: =I23+預測IC!K27 -> 0.04044257 | ... EE23: =ED23+預測IC!EF27 -> 0.98470404

Sheet ＧＢＲＴ再投資累積報酬
C3: 投資組合 | D3: 964
C4: 等分 | D4: 2014/01 | E4: 2014/02 | F4: 2014/03 | G4: 2014/04 | H4: 2014/05 | I4: 2014/06 | J4: 2014/07 | K4: 2014/08 | L4: 2014/09 | M4: 2014/10 | N4: 2014/11 | O4: 2014/12 | P4: 2015/01 | Q4: 2015/02 | R4: 2015/03 | S4: 2015/04 | T4: 2015/05 | U4: 2015/06 | V4: 2015/07 | W4: 2015/08 | X4: 2015/09 | Y4: 2015/10 | Z4: 2015/11 | AA4: 2015/12 | AB4: 2016/01 | AC4: 2016/02 | AD4: 2016/03 | AE4: 2016/04 | AF4: 2016/05 | AG4: 2016/06 | AH4: 2016/07 | AI4: 2016/08 | AJ4: 2016/09 | AK4: 2016/10 | AL4: 2016/11 | AM4: 2016/12 | AN4: 2017/01 | AO4: 2017/02 | AP4: 2017/03 | AQ4: 2017/04 | AR4: 2017/05 | AS4: 2017/06 | AT4: 2017/07 | AU4: 2017/08 | AV4: 2017/09 | AW4: 2017/10 | AX4: 2017/11 | AY4: 2017/12 | AZ4: 2018/01 | BA4: 2018/02 | BB4: 2018/03 | BC4: 2018/04 | BD4: 2018/05 | BE4: 2018/06 | BF4: 2018/07 | BG4: 2018/08 | BH4: 2018/09 | BI4: 2018/10 | BJ4: 2018/11 | BK4: 2018/12 | BL4: 2019/01 | BM4: 2019/02 | BN4: 2019/03 | BO4: 2019/04 | BP4: 2019/05 | BQ4: 2019/06 | BR4: 2019/07 | BS4: 2019/08 | BT4: 2019/09 | BU4: 2019/10 | BV4: 2019/11 | BW4: 2019/12 | BX4: 2020/01 | BY4: 2020/02 | BZ4: 2020/03 | CA4: 2020/04 | CB4: 2020/05 | CC4: 2020/06 | CD4: 2020/07 | CE4: 2020/08 | CF4: 2020/09 | CG4: 2020/10 | CH4: 2020/11 | CI4: 2020/12 | CJ4: 2021/01 | CK4: 2021/02 | CL4: 2021/03 | CM4: 2021/04 | CN4: 2021/05 | CO4: 2021/06 | CP4: 2021/07 | CQ4: 2021/08 | CR4: 2021/09 | CS4: 2021/10 | CT4: 2021/11 | CU4: 2021/12 | CV4: 2022/01 | CW4: 2022/02 | CX4: 2022/03 | CY4: 2022/04 | CZ4: 2022/05 | DA4: 2022/06 | DB4: 2022/07 | DC4: 2022/08 | DD4: 2022/09 | DE4: 2022/10 | DF4: 2022/11 | DG4: 2022/12 | DH4: 2023/01 | DI4: 2023/02 | DJ4: 2023/03 | DK4: 2023/04 | DL4: 2023/05 | DM4: 2023/06 | DN4: 2023/07 | DO4: 2023/08 | DP4: 2023/09 | DQ4: 2023/10 | DR4: 2023/11 | DS4: 2023/12 | DT4: 2024/01 | DU4: 2024/02 | DV4: 2024/03 | DW4: 2024/04 | DX4: 2024/05 | DY4: 2024/06 | DZ4: 2024/07 | EA4: 2024/08 | EB4: 2024/09 | EC4: 2024/10 | ED4: 2024/11 | EE4: 2024/12 | EF4: 2025/01 | EG4: 2025/02
C5: 10 | D5: {=PRODUCT(1 + 預測IC!$C14:C14) - 1} -> -0.017914422 | E5: {=PRODUCT(1 + 預測IC!$C14:D14) - 1} -> -0.0034347586 | F5: {=PRODUCT(1 + 預測IC!$C14:E14) - 1} -> -0.015597069 | G5: {=PRODUCT(1 + 預測IC!$C14:F14) - 1} -> -0.0679155 | H5: {=PRODUCT(1 + 預測IC!$C14:G14) - 1} -> -0.030512439 | I5: {=PRODUCT(1 + 預測IC!$C14:H14) - 1} -> -0.058909789 | J5: {=PRODUCT(1 + 預測IC!$C14:I14) - 1} -> -0.050449417 | K5: {=PRODUCT(1 + 預測IC!$C14:J14) - 1} -> -0.028246397 | ... EG5: {=PRODUCT(1 + 預測IC!$C14:EF14) - 1} -> -0.095019279
C6: 20 | D6: {=PRODUCT(1 + 預測IC!$C15:C15) - 1} -> -0.003950283 | E6: {=PRODUCT(1 + 預測IC!$C15:D15) - 1} -> -0.0064488672 | F6: {=PRODUCT(1 + 預測IC!$C15:E15) - 1} -> -0.012504305 | G6: {=PRODUCT(1 + 預測IC!$C15:F15) - 1} -> -0.066999734 | H6: {=PRODUCT(1 + 預測IC!$C15:G15) - 1} -> -0.022091694 | I6: {=PRODUCT(1 + 預測IC!$C15:H15) - 1} -> -0.063097969 | J6: {=PRODUCT(1 + 預測IC!$C15:I15) - 1} -> -0.033486079 | K6: {=PRODUCT(1 + 預測IC!$C15:J15) - 1} -> -0.012447468 | ... EG6: {=PRODUCT(1 + 預測IC!$C15:EF15) - 1} -> 0.15909255
C7: 50 | D7: {=PRODUCT(1 + 預測IC!$C16:C16) - 1} -> -0.0033019748 | E7: {=PRODUCT(1 + 預測IC!$C16:D16) - 1} -> -0.067659979 | F7: {=PRODUCT(1 + 預測IC!$C16:E16) - 1} -> -0.072168306 | G7: {=PRODUCT(1 + 預測IC!$C16:F16) - 1} -> -0.042150548 | H7: {=PRODUCT(1 + 預測IC!$C16:G16) - 1} -> 0.040863278 | I7: {=PRODUCT(1 + 預測IC!$C16:H16) - 1} -> 0.034636991 | J7: {=PRODUCT(1 + 預測IC!$C16:I16) - 1} -> 0.12397743 | K7: {=PRODUCT(1 + 預測IC!$C16:J16) - 1} -> 0.1258047 | ... EG7: {=PRODUCT(1 + 預測IC!$C16:EF16) - 1} -> 0.19987739
C8: 100 | D8: {=PRODUCT(1 + 預測IC!$C17:C17) - 1} -> 0.065024995 | E8: {=PRODUCT(1 + 預測IC!$C17:D17) - 1} -> -0.017021331 | F8: {=PRODUCT(1 + 預測IC!$C17:E17) - 1} -> -0.02004755 | G8: {=PRODUCT(1 + 預測IC!$C17:F17) - 1} -> 0.017371329 | H8: {=PRODUCT(1 + 預測IC!$C17:G17) - 1} -> 0.11216537 | I8: {=PRODUCT(1 + 預測IC!$C17:H17) - 1} -> 0.12026352 | J8: {=PRODUCT(1 + 預測IC!$C17:I17) - 1} -> 0.22014259 | K8: {=PRODUCT(1 + 預測IC!$C17:J17) - 1} -> 0.24036538 | ... EG8: {=PRODUCT(1 + 預測IC!$C17:EF17) - 1} -> 0.32510528
C9: 107 | D9: {=PRODUCT(1 + 預測IC!$C18:C18) - 1} -> 0.012727346 | E9: {=PRODUCT(1 + 預測IC!$C18:D18) - 1} -> -0.0694842 | F9: {=PRODUCT(1 + 預測IC!$C18:E18) - 1} -> -0.047670438 | G9: {=PRODUCT(1 + 預測IC!$C18:F18) - 1} -> -0.017323671 | H9: {=PRODUCT(1 + 預測IC!$C18:G18) - 1} -> 0.11725217 | I9: {=PRODUCT(1 + 預測IC!$C18:H18) - 1} -> 0.11117598 | J9: {=PRODUCT(1 + 預測IC!$C18:I18) - 1} -> 0.19772962 | K9: {=PRODUCT(1 + 預測IC!$C18:J18) - 1} -> 0.2288028 | ... EG9: {=PRODUCT(1 + 預測IC!$C18:EF18) - 1} -> 0.52503602
C10: 120 | D10: {=PRODUCT(1 + 預測IC!$C19:C19) - 1} -> 0.0034430522 | E10: {=PRODUCT(1 + 預測IC!$C19:D19) - 1} -> -0.030789166 | F10: {=PRODUCT(1 + 預測IC!$C19:E19) - 1} -> -0.010212888 | G10: {=PRODUCT(1 + 預測IC!$C19:F19) - 1} -> 0.069714564 | H10: {=PRODUCT(1 + 預測IC!$C19:G19) - 1} -> 0.22129521 | I10: {=PRODUCT(1 + 預測IC!$C19:H19) - 1} -> 0.19035432 | J10: {=PRODUCT(1 + 預測IC!$C19:I19) - 1} -> 0.34990429 | K10: {=PRODUCT(1 + 預測IC!$C19:J19) - 1} -> 0.39477177 | ... EG10: {=PRODUCT(1 + 預測IC!$C19:EF19) - 1} -> 0.65984933
C11: 137 | D11: {=PRODUCT(1 + 預測IC!$C20:C20) - 1} -> 0.020288327 | E11: {=PRODUCT(1 + 預測IC!$C20:D20) - 1} -> 0.0061898852 | F11: {=PRODUCT(1 + 預測IC!$C20:E20) - 1} -> 0.032855082 | G11: {=PRODUCT(1 + 預測IC!$C20:F20) - 1} -> 0.15616038 | H11: {=PRODUCT(1 + 預測IC!$C20:G20) - 1} -> 0.33878763 | I11: {=PRODUCT(1 + 預測IC!$C20:H20) - 1} -> 0.28103828 | J11: {=PRODUCT(1 + 預測IC!$C20:I20) - 1} -> 0.48117504 | K11: {=PRODUCT(1 + 預測IC!$C20:J20) - 1} -> 0.56157652 | ... EG11: {=PRODUCT(1 + 預測IC!$C20:EF20) - 1} -> -0.21828849
C12: 160 | D12: {=PRODUCT(1 + 預測IC!$C21:C21) - 1} -> 0.014170614 | E12: {=PRODUCT(1 + 預測IC!$C21:D21) - 1} -> 0.017962539 | F12: {=PRODUCT(1 + 預測IC!$C21:E21) - 1} -> 0.048054583 | G12: {=PRODUCT(1 + 預測IC!$C21:F21) - 1} -> 0.234282 | H12: {=PRODUCT(1 + 預測IC!$C21:G21) - 1} -> 0.38904437 | I12: {=PRODUCT(1 + 預測IC!$C21:H21) - 1} -> 0.39628402 | J12: {=PRODUCT(1 + 預測IC!$C21:I21) - 1} -> 0.65501749 | K12: {=PRODUCT(1 + 預測IC!$C21:J21) - 1} -> 0.79451846 | ... EG12: {=PRODUCT(1 + 預測IC!$C21:EF21) - 1} -> 0.45468563
C13: 192 | D13: {=PRODUCT(1 + 預測IC!$C22:C22) - 1} -> 0.012696408 | E13: {=PRODUCT(1 + 預測IC!$C22:D22) - 1} -> 0.018505196 | F13: {=PRODUCT(1 + 預測IC!$C22:E22) - 1} -> 0.064915923 | G13: {=PRODUCT(1 + 預測IC!$C22:F22) - 1} -> 0.2252729 | H13: {=PRODUCT(1 + 預測IC!$C22:G22) - 1} -> 0.39766685 | I13: {=PRODUCT(1 + 預測IC!$C22:H22) - 1} -> 0.43303977 | J13: {=PRODUCT(1 + 預測IC!$C22:I22) - 1} -> 0.77760815 | K13: {=PRODUCT(1 + 預測IC!$C22:J22) - 1} -> 0.79978159 | ... EG13: {=PRODUCT(1 + 預測IC!$C22:EF22) - 1} -> 0.27320304
C14: 241 | D14: {=PRODUCT(1 + 預測IC!$C23:C23) - 1} -> 0.017768558 | E14: {=PRODUCT(1 + 預測IC!$C23:D23) - 1} -> 0.02146242 | F14: {=PRODUCT(1 + 預測IC!$C23:E23) - 1} -> 0.055543977 | G14: {=PRODUCT(1 + 預測IC!$C23:F23) - 1} -> 0.24980479 | H14: {=PRODUCT(1 + 預測IC!$C23:G23) - 1} -> 0.41456202 | I14: {=PRODUCT(1 + 預測IC!$C23:H23) - 1} -> 0.36660595 | J14: {=PRODUCT(1 + 預測IC!$C23:I23) - 1} -> 0.66688183 | K14: {=PRODUCT(1 + 預測IC!$C23:J23) - 1} -> 0.70672235 | ... EG14: {=PRODUCT(1 + 預測IC!$C23:EF23) - 1} -> 1.084856
C15: 321 | D15: {=PRODUCT(1 + 預測IC!$C24:C24) - 1} -> -0.0063062694 | E15: {=PRODUCT(1 + 預測IC!$C24:D24) - 1} -> -0.011144726 | F15: {=PRODUCT(1 + 預測IC!$C24:E24) - 1} -> -0.030648593 | G15: {=PRODUCT(1 + 預測IC!$C24:F24) - 1} -> 0.035103541 | H15: {=PRODUCT(1 + 預測IC!$C24:G24) - 1} -> 0.22307435 | I15: {=PRODUCT(1 + 預測IC!$C24:H24) - 1} -> 0.27233375 | J15: {=PRODUCT(1 + 預測IC!$C24:I24) - 1} -> 0.58601424 | K15: {=PRODUCT(1 + 預測IC!$C24:J24) - 1} -> 0.55063871 | ... EG15: {=PRODUCT(1 + 預測IC!$C24:EF24) - 1} -> 2.8720712
C16: 482 | D16: {=PRODUCT(1 + 預測IC!$C25:C25) - 1} -> -0.011176635 | E16: {=PRODUCT(1 + 預測IC!$C25:D25) - 1} -> 0.08939249 | F16: {=PRODUCT(1 + 預測IC!$C25:E25) - 1} -> 0.091276928 | G16: {=PRODUCT(1 + 預測IC!$C25:F25) - 1} -> 0.29032156 | H16: {=PRODUCT(1 + 預測IC!$C25:G25) - 1} -> 0.46577084 | I16: {=PRODUCT(1 + 預測IC!$C25:H25) - 1} -> 0.63797341 | J16: {=PRODUCT(1 + 預測IC!$C25:I25) - 1} -> 1.0834386 | K16: {=PRODUCT(1 + 預測IC!$C25:J25) - 1} -> 1.1628566 | ... EG16: {=PRODUCT(1 + 預測IC!$C25:EF25) - 1} -> 1.5862708
C17: 964 | D17: {=PRODUCT(1 + 預測IC!$C26:C26) - 1} -> -0.023978273 | E17: {=PRODUCT(1 + 預測IC!$C26:D26) - 1} -> 0.080911701 | F17: {=PRODUCT(1 + 預測IC!$C26:E26) - 1} -> 0.16941711 | G17: {=PRODUCT(1 + 預測IC!$C26:F26) - 1} -> 0.40510813 | H17: {=PRODUCT(1 + 預測IC!$C26:G26) - 1} -> 0.36278239 | I17: {=PRODUCT(1 + 預測IC!$C26:H26) - 1} -> 0.98987134 | J17: {=PRODUCT(1 + 預測IC!$C26:I26) - 1} -> 1.2541212 | K17: {=PRODUCT(1 + 預測IC!$C26:J26) - 1} -> 0.93898442 | ... EG17: {=PRODUCT(1 + 預測IC!$C26:EF26) - 1} -> 2.4776836
C18: 大盤 | D18: {=PRODUCT(1 + 預測IC!$C27:C27) - 1} -> -0.017446771 | E18: {=PRODUCT(1 + 預測IC!$C27:D27) - 1} -> 0.0028931233 | F18: {=PRODUCT(1 + 預測IC!$C27:E27) - 1} -> 0.026944636 | G18: {=PRODUCT(1 + 預測IC!$C27:F27) - 1} -> 0.020210365 | H18: {=PRODUCT(1 + 預測IC!$C27:G27) - 1} -> 0.052699097 | I18: {=PRODUCT(1 + 預測IC!$C27:H27) - 1} -> 0.088857766 | J18: {=PRODUCT(1 + 預測IC!$C27:I27) - 1} -> 0.079869319 | K18: {=PRODUCT(1 + 預測IC!$C27:J27) - 1} -> 0.093738646 | ... EG18: {=PRODUCT(1 + 預測IC!$C27:EF27) - 1} -> 1.3673442
C22: 等分 | D22: 2014/01 | E22: 2014/02 | F22: 2014/03 | G22: 2014/04 | H22: 2014/05 | I22: 2014/06 | J22: 2014/07 | K22: 2014/08 | L22: 2014/09 | M22: 2014/10 | N22: 2014/11 | O22: 2014/12 | P22: 2015/01 | Q22: 2015/02 | R22: 2015/03 | S22: 2015/04 | T22: 2015/05 | U22: 2015/06 | V22: 2015/07 | W22: 2015/08 | X22: 2015/09 | Y22: 2015/10 | Z22: 2015/11 | AA22: 2015/12 | AB22: 2016/01 | AC22: 2016/02 | AD22: 2016/03 | AE22: 2016/04 | AF22: 2016/05 | AG22: 2016/06 | AH22: 2016/07 | AI22: 2016/08 | AJ22: 2016/09 | AK22: 2016/10 | AL22: 2016/11 | AM22: 2016/12 | AN22: 2017/01 | AO22: 2017/02 | AP22: 2017/03 | AQ22: 2017/04 | AR22: 2017/05 | AS22: 2017/06 | AT22: 2017/07 | AU22: 2017/08 | AV22: 2017/09 | AW22: 2017/10 | AX22: 2017/11 | AY22: 2017/12 | AZ22: 2018/01 | BA22: 2018/02 | BB22: 2018/03 | BC22: 2018/04 | BD22: 2018/05 | BE22: 2018/06 | BF22: 2018/07 | BG22: 2018/08 | BH22: 2018/09 | BI22: 2018/10 | BJ22: 2018/11 | BK22: 2018/12 | BL22: 2019/01 | BM22: 2019/02 | BN22: 2019/03 | BO22: 2019/04 | BP22: 2019/05 | BQ22: 2019/06 | BR22: 2019/07 | BS22: 2019/08 | BT22: 2019/09 | BU22: 2019/10 | BV22: 2019/11 | BW22: 2019/12 | BX22: 2020/01 | BY22: 2020/02 | BZ22: 2020/03 | CA22: 2020/04 | CB22: 2020/05 | CC22: 2020/06 | CD22: 2020/07 | CE22: 2020/08 | CF22: 2020/09 | CG22: 2020/10 | CH22: 2020/11 | CI22: 2020/12 | CJ22: 2021/01 | CK22: 2021/02 | CL22: 2021/03 | CM22: 2021/04 | CN22: 2021/05 | CO22: 2021/06 | CP22: 2021/07 | CQ22: 2021/08 | CR22: 2021/09 | CS22: 2021/10 | CT22: 2021/11 | CU22: 2021/12 | CV22: 2022/01 | CW22: 2022/02 | CX22: 2022/03 | CY22: 2022/04 | CZ22: 2022/05 | DA22: 2022/06 | DB22: 2022/07 | DC22: 2022/08 | DD22: 2022/09 | DE22: 2022/10 | DF22: 2022/11 | DG22: 2022/12 | DH22: 2023/01 | DI22: 2023/02 | DJ22: 2023/03 | DK22: 2023/04 | DL22: 2023/05 | DM22: 2023/06 | DN22: 2023/07 | DO22: 2023/08 | DP22: 2023/09 | DQ22: 2023/10 | DR22: 2023/11 | DS22: 2023/12 | DT22: 2024/01 | DU22: 2024/02 | DV22: 2024/03 | DW22: 2024/04 | DX22: 2024/05 | DY22: 2024/06 | DZ22: 2024/07 | EA22: 2024/08 | EB22: 2024/09 | EC22: 2024/10 | ED22: 2024/11 | EE22: 2024/12 | EF22: 2025/01 | EG22: 2025/02
C23: 10 | D23: 0.014499247 | E23: -0.00039213246 | F23: 0.0010010456 | G23: -0.055014357 | H23: -0.015361385 | I23: -0.024813186 | J23: 0.0090323693 | K23: 0.032546476 | L23: 0.042835705 | M23: 0.075489743 | N23: 0.056109787 | O23: 0.092760339 | P23: 0.12202968 | Q23: 0.12174431 | R23: 0.14785827 | S23: 0.17813861 | T23: 0.26134172 | U23: 0.36397823 | V23: 0.37666432 | W23: 0.3933401 | X23: 0.43293557 | Y23: 0.58535613 | Z23: 0.66308011 | AA23: 0.77178361 | AB23: 0.78401206 | AC23: 0.80872643 | AD23: 0.8565929 | AE23: 0.9106512 | AF23: 0.99937748 | AG23: 1.0438326 | AH23: 1.0516296 | AI23: 1.0902059 | AJ23: 1.071825 | AK23: 1.1133695 | AL23: 1.1433071 | AM23: 1.2440707 | AN23: 1.3081186 | AO23: 1.2466173 | AP23: 1.2129282 | AQ23: 1.3008349 | AR23: 1.3231381 | AS23: 1.3747652 | AT23: 1.4300079 | AU23: 1.616836 | AV23: 1.6071183 | AW23: 1.729419 | AX23: 1.777357 | AY23: 1.8897891 | AZ23: 2.0289512 | BA23: 2.1004786 | BB23: 2.1824376 | BC23: 2.1863647 | BD23: 2.30514 | BE23: 2.3323134 | BF23: 2.2144544 | BG23: 2.442375 | BH23: 2.5413088 | BI23: 2.8385091 | BJ23: 3.1401167 | BK23: 3.2422249 | BL23: 3.2394361 | BM23: 3.454021 | BN23: 3.5459253 | BO23: 3.610956 | BP23: 3.8947201 | BQ23: 4.0562213 | BR23: 4.2193663 | BS23: 4.5168007 | BT23: 4.6968848 | BU23: 4.7901131 | BV23: 4.888053 | BW23: 5.1116173 | BX23: 5.3834437 | BY23: 5.4789934 | BZ23: 6.0492182 | CA23: 6.2588336 | CB23: 6.2544516 | CC23: 6.451583 | CD23: 6.3314547 | CE23: 6.6909585 | CF23: 7.0817864 | CG23: 7.1760044 | CH23: 7.3448875 | CI23: 7.6165817 | CJ23: 8.1257683 | CK23: 8.7103595 | CL23: 9.3803021 | CM23: 10.496339 | CN23: 10.193365 | CO23: 11.941459 | CP23: 12.668534 | CQ23: 12.654797 | CR23: 13.574811 | CS23: 14.388206 | CT23: 14.730689 | CU23: 15.763945 | CV23: 16.624231 | CW23: 17.249595 | CX23: 17.558843 | CY23: 18.129576 | CZ23: 17.815457 | DA23: 18.047344 | DB23: 19.256769 | DC23: 18.535926 | DD23: 19.010972 | DE23: 20.287549 | DF23: 21.929503 | DG23: 21.662963 | DH23: 20.588865 | DI23: 19.92386 | DJ23: 19.296578 | DK23: 20.244419 | DL23: 20.267176 | DM23: 20.528985 | DN23: 21.730618 | DO23: 22.129726 | DP23: 22.569901 | DQ23: 24.067084 | DR23: 24.736059 | DS23: 25.234756 | DT23: 24.02732 | DU23: 24.279494 | DV23: 25.436969 | DW23: 25.408493 | DX23: 26.926491 | DY23: 27.980199 | DZ23: 26.162323 | EA23: 26.93518 | EB23: 29.637494 | EC23: 30.614445 | ED23: 31.299927 | EE23: 32.216633 | EF23: 31.279383 | EG23: 30.252548
C24: 20 | D24: -0.0074773642 | E24: -0.0020613071 | F24: 0.0034509337 | G24: -0.056742603 | H24: -0.027811882 | I24: -0.044716665 | J24: 0.010770031 | K24: 0.051055973 | L24: 0.067727496 | M24: 0.13030417 | N24: 0.12818909 | O24: 0.17714394 | P24: 0.20683182 | Q24: 0.19925575 | R24: 0.20772192 | S24: 0.21699003 | T24: 0.32941677 | U24: 0.46068227 | V24: 0.50075501 | W24: 0.53501838 | X24: 0.58255622 | Y24: 0.82055016 | Z24: 0.92904451 | AA24: 1.1018803 | AB24: 1.1897325 | AC24: 1.2106744 | AD24: 1.3496976 | AE24: 1.4498188 | AF24: 1.6386298 | AG24: 1.8123322 | AH24: 1.7844755 | AI24: 1.9346047 | AJ24: 1.879886 | AK24: 1.9174276 | AL24: 1.9533691 | AM24: 2.1914089 | AN24: 2.3249293 | AO24: 2.2252557 | AP24: 2.2307671 | AQ24: 2.3823198 | AR24: 2.4915463 | AS24: 2.5643382 | AT24: 2.6193791 | AU24: 2.9392003 | AV24: 3.0010277 | AW24: 3.3337602 | AX24: 3.558737 | AY24: 3.7795359 | AZ24: 4.1059167 | BA24: 4.2653262 | BB24: 4.403216 | BC24: 4.6974883 | BD24: 4.9669285 | BE24: 5.0323399 | BF24: 4.7682815 | BG24: 5.1834914 | BH24: 5.541057 | BI24: 5.948803 | BJ24: 6.4375784 | BK24: 6.6180593 | BL24: 6.5504231 | BM24: 6.8472341 | BN24: 7.0419401 | BO24: 7.1080953 | BP24: 7.7776442 | BQ24: 8.2832192 | BR24: 8.507655 | BS24: 9.2818462 | BT24: 9.6949761 | BU24: 9.700549 | BV24: 9.8666982 | BW24: 10.625351 | BX24: 11.505553 | BY24: 11.983646 | BZ24: 13.137807 | CA24: 13.839321 | CB24: 13.675777 | CC24: 14.057602 | CD24: 14.181448 | CE24: 15.745693 | CF24: 17.075935 | CG24: 17.274141 | CH24: 17.402221 | CI24: 18.690027 | CJ24: 19.721126 | CK24: 21.398753 | CL24: 22.176268 | CM24: 24.398981 | CN24: 24.043122 | CO24: 28.844732 | CP24: 30.654762 | CQ24: 31.306122 | CR24: 33.674783 | CS24: 35.883363 | CT24: 36.637176 | CU24: 40.207755 | CV24: 44.017989 | CW24: 46.47493 | CX24: 47.517866 | CY24: 49.001681 | CZ24: 46.941524 | DA24: 47.176352 | DB24: 51.597184 | DC24: 48.370022 | DD24: 49.727663 | DE24: 53.978948 | DF24: 57.205466 | DG24: 56.200163 | DH24: 52.119746 | DI24: 50.058354 | DJ24: 48.548537 | DK24: 51.623293 | DL24: 50.391861 | DM24: 51.174668 | DN24: 53.811785 | DO24: 55.700642 | DP24: 58.213906 | DQ24: 62.440921 | DR24: 63.669086 | DS24: 65.249217 | DT24: 63.267359 | DU24: 62.0094 | DV24: 63.50265 | DW24: 63.382115 | DX24: 67.773747 | DY24: 71.11579 | DZ24: 70.430356 | EA24: 73.474633 | EB24: 83.629737 | EC24: 88.543306 | ED24: 88.675467 | EE24: 89.777135 | EF24: 86.521188 | EG24: 82.330738
C25: 50 | D25: -0.033228978 | E25: 0.103708 | F25: 0.15659851 | G25: 0.086807151 | H25: 0.089154554 | I25: 0.10168883 | J25: 0.13379853 | K25: 0.21551641 | L25: 0.255667 | M25: 0.39423919 | N25: 0.3488921 | O25: 0.42627726 | P25: 0.44085479 | Q25: 0.45028002 | R25: 0.51864445 | S25: 0.55488147 | T25: 0.7131602 | U25: 0.9594901 | V25: 1.0284309 | W25: 1.1484689 | X25: 1.251155 | Y25: 1.7421556 | Z25: 1.8243008 | AA25: 2.2359253 | AB25: 2.5824393 | AC25: 2.7051897 | AD25: 2.9583332 | AE25: 3.1096201 | AF25: 3.5897755 | AG25: 4.308229 | AH25: 4.1737753 | AI25: 4.5838062 | AJ25: 4.7818228 | AK25: 4.9324945 | AL25: 4.910211 | AM25: 5.5127235 | AN25: 5.6951724 | AO25: 5.5670769 | AP25: 5.8169171 | AQ25: 6.3432689 | AR25: 6.7069042 | AS25: 6.7653433 | AT25: 6.9764306 | AU25: 7.9905273 | AV25: 8.5067779 | AW25: 8.7223488 | AX25: 9.9348281 | AY25: 10.522058 | AZ25: 12.172576 | BA25: 12.977033 | BB25: 13.911954 | BC25: 15.999357 | BD25: 16.580775 | BE25: 17.531713 | BF25: 16.232977 | BG25: 18.131578 | BH25: 20.053819 | BI25: 21.571529 | BJ25: 22.538269 | BK25: 24.153093 | BL25: 23.30565 | BM25: 24.338558 | BN25: 24.772614 | BO25: 26.906398 | BP25: 27.468459 | BQ25: 29.470343 | BR25: 29.898606 | BS25: 32.581476 | BT25: 33.600094 | BU25: 32.536955 | BV25: 33.140704 | BW25: 36.615178 | BX25: 41.538912 | BY25: 44.456717 | BZ25: 47.484587 | CA25: 48.772261 | CB25: 43.968425 | CC25: 46.643015 | CD25: 48.023503 | CE25: 52.758573 | CF25: 58.906033 | CG25: 60.148202 | CH25: 59.912485 | CI25: 61.446164 | CJ25: 65.481995 | CK25: 73.813326 | CL25: 77.57365 | CM25: 79.150383 | CN25: 79.558918 | CO25: 97.110645 | CP25: 108.75245 | CQ25: 119.0318 | CR25: 130.12907 | CS25: 146.59752 | CT25: 143.3782 | CU25: 157.76939 | CV25: 177.13035 | CW25: 187.58216 | CX25: 185.94652 | CY25: 202.89121 | CZ25: 183.24403 | DA25: 185.142 | DB25: 201.94228 | DC25: 183.62897 | DD25: 187.24531 | DE25: 205.13358 | DF25: 211.19418 | DG25: 197.57547 | DH25: 180.23491 | DI25: 178.71013 | DJ25: 171.40327 | DK25: 184.49209 | DL25: 170.13254 | DM25: 178.49899 | DN25: 176.69657 | DO25: 180.1268 | DP25: 192.85794 | DQ25: 205.67759 | DR25: 215.23128 | DS25: 212.16807 | DT25: 193.1028 | DU25: 199.34286 | DV25: 223.16715 | DW25: 222.93059 | DX25: 240.54647 | DY25: 256.3173 | DZ25: 244.05331 | EA25: 248.39809 | EB25: 296.36985 | EC25: 322.58562 | ED25: 320.3808 | EE25: 330.86486 | EF25: 316.7587 | EG25: 289.76465
C26: 100 | D26: -0.036350225 | E26: 0.22675977 | F26: 0.34372469 | G26: 0.39064949 | H26: 0.524277 | I26: 0.52617278 | J26: 0.5612286 | K26: 0.59121605 | L26: 0.59825674 | M26: 0.63770785 | N26: 0.74854042 | O26: 0.94052351 | P26: 0.83708536 | Q26: 0.87731123 | R26: 0.99271306 | S26: 1.01727 | T26: 1.3063868 | U26: 1.7641868 | V26: 1.8615225 | W26: 2.3985335 | X26: 2.570742 | Y26: 3.4700807 | Z26: 3.511682 | AA26: 3.8961774 | AB26: 4.4511357 | AC26: 4.632228 | AD26: 5.5284526 | AE26: 5.4779993 | AF26: 6.8499919 | AG26: 8.4468851 | AH26: 8.0281562 | AI26: 9.5181613 | AJ26: 9.7795298 | AK26: 10.318152 | AL26: 10.340343 | AM26: 11.358522 | AN26: 11.098392 | AO26: 10.668893 | AP26: 11.268494 | AQ26: 12.189541 | AR26: 13.853827 | AS26: 14.117242 | AT26: 14.129331 | AU26: 15.92461 | AV26: 17.230751 | AW26: 17.149383 | AX26: 20.586164 | AY26: 23.029208 | AZ26: 27.8352 | BA26: 29.791563 | BB26: 29.325017 | BC26: 31.892478 | BD26: 33.835529 | BE26: 34.171604 | BF26: 32.715571 | BG26: 37.005956 | BH26: 41.915181 | BI26: 44.852135 | BJ26: 51.058405 | BK26: 57.831737 | BL26: 60.514754 | BM26: 61.813495 | BN26: 62.512391 | BO26: 68.946512 | BP26: 70.970631 | BQ26: 80.922415 | BR26: 80.446635 | BS26: 91.181328 | BT26: 92.275143 | BU26: 86.692539 | BV26: 85.364866 | BW26: 99.579992 | BX26: 129.64124 | BY26: 138.24595 | BZ26: 140.66311 | CA26: 142.47254 | CB26: 129.141 | CC26: 141.203 | CD26: 136.17491 | CE26: 134.81801 | CF26: 148.059 | CG26: 154.79806 | CH26: 158.61698 | CI26: 164.25022 | CJ26: 180.04612 | CK26: 190.35988 | CL26: 194.46593 | CM26: 207.1764 | CN26: 216.88294 | CO26: 283.93828 | CP26: 340.77099 | CQ26: 385.23497 | CR26: 411.14709 | CS26: 467.39615 | CT26: 439.33335 | CU26: 513.63347 | CV26: 608.46504 | CW26: 660.05128 | CX26: 687.80404 | CY26: 792.76936 | CZ26: 718.99016 | DA26: 736.09953 | DB26: 856.00428 | DC26: 676.32185 | DD26: 733.7228 | DE26: 807.3411 | DF26: 789.30415 | DG26: 794.08907 | DH26: 704.1712 | DI26: 704.83295 | DJ26: 666.64151 | DK26: 700.10238 | DL26: 649.49078 | DM26: 698.49069 | DN26: 661.89487 | DO26: 630.76222 | DP26: 652.3081 | DQ26: 747.32649 | DR26: 778.69373 | DS26: 750.48838 | DT26: 743.29547 | DU26: 779.88472 | DV26: 927.19131 | DW26: 942.21886 | DX26: 997.87224 | DY26: 1110.1492 | DZ26: 1203.1231 | EA26: 1184.2611 | EB26: 1356.4236 | EC26: 1458.6299 | ED26: 1479.2812 | EE26: 1566.9995 | EF26: 1489.6278 | EG26: 1251.5993
C27: 192 | D27: 0.011241332 | E27: 0.23632989 | F27: 0.41698848 | G27: 0.70822392 | H27: 1.2323568 | I27: 1.2064994 | J27: 1.2638799 | K27: 1.166871 | L27: 1.190298 | M27: 1.2641183 | N27: 1.3474284 | O27: 1.7421335 | P27: 1.4195178 | Q27: 1.5238926 | R27: 1.7394642 | S27: 1.6586758 | T27: 1.9823801 | U27: 2.7411615 | V27: 2.8570324 | W27: 3.8040731 | X27: 4.8919251 | Y27: 6.2080816 | Z27: 6.7927372 | AA27: 7.7197867 | AB27: 8.7965964 | AC27: 9.5258497 | AD27: 11.135143 | AE27: 12.57739 | AF27: 14.766354 | AG27: 19.592561 | AH27: 18.930237 | AI27: 27.076873 | AJ27: 29.415097 | AK27: 31.347345 | AL27: 32.373498 | AM27: 37.537528 | AN27: 39.211659 | AO27: 37.826588 | AP27: 35.91988 | AQ27: 39.546554 | AR27: 45.405792 | AS27: 44.02573 | AT27: 44.791744 | AU27: 53.64161 | AV27: 61.459329 | AW27: 57.660698 | AX27: 72.549655 | AY27: 75.421437 | AZ27: 102.54612 | BA27: 118.72768 | BB27: 130.94919 | BC27: 159.16451 | BD27: 173.06947 | BE27: 171.10104 | BF27: 154.18723 | BG27: 163.47509 | BH27: 172.69216 | BI27: 185.11115 | BJ27: 211.25398 | BK27: 221.6841 | BL27: 198.83709 | BM27: 202.40378 | BN27: 204.32029 | BO27: 252.91315 | BP27: 269.58406 | BQ27: 323.4922 | BR27: 310.23103 | BS27: 376.89362 | BT27: 364.5984 | BU27: 329.307 | BV27: 315.86892 | BW27: 356.8837 | BX27: 482.79776 | BY27: 473.03305 | BZ27: 468.62701 | CA27: 480.95463 | CB27: 492.64132 | CC27: 492.58813 | CD27: 442.52379 | CE27: 432.23048 | CF27: 481.51845 | CG27: 488.31952 | CH27: 541.65076 | CI27: 595.42523 | CJ27: 704.48201 | CK27: 814.51573 | CL27: 822.27452 | CM27: 870.93183 | CN27: 801.65272 | CO27: 1094.6862 | CP27: 1329.4579 | CQ27: 1537.8884 | CR27: 1652.2319 | CS27: 1896.6337 | CT27: 1719.3454 | CU27: 1909.5192 | CV27: 2271.6237 | CW27: 2333.2959 | CX27: 2519.327 | CY27: 2885.163 | CZ27: 2593.7567 | DA27: 2627.6511 | DB27: 2973.7492 | DC27: 1835.9376 | DD27: 2094.6431 | DE27: 2219.3335 | DF27: 2140.2353 | DG27: 2237.6614 | DH27: 1959.9033 | DI27: 1865.6654 | DJ27: 1727.0686 | DK27: 2021.4217 | DL27: 1979.4248 | DM27: 1999.6917 | DN27: 1751.9574 | DO27: 1662.8155 | DP27: 1745.7082 | DQ27: 1870.5265 | DR27: 2122.4916 | DS27: 2061.3284 | DT27: 1917.3928 | DU27: 1900.3945 | DV27: 2418.7989 | DW27: 2518.1941 | DX27: 2560.2831 | DY27: 3099.8345 | DZ27: 3680.9365 | EA27: 3780.408 | EB27: 3847.6124 | EC27: 4656.7812 | ED27: 4934.4975 | EE27: 5551.7623 | EF27: 5440.6094 | EG27: 4300.3651
C28: 964 | D28: 0.027766967 | E28: -0.056497981 | F28: -0.13375224 | G28: 0.040836286 | H28: 0.017290083 | I28: 0.37417802 | J28: 0.44088291 | K28: 0.4334328 | L28: 0.4051303 | M28: 0.13453927 | N28: 0.28934852 | O28: 0.42497729 | P28: 0.039524856 | Q28: 0.12033387 | R28: 0.21757161 | S28: 0.24491128 | T28: 0.61705753 | U28: 1.3514859 | V28: 1.6273669 | W28: 3.1053069 | X28: 5.7447464 | Y28: 8.4047414 | Z28: 9.8181816 | AA28: 10.788255 | AB28: 11.709048 | AC28: 12.547436 | AD28: 17.990082 | AE28: 11.079678 | AF28: 13.412768 | AG28: 20.4612 | AH28: 28.617645 | AI28: 71.946709 | AJ28: 83.028165 | AK28: 87.024562 | AL28: 103.87302 | AM28: 122.28003 | AN28: 121.20313 | AO28: 107.68004 | AP28: 96.496243 | AQ28: 116.00995 | AR28: 77.034124 | AS28: 75.446064 | AT28: 52.200714 | AU28: 40.887239 | AV28: 50.514645 | AW28: 38.263269 | AX28: 47.050886 | AY28: 43.523591 | AZ28: 36.790131 | BA28: 59.838316 | BB28: 53.646028 | BC28: 96.223608 | BD28: 87.493678 | BE28: 102.76504 | BF28: 108.71914 | BG28: 109.30144 | BH28: 135.56885 | BI28: 167.03789 | BJ28: 146.85245 | BK28: 137.89743 | BL28: 136.50571 | BM28: 151.09602 | BN28: 163.99117 | BO28: 200.66207 | BP28: 188.73322 | BQ28: 296.34773 | BR28: 254.57489 | BS28: 373.57542 | BT28: 328.01917 | BU28: 346.37819 | BV28: 503.2436 | BW28: 794.37711 | BX28: 914.50088 | BY28: 1004.6403 | BZ28: 605.11763 | CA28: 519.26434 | CB28: 474.85866 | CC28: 505.37409 | CD28: 616.69091 | CE28: 588.80122 | CF28: 694.55482 | CG28: 541.11558 | CH28: 584.6596 | CI28: 679.16862 | CJ28: 606.93434 | CK28: 433.18476 | CL28: 298.68888 | CM28: 286.0508 | CN28: 273.22292 | CO28: 313.57075 | CP28: 462.1466 | CQ28: 553.88081 | CR28: 525.33773 | CS28: 391.08861 | CT28: 452.86813 | CU28: 499.2047 | CV28: 613.60621 | CW28: 668.75227 | CX28: 831.93726 | CY28: 954.12467 | CZ28: 610.06198 | DA28: 511.00461 | DB28: 644.39923 | DC28: 32.490031 | DD28: 44.215478 | DE28: 47.629504 | DF28: 37.307649 | DG28: 44.763776 | DH28: 33.387405 | DI28: 29.851251 | DJ28: 16.798124 | DK28: 20.20552 | DL28: 16.684943 | DM28: 18.068384 | DN28: 11.050678 | DO28: 11.443261 | DP28: 10.409048 | DQ28: 9.7805216 | DR28: 10.601031 | DS28: 9.6432842 | DT28: 8.110577 | DU28: 7.5478069 | DV28: 14.134262 | DW28: 12.596248 | DX28: 15.752375 | DY28: 25.25392 | DZ28: 26.095792 | EA28: 29.634546 | EB28: 37.995236 | EC28: 63.95856 | ED28: 73.275989 | EE28: 95.026287 | EF28: 91.601607 | EG28: 79.65991
C29: 大盤 | D29: -0.017446771 | E29: 0.0028931233 | F29: 0.026944636 | G29: 0.020210365 | H29: 0.052699097 | I29: 0.088857766 | J29: 0.079869319 | K29: 0.093738646 | L29: 0.037937714 | M29: 0.038844813 | N29: 0.063142952 | O29: 0.076952086 | P29: 0.083257197 | Q29: 0.11295275 | R29: 0.10882043 | S29: 0.13551707 | T29: 0.12167509 | U29: 0.077088976 | V29: -0.0017059521 | W29: -0.059866793 | X29: -0.05914026 | Y29: -0.017185893 | Z29: -0.04440953 | AA29: -0.042407562 | AB29: -0.064815753 | AC29: -0.034768871 | AD29: 0.0027817794 | AE29: -0.040202845 | AF29: -0.02230532 | AG29: -0.007415257 | AH29: 0.028334274 | AI29: 0.037953942 | AJ29: 0.049110132 | AK29: 0.063123887 | AL29: 0.057454516 | AM29: 0.058917119 | AN29: 0.080938284 | AO29: 0.11500697 | AP29: 0.12196653 | AQ29: 0.12886131 | AR29: 0.1479914 | AS29: 0.18780699 | AT29: 0.19148751 | AU29: 0.20945675 | AV29: 0.18617325 | AW29: 0.23209181 | AX29: 0.20516204 | AY29: 0.21453133 | AZ29: 0.26602411 | BA29: 0.23271632 | BB29: 0.24451557 | BC29: 0.21433639 | BD29: 0.23882151 | BE29: 0.23447944 | BF29: 0.25935659 | BG29: 0.2600887 | BH29: 0.25351141 | BI29: 0.10826484 | BJ29: 0.1179347 | BK29: 0.099625989 | BL29: 0.1225426 | BM29: 0.17302994 | BN29: 0.20112905 | BO29: 0.23745012 | BP29: 0.18334151 | BQ29: 0.20924423 | BR29: 0.2196769 | BS29: 0.1962677 | BT29: 0.2198762 | BU29: 0.27805738 | BV29: 0.2926973 | BW29: 0.34857882 | BX29: 0.29093054 | BY29: 0.2679374 | BZ29: 0.076284733 | CA29: 0.20998513 | CB29: 0.20447092 | CC29: 0.27699361 | CD29: 0.38680489 | CE29: 0.37874966 | CF29: 0.37042015 | CG29: 0.37378087 | CH29: 0.49692144 | CI29: 0.60319198 | CJ29: 0.64675174 | CK29: 0.73315421 | CL29: 0.78424874 | CM29: 0.90348131 | CN29: 0.84871391 | CO29: 0.92166881 | CP29: 0.86588068 | CQ29: 0.89197294 | CR29: 0.83090579 | CS29: 0.83658815 | CT29: 0.88358985 | CU29: 0.96720595 | CV29: 0.90752297 | CW29: 0.90512335 | CX29: 0.9095744 | CY29: 0.78685724 | CZ29: 0.80992517 | DA29: 0.58282102 | DB29: 0.60132527 | DC29: 0.61147422 | DD29: 0.42243967 | DE29: 0.37121637 | DF29: 0.56169383 | DG29: 0.48182333 | DH29: 0.59552578 | DI29: 0.62027044 | DJ29: 0.65789923 | DK29: 0.62743886 | DL29: 0.72866395 | DM29: 0.76340716 | DN29: 0.78721129 | DO29: 0.73314419 | DP29: 0.70364117 | DQ29: 0.66652134 | DR29: 0.80941825 | DS29: 0.86027511 | DT29: 0.8559906 | DU29: 0.96451259 | DV29: 1.0974294 | DW29: 1.1079602 | DX29: 1.186832 | DY29: 1.3707686 | DZ29: 1.2834475 | EA29: 1.2905073 | EB29: 1.2860233 | EC29: 1.3465094 | ED29: 1.2884274 | EE29: 1.3664982 | EF29: 1.4163413 | EG29: 1.3673442

Sheet 預測ＧＢＲＴ夏普比率
A12: 投資組合 | C12: 公司數 | D12: 964
A13: 等分 | B13: 家數 | C13: 2014/01 | D13: 2014/02 | E13: 2014/03 | F13: 2014/04 | G13: 2014/05 | H13: 2014/06 | I13: 2014/07 | J13: 2014/08 | K13: 2014/09 | L13: 2014/10 | M13: 2014/11 | N13: 2014/12 | O13: 2015/01 | P13: 2015/02 | Q13: 2015/03 | R13: 2015/04 | S13: 2015/05 | T13: 2015/06 | U13: 2015/07 | V13: 2015/08 | W13: 2015/09 | X13: 2015/10 | Y13: 2015/11 | Z13: 2015/12 | AA13: 2016/01 | AB13: 2016/02 | AC13: 2016/03 | AD13: 2016/04 | AE13: 2016/05 | AF13: 2016/06 | AG13: 2016/07 | AH13: 2016/08 | AI13: 2016/09 | AJ13: 2016/10 | AK13: 2016/11 | AL13: 2016/12 | AM13: 2017/01 | AN13: 2017/02 | AO13: 2017/03 | AP13: 2017/04 | AQ13: 2017/05 | AR13: 2017/06 | AS13: 2017/07 | AT13: 2017/08 | AU13: 2017/09 | AV13: 2017/10 | AW13: 2017/11 | AX13: 2017/12 | AY13: 2018/01 | AZ13: 2018/02 | BA13: 2018/03 | BB13: 2018/04 | BC13: 2018/05 | BD13: 2018/06 | BE13: 2018/07 | BF13: 2018/08 | BG13: 2018/09 | BH13: 2018/10 | BI13: 2018/11 | BJ13: 2018/12 | BK13: 2019/01 | BL13: 2019/02 | BM13: 2019/03 | BN13: 2019/04 | BO13: 2019/05 | BP13: 2019/06 | BQ13: 2019/07 | BR13: 2019/08 | BS13: 2019/09 | BT13: 2019/10 | BU13: 2019/11 | BV13: 2019/12 | BW13: 2020/01 | BX13: 2020/02 | BY13: 2020/03 | BZ13: 2020/04 | CA13: 2020/05 | CB13: 2020/06 | CC13: 2020/07 | CD13: 2020/08 | CE13: 2020/09 | CF13: 2020/10 | CG13: 2020/11 | CH13: 2020/12 | CI13: 2021/01 | CJ13: 2021/02 | CK13: 2021/03 | CL13: 2021/04 | CM13: 2021/05 | CN13: 2021/06 | CO13: 2021/07 | CP13: 2021/08 | CQ13: 2021/09 | CR13: 2021/10 | CS13: 2021/11 | CT13: 2021/12 | CU13: 2022/01 | CV13: 2022/02 | CW13: 2022/03 | CX13: 2022/04 | CY13: 2022/05 | CZ13: 2022/06 | DA13: 2022/07 | DB13: 2022/08 | DC13: 2022/09 | DD13: 2022/10 | DE13: 2022/11 | DF13: 2022/12 | DG13: 2023/01 | DH13: 2023/02 | DI13: 2023/03 | DJ13: 2023/04 | DK13: 2023/05 | DL13: 2023/06 | DM13: 2023/07 | DN13: 2023/08 | DO13: 2023/09 | DP13: 2023/10 | DQ13: 2023/11 | DR13: 2023/12 | DS13: 2024/01 | DT13: 2024/02 | DU13: 2024/03 | DV13: 2024/04 | DW13: 2024/05 | DX13: 2024/06 | DY13: 2024/07 | DZ13: 2024/08 | EA13: 2024/09 | EB13: 2024/10 | EC13: 2024/11 | ED13: 2024/12 | EE13: 2025/01 | EF13: 2025/02 | EG13: 平均值 | EH13: 標準差 | EI13: 夏普比率
A14: 10 | B14: 96 | C14: -0.017914422 | D14: 0.01474379 | E14: -0.012204229 | F14: -0.053147374 | G14: 0.040128401 | H14: -0.029291093 | I14: 0.008989969 | J14: 0.023382661 | K14: 0.021930043 | L14: -0.0269641 | M14: 0.042054112 | N14: -0.062779238 | O14: 0.016232899 | P14: 0.012193469 | Q14: 0.0076230885 | R14: 0.018116053 | S14: 0.0077262328 | T14: 0.016864847 | U14: 0.023544394 | V14: 0.0071100019 | W14: 0.0034325513 | X14: -0.014388568 | Y14: -0.017673309 | Z14: 0.015356015 | AA14: -0.02023878 | AB14: -0.015252853 | AC14: 0.052316224 | AD14: 0.013841406 | AE14: -0.043800236 | AF14: 0.034362667 | AG14: -0.0011394646 | AH14: -0.011343814 | AI14: -0.027578078 | AJ14: 0.0084470293 | AK14: 0.012210252 | AL14: 0.00078536443 | AM14: -0.015189797 | AN14: -0.0031120303 | AO14: -0.012258227 | AP14: 0.011149207 | AQ14: -0.001786015 | AR14: -0.0058911143 | AS14: -0.0041443954 | AT14: 0.026630815 | AU14: 0.026437148 | AV14: 0.0020173675 | AW14: -0.0091094251 | AX14: -0.0031902494 | AY14: 0.017877521 | AZ14: -0.0024840243 | BA14: -0.032672666 | BB14: -0.028447327 | BC14: 0.0056434854 | BD14: 0.001452469 | BE14: -0.010464923 | BF14: 0.0053348007 | BG14: -0.028091151 | BH14: -0.10111457 | BI14: -0.079817936 | BJ14: -0.018070249 | BK14: 0.0011683874 | BL14: 0.0027396236 | BM14: 0.012795198 | BN14: 0.011799903 | BO14: -0.00094684798 | BP14: 0.030534431 | BQ14: 0.0037879717 | BR14: 0.044921121 | BS14: -0.0029157219 | BT14: 0.018350074 | BU14: 0.015541905 | BV14: -0.027131051 | BW14: 0.00037233386 | BX14: 0.025321738 | BY14: -0.036592154 | BZ14: -0.00080121838 | CA14: -0.001983026 | CB14: 0.021274721 | CC14: -0.019468785 | CD14: -0.014153332 | CE14: 0.046425814 | CF14: -0.035742396 | CG14: 0.021749295 | CH14: -0.019303362 | CI14: 0.0018884799 | CJ14: 0.033818884 | CK14: 1.7029972e-06 | CL14: -0.091623579 | CM14: -0.0046818755 | CN14: 0.055908726 | CO14: 0.03344169 | CP14: -0.016988097 | CQ14: -0.013259306 | CR14: -0.017079858 | CS14: -0.0026031772 | CT14: 0.03618057 | CU14: 0.025473001 | CV14: -0.027420184 | CW14: -0.017227962 | CX14: -0.0010624493 | CY14: 0.0060544407 | CZ14: 0.034360349 | DA14: 0.015074514 | DB14: 0.0031380159 | DC14: 0.037955986 | DD14: -0.032348512 | DE14: -0.02082289 | DF14: -0.0008042479 | DG14: -0.029950973 | DH14: -0.02279128 | DI14: -0.016653315 | DJ14: 0.035436352 | DK14: 0.0031399639 | DL14: -0.010422765 | DM14: -0.0029136022 | DN14: 0.035085275 | DO14: -0.016824926 | DP14: 0.0089140411 | DQ14: -0.00094653305 | DR14: 0.0012631379 | DS14: 0.021131864 | DT14: 0.010060553 | DU14: -0.018461382 | DV14: 0.0078079076 | DW14: 0.01606348 | DX14: -0.0076204184 | DY14: -0.0046646487 | DZ14: -0.019807221 | EA14: 0.013475792 | EB14: 0.013961429 | EC14: 0.0026554381 | ED14: 0.015404233 | EE14: -0.01604335 | EF14: 0.0036622338 | EG14: =AVERAGE(C14:EF14) -> -0.00041451678 | EH14: =STDEV(C14:EF14) -> 0.025583896 | EI14: =EG14/EH14 -> -0.016202254
A15: 20 | B15: 48 | C15: -0.003950283 | D15: -0.0025084934 | E15: -0.0060947418 | F15: -0.055185485 | G15: 0.048132934 | H15: -0.041932639 | I15: 0.031606175 | J15: 0.021767521 | K15: 0.042399896 | L15: -0.035107971 | M15: 0.066044614 | N15: -0.072815628 | O15: 0.030584033 | P15: 0.0055538611 | Q15: 0.024820848 | R15: 0.019114633 | S15: 0.010434531 | T15: 0.019459161 | U15: 0.031820208 | V15: -0.010824561 | W15: 0.00069474788 | X15: -0.033582969 | Y15: -0.037065107 | Z15: 0.019560793 | AA15: -0.042959051 | AB15: -0.018608172 | AC15: 0.049468075 | AD15: 0.016287212 | AE15: -0.056550969 | AF15: 0.058299593 | AG15: 0.0046532493 | AH15: -0.0029585738 | AI15: 0.0029685835 | AJ15: 0.01934611 | AK15: 0.0041515791 | AL15: -0.019143576 | AM15: 0.0007308227 | AN15: -0.013633471 | AO15: -0.008097408 | AP15: 0.012356176 | AQ15: 0.0084706181 | AR15: 0.015414591 | AS15: 0.017405365 | AT15: -0.0087288884 | AU15: 0.045568821 | AV15: 0.0021763861 | AW15: 0.0099436208 | AX15: 0.0021568869 | AY15: 0.024207464 | AZ15: 0.0076985173 | BA15: -0.028348353 | BB15: -0.035372516 | BC15: -0.011692869 | BD15: 0.021076727 | BE15: 0.0041405111 | BF15: -0.023107576 | BG15: -0.011187911 | BH15: -0.11728993 | BI15: -0.085489923 | BJ15: -0.0028021215 | BK15: 0.015026012 | BL15: 0.010811863 | BM15: -0.0010779226 | BN15: 0.0027556243 | BO15: 0.0049250299 | BP15: 0.054043902 | BQ15: 0.011818776 | BR15: 0.069886902 | BS15: 0.0013337684 | BT15: 0.010025935 | BU15: 0.03569211 | BV15: -0.042122787 | BW15: 0.0068643352 | BX15: 0.045067547 | BY15: -0.039873584 | BZ15: 0.0020573892 | CA15: 0.0068027679 | CB15: 0.059118242 | CC15: 0.0039295206 | CD15: -0.024752282 | CE15: 0.050895924 | CF15: -0.016859165 | CG15: 0.028115601 | CH15: -0.056158763 | CI15: -0.010421872 | CJ15: 0.017601347 | CK15: 0.0050814086 | CL15: -0.08865897 | CM15: -0.025314001 | CN15: 0.065478157 | CO15: 0.047109008 | CP15: -0.0017926871 | CQ15: -0.016009899 | CR15: -0.010522434 | CS15: 0.014141764 | CT15: 0.015788784 | CU15: 0.037858174 | CV15: -0.02093146 | CW15: -0.031107906 | CX15: -0.014504454 | CY15: 0.022843924 | CZ15: 0.022392373 | DA15: 0.038088297 | DB15: -0.04449956 | DC15: 0.001163238 | DD15: -0.025719971 | DE15: 0.0090249524 | DF15: -0.0037510555 | DG15: -0.04597892 | DH15: -0.011428908 | DI15: -0.022486578 | DJ15: 0.025070374 | DK15: 0.025608914 | DL15: -0.032432535 | DM15: 0.0009546467 | DN15: 0.043622927 | DO15: -0.031128307 | DP15: -0.0084223615 | DQ15: 0.010897443 | DR15: 0.0067693859 | DS15: 0.0081973445 | DT15: -0.0067101916 | DU15: 0.010343277 | DV15: 0.029949356 | DW15: 0.03862699 | DX15: -0.034424866 | DY15: 0.021058177 | DZ15: -0.028400033 | EA15: 0.012309624 | EB15: 0.036744407 | EC15: -0.0028880779 | ED15: -0.011140574 | EE15: 0.0037713156 | EF15: 0.022015488 | EG15: =AVERAGE(C15:EF15) -> 0.001609238 | EH15: =STDEV(C15:EF15) -> 0.031752384 | EI15: =EG15/EH15 -> 0.050680857
A16: 50 | B16: 19 | C16: -0.0033019748 | D16: -0.064571216 | E16: -0.004835497 | F16: 0.032352589 | G16: 0.086666883 | H16: -0.0059818487 | I16: 0.086349551 | J16: 0.0016257159 | K16: 0.030400411 | L16: -0.071342897 | M16: 0.0070043857 | N16: -0.13761006 | O16: 0.036485842 | P16: -0.00016283972 | Q16: -0.010307655 | R16: 0.035589056 | S16: 0.013911385 | T16: -0.010024759 | U16: 0.048520728 | V16: 0.021086276 | W16: 0.053159186 | X16: -0.011985196 | Y16: 0.0083469226 | Z16: 0.10277159 | AA16: -0.034522748 | AB16: -0.014607627 | AC16: 0.074341695 | AD16: 0.034693644 | AE16: -0.061821971 | AF16: 0.13590869 | AG16: -0.0079502293 | AH16: -0.010930175 | AI16: 0.016370663 | AJ16: 0.046961948 | AK16: -0.032260639 | AL16: -0.029968038 | AM16: -0.050937933 | AN16: 0.035739294 | AO16: -0.025596766 | AP16: 0.0012189463 | AQ16: -0.041504465 | AR16: 0.025335573 | AS16: 0.010097589 | AT16: -0.010811071 | AU16: 0.043261429 | AV16: -0.010847928 | AW16: 0.0041307411 | AX16: -0.0053084129 | AY16: 0.028490601 | AZ16: 0.012086329 | BA16: -0.028568877 | BB16: -0.047089722 | BC16: 0.030207846 | BD16: 0.078092959 | BE16: -0.024172808 | BF16: -0.024511704 | BG16: -0.0058406285 | BH16: -0.13175057 | BI16: -0.072657391 | BJ16: -0.022907705 | BK16: -0.05279362 | BL16: 0.032758447 | BM16: -0.013292609 | BN16: -0.025230124 | BO16: -0.052015306 | BP16: 0.080501309 | BQ16: 0.0034503221 | BR16: 0.058227598 | BS16: -0.010442267 | BT16: -0.0090245966 | BU16: 0.035357455 | BV16: -0.11695795 | BW16: 0.07023393 | BX16: 0.069320211 | BY16: 0.012578967 | BZ16: 0.0076876374 | CA16: -0.0083220959 | CB16: 0.057043682 | CC16: -0.017633978 | CD16: -0.053812125 | CE16: 0.079259114 | CF16: 0.022318752 | CG16: -0.020837135 | CH16: -0.055070142 | CI16: 0.047076614 | CJ16: 0.021583767 | CK16: 0.0065144967 | CL16: -0.1264709 | CM16: -0.034181104 | CN16: 0.086151891 | CO16: 0.064133156 | CP16: -0.0019513094 | CQ16: -0.04011381 | CR16: -0.073959473 | CS16: 0.029653831 | CT16: 0.0320802 | CU16: 0.09479207 | CV16: 0.027207998 | CW16: -0.030757688 | CX16: -0.0053997377 | CY16: 0.053652027 | CZ16: 0.052085286 | DA16: 0.070693033 | DB16: -0.027102044 | DC16: 0.0032284748 | DD16: -0.038924516 | DE16: 0.060802243 | DF16: -0.073598301 | DG16: -0.051763352 | DH16: -0.023530661 | DI16: -0.060491998 | DJ16: 0.066055157 | DK16: -0.0071598137 | DL16: -0.070838604 | DM16: -0.019804717 | DN16: 0.039163982 | DO16: -0.052839322 | DP16: -0.0057975536 | DQ16: 0.030566702 | DR16: 0.0019011258 | DS16: 0.021013096 | DT16: -0.014455569 | DU16: 0.040471275 | DV16: 0.082461398 | DW16: 0.043423894 | DX16: -0.042781676 | DY16: 0.0071405324 | DZ16: -0.080220212 | EA16: -0.031474482 | EB16: 0.011213675 | EC16: -0.010576377 | ED16: 0.013813554 | EE16: -0.013121095 | EF16: 0.054841656 | EG16: =AVERAGE(C16:EF16) -> 0.0025688761 | EH16: =STDEV(C16:EF16) -> 0.049159836 | EI16: =EG16/EH16 -> 0.052255587
A17: 100 | B17: 10 | C17: 0.065024995 | D17: -0.077036997 | E17: -0.0030786204 | F17: 0.038184382 | G17: 0.093175457 | H17: 0.0072814308 | I17: 0.089156758 | J17: 0.01657412 | K17: 0.047793938 | L17: 0.012082397 | M17: -0.032627993 | N17: -0.14606349 | O17: 0.042228512 | P17: 3.4199147e-05 | Q17: 0.040930211 | R17: 0.078809605 | S17: 0.038629632 | T17: -0.00086051017 | U17: 0.11326912 | V17: 0.045889133 | W17: 0.078215746 | X17: 0.00602284 | Y17: -0.039359625 | Z17: 0.048588148 | AA17: -0.041170903 | AB17: 0.0024020314 | AC17: 0.066863788 | AD17: 0.034624052 | AE17: -0.083110883 | AF17: 0.11896227 | AG17: -0.022942839 | AH17: -0.044426446 | AI17: 0.068890799 | AJ17: 0.051665749 | AK17: -0.088493733 | AL17: -0.012042585 | AM17: -0.023712275 | AN17: 0.078691126 | AO17: -0.038788003 | AP17: -0.02282635 | AQ17: -0.069999892 | AR17: 0.034428829 | AS17: 0.0053876963 | AT17: -0.049657417 | AU17: 0.033348055 | AV17: 0.012826748 | AW17: -0.0093101334 | AX17: -0.038227576 | AY17: 0.056601081 | AZ17: 0.0048493021 | BA17: 0.0045373531 | BB17: -0.047840444 | BC17: -0.00050583706 | BD17: 0.052737819 | BE17: -0.019801787 | BF17: -0.050648466 | BG17: 0.047524063 | BH17: -0.097079008 | BI17: -0.077627796 | BJ17: -0.035742294 | BK17: -0.022313901 | BL17: 0.023924665 | BM17: 0.0074932598 | BN17: -0.070567261 | BO17: -0.07382028 | BP17: 0.10514705 | BQ17: 0.041747416 | BR17: 0.1604377 | BS17: -0.023733971 | BT17: 0.032657328 | BU17: 0.054206579 | BV17: -0.079065836 | BW17: 0.068269622 | BX17: 0.064696938 | BY17: 0.073249581 | BZ17: 0.0068673055 | CA17: -0.0093570307 | CB17: 0.032233264 | CC17: -0.00068775568 | CD17: -0.041271664 | CE17: 0.04504219 | CF17: -0.067171529 | CG17: -0.027427639 | CH17: -0.080336017 | CI17: 0.19284501 | CJ17: -0.0079055462 | CK17: 0.089784596 | CL17: -0.16580277 | CM17: -0.055442971 | CN17: 0.10225893 | CO17: 0.031612142 | CP17: 0.038180732 | CQ17: -0.0026617495 | CR17: -0.066644806 | CS17: 0.050923182 | CT17: 0.020256879 | CU17: 0.081219749 | CV17: 0.085248868 | CW17: -0.03572489 | CX17: -0.047706025 | CY17: -0.011989745 | CZ17: 0.11056068 | DA17: 0.049430427 | DB17: -0.070449386 | DC17: -0.0091739531 | DD17: -0.028451422 | DE17: 0.078905619 | DF17: -0.0632664 | DG17: -0.073699837 | DH17: -0.079285533 | DI17: -0.081947619 | DJ17: 0.13617866 | DK17: -0.1203309 | DL17: -0.050233041 | DM17: -0.029395195 | DN17: 0.053013488 | DO17: -0.12972371 | DP17: -0.0098689454 | DQ17: 0.047617062 | DR17: 0.024212093 | DS17: 0.0082711256 | DT17: -0.02484681 | DU17: -0.0008397302 | DV17: 0.12796254 | DW17: -0.015405392 | DX17: -0.041381168 | DY17: 0.0314516 | DZ17: -0.078069211 | EA17: -0.06603903 | EB17: -0.029080517 | EC17: -0.026393045 | ED17: -0.044477235 | EE17: 0.017437442 | EF17: 0.053625958 | EG17: =AVERAGE(C17:EF17) -> 0.0040912666 | EH17: =STDEV(C17:EF17) -> 0.063423792 | EI17: =EG17/EH17 -> 0.064506811
A18: 107 | B18: 9 | C18: 0.012727346 | D18: -0.081178361 | E18: 0.023442656 | F18: 0.031865826 | G18: 0.13694829 | H18: -0.0054385144 | I18: 0.07789373 | J18: 0.025943398 | K18: 0.05962968 | L18: -0.01482675 | M18: -0.13201409 | N18: -0.14366253 | O18: 0.042807527 | P18: 0.0024603784 | Q18: 0.037730238 | R18: 0.083950398 | S18: 0.031243215 | T18: 0.00013066301 | U18: 0.11889346 | V18: 0.045323599 | W18: 0.076963671 | X18: 0.014484535 | Y18: -0.034463446 | Z18: 0.050091717 | AA18: -0.04306462 | AB18: -0.0049527631 | AC18: 0.080335563 | AD18: 0.049880522 | AE18: -0.074208739 | AF18: 0.12119384 | AG18: 0.0082207018 | AH18: -0.056626905 | AI18: 0.090039638 | AJ18: 0.054373028 | AK18: -0.10006973 | AL18: -0.050455211 | AM18: -0.00048290398 | AN18: 0.092246966 | AO18: -0.077982407 | AP18: -0.034824531 | AQ18: -0.081982254 | AR18: 0.053434668 | AS18: -0.023885241 | AT18: 0.010714472 | AU18: 0.037533086 | AV18: 0.019593645 | AW18: -0.020035219 | AX18: -0.042937574 | AY18: 0.075887327 | AZ18: 0.0041182584 | BA18: 0.021082282 | BB18: -0.052214923 | BC18: -0.0019536551 | BD18: 0.068012372 | BE18: 0.017384475 | BF18: -0.052819587 | BG18: 0.056580512 | BH18: -0.081853736 | BI18: -0.079212078 | BJ18: -0.063145987 | BK18: -0.016675768 | BL18: 0.036493375 | BM18: -0.00047397805 | BN18: -0.10429412 | BO18: -0.069432375 | BP18: 0.11563158 | BQ18: 0.043169933 | BR18: 0.16185376 | BS18: -0.039722352 | BT18: 0.043696697 | BU18: 0.055504623 | BV18: -0.10039697 | BW18: 0.068018452 | BX18: 0.072551485 | BY18: 0.071764632 | BZ18: 0.020985904 | CA18: -0.010393545 | CB18: 0.047089122 | CC18: 0.019810439 | CD18: -0.037983875 | CE18: 0.055828567 | CF18: -0.080704041 | CG18: -0.029303665 | CH18: -0.098431929 | CI18: 0.18956145 | CJ18: -0.022028241 | CK18: 0.13691154 | CL18: -0.1674491 | CM18: -0.045612277 | CN18: 0.093722239 | CO18: 0.037338085 | CP18: 0.0052863946 | CQ18: 0.018454844 | CR18: -0.041941293 | CS18: 0.058571332 | CT18: 0.02474117 | CU18: 0.084904466 | CV18: 0.075509124 | CW18: -0.046448025 | CX18: -0.0447956 | CY18: 0.0076395826 | CZ18: 0.080269509 | DA18: 0.060609863 | DB18: -0.064855599 | DC18: -0.045653849 | DD18: -0.019305859 | DE18: 0.068800741 | DF18: -0.043022386 | DG18: -0.076482322 | DH18: -0.086660966 | DI18: -0.077294867 | DJ18: 0.15583692 | DK18: -0.11555867 | DL18: -0.073965349 | DM18: -0.035445016 | DN18: 0.054443676 | DO18: -0.051423223 | DP18: -0.01082569 | DQ18: 0.047499555 | DR18: 0.03122626 | DS18: 0.011323288 | DT18: -0.02623772 | DU18: 0.011803257 | DV18: 0.14184336 | DW18: -0.058804942 | DX18: -0.043366826 | DY18: 0.065202633 | DZ18: -0.057107413 | EA18: -0.075313262 | EB18: -0.029394572 | EC18: -0.0044447661 | ED18: -0.051872164 | EE18: 0.011620678 | EF18: 0.065544713 | EG18: =AVERAGE(C18:EF18) -> 0.0054239595 | EH18: =STDEV(C18:EF18) -> 0.067806234 | EI18: =EG18/EH18 -> 0.079992047
A19: 120 | B19: 8 | C19: 0.0034430522 | D19: -0.034114759 | E19: 0.02122993 | F19: 0.080752164 | G19: 0.14170195 | H19: -0.025334487 | I19: 0.13403569 | J19: 0.033237528 | K19: 0.080449042 | L19: 0.001286852 | M19: -0.085573118 | N19: -0.20770834 | O19: 0.060431164 | P19: -0.0039117032 | Q19: 0.03935145 | R19: 0.016659025 | S19: 0.03094762 | T19: 0.017684873 | U19: 0.12956222 | V19: 0.027569841 | W19: 0.10725357 | X19: 0.0026242628 | Y19: -0.0099203729 | Z19: 0.060105554 | AA19: -0.031296669 | AB19: -0.032246493 | AC19: 0.067722256 | AD19: 0.040802297 | AE19: -0.079743368 | AF19: 0.13710219 | AG19: -0.0045273804 | AH19: -0.053106564 | AI19: 0.10936191 | AJ19: 0.067225917 | AK19: -0.1064953 | AL19: -0.027200691 | AM19: 0.00011779734 | AN19: 0.11960126 | AO19: -0.12118239 | AP19: -0.02678496 | AQ19: -0.12413666 | AR19: 0.037953857 | AS19: -0.0076907375 | AT19: 0.021772349 | AU19: 0.041176679 | AV19: 0.01393323 | AW19: -0.045093543 | AX19: -0.027095513 | AY19: 0.0347182 | AZ19: 0.020305984 | BA19: 0.0078602069 | BB19: -0.080636654 | BC19: -0.035577806 | BD19: 0.050031578 | BE19: 0.011238807 | BF19: -0.075746703 | BG19: 0.10277794 | BH19: -0.1060004 | BI19: -0.088462215 | BJ19: -0.074190565 | BK19: -0.0074480785 | BL19: 0.051117339 | BM19: -0.014252083 | BN19: -0.10552436 | BO19: 0.0048926897 | BP19: 0.11081983 | BQ19: 0.054395197 | BR19: 0.18345257 | BS19: -0.03290331 | BT19: 0.045901123 | BU19: 0.050221349 | BV19: -0.096397571 | BW19: 0.063098423 | BX19: 0.078919709 | BY19: 0.087446929 | BZ19: 0.021993623 | CA19: -0.016113078 | CB19: 0.058471606 | CC19: 0.0044744318 | CD19: -0.06137669 | CE19: 0.079841683 | CF19: -0.086335718 | CG19: -0.095754133 | CH19: -0.13870247 | CI19: 0.21388535 | CJ19: -0.003262524 | CK19: 0.14369067 | CL19: -0.24847889 | CM19: -0.043715367 | CN19: 0.13476321 | CO19: 0.021559553 | CP19: -0.0064980884 | CQ19: 0.011135082 | CR19: -0.033683179 | CS19: 0.063773273 | CT19: 0.020322815 | CU19: 0.094327425 | CV19: 0.079651412 | CW19: -0.026165506 | CX19: -0.029866928 | CY19: 0.010867278 | CZ19: 0.090082651 | DA19: 0.067902276 | DB19: -0.0598173 | DC19: -0.044965287 | DD19: -0.017051638 | DE19: 0.0097045238 | DF19: -0.046826105 | DG19: -0.10240228 | DH19: -0.092184712 | DI19: -0.071179831 | DJ19: 0.16726498 | DK19: -0.1015602 | DL19: -0.074861808 | DM19: -0.02483125 | DN19: 0.04360622 | DO19: -0.059281068 | DP19: -0.014179585 | DQ19: 0.035883977 | DR19: 0.036688961 | DS19: 0.019903238 | DT19: -0.0075344898 | DU19: 0.015997556 | DV19: 0.14434055 | DW19: -0.038731474 | DX19: -0.042663211 | DY19: 0.078164815 | DZ19: -0.0018355678 | EA19: -0.056364519 | EB19: -0.032955059 | EC19: 0.0042087431 | ED19: -0.019877495 | EE19: 0.01792451 | EF19: 0.069255381 | EG19: =AVERAGE(C19:EF19) -> 0.0066613504 | EH19: =STDEV(C19:EF19) -> 0.075783773 | EI19: =EG19/EH19 -> 0.087899429
A20: 137 | B20: 7 | C20: 0.020288327 | D20: -0.013818096 | E20: 0.026501157 | F20: 0.11938296 | G20: 0.15796014 | H20: -0.043135563 | I20: 0.15623012 | J20: 0.05428223 | K20: 0.11505417 | L20: 0.0022842862 | M20: -0.08812279 | N20: -0.29940109 | O20: 0.06938619 | P20: 0.0094140372 | Q20: -0.035206997 | R20: 0.029378335 | S20: 0.034228436 | T20: 0.01561176 | U20: 0.13272605 | V20: 0.024136735 | W20: 0.1011943 | X20: 0.0066850737 | Y20: -0.020388839 | Z20: 0.080471111 | AA20: -0.019210041 | AB20: -0.0332956 | AC20: 0.082927243 | AD20: 0.029847713 | AE20: -0.084368787 | AF20: 0.13145645 | AG20: -0.033355881 | AH20: -0.052692405 | AI20: 0.14920003 | AJ20: 0.066902633 | AK20: -0.075500612 | AL20: -0.023756311 | AM20: -0.083278953 | AN20: 0.10794647 | AO20: -0.11794451 | AP20: -0.03598591 | AQ20: -0.14940017 | AR20: 0.053599691 | AS20: 0.011682128 | AT20: 0.014017357 | AU20: 0.031818795 | AV20: -0.0061904768 | AW20: -0.027428949 | AX20: -0.027068059 | AY20: -0.012442999 | AZ20: 0.023144842 | BA20: 0.011533372 | BB20: -0.094841437 | BC20: -0.044226477 | BD20: 0.064860699 | BE20: 0.010273402 | BF20: -0.10105953 | BG20: 0.13354478 | BH20: -0.084087318 | BI20: -0.11918947 | BJ20: -0.060352261 | BK20: -0.0042345116 | BL20: 0.034624584 | BM20: -0.021863485 | BN20: -0.094393284 | BO20: 0.008269135 | BP20: 0.039488147 | BQ20: 0.037730244 | BR20: 0.16909219 | BS20: -0.019097795 | BT20: 0.035004756 | BU20: 0.053120185 | BV20: -0.10071876 | BW20: 0.032666591 | BX20: 0.093900046 | BY20: 0.095998433 | BZ20: -0.067785243 | CA20: -0.012267473 | CB20: 0.072911257 | CC20: 0.0062139535 | CD20: -0.048949304 | CE20: 0.090608748 | CF20: -0.076914614 | CG20: -0.09826549 | CH20: -0.19591305 | CI20: 0.21915736 | CJ20: -0.0069570763 | CK20: 0.10336266 | CL20: -0.28637745 | CM20: -0.067531469 | CN20: 0.14096813 | CO20: 0.077970069 | CP20: -0.017809151 | CQ20: -0.0019469469 | CR20: -0.056637101 | CS20: 0.093034541 | CT20: 0.0034971913 | CU20: 0.09962308 | CV20: 0.088968179 | CW20: -0.055074298 | CX20: -0.042436429 | CY20: 0.00487224 | CZ20: 0.068762931 | DA20: 0.072417075 | DB20: -0.086460604 | DC20: -0.060083204 | DD20: -0.048806128 | DE20: 0.024628315 | DF20: -0.048374215 | DG20: -0.12557107 | DH20: -0.10243058 | DI20: -0.081066382 | DJ20: 0.18304163 | DK20: -0.099041062 | DL20: -0.04643854 | DM20: -0.052897131 | DN20: 0.0088925924 | DO20: -0.067259395 | DP20: -0.014209129 | DQ20: 0.034218916 | DR20: 0.051452052 | DS20: 0.0139538 | DT20: -0.005211723 | DU20: 0.00056573756 | DV20: 0.059036259 | DW20: -0.053528115 | DX20: -0.053717702 | DY20: 0.053488379 | DZ20: -0.012405472 | EA20: -0.060673147 | EB20: -0.033054231 | EC20: 0.014852473 | ED20: -0.026315806 | EE20: 0.025600683 | EF20: 0.079182484 | EG20: =AVERAGE(C20:EF20) -> 0.0017214922 | EH20: =STDEV(C20:EF20) -> 0.083312772 | EI20: =EG20/EH20 -> 0.020663005
A21: 160 | B21: 6 | C21: 0.014170614 | D21: 0.0037389426 | E21: 0.029561052 | F21: 0.17768866 | G21: 0.12538656 | H21: 0.0052119611 | I21: 0.18530146 | J21: 0.084289728 | K21: 0.13535886 | L21: 0.016273318 | M21: -0.066788099 | N21: -0.29842616 | O21: 0.082510446 | P21: 0.028471158 | Q21: -0.066220951 | R21: 0.011653818 | S21: 0.039573074 | T21: 0.03249889 | U21: 0.095375372 | V21: -0.0042103526 | W21: 0.09390667 | X21: 0.031896124 | Y21: -0.043088843 | Z21: 0.10499849 | AA21: -0.011972373 | AB21: -0.028261487 | AC21: 0.082957631 | AD21: 0.075010147 | AE21: -0.058804324 | AF21: 0.073773497 | AG21: 0.0045374132 | AH21: -0.064313304 | AI21: 0.17788052 | AJ21: 0.043796788 | AK21: -0.095792501 | AL21: -0.061708846 | AM21: -0.090506591 | AN21: 0.11555954 | AO21: -0.078897677 | AP21: -0.10438705 | AQ21: -0.13674694 | AR21: 0.060928759 | AS21: 0.048554026 | AT21: 0.0064221134 | AU21: 0.045615301 | AV21: -0.017717025 | AW21: -0.028836933 | AX21: -0.0054653746 | AY21: 0.029063425 | AZ21: 0.0058566476 | BA21: 0.01800384 | BB21: -0.11465032 | BC21: -0.065597552 | BD21: 0.083771202 | BE21: -0.0006579429 | BF21: -0.1234698 | BG21: 0.15400693 | BH21: -0.10801032 | BI21: -0.12757213 | BJ21: -0.060711578 | BK21: -0.019327912 | BL21: 0.042692696 | BM21: -0.012294533 | BN21: -0.083750817 | BO21: -0.012680736 | BP21: 0.056761407 | BQ21: 0.030274652 | BR21: 0.10212666 | BS21: 0.0095808992 | BT21: 0.041864957 | BU21: 0.069234332 | BV21: -0.12913698 | BW21: 0.046771461 | BX21: 0.11756963 | BY21: 0.11230636 | BZ21: -0.032374295 | CA21: 0.005817894 | CB21: 0.090264913 | CC21: -0.02471104 | CD21: -0.026261221 | CE21: 0.08885025 | CF21: -0.075521709 | CG21: -0.087640012 | CH21: -0.19610873 | CI21: 0.29376096 | CJ21: -0.0049615594 | CK21: 0.10481518 | CL21: -0.31598367 | CM21: -0.048507977 | CN21: 0.16662779 | CO21: 0.046133096 | CP21: -0.021714649 | CQ21: -0.003561534 | CR21: -0.00081896281 | CS21: 0.13590345 | CT21: 0.0042926339 | CU21: 0.095412972 | CV21: 0.080332617 | CW21: -0.0522044 | CX21: 0.02172448 | CY21: 0.014154188 | CZ21: 0.083234747 | DA21: 0.056810669 | DB21: -0.094786783 | DC21: -0.081591936 | DD21: -0.0015168703 | DE21: 0.060590486 | DF21: -0.05806 | DG21: -0.09792572 | DH21: -0.097100983 | DI21: -0.077990751 | DJ21: 0.17965 | DK21: -0.13347011 | DL21: -0.041539196 | DM21: -0.052482978 | DN21: 0.025084353 | DO21: -0.065203128 | DP21: -0.02579966 | DQ21: 0.0075013928 | DR21: 0.06657291 | DS21: -0.0022891794 | DT21: 0.055367513 | DU21: -0.025836396 | DV21: 0.021412871 | DW21: -0.052603058 | DX21: 0.00033962205 | DY21: 0.0770691 | DZ21: 0.029567305 | EA21: -0.093776578 | EB21: -0.016968324 | EC21: 0.017932049 | ED21: 0.017901103 | EE21: 0.042735043 | EF21: 0.10292891 | EG21: =AVERAGE(C21:EF21) -> 0.0068377437 | EH21: =STDEV(C21:EF21) -> 0.088870038 | EI21: =EG21/EH21 -> 0.076940933
A22: 192 | B22: 5 | C22: 0.012696408 | D22: 0.0057359618 | E22: 0.045567491 | F22: 0.15058182 | G22: 0.14069841 | H22: 0.025308548 | I22: 0.2404458 | J22: 0.012473748 | K22: 0.13236028 | L22: 0.0066462663 | M22: -0.069602728 | N22: -0.32558226 | O22: 0.10208977 | P22: 0.045990059 | Q22: -0.066329425 | R22: -0.01447158 | S22: 0.10575847 | T22: -0.001213181 | U22: 0.093152444 | V22: -0.022429716 | W22: 0.10823291 | X22: 0.037686844 | Y22: -0.062420342 | Z22: 0.044118993 | AA22: -0.0010042568 | AB22: -0.025291441 | AC22: 0.10044624 | AD22: 0.11238291 | AE22: -0.0099604831 | AF22: 0.12392923 | AG22: -0.0053414693 | AH22: -0.0083068788 | AI22: 0.11069 | AJ22: 0.03057109 | AK22: -0.014601134 | AL22: -0.04132625 | AM22: -0.08673153 | AN22: 0.068920855 | AO22: -0.036974261 | AP22: -0.13315504 | AQ22: -0.18588106 | AR22: 0.050828797 | AS22: -0.0078027456 | AT22: 0.003817659 | AU22: 0.060437711 | AV22: 0.011480871 | AW22: -0.063432406 | AX22: -3.4367649e-05 | AY22: 0.027198162 | AZ22: 0.0028768739 | BA22: 0.016297836 | BB22: -0.1034907 | BC22: -0.13043549 | BD22: 0.1091901 | BE22: 0.0047507091 | BF22: -0.12060345 | BG22: 0.18801366 | BH22: -0.081000614 | BI22: -0.14975677 | BJ22: -0.061310162 | BK22: -0.043094689 | BL22: 0.031001588 | BM22: -0.0073533752 | BN22: -0.16284259 | BO22: 0.008734179 | BP22: 0.038429687 | BQ22: 0.03913173 | BR22: 0.12650302 | BS22: 0.014086394 | BT22: -0.010972234 | BU22: 0.067903221 | BV22: -0.12492476 | BW22: 0.014968495 | BX22: 0.1399272 | BY22: 0.17776288 | BZ22: -0.058495426 | CA22: 0.019973455 | CB22: 0.10582941 | CC22: -0.028887093 | CD22: -0.074761637 | CE22: 0.11312962 | CF22: -0.051603358 | CG22: -0.11287215 | CH22: -0.14207979 | CI22: 0.36047329 | CJ22: 0.0022798547 | CK22: 0.14437849 | CL22: -0.42611894 | CM22: -0.039561565 | CN22: 0.20150551 | CO22: 0.07856594 | CP22: -0.016808346 | CQ22: -0.0262881 | CR22: 0.021865264 | CS22: 0.19521081 | CT22: -0.058479647 | CU22: 0.14876302 | CV22: 0.12410061 | CW22: -0.03725059 | CX22: -0.014766062 | CY22: 0.029813079 | CZ22: 0.05882934 | DA22: 0.05447617 | DB22: -0.069940938 | DC22: -0.075149732 | DD22: -0.067729867 | DE22: 0.053891433 | DF22: -0.07874799 | DG22: -0.16125763 | DH22: -0.10736633 | DI22: -0.10727767 | DJ22: 0.1341292 | DK22: -0.096606814 | DL22: -0.00013837066 | DM22: -0.018109702 | DN22: 0.034113445 | DO22: -0.056789559 | DP22: -0.025117061 | DQ22: -0.013742983 | DR22: 0.054787554 | DS22: -0.00074842879 | DT22: 0.051025246 | DU22: -0.044304975 | DV22: 0.01699776 | DW22: -0.042731049 | DX22: 0.0071212896 | DY22: 0.090467789 | DZ22: 0.033861853 | EA22: -0.094898745 | EB22: 0.055127371 | EC22: -0.017822573 | ED22: -0.010980551 | EE22: 0.041577905 | EF22: 0.080705724 | EG22: =AVERAGE(C22:EF22) -> 0.0070724976 | EH22: =STDEV(C22:EF22) -> 0.10043525 | EI22: =EG22/EH22 -> 0.070418476
A23: 241 | B23: 4 | C23: 0.017768558 | D23: 0.0036293738 | E23: 0.033365454 | F23: 0.18403858 | G23: 0.13182637 | H23: -0.033901708 | I23: 0.21972382 | J23: 0.023901226 | K23: 0.081136137 | L23: 0.057345987 | M23: -0.017826517 | N23: -0.35858597 | O23: 0.11877782 | P23: 0.051670152 | Q23: -0.054608636 | R23: -0.021618604 | S23: 0.10616276 | T23: 0.015105484 | U23: 0.085449085 | V23: 0.025839713 | W23: 0.044941372 | X23: 0.050875929 | Y23: -0.060508537 | Z23: 0.034319391 | AA23: -0.064744737 | AB23: 0.017717561 | AC23: 0.13907031 | AD23: 0.096590875 | AE23: -0.048736242 | AF23: 0.12865817 | AG23: -0.033132071 | AH23: -0.023778885 | AI23: 0.093260164 | AJ23: 0.016259809 | AK23: -0.050449209 | AL23: -0.029040961 | AM23: -0.10952467 | AN23: 0.1147438 | AO23: 0.031320906 | AP23: -0.18769588 | AQ23: -0.1424325 | AR23: 0.029043929 | AS23: -0.016452133 | AT23: 0.016240972 | AU23: 0.036693167 | AV23: 0.0064710435 | AW23: -0.078632267 | AX23: -0.003620255 | AY23: -0.0066584052 | AZ23: 0.043636806 | BA23: 0.015310521 | BB23: -0.12056482 | BC23: -0.090689496 | BD23: 0.074106514 | BE23: 0.061631803 | BF23: -0.14126018 | BG23: 0.25976446 | BH23: -0.087023735 | BI23: -0.16329975 | BJ23: -0.0046496825 | BK23: -0.032709401 | BL23: 0.021576635 | BM23: -0.056008616 | BN23: -0.047873293 | BO23: -0.019005871 | BP23: 0.06518089 | BQ23: 0.064890394 | BR23: 0.080472381 | BS23: 0.029805534 | BT23: 0.038373337 | BU23: 0.035994218 | BV23: -0.0025965389 | BW23: -0.014293919 | BX23: 0.06602193 | BY23: 0.18970454 | BZ23: -0.10725506 | CA23: 0.057609563 | CB23: 0.12801693 | CC23: -0.024582376 | CD23: -0.10063302 | CE23: 0.11849776 | CF23: -0.068491263 | CG23: -0.080124954 | CH23: -0.14246342 | CI23: 0.42336065 | CJ23: -0.0072806889 | CK23: 0.15986768 | CL23: -0.35889914 | CM23: -0.020742141 | CN23: 0.27224845 | CO23: 0.091276525 | CP23: -0.069024375 | CQ23: -0.021689423 | CR23: 0.033343086 | CS23: 0.19386831 | CT23: -0.034785012 | CU23: 0.10438155 | CV23: 0.10053199 | CW23: -0.028884808 | CX23: -0.088659967 | CY23: 0.079509195 | CZ23: 0.02797658 | DA23: 0.030745403 | DB23: -0.061865798 | DC23: -0.10851453 | DD23: -0.080548522 | DE23: 0.086208574 | DF23: -0.092197034 | DG23: -0.12503268 | DH23: -0.10136651 | DI23: -0.11530334 | DJ23: 0.13260215 | DK23: -0.080880373 | DL23: 0.015517063 | DM23: 0.010108939 | DN23: 0.076587817 | DO23: -0.036377545 | DP23: -0.020275294 | DQ23: -0.0011067564 | DR23: 0.051945146 | DS23: 0.0037581957 | DT23: 0.060108355 | DU23: -0.068452402 | DV23: 0.027650714 | DW23: -0.052355674 | DX23: -0.010180787 | DY23: 0.15835805 | DZ23: 0.051267416 | EA23: -0.075067437 | EB23: 0.049217697 | EC23: -0.023638998 | ED23: 0.0024791378 | EE23: 0.081987457 | EF23: 0.098831202 | EG23: =AVERAGE(C23:EF23) -> 0.010878184 | EH23: =STDEV(C23:EF23) -> 0.10323481 | EI23: =EG23/EH23 -> 0.10537322
A24: 321 | B24: 3 | C24: -0.0063062694 | D24: -0.004869163 | E24: -0.019723682 | F24: 0.067831061 | G24: 0.18159615 | H24: 0.040275061 | I24: 0.24653947 | J24: -0.022304675 | K24: 0.17301942 | L24: 0.11131511 | M24: -0.029017011 | N24: -0.22759173 | O24: 0.12528368 | P24: 0.020624945 | Q24: 0.035129306 | R24: -0.043626576 | S24: 0.1002771 | T24: 0.038207711 | U24: 0.10881975 | V24: 0.039304239 | W24: 0.075881254 | X24: -0.0047154922 | Y24: -0.066619025 | Z24: 0.029560575 | AA24: -0.019168415 | AB24: 0.020918383 | AC24: 0.021426172 | AD24: 0.10524304 | AE24: -0.010814056 | AF24: 0.085420812 | AG24: -0.096262504 | AH24: -0.029239322 | AI24: 0.096775907 | AJ24: 0.019238961 | AK24: -0.072907422 | AL24: -0.00041616186 | AM24: -0.09648146 | AN24: 0.10876785 | AO24: 0.020795468 | AP24: -0.23470322 | AQ24: -0.18056535 | AR24: 0.009320952 | AS24: -0.056958809 | AT24: 0.020018044 | AU24: 0.099998295 | AV24: 0.061910958 | AW24: -0.069264748 | AX24: -0.0069511224 | AY24: 0.01163289 | AZ24: 0.10846798 | BA24: -0.0090978695 | BB24: -0.2322564 | BC24: -0.086937838 | BD24: 0.083377875 | BE24: 0.039816066 | BF24: -0.19663622 | BG24: 0.29932013 | BH24: 0.019983486 | BI24: -0.19862429 | BJ24: 0.11125405 | BK24: -0.051393366 | BL24: 0.049826377 | BM24: -0.10431373 | BN24: -0.061547943 | BO24: -0.0083627883 | BP24: 0.062981806 | BQ24: 0.074121564 | BR24: 0.097648744 | BS24: -0.026147767 | BT24: 0.046516775 | BU24: 0.053464221 | BV24: 0.10912356 | BW24: -0.041536124 | BX24: 0.10968823 | BY24: 0.25496003 | BZ24: -0.14784459 | CA24: 0.061790226 | CB24: 0.08668285 | CC24: -0.0032948818 | CD24: -0.069298645 | CE24: 0.14968584 | CF24: -0.17263227 | CG24: -0.027718504 | CH24: -0.13880496 | CI24: 0.4988715 | CJ24: -0.038237947 | CK24: 0.19282319 | CL24: -0.23559133 | CM24: 0.0029003906 | CN24: 0.35538733 | CO24: 0.10580519 | CP24: -0.067433001 | CQ24: -0.022709821 | CR24: 0.0085028481 | CS24: 0.27548718 | CT24: -0.047539112 | CU24: 0.11288422 | CV24: 0.078399902 | CW24: -0.024774013 | CX24: -0.18173616 | CY24: 0.11810958 | CZ24: 0.089602014 | DA24: 0.13290261 | DB24: -0.14650552 | DC24: -0.16784517 | DD24: -0.067394627 | DE24: 0.086433858 | DF24: -0.12235118 | DG24: -0.082917717 | DH24: -0.0063375236 | DI24: -0.15864167 | DJ24: 0.19682175 | DK24: -0.13509892 | DL24: 0.005673634 | DM24: 0.0080068754 | DN24: 0.058503042 | DO24: -0.029333554 | DP24: -0.034563659 | DQ24: 0.0050752037 | DR24: -0.028489142 | DS24: 0.027487496 | DT24: 0.059239907 | DU24: -0.059237545 | DV24: 0.047527442 | DW24: -0.10587876 | DX24: 0.039786367 | DY24: 0.29163649 | DZ24: 0.069418288 | EA24: -0.040301101 | EB24: 0.076117642 | EC24: -0.08670786 | ED24: 0.019995782 | EE24: 0.061664883 | EF24: 0.10834501 | EG24: =AVERAGE(C24:EF24) -> 0.016885614 | EH24: =STDEV(C24:EF24) -> 0.11854991 | EI24: =EG24/EH24 -> 0.14243464
A25: 482 | B25: 2 | C25: -0.011176635 | D25: 0.10170585 | E25: 0.0017298065 | F25: 0.18239608 | G25: 0.13597331 | H25: 0.1174826 | I25: 0.27196118 | J25: 0.038118738 | K25: 0.20235701 | L25: 0.20599386 | M25: -0.056184856 | N25: -0.10897849 | O25: 0.10707325 | P25: 0.02440991 | Q25: 0.13040003 | R25: -0.11145569 | S25: 0.1587588 | T25: -0.15453823 | U25: 0.060416741 | V25: 0.012586624 | W25: 0.082796037 | X25: 0.025317077 | Y25: -0.081813474 | Z25: 0.1385019 | AA25: -0.074478126 | AB25: 0.067539196 | AC25: -0.039342473 | AD25: 0.14000637 | AE25: -0.016441839 | AF25: -0.046565531 | AG25: -0.090288917 | AH25: -0.014882818 | AI25: 0.05450632 | AJ25: -0.067327504 | AK25: -0.053778447 | AL25: 0.03535979 | AM25: -0.13989796 | AN25: 0.018071933 | AO25: 0.01728582 | AP25: -0.26878315 | AQ25: -0.17786576 | AR25: -0.0060289305 | AS25: -0.0017369853 | AT25: -0.021738457 | AU25: 0.089617389 | AV25: 0.066312772 | AW25: -0.1463286 | AX25: -0.03661045 | AY25: 0.039620455 | AZ25: 0.21271992 | BA25: 0.010230411 | BB25: -0.40590382 | BC25: -0.25872778 | BD25: 0.068750755 | BE25: 0.0048838024 | BF25: -0.078079993 | BG25: 0.28204447 | BH25: 0.078692413 | BI25: -0.20510939 | BJ25: 0.1208634 | BK25: 0.065382535 | BL25: -0.026370013 | BM25: -0.085424442 | BN25: -0.28180432 | BO25: 0.010006677 | BP25: 0.074523472 | BQ25: 0.028943449 | BR25: 0.10373006 | BS25: -0.017801572 | BT25: 0.0029470257 | BU25: 0.05351514 | BV25: 0.061355668 | BW25: 0.076821222 | BX25: 0.11648559 | BY25: 0.25922077 | BZ25: -0.054013621 | CA25: -0.063292142 | CB25: 0.050376511 | CC25: -0.054953002 | CD25: -0.04740112 | CE25: -0.026251391 | CF25: -0.097597849 | CG25: -0.12614548 | CH25: -0.19654867 | CI25: 0.24210089 | CJ25: -0.030218477 | CK25: 0.19491862 | CL25: -0.26704515 | CM25: 0.070337668 | CN25: 0.38307225 | CO25: 0.24323253 | CP25: -0.084267173 | CQ25: -0.011965492 | CR25: 0.062754605 | CS25: 0.30874974 | CT25: -0.062386893 | CU25: -0.063346804 | CV25: 0.081010744 | CW25: -0.050220956 | CX25: -0.0963714 | CY25: 0.17675246 | CZ25: 0.069488823 | DA25: 0.25064705 | DB25: -0.21468139 | DC25: -0.20796471 | DD25: -0.12145728 | DE25: 0.17933135 | DF25: -0.14752329 | DG25: -0.083393467 | DH25: 0.078069362 | DI25: -0.12881936 | DJ25: 0.12231863 | DK25: -0.021390825 | DL25: -0.002915211 | DM25: 0.054019009 | DN25: 0.010762117 | DO25: -0.036036683 | DP25: -0.022379992 | DQ25: -0.02487699 | DR25: 0.0024518062 | DS25: 0.057046335 | DT25: 0.054242171 | DU25: 0.040785589 | DV25: 0.007510108 | DW25: -0.11684588 | DX25: 0.040656365 | DY25: 0.30069223 | DZ25: 0.058520648 | EA25: -0.042626528 | EB25: 0.098940549 | EC25: 0.05681408 | ED25: -0.022318442 | EE25: 0.10807169 | EF25: 0.15302671 | EG25: =AVERAGE(C25:EF25) -> 0.015696985 | EH25: =STDEV(C25:EF25) -> 0.13033831 | EI25: =EG25/EH25 -> 0.12043262
A26: 964 | B26: 1 | C26: -0.023978273 | D26: 0.10746684 | E26: 0.081880335 | F26: 0.20154572 | G26: -0.030122759 | H26: 0.4601534 | I26: 0.13279746 | J26: -0.13980471 | K26: 0.066573718 | L26: 0.07822828 | M26: -0.10199866 | N26: -0.045513037 | O26: 0.059180834 | P26: -0.0097279322 | Q26: -0.021923763 | R26: -0.17737141 | S26: 0.35409217 | T26: -0.32186608 | U26: 0.12158004 | V26: 0.018085838 | W26: -0.083245267 | X26: -0.011084832 | Y26: -0.1343496 | Z26: 0.30298222 | AA26: -0.064650776 | AB26: 0.29886183 | AC26: -0.11998972 | AD26: 0.0026312997 | AE26: 0.27206647 | AF26: 0.056712085 | AG26: -0.16788087 | AH26: 0.0011082145 | AI26: 0.093749654 | AJ26: 0.0099353041 | AK26: -0.20923945 | AL26: 0.051245019 | AM26: 0.041787712 | AN26: 0.022585701 | AO26: 0.25746018 | AP26: -0.12520374 | AQ26: -0.064725673 | AR26: 0.017315274 | AS26: 0.1536609 | AT26: -0.073778944 | AU26: 0.078874832 | AV26: 0.07612155 | AW26: -0.22850363 | AX26: -0.054109392 | AY26: -0.33258448 | AZ26: 0.44422924 | BA26: -0.081321871 | BB26: -0.57777575 | BC26: -0.36462735 | BD26: -0.029082265 | BE26: -0.15545516 | BF26: 0.22423064 | BG26: 0.072909504 | BH26: -0.12727242 | BI26: -0.088317144 | BJ26: -0.058521572 | BK26: -0.0010005003 | BL26: -0.0091837889 | BM26: -0.18523762 | BN26: -0.23863078 | BO26: -0.044829258 | BP26: 0.069861208 | BQ26: 0.11785998 | BR26: 0.25295734 | BS26: 0.075707377 | BT26: 0.0081280216 | BU26: 0.10139314 | BV26: 0.15057537 | BW26: 0.013813921 | BX26: 0.44324424 | BY26: 0.20360345 | BZ26: -0.10483761 | CA26: -0.025118082 | CB26: 0.010315553 | CC26: 0.12736008 | CD26: -0.16539219 | CE26: -0.027341346 | CF26: -0.20924058 | CG26: 2.2968881e-05 | CH26: -0.0542757 | CI26: -0.035124205 | CJ26: -0.02949215 | CK26: -0.024112796 | CL26: -0.31770506 | CM26: 0.15087951 | CN26: 0.61572721 | CO26: 0.33089493 | CP26: -0.13311928 | CQ26: -0.043926428 | CR26: -0.018817213 | CS26: 0.11603612 | CT26: 0.10590234 | CU26: -0.049885679 | CV26: 0.18097124 | CW26: -0.055481234 | CX26: 0.00028276545 | CY26: 0.40222269 | CZ26: 0.14897143 | DA26: 0.046293284 | DB26: -0.29234257 | DC26: -0.34795665 | DD26: 0.21542713 | DE26: 0.19912843 | DF26: -0.090697091 | DG26: -0.13032743 | DH26: 0.10631883 | DI26: 0.092112155 | DJ26: 0.28429457 | DK26: 0.18393473 | DL26: 0.090323206 | DM26: 0.45836075 | DN26: 0.13803355 | DO26: -0.058539411 | DP26: 0.066723921 | DQ26: -0.099914946 | DR26: -0.025269917 | DS26: 0.12412695 | DT26: 0.062242989 | DU26: -0.052845281 | DV26: -0.01850118 | DW26: 0.030684046 | DX26: 0.0063391654 | DY26: 0.14062865 | DZ26: 0.054973545 | EA26: -0.073102723 | EB26: 0.040453049 | EC26: 0.12090273 | ED26: 0.0036871482 | EE26: 0.041388278 | EF26: 0.088642827 | EG26: =AVERAGE(C26:EF26) -> 0.02533976 | EH26: =STDEV(C26:EF26) -> 0.17793746 | EI26: =EG26/EH26 -> 0.14240824
A27: 大盤 | B27: TWⅡ | C27: -0.017446771 | D27: 0.020701061 | E27: 0.023982129 | F27: -0.006557579 | G27: 0.03184513 | H27: 0.034348533 | I27: -0.0082549328 | J27: 0.012843524 | K27: -0.051018525 | L27: 0.00087394274 | M27: 0.023389576 | N27: 0.012988972 | O27: 0.0058545887 | P27: 0.027413207 | Q27: -0.0037129361 | R27: 0.024076614 | S27: -0.012190025 | T27: -0.039749578 | U27: -0.07315545 | V27: -0.05826023 | W27: 0.00077279757 | X27: 0.044591521 | Y27: -0.02769968 | Z27: 0.0020950059 | AA27: -0.023400551 | AB27: 0.032129371 | AC27: 0.038903273 | AD27: -0.042865382 | AE27: 0.018647195 | AF27: 0.015229768 | AG27: 0.036016604 | AH27: 0.0093546114 | AI27: 0.010748251 | AJ27: 0.013357754 | AK27: -0.0053327473 | AL27: 0.0013831358 | AM27: 0.020795928 | AN27: 0.031517702 | AO27: 0.0062417165 | AP27: 0.0061452617 | AQ27: 0.016946358 | AR27: 0.03468283 | AS27: 0.0030985886 | AT27: 0.015081347 | AU27: -0.019251209 | AV27: 0.038711513 | AW27: -0.021856951 | AX27: 0.0077743007 | AY27: 0.042397247 | AZ27: -0.026308975 | BA27: 0.0095717493 | BB27: -0.024249741 | BC27: 0.020163374 | BD27: -0.0035049988 | BE27: 0.020151935 | BF27: 0.00058133623 | BG27: -0.005219701 | BH27: -0.11587176 | BI27: 0.0087252257 | BJ27: -0.016377261 | BK27: 0.020840372 | BL27: 0.044975872 | BM27: 0.023954306 | BN27: 0.030239101 | BO27: -0.043725888 | BP27: 0.02188947 | BQ27: 0.0086274303 | BR27: -0.019192954 | BS27: 0.01973513 | BT27: 0.047694337 | BU27: 0.011454817 | BV27: 0.043228621 | BW27: -0.04274743 | BX27: -0.017811292 | BY27: -0.1511531 | BZ27: 0.124224 | CA27: -0.0045572538 | CB27: 0.06021124 | CC27: 0.085992033 | CD27: -0.0058084796 | CE27: -0.006041347 | CF27: 0.0024523244 | CG27: 0.089636252 | CH27: 0.070992733 | CI27: 0.027170643 | CJ27: 0.052468428 | CK27: 0.029480661 | CL27: 0.066825081 | CM27: -0.028772229 | CN27: 0.039462516 | CO27: -0.029031087 | CP27: 0.013983883 | CQ27: -0.032276965 | CR27: 0.0031035766 | CS27: 0.025591856 | CT27: 0.044391886 | CU27: -0.030338959 | CV27: -0.0012579765 | CW27: 0.0023363565 | CX27: -0.064264145 | CY27: 0.012909779 | CZ27: -0.12547709 | DA27: 0.011690683 | DB27: 0.0063378437 | DC27: -0.11730536 | DD27: -0.036010872 | DE27: 0.1389113 | DF27: -0.051143506 | DG27: 0.076731447 | DH27: 0.015508782 | DI27: 0.023223774 | DJ27: -0.018372876 | DK27: 0.062199014 | DL27: 0.020098304 | DM27: 0.01349894 | DN27: -0.030252213 | DO27: -0.017022836 | DP27: -0.021788523 | DQ27: 0.085745625 | DR27: 0.028106744 | DS27: -0.0023031598 | DT27: 0.058471198 | DU27: 0.067658949 | DV27: 0.0050207706 | DW27: 0.037416184 | DX27: 0.084111004 | DY27: -0.036832399 | DZ27: 0.0030917028 | EA27: -0.0019576282 | EB27: 0.026459104 | EC27: -0.024752539 | ED27: 0.034115491 | EE27: 0.021061974 | EF27: -0.020277393 | EG27: =AVERAGE(C27:EF27) -> 0.0073485376 | EH27: =STDEV(C27:EF27) -> 0.04227637 | EI27: =EG27/EH27 -> 0.1738214

Sheet ＧＢＲＴ樣本外R2
A1: Predict
B2: Time | C2: 2013/12 | D2: 2014/01 | E2: 2014/02 | F2: 2014/03 | G2: 2014/04 | H2: 2014/05 | I2: 2014/06 | J2: 2014/07 | K2: 2014/08 | L2: 2014/09 | M2: 2014/10 | N2: 2014/11 | O2: 2014/12 | P2: 2015/01 | Q2: 2015/02 | R2: 2015/03 | S2: 2015/04 | T2: 2015/05 | U2: 2015/06 | V2: 2015/07 | W2: 2015/08 | X2: 2015/09 | Y2: 2015/10 | Z2: 2015/11 | AA2: 2015/12 | AB2: 2016/01 | AC2: 2016/02 | AD2: 2016/03 | AE2: 2016/04 | AF2: 2016/05 | AG2: 2016/06 | AH2: 2016/07 | AI2: 2016/08 | AJ2: 2016/09 | AK2: 2016/10 | AL2: 2016/11 | AM2: 2016/12 | AN2: 2017/01 | AO2: 2017/02 | AP2: 2017/03 | AQ2: 2017/04 | AR2: 2017/05 | AS2: 2017/06 | AT2: 2017/07 | AU2: 2017/08 | AV2: 2017/09 | AW2: 2017/10 | AX2: 2017/11 | AY2: 2017/12 | AZ2: 2018/01 | BA2: 2018/02 | BB2: 2018/03 | BC2: 2018/04 | BD2: 2018/05 | BE2: 2018/06 | BF2: 2018/07 | BG2: 2018/08 | BH2: 2018/09 | BI2: 2018/10 | BJ2: 2018/11 | BK2: 2018/12 | BL2: 2019/01 | BM2: 2019/02 | BN2: 2019/03 | BO2: 2019/04 | BP2: 2019/05 | BQ2: 2019/06 | BR2: 2019/07 | BS2: 2019/08 | BT2: 2019/09 | BU2: 2019/10 | BV2: 2019/11 | BW2: 2019/12 | BX2: 2020/01 | BY2: 2020/02 | BZ2: 2020/03 | CA2: 2020/04 | CB2: 2020/05 | CC2: 2020/06 | CD2: 2020/07 | CE2: 2020/08 | CF2: 2020/09 | CG2: 2020/10 | CH2: 2020/11 | CI2: 2020/12 | CJ2: 2021/01 | CK2: 2021/02 | CL2: 2021/03 | CM2: 2021/04 | CN2: 2021/05 | CO2: 2021/06 | CP2: 2021/07 | CQ2: 2021/08 | CR2: 2021/09 | CS2: 2021/10 | CT2: 2021/11 | CU2: 2021/12 | CV2: 2022/01 | CW2: 2022/02 | CX2: 2022/03 | CY2: 2022/04 | CZ2: 2022/05 | DA2: 2022/06 | DB2: 2022/07 | DC2: 2022/08 | DD2: 2022/09 | DE2: 2022/10 | DF2: 2022/11 | DG2: 2022/12 | DH2: 2023/01 | DI2: 2023/02 | DJ2: 2023/03 | DK2: 2023/04 | DL2: 2023/05 | DM2: 2023/06 | DN2: 2023/07 | DO2: 2023/08 | DP2: 2023/09 | DQ2: 2023/10 | DR2: 2023/11 | DS2: 2023/12 | DT2: 2024/01 | DU2: 2024/02 | DV2: 2024/03 | DW2: 2024/04 | DX2: 2024/05 | DY2: 2024/06 | DZ2: 2024/07 | EA2: 2024/08 | EB2: 2024/09 | EC2: 2024/10 | ED2: 2024/11 | EE2: 2024/12 | EF2: 2025/01
B3: mom1 | C3: -0.084296037 | D3: -0.028453094 | E3: -0.021896736 | F3: 0.0049927875 | G3: -0.12759725 | H3: 0.012816976 | I3: -0.048252078 | J3: -0.03769571 | K3: -0.094919957 | L3: -0.05809928 | M3: -0.03382241 | N3: 0.0089612257 | O3: -0.03212113 | P3: -0.032817403 | Q3: -0.046633806 | R3: -0.018320594 | S3: 0.0069135447 | T3: 0.0061760095 | U3: -0.031689833 | V3: -0.030298885 | W3: -0.0021307535 | X3: -0.086751883 | Y3: -0.037445057 | Z3: -0.046435733 | AA3: -0.046019081 | AB3: 0.015009172 | AC3: -0.0082020305 | AD3: 0.0080247193 | AE3: -0.014694865 | AF3: -0.025363234 | AG3: -0.0062780939 | AH3: -0.016290747 | AI3: -0.023747914 | AJ3: -0.0042027211 | AK3: -0.034839297 | AL3: -0.08603256 | AM3: -0.010445528 | AN3: -0.038234996 | AO3: -0.053682827 | AP3: -0.051607565 | AQ3: -0.10576687 | AR3: -0.016083889 | AS3: -0.070025962 | AT3: -0.025652004 | AU3: -0.032847243 | AV3: -0.021292943 | AW3: -0.013342953 | AX3: -0.0031210136 | AY3: -0.02905573 | AZ3: -0.0046051808 | BA3: -0.019629734 | BB3: -0.052320474 | BC3: 0.050930865 | BD3: -0.019246249 | BE3: 0.0093228681 | BF3: 0.068709222 | BG3: -0.050917387 | BH3: -0.0067289767 | BI3: 0.10163034 | BJ3: 0.067263981 | BK3: 0.050972985 | BL3: -0.04618489 | BM3: 0.025892876 | BN3: -0.026710333 | BO3: -0.049927813 | BP3: -0.0071747729 | BQ3: 0.0049605234 | BR3: 0.021221624 | BS3: -0.020949281 | BT3: -0.019188709 | BU3: -0.008492241 | BV3: 0.00094929292 | BW3: 0.0076663619 | BX3: -0.017806185 | BY3: -0.043971775 | BZ3: 0.030984032 | CA3: -0.0004806922 | CB3: 0.024421774 | CC3: -0.03139256 | CD3: 0.011642674 | CE3: -0.020740706 | CF3: -0.051309418 | CG3: -0.050579963 | CH3: -0.045668993 | CI3: -0.041886812 | CJ3: -0.013254799 | CK3: -0.056820905 | CL3: 0.011741601 | CM3: -0.009358498 | CN3: -0.047772208 | CO3: -0.015664503 | CP3: -0.030212116 | CQ3: -0.020150091 | CR3: -0.02206235 | CS3: 0.046777664 | CT3: -0.070356072 | CU3: -0.052592098 | CV3: -0.022595184 | CW3: -0.028634971 | CX3: -0.020095476 | CY3: -0.0068682508 | CZ3: -0.0083664722 | DA3: -0.012527147 | DB3: -0.034742487 | DC3: -0.035287016 | DD3: -0.040320739 | DE3: -0.018885248 | DF3: -0.0057070855 | DG3: 0.021545946 | DH3: -0.020355161 | DI3: 0.012775707 | DJ3: -0.028843413 | DK3: -0.013952374 | DL3: -0.020192651 | DM3: -0.038524102 | DN3: -0.036688151 | DO3: -0.04833259 | DP3: -0.028173829 | DQ3: -0.040410748 | DR3: -0.022062607 | DS3: 0.012081524 | DT3: -0.031258488 | DU3: -0.038229013 | DV3: -0.030951333 | DW3: -0.028482854 | DX3: -0.018710657 | DY3: -0.007841557 | DZ3: -0.052340509 | EA3: -0.00077639696 | EB3: -0.080836125 | EC3: -0.028180415 | ED3: -0.019637574 | EE3: -0.027325425 | EF3: -0.0069995168
B4: mom12 | C4: 0.031086562 | D4: 0.047767866 | E4: 0.029442859 | F4: 0.034256261 | G4: 0.036325841 | H4: 0.006332599 | I4: 0.069692227 | J4: 0.024401361 | K4: 0.045767937 | L4: 0.0314772 | M4: 0.042317701 | N4: -0.0018905536 | O4: -0.010245775 | P4: -0.0019796769 | Q4: 0.017536847 | R4: 0.0017624406 | S4: 0.021768037 | T4: 0.0059442181 | U4: 0.039464302 | V4: 0.06876214 | W4: 0.076546931 | X4: 0.031420375 | Y4: 0.07966016 | Z4: 0.085053838 | AA4: 0.091527942 | AB4: 0.049242917 | AC4: 0.085711746 | AD4: 0.071048822 | AE4: 0.10226172 | AF4: 0.069767586 | AG4: 0.0438662 | AH4: 0.021430809 | AI4: 0.079171444 | AJ4: 0.014593232 | AK4: 0.015906456 | AL4: 0.012273356 | AM4: 0.016922997 | AN4: 0.011423359 | AO4: 0.026535957 | AP4: 0.0011743756 | AQ4: 0.012771089 | AR4: 0.010317775 | AS4: 0.01697541 | AT4: 0.014166618 | AU4: 0.0082552446 | AV4: 0.023066346 | AW4: 0.023147919 | AX4: 0.023799649 | AY4: 0.014460876 | AZ4: 0.034728633 | BA4: 0.032672294 | BB4: 0.033982517 | BC4: 0.029035951 | BD4: 0.020288006 | BE4: -0.00028476376 | BF4: 0.0062749563 | BG4: 0.017906543 | BH4: 0.0063413702 | BI4: 0.0068454634 | BJ4: -0.060452063 | BK4: -0.013397291 | BL4: -0.034864653 | BM4: -0.021633195 | BN4: -0.016377984 | BO4: -0.0061762359 | BP4: -0.011117686 | BQ4: -0.0003618203 | BR4: -0.011873785 | BS4: -0.0034710975 | BT4: -0.025477536 | BU4: 0.0069430725 | BV4: -0.023398357 | BW4: -0.018522725 | BX4: 0.00059401307 | BY4: -0.014444654 | BZ4: 0.028941468 | CA4: 0.010229575 | CB4: 0.041552027 | CC4: 0.0057523362 | CD4: 0.0033523121 | CE4: 0.014197075 | CF4: -0.004569375 | CG4: -0.019029597 | CH4: -0.010788284 | CI4: 0.00063783894 | CJ4: -0.014108614 | CK4: 0.0086953487 | CL4: 0.0017359775 | CM4: 0.0040652307 | CN4: 0.0015994583 | CO4: -0.0043710701 | CP4: 0.0069698803 | CQ4: 0.010808053 | CR4: 0.0067308185 | CS4: 0.0039378843 | CT4: 0.0023343906 | CU4: 0.014161852 | CV4: 0.016578617 | CW4: -5.3767109e-05 | CX4: 0.0059573099 | CY4: -0.0031593002 | CZ4: 0.045647167 | DA4: -0.0086543633 | DB4: 0.004292258 | DC4: 0.023703575 | DD4: -0.016213709 | DE4: -0.0076176694 | DF4: -0.012475125 | DG4: 0.0092687208 | DH4: 0.022705826 | DI4: 0.023233119 | DJ4: 0.02163116 | DK4: 0.014060585 | DL4: 0.013527414 | DM4: 0.016738818 | DN4: -0.0037982045 | DO4: -0.014217691 | DP4: -0.011308714 | DQ4: -0.0079768897 | DR4: -0.021246794 | DS4: -0.0034573385 | DT4: -0.0031901923 | DU4: -0.0055752805 | DV4: 0.0012936465 | DW4: 0.0099671657 | DX4: 0.023796675 | DY4: 0.017423391 | DZ4: 0.024955597 | EA4: 0.01592509 | EB4: 0.020969357 | EC4: 0.035010762 | ED4: 0.024269625 | EE4: 0.027041592 | EF4: 0.033338079
B5: chmom | C5: -0.012769034 | D5: -0.080379557 | E5: -0.077795222 | F5: 0.0032339975 | G5: -0.049376852 | H5: -0.00047750875 | I5: -0.006410866 | J5: 0.0035346434 | K5: 0.03762383 | L5: 0.0098663401 | M5: 0.049079599 | N5: -0.052030404 | O5: -0.044621881 | P5: -0.0441503 | Q5: -0.041312605 | R5: -0.060858785 | S5: -0.0072576562 | T5: -0.0043309017 | U5: 0.002972276 | V5: -0.033837327 | W5: -0.065398147 | X5: 0.042224769 | Y5: 0.031967889 | Z5: 0.031174127 | AA5: 0.01903959 | AB5: -0.055678241 | AC5: 0.050430968 | AD5: 0.044867778 | AE5: -0.010455356 | AF5: -0.012711314 | AG5: -0.055209956 | AH5: -0.034749333 | AI5: -0.048839311 | AJ5: -0.047042933 | AK5: -0.031198327 | AL5: -0.04554627 | AM5: -0.034191704 | AN5: -0.030586555 | AO5: -0.028680839 | AP5: -0.031230965 | AQ5: -0.030843959 | AR5: -0.015263559 | AS5: -0.0073979911 | AT5: -0.0023343631 | AU5: -0.015139698 | AV5: -0.0025649844 | AW5: -0.0016685692 | AX5: -0.0077675325 | AY5: -0.0039317776 | AZ5: -0.017814331 | BA5: -0.010207532 | BB5: -0.0022441413 | BC5: -0.026053514 | BD5: -0.021648415 | BE5: -0.020364468 | BF5: -0.00279204 | BG5: -0.016380118 | BH5: -0.0170688 | BI5: 0.013178145 | BJ5: -0.005369774 | BK5: -0.03232371 | BL5: -0.04651313 | BM5: -0.065427689 | BN5: -0.028340079 | BO5: -0.068067015 | BP5: -0.057393521 | BQ5: -0.036663021 | BR5: -0.031607124 | BS5: 0.011799891 | BT5: -0.013009514 | BU5: -0.014311287 | BV5: 0.0018115701 | BW5: -0.030749639 | BX5: -0.018084769 | BY5: 0.00098999111 | BZ5: -0.013055744 | CA5: -0.0253284 | CB5: 0.038353479 | CC5: -0.016522259 | CD5: -0.00053755456 | CE5: -0.011252224 | CF5: -0.015260309 | CG5: -0.015347673 | CH5: -0.025082186 | CI5: -0.023339198 | CJ5: -0.01682036 | CK5: -0.0097529039 | CL5: -0.034307649 | CM5: -0.016145441 | CN5: -0.052400768 | CO5: -0.042581802 | CP5: -0.046556868 | CQ5: -0.020272322 | CR5: -0.0031058179 | CS5: -0.00087262058 | CT5: -0.039574466 | CU5: -0.029502153 | CV5: -0.022976063 | CW5: -0.0083811044 | CX5: -0.011353243 | CY5: -0.020845782 | CZ5: -0.027662335 | DA5: -0.029502399 | DB5: -0.022160845 | DC5: -0.074919917 | DD5: -0.058916671 | DE5: -0.057093108 | DF5: -0.053718019 | DG5: -0.058042034 | DH5: -0.045676489 | DI5: -0.015917013 | DJ5: -0.033235287 | DK5: -0.018187099 | DL5: -0.015445846 | DM5: -0.022497262 | DN5: -0.016052082 | DO5: -0.01592865 | DP5: -0.020912629 | DQ5: -0.022164842 | DR5: -0.0089371676 | DS5: -0.010982404 | DT5: -0.010795643 | DU5: -0.011575455 | DV5: -0.03691777 | DW5: -0.031998141 | DX5: -0.026040725 | DY5: -0.016413638 | DZ5: -0.022523036 | EA5: -0.030593762 | EB5: -0.023293475 | EC5: -0.027976747 | ED5: -0.017834178 | EE5: -0.099851966 | EF5: -0.011236467
B6: retvol | C6: 0.024781267 | D6: -0.0013055566 | E6: 0.016088752 | F6: 0.024671316 | G6: -0.0031626399 | H6: 0.017431697 | I6: 0.034224801 | J6: 0.021370584 | K6: 0.040150458 | L6: 0.033348308 | M6: 0.034388557 | N6: 0.035428174 | O6: 0.026141638 | P6: 0.018742898 | Q6: -0.00093773209 | R6: 0.010792956 | S6: 0.031520276 | T6: 0.010780637 | U6: 0.012518142 | V6: 0.01477949 | W6: -0.0010149845 | X6: -0.0015559868 | Y6: -0.0039166886 | Z6: 0.0039797344 | AA6: -0.012931896 | AB6: -0.0036109545 | AC6: -0.0015901802 | AD6: 0.0065947133 | AE6: 0.0090079003 | AF6: 0.005167996 | AG6: 0.011664802 | AH6: 0.075437548 | AI6: 0.017333287 | AJ6: 0.013547005 | AK6: 0.0056964666 | AL6: 0.019356861 | AM6: 0.020237432 | AN6: 0.013241048 | AO6: 0.0071526961 | AP6: 0.015454284 | AQ6: 0.033343226 | AR6: 0.021523284 | AS6: 0.025957378 | AT6: 0.013557033 | AU6: 0.016235781 | AV6: 0.023924466 | AW6: 0.012314908 | AX6: 0.027608811 | AY6: 0.019968728 | AZ6: 0.018852319 | BA6: 0.014060394 | BB6: 0.032051331 | BC6: 0.029666564 | BD6: 0.02897614 | BE6: 0.016734098 | BF6: 0.033082162 | BG6: 0.015582072 | BH6: 0.0093848799 | BI6: 0.022418834 | BJ6: 0.015080653 | BK6: 0.014967289 | BL6: 0.0027962623 | BM6: 0.0064001785 | BN6: 0.0059565527 | BO6: 0.010496731 | BP6: 0.0041071899 | BQ6: 0.0072204176 | BR6: 0.012253608 | BS6: 0.009688116 | BT6: 0.027689998 | BU6: 0.037176813 | BV6: 0.022503001 | BW6: 0.023397136 | BX6: 0.024806566 | BY6: 0.032843935 | BZ6: 0.033974649 | CA6: 0.03950916 | CB6: 0.08390838 | CC6: 0.025834606 | CD6: 0.024055735 | CE6: 0.023266115 | CF6: 0.01373645 | CG6: 0.0079774934 | CH6: 0.033776237 | CI6: 0.039098583 | CJ6: 0.094079957 | CK6: 0.024276765 | CL6: 0.022128573 | CM6: 0.035010445 | CN6: 0.020401066 | CO6: 0.027974486 | CP6: 0.027230711 | CQ6: 0.023250527 | CR6: 0.0059947723 | CS6: 0.0046918987 | CT6: 0.014269957 | CU6: 0.0066048063 | CV6: -0.0028537012 | CW6: 0.011713582 | CX6: 0.014280895 | CY6: 0.014092544 | CZ6: 0.01430786 | DA6: 0.016388941 | DB6: 0.018640834 | DC6: 0.017264688 | DD6: 0.013670796 | DE6: 0.015980331 | DF6: 0.010148804 | DG6: 0.009217544 | DH6: 0.0086918177 | DI6: 0.0083922694 | DJ6: 0.012134253 | DK6: 0.0078949549 | DL6: 0.0086436134 | DM6: 0.007171855 | DN6: 0.011896805 | DO6: 0.086997096 | DP6: 0.092320822 | DQ6: 0.091081724 | DR6: 0.086032132 | DS6: 0.085301284 | DT6: 0.1041565 | DU6: 0.11147645 | DV6: 0.11222523 | DW6: 0.11382743 | DX6: 0.11960259 | DY6: 0.12528885 | DZ6: 0.12639663 | EA6: 0.12674933 | EB6: 0.13046922 | EC6: 0.13362178 | ED6: 0.0019701395 | EE6: 0.0028774188 | EF6: 0.0013222361
B7: maxret | C7: 0.028323116 | D7: 0.012206451 | E7: 0.0037689315 | F7: -0.0089288017 | G7: -0.029484002 | H7: -0.034708549 | I7: -0.051269569 | J7: -0.031660115 | K7: -0.020045522 | L7: -0.019466422 | M7: -0.021515619 | N7: -0.010837063 | O7: 0.0052283702 | P7: 0.01022319 | Q7: 0.017629328 | R7: 0.024250753 | S7: 0.031586313 | T7: 0.046423107 | U7: 0.04512689 | V7: -0.0059353127 | W7: 0.0062574475 | X7: 0.021909646 | Y7: -0.01907875 | Z7: 0.0051659428 | AA7: -0.01227952 | AB7: -0.0017069929 | AC7: -0.00075664344 | AD7: -0.0030775684 | AE7: -0.010483986 | AF7: -0.0026502199 | AG7: 8.079779e-05 | AH7: -0.0048559479 | AI7: -0.0046092936 | AJ7: -0.014472156 | AK7: -0.012909039 | AL7: -0.015644126 | AM7: -0.0065867115 | AN7: -0.016828039 | AO7: -0.014476777 | AP7: -0.021091682 | AQ7: -0.028551068 | AR7: -0.0078151466 | AS7: -0.010129083 | AT7: -0.0078955662 | AU7: -0.0090748824 | AV7: 0.021755522 | AW7: 0.025959518 | AX7: 0.010969239 | AY7: 0.0195285 | AZ7: 0.03910909 | BA7: 0.050277286 | BB7: -0.0041446395 | BC7: 0.015062358 | BD7: 0.00082699574 | BE7: 0.0034352436 | BF7: 0.0011414189 | BG7: -0.002914366 | BH7: 0.0099346356 | BI7: 0.0059251983 | BJ7: -0.0056623803 | BK7: -0.0020464909 | BL7: -0.0038359612 | BM7: -0.0087151659 | BN7: -0.0018325715 | BO7: -0.0044087482 | BP7: -0.0028912579 | BQ7: -0.0061427376 | BR7: -0.00099651227 | BS7: 0.0064362376 | BT7: 0.0046488175 | BU7: -0.0012628116 | BV7: 0.0086401319 | BW7: 0.016261705 | BX7: 0.027921779 | BY7: 0.020634725 | BZ7: 0.022316884 | CA7: 0.0034580544 | CB7: -0.0003578152 | CC7: -0.0018413325 | CD7: 0.0016207623 | CE7: 0.0049775067 | CF7: -0.012314832 | CG7: -0.015143892 | CH7: -0.012504156 | CI7: -0.0084800575 | CJ7: -0.00082879515 | CK7: 0.0054167268 | CL7: 0.008275818 | CM7: 0.0087966919 | CN7: 0.014065471 | CO7: 0.0046390609 | CP7: 0.017356226 | CQ7: 0.012931298 | CR7: 0.014260785 | CS7: 0.0100124 | CT7: 0.014104361 | CU7: 0.0074970201 | CV7: 0.0014517656 | CW7: 0.00041397841 | CX7: -0.004716975 | CY7: -0.0036579019 | CZ7: -0.003174917 | DA7: -0.00419089 | DB7: -0.0050241844 | DC7: -0.0020616992 | DD7: 0.003859574 | DE7: 9.496941e-05 | DF7: -0.00017685341 | DG7: 0.0016713109 | DH7: 0.00058193289 | DI7: 0.00038134949 | DJ7: -0.0070806786 | DK7: -0.0037518035 | DL7: -0.00050886448 | DM7: -0.0026977714 | DN7: 0.00045161168 | DO7: -0.012603039 | DP7: -0.0092454617 | DQ7: -0.0042401797 | DR7: 0.0031142192 | DS7: -0.0020752695 | DT7: 0.0069542704 | DU7: 0.00088154032 | DV7: -0.00077751543 | DW7: -0.0028298685 | DX7: -0.00050638239 | DY7: 0.0058338743 | DZ7: 0.0006071589 | EA7: -0.003785089 | EB7: 0.002689984 | EC7: 0.002180623 | ED7: 0.0063146461 | EE7: 0.0064540842 | EF7: 0.0062494523
A9: Real
B10: Time | C10: 2013/12 | D10: 2014/01 | E10: 2014/02 | F10: 2014/03 | G10: 2014/04 | H10: 2014/05 | I10: 2014/06 | J10: 2014/07 | K10: 2014/08 | L10: 2014/09 | M10: 2014/10 | N10: 2014/11 | O10: 2014/12 | P10: 2015/01 | Q10: 2015/02 | R10: 2015/03 | S10: 2015/04 | T10: 2015/05 | U10: 2015/06 | V10: 2015/07 | W10: 2015/08 | X10: 2015/09 | Y10: 2015/10 | Z10: 2015/11 | AA10: 2015/12 | AB10: 2016/01 | AC10: 2016/02 | AD10: 2016/03 | AE10: 2016/04 | AF10: 2016/05 | AG10: 2016/06 | AH10: 2016/07 | AI10: 2016/08 | AJ10: 2016/09 | AK10: 2016/10 | AL10: 2016/11 | AM10: 2016/12 | AN10: 2017/01 | AO10: 2017/02 | AP10: 2017/03 | AQ10: 2017/04 | AR10: 2017/05 | AS10: 2017/06 | AT10: 2017/07 | AU10: 2017/08 | AV10: 2017/09 | AW10: 2017/10 | AX10: 2017/11 | AY10: 2017/12 | AZ10: 2018/01 | BA10: 2018/02 | BB10: 2018/03 | BC10: 2018/04 | BD10: 2018/05 | BE10: 2018/06 | BF10: 2018/07 | BG10: 2018/08 | BH10: 2018/09 | BI10: 2018/10 | BJ10: 2018/11 | BK10: 2018/12 | BL10: 2019/01 | BM10: 2019/02 | BN10: 2019/03 | BO10: 2019/04 | BP10: 2019/05 | BQ10: 2019/06 | BR10: 2019/07 | BS10: 2019/08 | BT10: 2019/09 | BU10: 2019/10 | BV10: 2019/11 | BW10: 2019/12 | BX10: 2020/01 | BY10: 2020/02 | BZ10: 2020/03 | CA10: 2020/04 | CB10: 2020/05 | CC10: 2020/06 | CD10: 2020/07 | CE10: 2020/08 | CF10: 2020/09 | CG10: 2020/10 | CH10: 2020/11 | CI10: 2020/12 | CJ10: 2021/01 | CK10: 2021/02 | CL10: 2021/03 | CM10: 2021/04 | CN10: 2021/05 | CO10: 2021/06 | CP10: 2021/07 | CQ10: 2021/08 | CR10: 2021/09 | CS10: 2021/10 | CT10: 2021/11 | CU10: 2021/12 | CV10: 2022/01 | CW10: 2022/02 | CX10: 2022/03 | CY10: 2022/04 | CZ10: 2022/05 | DA10: 2022/06 | DB10: 2022/07 | DC10: 2022/08 | DD10: 2022/09 | DE10: 2022/10 | DF10: 2022/11 | DG10: 2022/12 | DH10: 2023/01 | DI10: 2023/02 | DJ10: 2023/03 | DK10: 2023/04 | DL10: 2023/05 | DM10: 2023/06 | DN10: 2023/07 | DO10: 2023/08 | DP10: 2023/09 | DQ10: 2023/10 | DR10: 2023/11 | DS10: 2023/12 | DT10: 2024/01 | DU10: 2024/02 | DV10: 2024/03 | DW10: 2024/04 | DX10: 2024/05 | DY10: 2024/06 | DZ10: 2024/07 | EA10: 2024/08 | EB10: 2024/09 | EC10: 2024/10 | ED10: 2024/11 | EE10: 2024/12 | EF10: 2025/01
B11: mom1 | C11: 0.1206107 | D11: 0.045588622 | E11: 0.16704505 | F11: -0.073748988 | G11: -0.032506587 | H11: -0.032847119 | I11: -0.12110158 | J11: 0.0025822337 | K11: 0.071968625 | L11: 0.034342712 | M11: 0.040084603 | N11: 0.041563467 | O11: -0.0069002801 | P11: 0.035779379 | Q11: 0.068350636 | R11: -0.045413081 | S11: 0.01967398 | T11: -0.10645092 | U11: -0.032053189 | V11: -0.014865616 | W11: -0.093405071 | X11: -0.037053876 | Y11: -0.047379645 | Z11: -0.035732976 | AA11: 0.074709415 | AB11: -0.10149167 | AC11: -0.00029589017 | AD11: -0.068848797 | AE11: -0.022266032 | AF11: 0.041625472 | AG11: -0.0080508267 | AH11: -0.038264652 | AI11: 0.045184246 | AJ11: 0.034215625 | AK11: 0.044138223 | AL11: -0.035587567 | AM11: -0.013077529 | AN11: 0.004148564 | AO11: -0.07768507 | AP11: -0.0069983939 | AQ11: 0.13094784 | AR11: -0.086792709 | AS11: -0.052702983 | AT11: 0.065228471 | AU11: -0.065193823 | AV11: 0.0085695092 | AW11: -0.040024303 | AX11: -0.031442522 | AY11: -0.0040051979 | AZ11: -0.007879886 | BA11: -0.0060724257 | BB11: -0.011000775 | BC11: -0.026379572 | BD11: 0.039479545 | BE11: 0.031278312 | BF11: -0.0060707145 | BG11: -0.060537315 | BH11: -0.085381434 | BI11: 0.064493155 | BJ11: -0.0062276101 | BK11: 0.046391114 | BL11: -0.011560822 | BM11: -0.044558442 | BN11: 0.0027621487 | BO11: 0.0083121426 | BP11: -0.055860349 | BQ11: 0.03570663 | BR11: -0.022012849 | BS11: 0.039643525 | BT11: -0.0035802524 | BU11: 0.0089809504 | BV11: -0.0089428833 | BW11: -0.076064018 | BX11: -0.040663011 | BY11: -0.059083336 | BZ11: -0.026982576 | CA11: -0.12652495 | CB11: 0.012022261 | CC11: -0.050881431 | CD11: 0.025276041 | CE11: 0.087027484 | CF11: -0.024625967 | CG11: 0.018747262 | CH11: 0.04151248 | CI11: -0.029820276 | CJ11: -0.012665491 | CK11: 0.047987524 | CL11: -0.0066815212 | CM11: 0.023373144 | CN11: 0.010890171 | CO11: 0.14646344 | CP11: 0.019768545 | CQ11: 0.017749236 | CR11: -0.028991521 | CS11: -0.0092105434 | CT11: 0.036848143 | CU11: 0.030504116 | CV11: 0.040383351 | CW11: -0.0093859596 | CX11: -0.077248887 | CY11: 0.0025482207 | CZ11: -0.023356789 | DA11: -0.035608657 | DB11: 0.0044999953 | DC11: -0.043417921 | DD11: 0.077585487 | DE11: 0.045548818 | DF11: -0.073761037 | DG11: -0.013836029 | DH11: -0.013146588 | DI11: -0.11844415 | DJ11: 0.04971576 | DK11: 0.028876918 | DL11: -0.013181525 | DM11: 0.043520521 | DN11: -0.060662479 | DO11: 0.08256415 | DP11: -0.096015988 | DQ11: -0.019845472 | DR11: -0.018579634 | DS11: -0.025784659 | DT11: -0.037591586 | DU11: -0.045291919 | DV11: -0.022458423 | DW11: 0.00027164709 | DX11: -0.064503989 | DY11: 0.06012526 | DZ11: 0.0058245219 | EA11: 0.015503895 | EB11: 0.030904913 | EC11: 0.039813075 | ED11: 0.006018647 | EE11: -0.039888767 | EF11: -0.096081351
B12: mom12 | C12: -0.20935792 | D12: -0.24145621 | E12: 0.26636596 | F12: 0.33022979 | G12: 0.20358638 | H12: 0.55373417 | I12: 0.66979451 | J12: 0.61032591 | K12: 0.86207446 | L12: 0.37355796 | M12: 0.62222012 | N12: 0.29351052 | O12: 0.3562869 | P12: 0.17806893 | Q12: 0.15635752 | R12: 0.2248304 | S12: 0.18264462 | T12: 0.15307368 | U12: 0.22557714 | V12: -0.09158029 | W12: -0.049495832 | X12: -0.26789506 | Y12: -0.36478829 | Z12: -0.37790601 | AA12: -0.43955485 | AB12: -0.41859417 | AC12: -0.31816515 | AD12: -0.20856537 | AE12: -0.10236498 | AF12: -0.14886861 | AG12: -0.18669023 | AH12: -0.25393275 | AI12: -0.14773923 | AJ12: 0.044513506 | AK12: -0.058155621 | AL12: -0.091865238 | AM12: -0.1682627 | AN12: -0.33743701 | AO12: -0.36868153 | AP12: -0.28691959 | AQ12: -0.30523873 | AR12: -0.2933138 | AS12: -0.3026703 | AT12: -0.28045675 | AU12: -0.18262992 | AV12: -0.12130979 | AW12: -0.15372123 | AX12: -0.02163156 | AY12: 0.10122186 | AZ12: 0.18954151 | BA12: 0.095279708 | BB12: 0.011130473 | BC12: 0.19620313 | BD12: 0.15224713 | BE12: 0.209344 | BF12: 0.16752253 | BG12: 0.16855713 | BH12: 0.23475758 | BI12: 0.27598377 | BJ12: 0.26154896 | BK12: 0.1930056 | BL12: 0.032255305 | BM12: 0.084649699 | BN12: -0.015702242 | BO12: 0.029608765 | BP12: -0.082625544 | BQ12: -0.079330451 | BR12: -0.11353413 | BS12: -0.16045061 | BT12: -0.028989653 | BU12: -0.0038417136 | BV12: -0.17414888 | BW12: -0.050655463 | BX12: -0.0097462302 | BY12: 0.043118718 | BZ12: 0.08359471 | CA12: 0.059758542 | CB12: 0.22654685 | CC12: 0.16059562 | CD12: 0.12478222 | CE12: 0.070316847 | CF12: 0.037786686 | CG12: 0.14783135 | CH12: 0.16146329 | CI12: 0.19050379 | CJ12: 0.057810008 | CK12: 0.18159576 | CL12: 0.15995891 | CM12: -0.19344889 | CN12: 0.09266165 | CO12: 0.18420346 | CP12: 0.21509938 | CQ12: 0.07822216 | CR12: 0.23262305 | CS12: 0.12461762 | CT12: 0.2146341 | CU12: 0.29380323 | CV12: 0.16458639 | CW12: 0.22758953 | CX12: 0.30967914 | CY12: 0.10082695 | CZ12: 0.2739919 | DA12: 0.29613632 | DB12: 0.44409378 | DC12: 0.2773995 | DD12: 0.20846194 | DE12: 0.050065625 | DF12: 0.079342541 | DG12: 0.041263423 | DH12: -0.0074014042 | DI12: 0.091903679 | DJ12: 0.18881041 | DK12: 0.0050346205 | DL12: -0.065302736 | DM12: -0.16991943 | DN12: -0.048355536 | DO12: 0.30239134 | DP12: 0.40249618 | DQ12: 0.42337951 | DR12: 0.31958732 | DS12: 0.27007262 | DT12: 0.24555915 | DU12: 0.18374522 | DV12: 0.16882438 | DW12: 0.21735693 | DX12: 0.18716202 | DY12: 0.12863278 | DZ12: 0.11389562 | EA12: 0.069887094 | EB12: 0.12681711 | EC12: 0.15628153 | ED12: 0.36668827 | EE12: 0.4725008 | EF12: 0.72972326
B13: chmom | C13: 0.14158921 | D13: 0.092586945 | E13: 0.11349879 | F13: -0.0073769777 | G13: -0.31863967 | H13: -0.42059899 | I13: -0.61741575 | J13: -0.43362009 | K13: -0.25626772 | L13: -0.2113105 | M13: -0.20647602 | N13: -0.32791237 | O13: 0.015729811 | P13: 0.068442695 | Q13: 0.052648856 | R13: -0.020694613 | S13: 0.02495929 | T13: -0.086843647 | U13: -0.52458473 | V13: -0.47921434 | W13: -0.36348833 | X13: -0.39764648 | Y13: -0.4756211 | Z13: -0.29400139 | AA13: -0.21990455 | AB13: 0.018176812 | AC13: -0.079990064 | AD13: -0.10289298 | AE13: 0.14449675 | AF13: 0.094619546 | AG13: 0.15888809 | AH13: 0.11961817 | AI13: 0.26749724 | AJ13: 0.28042018 | AK13: -0.030700048 | AL13: 0.045908625 | AM13: 0.1749829 | AN13: 0.12715124 | AO13: 0.18467502 | AP13: 0.084214377 | AQ13: 0.19594427 | AR13: 0.13323353 | AS13: 0.16593562 | AT13: 0.020797245 | AU13: 0.012255111 | AV13: -0.013354263 | AW13: -0.16291629 | AX13: 0.021398073 | AY13: -0.31841892 | AZ13: -0.23894029 | BA13: -0.22999541 | BB13: -0.071523536 | BC13: 0.19523407 | BD13: 0.1343817 | BE13: 0.36448653 | BF13: 0.44848254 | BG13: 0.43221301 | BH13: 0.27475197 | BI13: 0.27625006 | BJ13: 0.015584695 | BK13: 0.10580514 | BL13: 0.126551 | BM13: 0.2284809 | BN13: 0.28499472 | BO13: 0.10343621 | BP13: 0.37735476 | BQ13: 0.20037256 | BR13: 0.22737663 | BS13: 0.2800057 | BT13: 0.25048842 | BU13: 0.40950604 | BV13: 0.2791434 | BW13: 0.42338682 | BX13: 0.20681397 | BY13: 0.16995656 | BZ13: 0.25229151 | CA13: 0.32026293 | CB13: 0.51463583 | CC13: 0.18153007 | CD13: 0.1200337 | CE13: -0.025943293 | CF13: 0.045043616 | CG13: -0.35445425 | CH13: -0.25260244 | CI13: 0.14395187 | CJ13: 0.27306771 | CK13: 0.017040846 | CL13: -0.24283421 | CM13: -0.0062585842 | CN13: -0.31007511 | CO13: -0.48661942 | CP13: -0.58562675 | CQ13: -0.21352734 | CR13: -0.16518612 | CS13: -0.15856953 | CT13: -0.2953033 | CU13: -0.12548188 | CV13: -0.047694294 | CW13: -0.069955239 | CX13: -0.0092457956 | CY13: -0.022135305 | CZ13: 0.055799951 | DA13: 0.0046904915 | DB13: -0.19841703 | DC13: -0.14815778 | DD13: -0.078448866 | DE13: -0.034735831 | DF13: 0.23309856 | DG13: 0.10547592 | DH13: 0.2602456 | DI13: 0.24342212 | DJ13: 0.061619871 | DK13: 0.089139844 | DL13: 0.029253194 | DM13: 0.14236144 | DN13: 0.14615257 | DO13: 0.049079226 | DP13: 0.4032296 | DQ13: 0.46524422 | DR13: 0.25491522 | DS13: 0.14490164 | DT13: 0.10964787 | DU13: 0.14664794 | DV13: -0.3751533 | DW13: -0.29741986 | DX13: -0.19544278 | DY13: -0.082428266 | DZ13: 0.058661833 | EA13: -0.046779078 | EB13: 0.16414324 | EC13: -0.038064247 | ED13: 0.055317447 | EE13: 0.045666052 | EF13: -0.015130552
B14: retvol | C14: -0.055287602 | D14: -0.14445299 | E14: -0.091431301 | F14: 0.3549518 | G14: 0.21923638 | H14: 0.2831342 | I14: 0.37143267 | J14: 0.41062409 | K14: 0.40769934 | L14: -0.0071596741 | M14: -0.0073648091 | N14: -0.05151582 | O14: 0.2542621 | P14: 0.25179108 | Q14: 0.22183502 | R14: 0.24564423 | S14: 0.21802587 | T14: 0.22885928 | U14: -0.038365896 | V14: -0.00024933566 | W14: -0.069911431 | X14: -0.064564491 | Y14: 0.041605297 | Z14: -0.019800016 | AA14: -0.072143291 | AB14: -0.068452121 | AC14: 0.032607263 | AD14: 0.017594646 | AE14: -0.0029019286 | AF14: -0.0022483566 | AG14: -0.0055811273 | AH14: -0.0066841359 | AI14: -0.0013854994 | AJ14: -0.00086481173 | AK14: 0.056462115 | AL14: 0.07849301 | AM14: -0.11226929 | AN14: -0.22946842 | AO14: -0.13981329 | AP14: -0.11030393 | AQ14: -0.16861414 | AR14: -0.13718304 | AS14: 0.05211904 | AT14: 0.14234805 | AU14: 0.15576266 | AV14: 0.14491664 | AW14: 0.18538209 | AX14: 0.13665235 | AY14: 0.14596251 | AZ14: 0.2650378 | BA14: 0.14676562 | BB14: 0.0033428218 | BC14: -0.070510317 | BD14: -0.035291447 | BE14: 0.035257595 | BF14: 0.038800415 | BG14: 0.053526723 | BH14: 0.17967628 | BI14: 0.15487119 | BJ14: 0.11905581 | BK14: 0.13032726 | BL14: 0.093330538 | BM14: 0.080284022 | BN14: 0.20761045 | BO14: 0.18768666 | BP14: 0.12992121 | BQ14: 0.098717055 | BR14: 0.045233847 | BS14: 0.13778382 | BT14: 0.046964995 | BU14: 0.078535809 | BV14: 0.12030054 | BW14: 0.059755525 | BX14: 0.063549055 | BY14: -0.0065045111 | BZ14: -0.051668342 | CA14: -0.079185434 | CB14: -0.11278108 | CC14: -0.067050409 | CD14: -0.066787378 | CE14: -0.046564912 | CF14: -0.11929573 | CG14: -0.05315298 | CH14: -0.092611608 | CI14: -0.10903127 | CJ14: -0.065592489 | CK14: -0.088696833 | CL14: 0.089572677 | CM14: 0.065466675 | CN14: 0.02977826 | CO14: 0.0725081 | CP14: -0.013033581 | CQ14: 0.0095695222 | CR14: 0.024795353 | CS14: 0.048612117 | CT14: 0.060893022 | CU14: 0.034381618 | CV14: 0.1698004 | CW14: 0.20445758 | CX14: 0.11667932 | CY14: 0.020058144 | CZ14: -0.0014802745 | DA14: -0.023150115 | DB14: -0.19162966 | DC14: -0.27185177 | DD14: -0.21309613 | DE14: -0.16221912 | DF14: -0.20201256 | DG14: -0.17344116 | DH14: 0.0010129746 | DI14: 0.076205463 | DJ14: 0.068038264 | DK14: 0.058032612 | DL14: 0.0096719985 | DM14: -0.13040706 | DN14: -0.29058271 | DO14: -0.37804696 | DP14: -0.38659982 | DQ14: -0.38856602 | DR14: -0.22251358 | DS14: -0.17879173 | DT14: -0.15458476 | DU14: -0.061360687 | DV14: 0.02797793 | DW14: -0.031911652 | DX14: -0.099874593 | DY14: 0.0034834303 | DZ14: 0.028079827 | EA14: -0.0017876847 | EB14: -0.090286462 | EC14: -0.053357026 | ED14: -0.06524063 | EE14: -0.041521107 | EF14: -0.03506792
B15: maxret | C15: 0.031791852 | D15: -0.12411353 | E15: -0.1855275 | F15: -0.51750513 | G15: -0.47668017 | H15: -0.45722757 | I15: -0.5284488 | J15: -0.42896716 | K15: -0.41261834 | L15: -0.0041638076 | M15: -0.026791836 | N15: -0.1044833 | O15: 0.044211548 | P15: 0.058306596 | Q15: -0.068633319 | R15: 0.039118301 | S15: 0.014309176 | T15: 0.047434316 | U15: -0.0058521477 | V15: -0.084536823 | W15: -0.21030819 | X15: -0.29890893 | Y15: -0.28699682 | Z15: -0.24392936 | AA15: -0.26669381 | AB15: -0.2664948 | AC15: -0.092233352 | AD15: -0.11479514 | AE15: -0.1224079 | AF15: -0.095242339 | AG15: -0.078768449 | AH15: -0.10231022 | AI15: -0.057262344 | AJ15: 0.013756306 | AK15: 0.074954773 | AL15: 0.058691382 | AM15: 0.0053574223 | AN15: 0.011511209 | AO15: 0.043992852 | AP15: 0.013865785 | AQ15: -0.037826594 | AR15: 0.0020397996 | AS15: 0.1357503 | AT15: 0.096260025 | AU15: 0.10985243 | AV15: 0.054049592 | AW15: 0.091063556 | AX15: -0.0033959985 | AY15: -0.071198973 | AZ15: -0.074040979 | BA15: -0.13474835 | BB15: -0.18483968 | BC15: -0.17191627 | BD15: -0.19026125 | BE15: -0.18314879 | BF15: -0.11690615 | BG15: 0.1233003 | BH15: 0.15359622 | BI15: 0.14035134 | BJ15: 0.2346569 | BK15: 0.27295375 | BL15: 0.28953705 | BM15: 0.059430813 | BN15: 0.12537867 | BO15: 0.094402298 | BP15: 0.022123087 | BQ15: 0.038988348 | BR15: 0.039930685 | BS15: 0.042655091 | BT15: 0.036797177 | BU15: 0.076853981 | BV15: 0.086874653 | BW15: 0.045363248 | BX15: 0.033590598 | BY15: 0.050840618 | BZ15: 0.090275438 | CA15: 0.095704211 | CB15: 0.10042372 | CC15: 0.13416849 | CD15: 0.069815282 | CE15: 0.053519808 | CF15: -0.1378676 | CG15: -0.19353121 | CH15: -0.26226848 | CI15: -0.36215999 | CJ15: -0.17238617 | CK15: -0.24049517 | CL15: -0.029835663 | CM15: 0.048473892 | CN15: 0.039346739 | CO15: 0.11640796 | CP15: 0.027954672 | CQ15: 0.11747759 | CR15: 0.029545899 | CS15: 0.010751644 | CT15: 0.051099373 | CU15: 0.10823418 | CV15: 0.10010509 | CW15: 0.082435859 | CX15: 0.14446651 | CY15: 0.015434973 | CZ15: -0.068435942 | DA15: -0.040885148 | DB15: -0.090240153 | DC15: -0.072910137 | DD15: -0.074101524 | DE15: -0.038176172 | DF15: -0.080366391 | DG15: -0.084762822 | DH15: 0.045561826 | DI15: 0.015283929 | DJ15: -0.086368002 | DK15: -0.083284993 | DL15: -0.3107079 | DM15: -0.48915583 | DN15: -0.61713752 | DO15: -0.64241869 | DP15: -0.51612725 | DQ15: -0.53531008 | DR15: -0.20641258 | DS15: -0.036765638 | DT15: -0.02117636 | DU15: -0.10998909 | DV15: -0.083866243 | DW15: -0.17622427 | DX15: -0.25043733 | DY15: -0.15139281 | DZ15: -0.1158378 | EA15: -0.056648241 | EB15: 0.034255182 | EC15: -0.017395651 | ED15: 0.040598599 | EE15: 0.049896274 | EF15: 0.041656706
A17: (預測-真實)^2
B18: Time | C18: 2013/12 | D18: 2014/01 | E18: 2014/02 | F18: 2014/03 | G18: 2014/04 | H18: 2014/05 | I18: 2014/06 | J18: 2014/07 | K18: 2014/08 | L18: 2014/09 | M18: 2014/10 | N18: 2014/11 | O18: 2014/12 | P18: 2015/01 | Q18: 2015/02 | R18: 2015/03 | S18: 2015/04 | T18: 2015/05 | U18: 2015/06 | V18: 2015/07 | W18: 2015/08 | X18: 2015/09 | Y18: 2015/10 | Z18: 2015/11 | AA18: 2015/12 | AB18: 2016/01 | AC18: 2016/02 | AD18: 2016/03 | AE18: 2016/04 | AF18: 2016/05 | AG18: 2016/06 | AH18: 2016/07 | AI18: 2016/08 | AJ18: 2016/09 | AK18: 2016/10 | AL18: 2016/11 | AM18: 2016/12 | AN18: 2017/01 | AO18: 2017/02 | AP18: 2017/03 | AQ18: 2017/04 | AR18: 2017/05 | AS18: 2017/06 | AT18: 2017/07 | AU18: 2017/08 | AV18: 2017/09 | AW18: 2017/10 | AX18: 2017/11 | AY18: 2017/12 | AZ18: 2018/01 | BA18: 2018/02 | BB18: 2018/03 | BC18: 2018/04 | BD18: 2018/05 | BE18: 2018/06 | BF18: 2018/07 | BG18: 2018/08 | BH18: 2018/09 | BI18: 2018/10 | BJ18: 2018/11 | BK18: 2018/12 | BL18: 2019/01 | BM18: 2019/02 | BN18: 2019/03 | BO18: 2019/04 | BP18: 2019/05 | BQ18: 2019/06 | BR18: 2019/07 | BS18: 2019/08 | BT18: 2019/09 | BU18: 2019/10 | BV18: 2019/11 | BW18: 2019/12 | BX18: 2020/01 | BY18: 2020/02 | BZ18: 2020/03 | CA18: 2020/04 | CB18: 2020/05 | CC18: 2020/06 | CD18: 2020/07 | CE18: 2020/08 | CF18: 2020/09 | CG18: 2020/10 | CH18: 2020/11 | CI18: 2020/12 | CJ18: 2021/01 | CK18: 2021/02 | CL18: 2021/03 | CM18: 2021/04 | CN18: 2021/05 | CO18: 2021/06 | CP18: 2021/07 | CQ18: 2021/08 | CR18: 2021/09 | CS18: 2021/10 | CT18: 2021/11 | CU18: 2021/12 | CV18: 2022/01 | CW18: 2022/02 | CX18: 2022/03 | CY18: 2022/04 | CZ18: 2022/05 | DA18: 2022/06 | DB18: 2022/07 | DC18: 2022/08 | DD18: 2022/09 | DE18: 2022/10 | DF18: 2022/11 | DG18: 2022/12 | DH18: 2023/01 | DI18: 2023/02 | DJ18: 2023/03 | DK18: 2023/04 | DL18: 2023/05 | DM18: 2023/06 | DN18: 2023/07 | DO18: 2023/08 | DP18: 2023/09 | DQ18: 2023/10 | DR18: 2023/11 | DS18: 2023/12 | DT18: 2024/01 | DU18: 2024/02 | DV18: 2024/03 | DW18: 2024/04 | DX18: 2024/05 | DY18: 2024/06 | DZ18: 2024/07 | EA18: 2024/08 | EB18: 2024/09 | EC18: 2024/10 | ED18: 2024/11 | EE18: 2024/12 | EF18: 2025/01
B19: mom1 | C19: =(C3-C11)^2 -> 0.041986772 | D19: =(D3-D11)^2 -> 0.0054821757 | E19: =(E3-E11)^2 -> 0.035698999 | F19: =(F3-F11)^2 -> 0.0062002672 | G19: =(G3-G11)^2 -> 0.0090422344 | H19: =(H3-H11)^2 -> 0.0020852096 | I19: =(I3-I11)^2 -> 0.0053070498 | J19: =(J3-J11)^2 -> 0.0016223127 | ... EF19: =(EF3-EF11)^2 -> 0.0079355733
B20: mom12 | C20: =(C4-C12)^2 -> 0.05781355 | D20: =(D4-D12)^2 -> 0.083650563 | E20: =(E4-E12)^2 -> 0.056132558 | F20: =(F4-F12)^2 -> 0.087600332 | G20: =(G4-G12)^2 -> 0.027976087 | H20: =(H4-H12)^2 -> 0.29964848 | I20: =(I4-I12)^2 -> 0.36012275 | J20: =(J4-J12)^2 -> 0.34330758 | ... EF20: =(EF4-EF12)^2 -> 0.48495233
B21: chmom | C21: =(C5-C13)^2 -> 0.023826468 | D21: =(D5-D13)^2 -> 0.029917411 | E21: =(E5-E13)^2 -> 0.036593399 | F21: =(F5-F13)^2 -> 0.00011259279 | G21: =(G5-G13)^2 -> 0.072502464 | H21: =(H5-H13)^2 -> 0.17650206 | I21: =(I5-I13)^2 -> 0.37332697 | J21: =(J5-J13)^2 -> 0.19110426 | ... EF21: =(EF5-EF13)^2 -> 1.5163898e-05
B22: retvol | C22: =(C6-C14)^2 -> 0.0064110239 | D22: =(D6-D14)^2 -> 0.020491187 | E22: =(E6-E14)^2 -> 0.011560562 | F22: =(F6-F14)^2 -> 0.1090852 | G22: =(G6-G14)^2 -> 0.049461325 | H22: =(H6-H14)^2 -> 0.070597819 | I22: =(I6-I14)^2 -> 0.11370914 | J22: =(J6-J14)^2 -> 0.15151829 | ... EF22: =(EF6-EF14)^2 -> 0.0013242435
B23: maxret | C23: =(C7-C15)^2 -> 1.203213e-05 | D23: =(D7-D15)^2 -> 0.018583138 | E23: =(E7-E15)^2 -> 0.035833141 | F23: =(F7-F15)^2 -> 0.25864988 | G23: =(G7-G15)^2 -> 0.19998442 | H23: =(H7-H15)^2 -> 0.17852232 | I23: =(I7-I15)^2 -> 0.22770001 | J23: =(J7-J15)^2 -> 0.15785289 | ... EF23: =(EF7-EF15)^2 -> 0.0012536736
A25: 真實^2
B26: Time | C26: 2013/12 | D26: 2014/01 | E26: 2014/02 | F26: 2014/03 | G26: 2014/04 | H26: 2014/05 | I26: 2014/06 | J26: 2014/07 | K26: 2014/08 | L26: 2014/09 | M26: 2014/10 | N26: 2014/11 | O26: 2014/12 | P26: 2015/01 | Q26: 2015/02 | R26: 2015/03 | S26: 2015/04 | T26: 2015/05 | U26: 2015/06 | V26: 2015/07 | W26: 2015/08 | X26: 2015/09 | Y26: 2015/10 | Z26: 2015/11 | AA26: 2015/12 | AB26: 2016/01 | AC26: 2016/02 | AD26: 2016/03 | AE26: 2016/04 | AF26: 2016/05 | AG26: 2016/06 | AH26: 2016/07 | AI26: 2016/08 | AJ26: 2016/09 | AK26: 2016/10 | AL26: 2016/11 | AM26: 2016/12 | AN26: 2017/01 | AO26: 2017/02 | AP26: 2017/03 | AQ26: 2017/04 | AR26: 2017/05 | AS26: 2017/06 | AT26: 2017/07 | AU26: 2017/08 | AV26: 2017/09 | AW26: 2017/10 | AX26: 2017/11 | AY26: 2017/12 | AZ26: 2018/01 | BA26: 2018/02 | BB26: 2018/03 | BC26: 2018/04 | BD26: 2018/05 | BE26: 2018/06 | BF26: 2018/07 | BG26: 2018/08 | BH26: 2018/09 | BI26: 2018/10 | BJ26: 2018/11 | BK26: 2018/12 | BL26: 2019/01 | BM26: 2019/02 | BN26: 2019/03 | BO26: 2019/04 | BP26: 2019/05 | BQ26: 2019/06 | BR26: 2019/07 | BS26: 2019/08 | BT26: 2019/09 | BU26: 2019/10 | BV26: 2019/11 | BW26: 2019/12 | BX26: 2020/01 | BY26: 2020/02 | BZ26: 2020/03 | CA26: 2020/04 | CB26: 2020/05 | CC26: 2020/06 | CD26: 2020/07 | CE26: 2020/08 | CF26: 2020/09 | CG26: 2020/10 | CH26: 2020/11 | CI26: 2020/12 | CJ26: 2021/01 | CK26: 2021/02 | CL26: 2021/03 | CM26: 2021/04 | CN26: 2021/05 | CO26: 2021/06 | CP26: 2021/07 | CQ26: 2021/08 | CR26: 2021/09 | CS26: 2021/10 | CT26: 2021/11 | CU26: 2021/12 | CV26: 2022/01 | CW26: 2022/02 | CX26: 2022/03 | CY26: 2022/04 | CZ26: 2022/05 | DA26: 2022/06 | DB26: 2022/07 | DC26: 2022/08 | DD26: 2022/09 | DE26: 2022/10 | DF26: 2022/11 | DG26: 2022/12 | DH26: 2023/01 | DI26: 2023/02 | DJ26: 2023/03 | DK26: 2023/04 | DL26: 2023/05 | DM26: 2023/06 | DN26: 2023/07 | DO26: 2023/08 | DP26: 2023/09 | DQ26: 2023/10 | DR26: 2023/11 | DS26: 2023/12 | DT26: 2024/01 | DU26: 2024/02 | DV26: 2024/03 | DW26: 2024/04 | DX26: 2024/05 | DY26: 2024/06 | DZ26: 2024/07 | EA26: 2024/08 | EB26: 2024/09 | EC26: 2024/10 | ED26: 2024/11 | EE26: 2024/12 | EF26: 2025/01
B27: mom1 | C27: =C11^2 -> 0.014546942 | D27: =D11^2 -> 0.0020783224 | E27: =E11^2 -> 0.027904049 | F27: =F11^2 -> 0.0054389133 | G27: =G11^2 -> 0.0010566782 | H27: =H11^2 -> 0.0010789332 | I27: =I11^2 -> 0.014665592 | J27: =J11^2 -> 6.6679309e-06 | ... EF27: =EF11^2 -> 0.0092316261
B28: mom12 | C28: =C12^2 -> 0.043830739 | D28: =D12^2 -> 0.058301099 | E28: =E12^2 -> 0.070950827 | F28: =F12^2 -> 0.10905172 | G28: =G12^2 -> 0.041447413 | H28: =H12^2 -> 0.30662154 | I28: =I12^2 -> 0.44862469 | J28: =J12^2 -> 0.37249771 | ... EF28: =EF12^2 -> 0.53249604
B29: chmom | C29: =C13^2 -> 0.020047505 | D29: =D13^2 -> 0.0085723424 | E29: =E13^2 -> 0.012881976 | F29: =F13^2 -> 5.4419799e-05 | G29: =G13^2 -> 0.10153124 | H29: =H13^2 -> 0.17690351 | I29: =I13^2 -> 0.38120221 | J29: =J13^2 -> 0.18802638 | ... EF29: =EF13^2 -> 0.0002289336
B30: retvol | C30: =C14^2 -> 0.003056719 | D30: =D14^2 -> 0.020866666 | E30: =E14^2 -> 0.0083596828 | F30: =F14^2 -> 0.12599078 | G30: =G14^2 -> 0.048064591 | H30: =H14^2 -> 0.080164974 | I30: =I14^2 -> 0.13796223 | J30: =J14^2 -> 0.16861214 | ... EF30: =EF14^2 -> 0.001229759
B31: maxret | C31: =C15^2 -> 0.0010107219 | D31: =D15^2 -> 0.015404169 | E31: =E15^2 -> 0.034420455 | F31: =F15^2 -> 0.26781156 | G31: =G15^2 -> 0.22722399 | H31: =H15^2 -> 0.20905705 | I31: =I15^2 -> 0.27925813 | J31: =J15^2 -> 0.18401282 | ... EF31: =EF15^2 -> 0.0017352812
B33: =1-SUM(C19:EF23)/SUM(C27:EF31) -> -0.045980607
