Workbook

Sheet 預測IC
A1: Predict
B2: Time | C2: 2013/12 | D2: 2014/01 | E2: 2014/02 | F2: 2014/03 | G2: 2014/04 | H2: 2014/05 | I2: 2014/06 | J2: 2014/07 | K2: 2014/08 | L2: 2014/09 | M2: 2014/10 | N2: 2014/11 | O2: 2014/12 | P2: 2015/01 | Q2: 2015/02 | R2: 2015/03 | S2: 2015/04 | T2: 2015/05 | U2: 2015/06 | V2: 2015/07 | W2: 2015/08 | X2: 2015/09 | Y2: 2015/10 | Z2: 2015/11 | AA2: 2015/12 | AB2: 2016/01 | AC2: 2016/02 | AD2: 2016/03 | AE2: 2016/04 | AF2: 2016/05 | AG2: 2016/06 | AH2: 2016/07 | AI2: 2016/08 | AJ2: 2016/09 | AK2: 2016/10 | AL2: 2016/11 | AM2: 2016/12 | AN2: 2017/01 | AO2: 2017/02 | AP2: 2017/03 | AQ2: 2017/04 | AR2: 2017/05 | AS2: 2017/06 | AT2: 2017/07 | AU2: 2017/08 | AV2: 2017/09 | AW2: 2017/10 | AX2: 2017/11 | AY2: 2017/12 | AZ2: 2018/01 | BA2: 2018/02 | BB2: 2018/03 | BC2: 2018/04 | BD2: 2018/05 | BE2: 2018/06 | BF2: 2018/07 | BG2: 2018/08 | BH2: 2018/09 | BI2: 2018/10 | BJ2: 2018/11 | BK2: 2018/12 | BL2: 2019/01 | BM2: 2019/02 | BN2: 2019/03 | BO2: 2019/04 | BP2: 2019/05 | BQ2: 2019/06 | BR2: 2019/07 | BS2: 2019/08 | BT2: 2019/09 | BU2: 2019/10 | BV2: 2019/11 | BW2: 2019/12 | BX2: 2020/01 | BY2: 2020/02 | BZ2: 2020/03 | CA2: 2020/04 | CB2: 2020/05 | CC2: 2020/06 | CD2: 2020/07 | CE2: 2020/08 | CF2: 2020/09 | CG2: 2020/10 | CH2: 2020/11 | CI2: 2020/12 | CJ2: 2021/01 | CK2: 2021/02 | CL2: 2021/03 | CM2: 2021/04 | CN2: 2021/05 | CO2: 2021/06 | CP2: 2021/07 | CQ2: 2021/08 | CR2: 2021/09 | CS2: 2021/10 | CT2: 2021/11 | CU2: 2021/12 | CV2: 2022/01 | CW2: 2022/02 | CX2: 2022/03 | CY2: 2022/04 | CZ2: 2022/05 | DA2: 2022/06 | DB2: 2022/07 | DC2: 2022/08 | DD2: 2022/09 | DE2: 2022/10 | DF2: 2022/11 | DG2: 2022/12 | DH2: 2023/01 | DI2: 2023/02 | DJ2: 2023/03 | DK2: 2023/04 | DL2: 2023/05 | DM2: 2023/06 | DN2: 2023/07 | DO2: 2023/08 | DP2: 2023/09 | DQ2: 2023/10 | DR2: 2023/11 | DS2: 2023/12 | DT2: 2024/01 | DU2: 2024/02 | DV2: 2024/03 | DW2: 2024/04 | DX2: 2024/05 | DY2: 2024/06 | DZ2: 2024/07 | EA2: 2024/08 | EB2: 2024/09 | EC2: 2024/10 | ED2: 2024/11 | EE2: 2024/12 | EF2: 2025/01
B3: mom1 | C3: -0.028421105 | D3: -0.0032086853 | E3: -0.045759689 | F3: -0.062181713 | G3: -0.059567678 | H3: -0.010649055 | I3: -0.01276009 | J3: -0.047600297 | K3: -0.031071015 | L3: -0.028040119 | M3: -0.0090825358 | N3: -0.045141758 | O3: -0.044270346 | P3: -0.031684381 | Q3: -0.055433013 | R3: -0.02710995 | S3: -0.016227496 | T3: -0.0027466888 | U3: -0.020370614 | V3: 0.0037661807 | W3: -0.014262473 | X3: -0.0917358 | Y3: -0.031277665 | Z3: 0.013116938 | AA3: -0.0095636868 | AB3: -0.0063454766 | AC3: 0.00090571962 | AD3: -0.025965432 | AE3: -0.0096560945 | AF3: 0.0030675596 | AG3: -0.032383394 | AH3: -0.0074773786 | AI3: -0.0019157841 | AJ3: -0.009586853 | AK3: -0.012509584 | AL3: -0.032067835 | AM3: -0.023857075 | AN3: -0.055529021 | AO3: -0.054187593 | AP3: -0.020805826 | AQ3: -0.054464581 | AR3: -0.0079251422 | AS3: -0.080704946 | AT3: -0.0033286588 | AU3: -0.016730373 | AV3: -0.040662307 | AW3: -0.01334959 | AX3: 0.00041132675 | AY3: -0.015450973 | AZ3: -0.03434674 | BA3: -0.011721947 | BB3: -0.008645138 | BC3: 0.093133169 | BD3: 0.021270749 | BE3: 0.0041896161 | BF3: 0.087493563 | BG3: -0.008610178 | BH3: -0.021536217 | BI3: 0.076523317 | BJ3: 0.11053144 | BK3: 0.043903812 | BL3: -0.0057341144 | BM3: 0.085239266 | BN3: -0.027413591 | BO3: -0.026194249 | BP3: -0.0050536532 | BQ3: -0.015635984 | BR3: -0.0028605951 | BS3: -0.022503841 | BT3: -0.028888226 | BU3: 0.00046852267 | BV3: -0.014343012 | BW3: -0.0024765406 | BX3: -0.0033669345 | BY3: 0.0098781533 | BZ3: 0.059334883 | CA3: -0.016962409 | CB3: 0.015768733 | CC3: -0.04579691 | CD3: -0.016834237 | CE3: -0.028685122 | CF3: -0.061571375 | CG3: -0.0093795888 | CH3: -0.027363971 | CI3: -0.0056179209 | CJ3: -0.01841073 | CK3: -0.060048442 | CL3: 0.051031674 | CM3: -0.031853467 | CN3: -0.0034014778 | CO3: -0.0059588483 | CP3: -0.052511428 | CQ3: -0.018192283 | CR3: -0.013835788 | CS3: 0.066811104 | CT3: -0.043738323 | CU3: -0.027281598 | CV3: -0.014720715 | CW3: -0.0096698957 | CX3: -0.056823076 | CY3: -0.0077143265 | CZ3: -0.013600859 | DA3: -0.019832006 | DB3: -0.028697643 | DC3: -0.042602949 | DD3: -0.037717335 | DE3: -0.018655423 | DF3: 0.04404442 | DG3: 0.024808364 | DH3: -0.0090166159 | DI3: 0.0041737322 | DJ3: -0.021302417 | DK3: -0.035212078 | DL3: -0.025285552 | DM3: -0.018070447 | DN3: -0.024459591 | DO3: -0.022975006 | DP3: -0.022725345 | DQ3: -0.034792528 | DR3: -0.014517743 | DS3: 0.039697577 | DT3: -0.025528605 | DU3: -0.013965522 | DV3: -0.011635769 | DW3: -0.019578167 | DX3: -0.016729233 | DY3: -0.013926629 | DZ3: -0.064078277 | EA3: -0.011174082 | EB3: -0.032139421 | EC3: -0.0065260959 | ED3: -0.033025345 | EE3: -0.042642098 | EF3: 0.046335984
B4: mom12 | C4: 0.032149527 | D4: 0.031058233 | E4: 0.021920012 | F4: 0.026919816 | G4: 0.035273392 | H4: 0.072960053 | I4: 0.083700431 | J4: 0.054952607 | K4: 0.06581917 | L4: 0.04129115 | M4: 0.031112425 | N4: 0.015944504 | O4: 0.0028902999 | P4: -0.020143455 | Q4: 0.0044313998 | R4: -0.032241819 | S4: -0.014602157 | T4: 0.004411944 | U4: -0.012920894 | V4: -0.0058865342 | W4: 0.025473671 | X4: -0.0052639646 | Y4: -0.016245667 | Z4: -0.00391226 | AA4: 0.010350439 | AB4: 0.04327586 | AC4: 0.028867701 | AD4: 0.041043585 | AE4: 0.023302439 | AF4: 0.029358021 | AG4: 0.016663025 | AH4: 0.015268574 | AI4: 0.014681378 | AJ4: 0.0033443266 | AK4: 0.018997018 | AL4: 0.024881633 | AM4: 0.013787652 | AN4: 0.004016441 | AO4: 0.011853012 | AP4: -0.024002529 | AQ4: -0.0086616032 | AR4: -0.049291308 | AS4: -0.046612021 | AT4: -0.013669303 | AU4: -0.0071382332 | AV4: -0.012807856 | AW4: 0.010745089 | AX4: -0.0011321089 | AY4: 0.016647319 | AZ4: 0.018617873 | BA4: 0.023323985 | BB4: 0.0082449342 | BC4: 0.0088282726 | BD4: 0.018147156 | BE4: 0.0061555981 | BF4: -0.012290645 | BG4: -0.0059310581 | BH4: -0.004272728 | BI4: 0.014160548 | BJ4: 0.0083678246 | BK4: -0.018798857 | BL4: -0.0058491424 | BM4: -0.013166786 | BN4: 0.013885551 | BO4: 0.016162147 | BP4: 0.039650518 | BQ4: 0.031389726 | BR4: 0.040897547 | BS4: 0.013676354 | BT4: 0.016915817 | BU4: 0.017996776 | BV4: 0.016913625 | BW4: 0.0054921253 | BX4: 0.011708781 | BY4: 0.012493509 | BZ4: 0.017018809 | CA4: 0.014260342 | CB4: 0.0050213231 | CC4: -0.0018682696 | CD4: 0.020458412 | CE4: 0.020683321 | CF4: -0.0095815189 | CG4: -0.028466593 | CH4: -0.0032564911 | CI4: 0.0019169051 | CJ4: 0.011528987 | CK4: 0.010068286 | CL4: 0.012952232 | CM4: 0.0043310724 | CN4: -0.0029342907 | CO4: -0.0074118526 | CP4: -0.0084165338 | CQ4: 0.00026063257 | CR4: -0.0045614668 | CS4: -0.015033045 | CT4: -0.0064041876 | CU4: -0.0052180228 | CV4: 0.014766811 | CW4: 0.0079096072 | CX4: 0.0091865945 | CY4: 0.0079215283 | CZ4: 0.025911448 | DA4: -0.033181029 | DB4: 0.010437976 | DC4: 0.036289702 | DD4: -0.027333662 | DE4: 5.3204379e-05 | DF4: 0.011934289 | DG4: -0.0068727258 | DH4: 0.0038813537 | DI4: 0.0089454078 | DJ4: 0.014739476 | DK4: -0.0095534373 | DL4: 0.045369163 | DM4: 0.052420328 | DN4: 0.046322268 | DO4: 0.03879346 | DP4: 0.031593984 | DQ4: 0.02797446 | DR4: 0.041670046 | DS4: 0.039311671 | DT4: 0.04175682 | DU4: 0.040857076 | DV4: 0.029541589 | DW4: 0.048580647 | DX4: 0.021294874 | DY4: 0.022110302 | DZ4: 0.018187961 | EA4: 0.018972922 | EB4: 0.012440642 | EC4: 0.019440548 | ED4: 0.017895222 | EE4: 0.019741135 | EF4: 0.016674022
B5: chmom | C5: 0.032149527 | D5: 0.031058233 | E5: 0.021920012 | F5: 0.026919816 | G5: 0.035273392 | H5: 0.072960053 | I5: 0.083700431 | J5: 0.054952607 | K5: 0.06581917 | L5: 0.04129115 | M5: 0.031112425 | N5: 0.015944504 | O5: 0.0028902999 | P5: -0.020143455 | Q5: 0.0044313998 | R5: -0.032241819 | S5: -0.014602157 | T5: 0.004411944 | U5: -0.012920894 | V5: -0.0058865342 | W5: 0.025473671 | X5: -0.0052639646 | Y5: -0.016245667 | Z5: -0.00391226 | AA5: 0.010350439 | AB5: 0.04327586 | AC5: 0.028867701 | AD5: 0.041043585 | AE5: 0.023302439 | AF5: 0.029358021 | AG5: 0.016663025 | AH5: 0.015268574 | AI5: 0.014681378 | AJ5: 0.0033443266 | AK5: 0.018997018 | AL5: 0.024881633 | AM5: 0.013787652 | AN5: 0.004016441 | AO5: 0.011853012 | AP5: -0.024002529 | AQ5: -0.0086616032 | AR5: -0.049291308 | AS5: -0.046612021 | AT5: -0.013669303 | AU5: -0.0071382332 | AV5: -0.012807856 | AW5: 0.010745089 | AX5: -0.0011321089 | AY5: 0.016647319 | AZ5: 0.018617873 | BA5: 0.023323985 | BB5: 0.0082449342 | BC5: 0.0088282726 | BD5: 0.018147156 | BE5: 0.0061555981 | BF5: -0.012290645 | BG5: -0.0059310581 | BH5: -0.004272728 | BI5: 0.014160548 | BJ5: 0.0083678246 | BK5: -0.018798857 | BL5: -0.0058491424 | BM5: -0.013166786 | BN5: 0.013885551 | BO5: 0.016162147 | BP5: 0.039650518 | BQ5: 0.031389726 | BR5: 0.040897547 | BS5: 0.013676354 | BT5: 0.016915817 | BU5: 0.017996776 | BV5: 0.016913625 | BW5: 0.0054921253 | BX5: 0.011708781 | BY5: 0.012493509 | BZ5: 0.017018809 | CA5: 0.014260342 | CB5: 0.0050213231 | CC5: -0.0018682696 | CD5: 0.020458412 | CE5: 0.020683321 | CF5: -0.0095815189 | CG5: -0.028466593 | CH5: -0.0032564911 | CI5: 0.0019169051 | CJ5: 0.011528987 | CK5: 0.010068286 | CL5: 0.012952232 | CM5: 0.0043310724 | CN5: -0.0029342907 | CO5: -0.0074118526 | CP5: -0.0084165338 | CQ5: 0.00026063257 | CR5: -0.0045614668 | CS5: -0.015033045 | CT5: -0.0064041876 | CU5: -0.0052180228 | CV5: 0.014766811 | CW5: 0.0079096072 | CX5: 0.0091865945 | CY5: 0.0079215283 | CZ5: 0.025911448 | DA5: -0.033181029 | DB5: 0.010437976 | DC5: 0.036289702 | DD5: -0.027333662 | DE5: 5.3204379e-05 | DF5: 0.011934289 | DG5: -0.0068727258 | DH5: 0.0038813537 | DI5: 0.0089454078 | DJ5: 0.014739476 | DK5: -0.0095534373 | DL5: 0.045369163 | DM5: 0.052420328 | DN5: 0.046322268 | DO5: 0.03879346 | DP5: 0.031593984 | DQ5: 0.02797446 | DR5: 0.041670046 | DS5: 0.039311671 | DT5: 0.04175682 | DU5: 0.040857076 | DV5: 0.029541589 | DW5: 0.048580647 | DX5: 0.021294874 | DY5: 0.022110302 | DZ5: 0.018187961 | EA5: 0.018972922 | EB5: 0.012440642 | EC5: 0.019440548 | ED5: 0.017895222 | EE5: 0.019741135 | EF5: 0.016674022
B6: retvol | C6: 0.028280704 | D6: 0.045024379 | E6: 0.022805462 | F6: 0.030473305 | G6: 0.025801966 | H6: 0.026407937 | I6: 0.038669716 | J6: 0.036013741 | K6: 0.039669624 | L6: 0.023215574 | M6: 0.014439881 | N6: 0.020245466 | O6: 0.016677705 | P6: 0.015979594 | Q6: 0.017689819 | R6: 0.0089443822 | S6: 0.027929232 | T6: 0.012097868 | U6: 0.016471196 | V6: 0.014996151 | W6: 0.013040458 | X6: 0.018810074 | Y6: 0.0011582881 | Z6: 0.0080285515 | AA6: 0.005533116 | AB6: 0.00557342 | AC6: 0.015292133 | AD6: 0.013483451 | AE6: 0.01510215 | AF6: 0.0083251924 | AG6: 0.020406205 | AH6: 0.042947613 | AI6: 0.013234101 | AJ6: 0.010758771 | AK6: 0.0071831979 | AL6: 0.014507613 | AM6: 0.017219896 | AN6: 0.016130185 | AO6: 0.0027328542 | AP6: 0.010811339 | AQ6: 0.014269002 | AR6: 0.016671974 | AS6: 0.010903894 | AT6: 0.019352604 | AU6: 0.03336906 | AV6: 0.033609502 | AW6: 0.036213352 | AX6: 0.010755409 | AY6: 0.022281626 | AZ6: 0.029838241 | BA6: 0.0092262385 | BB6: 0.020435759 | BC6: 0.020621794 | BD6: 0.024205264 | BE6: 0.015778299 | BF6: 0.014587344 | BG6: 0.0205234 | BH6: 0.022897761 | BI6: 0.024587363 | BJ6: 0.018443815 | BK6: 0.019702031 | BL6: 0.0045770526 | BM6: 0.00072036967 | BN6: 0.0068383366 | BO6: 0.008495603 | BP6: 0.0068676055 | BQ6: 0.01214829 | BR6: 0.012729966 | BS6: 0.015897604 | BT6: 0.015357171 | BU6: 0.016534797 | BV6: 0.017159038 | BW6: 0.013147733 | BX6: 0.029391096 | BY6: 0.029697604 | BZ6: 0.023169419 | CA6: 0.021585326 | CB6: 0.036279979 | CC6: 0.0022471414 | CD6: 0.011431405 | CE6: 0.0097325278 | CF6: 0.012918743 | CG6: 0.016791522 | CH6: 0.026978402 | CI6: 0.01974305 | CJ6: 0.036282559 | CK6: 0.037565589 | CL6: 0.02740698 | CM6: 0.023252333 | CN6: 0.0072236255 | CO6: 0.0086283922 | CP6: 0.0082387791 | CQ6: 0.0090960544 | CR6: -0.019608093 | CS6: 0.0080383364 | CT6: 0.0031404346 | CU6: -0.0073210796 | CV6: -0.0023633033 | CW6: 0.0102343 | CX6: 0.028585785 | CY6: 0.031094172 | CZ6: 0.031553415 | DA6: 0.042270887 | DB6: 0.039805308 | DC6: 0.015575602 | DD6: 0.034946221 | DE6: 0.083616853 | DF6: 0.072050126 | DG6: 0.040272677 | DH6: 0.020352821 | DI6: 0.012289753 | DJ6: 0.033017884 | DK6: 0.0041169359 | DL6: 0.0032895249 | DM6: 0.016270141 | DN6: 0.019067257 | DO6: 0.043813888 | DP6: 0.042895957 | DQ6: 0.039102398 | DR6: 0.035268577 | DS6: 0.041220381 | DT6: 0.044856575 | DU6: 0.038425398 | DV6: 0.042252549 | DW6: 0.043956925 | DX6: 0.051589606 | DY6: 0.052634911 | DZ6: 0.052838321 | EA6: 0.046836473 | EB6: 0.046645625 | EC6: 0.053388727 | ED6: 0.015378748 | EE6: 0.020959301 | EF6: 0.023158289
B7: maxret | C7: 0.0074353345 | D7: -0.028755301 | E7: 2.6254979e-05 | F7: 0.0081230333 | G7: 0.001921454 | H7: 0.016301272 | I7: -0.014801552 | J7: 0.0050232193 | K7: -0.020936215 | L7: 0.012283281 | M7: -0.042762316 | N7: -0.025475367 | O7: -0.025329166 | P7: -0.0092756308 | Q7: 0.029479018 | R7: -0.012899916 | S7: 0.005530283 | T7: -0.049720071 | U7: 0.041650928 | V7: -0.024060895 | W7: -0.019445981 | X7: 0.0041013327 | Y7: 0.031114671 | Z7: -0.041235056 | AA7: 0.027015096 | AB7: 0.0052994812 | AC7: 0.030553441 | AD7: -0.0086666011 | AE7: 0.0049092226 | AF7: -0.017946305 | AG7: 0.033899838 | AH7: -0.0061240908 | AI7: 0.018774453 | AJ7: 0.029382758 | AK7: -0.033686569 | AL7: -0.032280317 | AM7: 0.0032138735 | AN7: 0.11408471 | AO7: 0.02799418 | AP7: 0.029917062 | AQ7: -0.041139472 | AR7: -0.00087443992 | AS7: 0.015026083 | AT7: -0.015190475 | AU7: -0.038575341 | AV7: 0.015312413 | AW7: 0.035025744 | AX7: 0.0035901734 | AY7: -0.030656313 | AZ7: -0.0029025725 | BA7: 0.0056352578 | BB7: -0.03405329 | BC7: -0.013759948 | BD7: -0.02257377 | BE7: 0.0055568103 | BF7: 0.0093798251 | BG7: -0.016046693 | BH7: 0.058929576 | BI7: -0.028235978 | BJ7: -0.0037545426 | BK7: 0.011294718 | BL7: -0.046188342 | BM7: -0.020443148 | BN7: -0.017926467 | BO7: 0.011582539 | BP7: -0.0028645742 | BQ7: -0.092485502 | BR7: -0.0080970018 | BS7: -0.01130158 | BT7: 0.014912762 | BU7: 0.016618493 | BV7: 0.016276276 | BW7: -0.044854207 | BX7: 0.01913616 | BY7: -0.021076646 | BZ7: -0.023497155 | CA7: -0.041401721 | CB7: -0.0042780939 | CC7: 0.022498146 | CD7: -0.011710733 | CE7: 0.058979173 | CF7: -0.019429797 | CG7: 0.018692101 | CH7: -0.0058114523 | CI7: -0.041834284 | CJ7: -0.012841469 | CK7: 0.013618815 | CL7: -0.0035360869 | CM7: -0.042807172 | CN7: 0.02064293 | CO7: -0.041396506 | CP7: 0.043251404 | CQ7: -0.025468576 | CR7: -0.0097805463 | CS7: -0.036398625 | CT7: -0.047913537 | CU7: -0.018724998 | CV7: 0.013671881 | CW7: -0.058236049 | CX7: 0.059009893 | CY7: 0.031124682 | CZ7: -0.036962005 | DA7: 0.026875191 | DB7: 0.0049460523 | DC7: 0.013273219 | DD7: 0.018110792 | DE7: -0.0050468456 | DF7: 0.0051712812 | DG7: -0.0085517408 | DH7: -0.0039740829 | DI7: 0.035094374 | DJ7: 0.042093321 | DK7: 0.041605226 | DL7: 0.03742447 | DM7: 0.0064227276 | DN7: 0.050342979 | DO7: 0.034076577 | DP7: -0.018457857 | DQ7: -0.0320199 | DR7: -0.014214254 | DS7: -0.018841137 | DT7: 0.052764154 | DU7: 0.037587698 | DV7: 0.055246083 | DW7: 0.010541023 | DX7: -0.021472144 | DY7: -0.02340917 | DZ7: -0.037468141 | EA7: 0.015257175 | EB7: 0.0017324241 | EC7: 0.0018771108 | ED7: -0.010360487 | EE7: -0.0020699837 | EF7: -0.0010624359
A8: 選絕對值最大 | C8: {=MATCH(MAX(ABS(C3:C7)), ABS(C3:C7), 0)} -> 2 | D8: {=MATCH(MAX(ABS(D3:D7)), ABS(D3:D7), 0)} -> 4 | E8: {=MATCH(MAX(ABS(E3:E7)), ABS(E3:E7), 0)} -> 1 | F8: {=MATCH(MAX(ABS(F3:F7)), ABS(F3:F7), 0)} -> 1 | G8: {=MATCH(MAX(ABS(G3:G7)), ABS(G3:G7), 0)} -> 1 | H8: {=MATCH(MAX(ABS(H3:H7)), ABS(H3:H7), 0)} -> 2 | I8: {=MATCH(MAX(ABS(I3:I7)), ABS(I3:I7), 0)} -> 2 | J8: {=MATCH(MAX(ABS(J3:J7)), ABS(J3:J7), 0)} -> 2 | ... EF8: {=MATCH(MAX(ABS(EF3:EF7)), ABS(EF3:EF7), 0)} -> 1
C9: =IF(C8=1,"mom1", IF(C8=2,"mom12", IF(C8=3,"chmom", IF(C8=4,"retvol", IF(C8=5,"maxret",""))))) -> mom12 | D9: =IF(D8=1,"mom1", IF(D8=2,"mom12", IF(D8=3,"chmom", IF(D8=4,"retvol", IF(D8=5,"maxret",""))))) -> retvol | E9: =IF(E8=1,"mom1", IF(E8=2,"mom12", IF(E8=3,"chmom", IF(E8=4,"retvol", IF(E8=5,"maxret",""))))) -> mom1 | F9: =IF(F8=1,"mom1", IF(F8=2,"mom12", IF(F8=3,"chmom", IF(F8=4,"retvol", IF(F8=5,"maxret",""))))) -> mom1 | G9: =IF(G8=1,"mom1", IF(G8=2,"mom12", IF(G8=3,"chmom", IF(G8=4,"retvol", IF(G8=5,"maxret",""))))) -> mom1 | H9: =IF(H8=1,"mom1", IF(H8=2,"mom12", IF(H8=3,"chmom", IF(H8=4,"retvol", IF(H8=5,"maxret",""))))) -> mom12 | I9: =IF(I8=1,"mom1", IF(I8=2,"mom12", IF(I8=3,"chmom", IF(I8=4,"retvol", IF(I8=5,"maxret",""))))) -> mom12 | J9: =IF(J8=1,"mom1", IF(J8=2,"mom12", IF(J8=3,"chmom", IF(J8=4,"retvol", IF(J8=5,"maxret",""))))) -> mom12 | ... EF9: =IF(EF8=1,"mom1", IF(EF8=2,"mom12", IF(EF8=3,"chmom", IF(EF8=4,"retvol", IF(EF8=5,"maxret",""))))) -> mom1
C10: =IF(C8=1,C3,IF(C8=2,C4,IF(C8=3,C5,IF(C8=4,C6,IF(C8=5,C7))))) -> 0.032149527 | D10: =IF(D8=1,D3,IF(D8=2,D4,IF(D8=3,D5,IF(D8=4,D6,IF(D8=5,D7))))) -> 0.045024379 | E10: =IF(E8=1,E3,IF(E8=2,E4,IF(E8=3,E5,IF(E8=4,E6,IF(E8=5,E7))))) -> -0.045759689 | F10: =IF(F8=1,F3,IF(F8=2,F4,IF(F8=3,F5,IF(F8=4,F6,IF(F8=5,F7))))) -> -0.062181713 | G10: =IF(G8=1,G3,IF(G8=2,G4,IF(G8=3,G5,IF(G8=4,G6,IF(G8=5,G7))))) -> -0.059567678 | H10: =IF(H8=1,H3,IF(H8=2,H4,IF(H8=3,H5,IF(H8=4,H6,IF(H8=5,H7))))) -> 0.072960053 | I10: =IF(I8=1,I3,IF(I8=2,I4,IF(I8=3,I5,IF(I8=4,I6,IF(I8=5,I7))))) -> 0.083700431 | J10: =IF(J8=1,J3,IF(J8=2,J4,IF(J8=3,J5,IF(J8=4,J6,IF(J8=5,J7))))) -> 0.054952607 | ... EF10: =IF(EF8=1,EF3,IF(EF8=2,EF4,IF(EF8=3,EF5,IF(EF8=4,EF6,IF(EF8=5,EF7))))) -> 0.046335984
A12: 投資組合 | C12: 公司數 | D12: 964
A13: 等分 | B13: 家數 | C13: 2014/01 | D13: 2014/02 | E13: 2014/03 | F13: 2014/04 | G13: 2014/05 | H13: 2014/06 | I13: 2014/07 | J13: 2014/08 | K13: 2014/09 | L13: 2014/10 | M13: 2014/11 | N13: 2014/12 | O13: 2015/01 | P13: 2015/02 | Q13: 2015/03 | R13: 2015/04 | S13: 2015/05 | T13: 2015/06 | U13: 2015/07 | V13: 2015/08 | W13: 2015/09 | X13: 2015/10 | Y13: 2015/11 | Z13: 2015/12 | AA13: 2016/01 | AB13: 2016/02 | AC13: 2016/03 | AD13: 2016/04 | AE13: 2016/05 | AF13: 2016/06 | AG13: 2016/07 | AH13: 2016/08 | AI13: 2016/09 | AJ13: 2016/10 | AK13: 2016/11 | AL13: 2016/12 | AM13: 2017/01 | AN13: 2017/02 | AO13: 2017/03 | AP13: 2017/04 | AQ13: 2017/05 | AR13: 2017/06 | AS13: 2017/07 | AT13: 2017/08 | AU13: 2017/09 | AV13: 2017/10 | AW13: 2017/11 | AX13: 2017/12 | AY13: 2018/01 | AZ13: 2018/02 | BA13: 2018/03 | BB13: 2018/04 | BC13: 2018/05 | BD13: 2018/06 | BE13: 2018/07 | BF13: 2018/08 | BG13: 2018/09 | BH13: 2018/10 | BI13: 2018/11 | BJ13: 2018/12 | BK13: 2019/01 | BL13: 2019/02 | BM13: 2019/03 | BN13: 2019/04 | BO13: 2019/05 | BP13: 2019/06 | BQ13: 2019/07 | BR13: 2019/08 | BS13: 2019/09 | BT13: 2019/10 | BU13: 2019/11 | BV13: 2019/12 | BW13: 2020/01 | BX13: 2020/02 | BY13: 2020/03 | BZ13: 2020/04 | CA13: 2020/05 | CB13: 2020/06 | CC13: 2020/07 | CD13: 2020/08 | CE13: 2020/09 | CF13: 2020/10 | CG13: 2020/11 | CH13: 2020/12 | CI13: 2021/01 | CJ13: 2021/02 | CK13: 2021/03 | CL13: 2021/04 | CM13: 2021/05 | CN13: 2021/06 | CO13: 2021/07 | CP13: 2021/08 | CQ13: 2021/09 | CR13: 2021/10 | CS13: 2021/11 | CT13: 2021/12 | CU13: 2022/01 | CV13: 2022/02 | CW13: 2022/03 | CX13: 2022/04 | CY13: 2022/05 | CZ13: 2022/06 | DA13: 2022/07 | DB13: 2022/08 | DC13: 2022/09 | DD13: 2022/10 | DE13: 2022/11 | DF13: 2022/12 | DG13: 2023/01 | DH13: 2023/02 | DI13: 2023/03 | DJ13: 2023/04 | DK13: 2023/05 | DL13: 2023/06 | DM13: 2023/07 | DN13: 2023/08 | DO13: 2023/09 | DP13: 2023/10 | DQ13: 2023/11 | DR13: 2023/12 | DS13: 2024/01 | DT13: 2024/02 | DU13: 2024/03 | DV13: 2024/04 | DW13: 2024/05 | DX13: 2024/06 | DY13: 2024/07 | DZ13: 2024/08 | EA13: 2024/09 | EB13: 2024/10 | EC13: 2024/11 | ED13: 2024/12 | EE13: 2025/01 | EF13: 2025/02
A14: 10 | B14: 96 | C14: 0.019976135 | D14: -0.012414446 | E14: -0.012674425 | F14: 0.0086411838 | G14: -0.0087066431 | H14: 0.011594983 | I14: -0.006940679 | J14: 0.0083166755 | K14: 0.0020137515 | L14: -0.025370282 | M14: -0.0062014112 | N14: 0.019976135 | O14: 0.020145241 | P14: 0.0008253807 | Q14: -0.016241729 | R14: 0.020017741 | S14: 0.034852657 | T14: -0.0025118914 | U14: -0.0056784412 | V14: 0.013373919 | W14: -0.00062233287 | X14: 0.073985909 | Y14: -0.021808715 | Z14: 0.016694136 | AA14: -0.015145026 | AB14: 0.018947661 | AC14: 0.003448596 | AD14: -0.0058971959 | AE14: 0.011278102 | AF14: -0.0068373085 | AG14: -0.012697441 | AH14: 0.01415244 | AI14: 0.0012445161 | AJ14: -0.0079266116 | AK14: -0.022365576 | AL14: -0.0053951526 | AM14: 0.026090654 | AN14: -0.022197838 | AO14: 0.011649826 | AP14: -0.015149931 | AQ14: 0.00038138395 | AR14: 0.0054141448 | AS14: 0.0056424991 | AT14: -0.0057230721 | AU14: 0.0029950721 | AV14: -0.0061160462 | AW14: -0.01035348 | AX14: -0.031641595 | AY14: 0.016739359 | AZ14: -0.00075502252 | BA14: -0.02252858 | BB14: -0.007333608 | BC14: 0.0055205804 | BD14: -0.014892474 | BE14: -0.007223487 | BF14: 0.020331569 | BG14: 0.024860565 | BH14: 0.043570809 | BI14: -0.035486503 | BJ14: -0.03396913 | BK14: 0.0098762365 | BL14: -0.016159935 | BM14: 0.0021054352 | BN14: -0.0019381649 | BO14: -0.027521252 | BP14: 0.011052976 | BQ14: -0.0087344207 | BR14: -0.019992442 | BS14: -0.016744171 | BT14: -0.036242421 | BU14: -0.012762166 | BV14: 0.033798594 | BW14: 0.01434725 | BX14: 0.0012412669 | BY14: -0.020681525 | BZ14: -0.034702631 | CA14: -0.0014042361 | CB14: 0.00037098284 | CC14: 0.017407472 | CD14: -0.023644332 | CE14: 0.033476752 | CF14: -0.013255991 | CG14: -0.005323621 | CH14: 0.018739664 | CI14: -0.0054205337 | CJ14: 0.004388599 | CK14: 0.01134328 | CL14: -0.044513226 | CM14: -0.026454786 | CN14: -0.021863562 | CO14: 0.037082214 | CP14: -0.022373345 | CQ14: 0.013297365 | CR14: -0.028294594 | CS14: -0.021508495 | CT14: -0.007671344 | CU14: 0.017738503 | CV14: -0.027089773 | CW14: -0.0069554993 | CX14: -0.0033101942 | CY14: 0.0032902421 | CZ14: -0.0011148339 | DA14: -0.0029357749 | DB14: -0.006037428 | DC14: 0.057180441 | DD14: -0.028979196 | DE14: -0.016218256 | DF14: 0.0052564625 | DG14: -0.0072644719 | DH14: -0.0054769258 | DI14: -0.017446498 | DJ14: 0.024417494 | DK14: -0.0040675028 | DL14: -0.0058466782 | DM14: -0.038207555 | DN14: 0.01006813 | DO14: -0.013548571 | DP14: 0.023899224 | DQ14: 0.011965151 | DR14: -0.0062789819 | DS14: -0.0011785772 | DT14: 0.050030753 | DU14: 0.031813717 | DV14: -0.0067854009 | DW14: 0.014411829 | DX14: -0.021905944 | DY14: -0.011608185 | DZ14: 0.0094590731 | EA14: -0.010758255 | EB14: 0.00059846779 | EC14: -0.010619071 | ED14: -0.014134192 | EE14: 0.010210984 | EF14: 0.01886514
A15: 20 | B15: 48 | C15: 0.05909992 | D15: 0.013382864 | E15: 1.9241929e-05 | F15: -0.035371097 | G15: -0.025850467 | H15: 0.0061024546 | I15: -0.0030503553 | J15: 0.030716548 | K15: -0.0094412648 | L15: -0.074417784 | M15: 0.0092012443 | N15: 0.05909992 | O15: 0.037450114 | P15: 0.0054349389 | Q15: -0.0031962278 | R15: 0.057206098 | S15: 0.062122405 | T15: 0.0035007098 | U15: -0.029784483 | V15: 0.029643698 | W15: -0.0015053504 | X15: 0.078153378 | Y15: -0.010273485 | Z15: 0.030009435 | AA15: -0.020587033 | AB15: 0.0044869316 | AC15: 0.013546781 | AD15: -0.034034187 | AE15: 0.035860456 | AF15: 0.0014442323 | AG15: -0.012320864 | AH15: 0.014015337 | AI15: 0.015905682 | AJ15: -0.0023751696 | AK15: -0.0043414316 | AL15: 0.011535027 | AM15: 0.041727786 | AN15: -0.018263735 | AO15: 0.0011763199 | AP15: -0.014526287 | AQ15: 0.029084725 | AR15: -0.0012303733 | AS15: 0.018946462 | AT15: -0.022160497 | AU15: 0.029290779 | AV15: -0.0040858745 | AW15: -0.00090899555 | AX15: -0.0029924602 | AY15: 0.061848849 | AZ15: -0.012258941 | BA15: -0.017775796 | BB15: 0.0036342754 | BC15: 0.025761857 | BD15: 0.0025204041 | BE15: 0.0115803 | BF15: 0.031248585 | BG15: 0.035089478 | BH15: 0.045523208 | BI15: -0.043094963 | BJ15: -0.022608189 | BK15: 0.019800309 | BL15: -0.012587413 | BM15: 0.012032652 | BN15: -0.032217818 | BO15: -0.029407477 | BP15: 0.027534416 | BQ15: -0.004144349 | BR15: -0.03200872 | BS15: -0.025021968 | BT15: -0.034204445 | BU15: -0.012443845 | BV15: 0.022255293 | BW15: 0.0062024165 | BX15: -0.001705413 | BY15: -0.038582502 | BZ15: -0.040214336 | CA15: -0.0092842783 | CB15: 0.039132963 | CC15: 0.020017074 | CD15: -0.054657886 | CE15: 0.0026895403 | CF15: -0.015474613 | CG15: 0.026553408 | CH15: 0.0076331163 | CI15: 0.019169952 | CJ15: 0.013611853 | CK15: 0.025877926 | CL15: -0.057172133 | CM15: -0.027221631 | CN15: -0.056515944 | CO15: 0.054212245 | CP15: -0.04179699 | CQ15: -0.005217263 | CR15: -0.059162746 | CS15: -0.031928399 | CT15: -0.029459592 | CU15: 0.02354378 | CV15: -0.04769635 | CW15: -0.025787078 | CX15: -0.0161814 | CY15: 0.010233521 | CZ15: -0.0015581484 | DA15: 0.0098965641 | DB15: -0.023807415 | DC15: 0.050592104 | DD15: -0.036860636 | DE15: -0.029290652 | DF15: -0.015226212 | DG15: -0.0088978791 | DH15: 0.016895502 | DI15: -0.015345157 | DJ15: 0.034852366 | DK15: 0.014280954 | DL15: -0.012833224 | DM15: -0.043761134 | DN15: -0.0038099185 | DO15: -0.022166032 | DP15: 0.049344205 | DQ15: 0.031418495 | DR15: -0.0023856081 | DS15: -0.0038315992 | DT15: 0.048540378 | DU15: 0.036060525 | DV15: 0.014395607 | DW15: 0.045440648 | DX15: -0.032841231 | DY15: -0.011752931 | DZ15: -0.0062856382 | EA15: -0.011225192 | EB15: -0.01597343 | EC15: -0.012826698 | ED15: 0.0030781052 | EE15: 0.010495033 | EF15: 0.0018546647
A16: 50 | B16: 19 | C16: 0.055126982 | D16: 0.018633367 | E16: 0.031515381 | F16: 0.0030562856 | G16: 0.028210865 | H16: -0.019804589 | I16: 0.0027593339 | J16: 0.034453585 | K16: 0.013668987 | L16: 0.020853654 | M16: 0.028127919 | N16: 0.055126982 | O16: 0.0031101542 | P16: -0.011155391 | Q16: -0.0083134465 | R16: 0.060946751 | S16: 0.084489708 | T16: -0.0061800602 | U16: -0.048001156 | V16: 0.032938039 | W16: -0.031415243 | X16: 0.10778384 | Y16: -0.012503897 | Z16: 0.046802633 | AA16: -0.039087384 | AB16: -0.014336959 | AC16: 0.040075665 | AD16: -0.028684992 | AE16: 0.087693914 | AF16: 0.022645649 | AG16: 0.012120892 | AH16: 0.028183451 | AI16: -0.031885714 | AJ16: 0.026796729 | AK16: 0.0047311984 | AL16: -0.01506734 | AM16: 0.078117848 | AN16: 0.0061724334 | AO16: 0.043394984 | AP16: -0.095609378 | AQ16: 0.042696521 | AR16: -0.010677678 | AS16: 0.039654554 | AT16: -0.092711585 | AU16: 0.017838715 | AV16: -0.033013089 | AW16: 0.0239841 | AX16: -0.021447353 | AY16: 0.063084296 | AZ16: -0.039911234 | BA16: 0.026862057 | BB16: -0.031399149 | BC16: -0.034242093 | BD16: 0.024820635 | BE16: 0.060726054 | BF16: 0.058640357 | BG16: -0.0015799091 | BH16: 0.058518418 | BI16: -0.056034073 | BJ16: 0.019262796 | BK16: 0.035954231 | BL16: -0.0051124163 | BM16: 0.036885081 | BN16: -0.052546239 | BO16: -0.090554105 | BP16: 0.032633648 | BQ16: -0.016095778 | BR16: -0.073605548 | BS16: -0.03836872 | BT16: -0.082648065 | BU16: -0.00031727549 | BV16: 0.0051160489 | BW16: 0.0010354539 | BX16: -0.010339986 | BY16: -0.091942672 | BZ16: 0.0075039343 | CA16: -0.10454809 | CB16: 0.02297154 | CC16: 0.019230831 | CD16: -0.1216439 | CE16: -0.058177267 | CF16: 0.0089580281 | CG16: 0.048274847 | CH16: 0.022033273 | CI16: 0.033501405 | CJ16: 0.035407106 | CK16: -0.049619091 | CL16: -0.0072691469 | CM16: -0.04446227 | CN16: -0.054047079 | CO16: 0.069704537 | CP16: -0.036459946 | CQ16: 0.017178218 | CR16: -0.11224089 | CS16: -0.023562643 | CT16: -0.037454059 | CU16: -0.0035416582 | CV16: -0.029183436 | CW16: -0.019703641 | CX16: -0.047814047 | CY16: 0.015913387 | CZ16: -0.021553043 | DA16: 0.075425594 | DB16: -0.025242264 | DC16: 0.049060793 | DD16: -0.089405338 | DE16: -0.00053224526 | DF16: -0.034649649 | DG16: -0.026511745 | DH16: 0.012049786 | DI16: 0.10558764 | DJ16: 0.097112789 | DK16: -0.0030025696 | DL16: -0.052897355 | DM16: -0.074777101 | DN16: 0.027163573 | DO16: -0.0036295418 | DP16: 0.11040694 | DQ16: 0.033367172 | DR16: -0.0087058901 | DS16: 0.0077876307 | DT16: 0.034060791 | DU16: 0.025961831 | DV16: 0.038295453 | DW16: 0.051946894 | DX16: -0.061365474 | DY16: -0.00064227789 | DZ16: 0.025457325 | EA16: -0.0064767383 | EB16: -0.013896027 | EC16: 0.010738644 | ED16: 0.037032878 | EE16: 0.024106957 | EF16: 0.0091367922
A17: 100 | B17: 10 | C17: 0.06684249 | D17: 0.069547578 | E17: 0.012203547 | F17: 0.039505104 | G17: 0.078202469 | H17: -0.064958271 | I17: -0.0055750922 | J17: -0.0025583949 | K17: -0.026456607 | L17: -0.0010510142 | M17: 0.042331428 | N17: 0.06684249 | O17: 0.041113025 | P17: 0.032730816 | Q17: 0.015563333 | R17: 0.085990084 | S17: -0.056554642 | T17: 0.025660546 | U17: -0.070512934 | V17: 0.029430752 | W17: -0.0069780295 | X17: 0.13590122 | Y17: -0.022364678 | Z17: 0.066866903 | AA17: -0.025641305 | AB17: 0.026738191 | AC17: 0.015392014 | AD17: -0.056060882 | AE17: 0.15141304 | AF17: 0.01739984 | AG17: -0.014332576 | AH17: 0.032545119 | AI17: -0.065679508 | AJ17: 0.028758521 | AK17: 0.042620203 | AL17: -0.082518198 | AM17: 0.086567395 | AN17: 0.060271273 | AO17: -0.012736346 | AP17: -0.1427344 | AQ17: 0.086789024 | AR17: -0.073032357 | AS17: 0.0067011854 | AT17: -0.066712979 | AU17: -0.05134464 | AV17: -0.052635579 | AW17: -0.06279317 | AX17: 0.071322612 | AY17: 0.13554522 | AZ17: -0.12565918 | BA17: 0.071559952 | BB17: -0.13479138 | BC17: -0.066583748 | BD17: -0.012824438 | BE17: 0.038163321 | BF17: 0.064107022 | BG17: 0.071449291 | BH17: 0.088398365 | BI17: -0.068619857 | BJ17: 0.017250548 | BK17: 0.033721258 | BL17: -0.0018105182 | BM17: 0.050925053 | BN17: -0.013595794 | BO17: -0.094559363 | BP17: 0.047356248 | BQ17: -0.0091085952 | BR17: -0.084588948 | BS17: -0.060303925 | BT17: -0.027611526 | BU17: -0.036377632 | BV17: -0.062665208 | BW17: 0.084065423 | BX17: 0.0097156208 | BY17: -0.099304509 | BZ17: 0.034028495 | CA17: -0.1445902 | CB17: 0.002536807 | CC17: -0.023553183 | CD17: -0.018719999 | CE17: -0.11919023 | CF17: -0.012060318 | CG17: 0.096763269 | CH17: -0.041751715 | CI17: -0.068627972 | CJ17: 0.019852062 | CK17: -0.056000634 | CL17: 0.11843769 | CM17: -0.050400545 | CN17: -0.17797861 | CO17: 0.081898037 | CP17: -0.068234295 | CQ17: -0.0087039362 | CR17: -0.079315609 | CS17: -0.011856101 | CT17: -0.027883119 | CU17: 0.062625404 | CV17: -0.04161766 | CW17: -0.010470073 | CX17: -0.019386726 | CY17: 0.021525587 | CZ17: 0.0023293605 | DA17: 0.14027939 | DB17: -0.055916148 | DC17: 0.064413551 | DD17: -0.099453967 | DE17: -0.023729078 | DF17: -0.03765835 | DG17: -0.05686148 | DH17: 0.045429358 | DI17: 0.033526802 | DJ17: 0.045698605 | DK17: -0.037465732 | DL17: -0.018809239 | DM17: -0.099177262 | DN17: 0.034656477 | DO17: -0.0377924 | DP17: 0.081642421 | DQ17: 0.0033337523 | DR17: 0.0066105753 | DS17: 0.017544096 | DT17: -0.0039950927 | DU17: 0.045069118 | DV17: 0.0262167 | DW17: 0.058936557 | DX17: -0.088730683 | DY17: 0.054215834 | DZ17: 0.060895872 | EA17: -0.0034276198 | EB17: 0.046209002 | EC17: 0.017104141 | ED17: 0.083327649 | EE17: 0.033415699 | EF17: 0.0073892059
A18: 107 | B18: 9 | C18: 0.044674633 | D18: 0.073315453 | E18: 0.0043253309 | F18: -0.022317515 | G18: 0.081990194 | H18: -0.054254626 | I18: -0.026819032 | J18: 0.0050890819 | K18: -0.062993878 | L18: 0.019907212 | M18: 0.063290495 | N18: 0.044674633 | O18: 0.026084284 | P18: 0.024365435 | Q18: 0.0062416258 | R18: 0.095767071 | S18: -0.051186661 | T18: 0.010747846 | U18: -0.09026661 | V18: 0.038201393 | W18: -0.002977584 | X18: 0.11953448 | Y18: -0.032688242 | Z18: 0.079580175 | AA18: 0.020507786 | AB18: 0.026207737 | AC18: 0.036258624 | AD18: -0.052483987 | AE18: 0.16628724 | AF18: 0.0076785158 | AG18: -0.0015639465 | AH18: 0.031473363 | AI18: -0.068286729 | AJ18: 0.021788025 | AK18: 0.042068969 | AL18: -0.08718798 | AM18: 0.054769116 | AN18: 0.068247365 | AO18: 0.0028057557 | AP18: -0.15621968 | AQ18: 0.075475062 | AR18: -0.073247653 | AS18: 0.010790861 | AT18: -0.082690447 | AU18: -0.052132891 | AV18: -0.04573225 | AW18: -0.043690574 | AX18: 0.098853618 | AY18: 0.13491975 | AZ18: -0.13135691 | BA18: 0.069193825 | BB18: -0.12841718 | BC18: -0.076482773 | BD18: 0.011984162 | BE18: 0.03448301 | BF18: 0.075691455 | BG18: 0.10802797 | BH18: 0.07440365 | BI18: -0.04987681 | BJ18: 0.01877953 | BK18: 0.042252615 | BL18: 0.0051769012 | BM18: 0.04769434 | BN18: -0.012196303 | BO18: -0.082426801 | BP18: 0.059012504 | BQ18: -0.0019630753 | BR18: -0.10058815 | BS18: -0.048679246 | BT18: -0.033970012 | BU18: -0.038645433 | BV18: -0.079965905 | BW18: 0.095122554 | BX18: 0.018802412 | BY18: -0.10267561 | BZ18: -0.0059631271 | CA18: -0.16649651 | CB18: 0.014547687 | CC18: -0.029211584 | CD18: -0.022761201 | CE18: -0.094507522 | CF18: -0.018594557 | CG18: 0.10647802 | CH18: -0.076175821 | CI18: -0.060170161 | CJ18: 0.054434 | CK18: -0.07173798 | CL18: 0.066336934 | CM18: -0.072844734 | CN18: -0.19363648 | CO18: 0.075142553 | CP18: -0.039243235 | CQ18: -0.021604837 | CR18: -0.07591677 | CS18: -0.0021640924 | CT18: -0.054524351 | CU18: 0.081316229 | CV18: -0.051712325 | CW18: -0.0078340178 | CX18: -0.017781465 | CY18: 0.023312294 | CZ18: 0.0027316242 | DA18: 0.16577661 | DB18: -0.055565329 | DC18: 0.03937568 | DD18: -0.084115771 | DE18: -0.020444984 | DF18: -0.038097392 | DG18: -0.021342234 | DH18: 0.041916553 | DI18: 0.055323005 | DJ18: 0.043364011 | DK18: -0.031680503 | DL18: -0.026834821 | DM18: -0.11345087 | DN18: 0.050072672 | DO18: -0.045762874 | DP18: 0.080502539 | DQ18: 0.011793937 | DR18: 0.0060234646 | DS18: 0.027002609 | DT18: -0.018188698 | DU18: 0.095864937 | DV18: 0.015717757 | DW18: 0.071406329 | DX18: -0.09676242 | DY18: 0.066842447 | DZ18: 0.058797072 | EA18: -0.0055139526 | EB18: 0.06456828 | EC18: 0.03642518 | ED18: 0.085230074 | EE18: 0.040747984 | EF18: -0.0010628316
A19: 120 | B19: 8 | C19: 0.03774037 | D19: 0.074693454 | E19: 0.060723423 | F19: -0.0055420907 | G19: 0.080637962 | H19: -0.03923466 | I19: -0.023814069 | J19: 0.010424139 | K19: -0.058138252 | L19: 0.01478219 | M19: 0.10390055 | N19: 0.03774037 | O19: 0.025638581 | P19: 0.027495798 | Q19: 0.019708409 | R19: 0.10469519 | S19: -0.034051137 | T19: 0.014179389 | U19: -0.084805632 | V19: 0.052543463 | W19: -0.002246783 | X19: 0.14805422 | Y19: -0.0422273 | Z19: 0.089852871 | AA19: 0.016625748 | AB19: 0.039195286 | AC19: 0.049506804 | AD19: -0.038625336 | AE19: 0.17978708 | AF19: 0.019566566 | AG19: -0.0077101904 | AH19: 0.038207036 | AI19: -0.077210793 | AJ19: 0.026545333 | AK19: 0.052639812 | AL19: -0.084598058 | AM19: 0.056614097 | AN19: 0.041899122 | AO19: 0.0060241213 | AP19: -0.17980301 | AQ19: 0.074530494 | AR19: -0.07668332 | AS19: 0.00011166308 | AT19: -0.11160474 | AU19: -0.076604409 | AV19: -0.066300671 | AW19: -0.052468826 | AX19: 0.10909536 | AY19: 0.12941912 | AZ19: -0.14754995 | BA19: 0.065495608 | BB19: -0.14012958 | BC19: -0.10748302 | BD19: 0.019470988 | BE19: 0.031784658 | BF19: 0.088660549 | BG19: 0.11883037 | BH19: 0.068718733 | BI19: -0.040502134 | BJ19: 0.0093489581 | BK19: 0.056589448 | BL19: 0.014533373 | BM19: 0.034392164 | BN19: 0.0029230981 | BO19: -0.089541873 | BP19: 0.0709374 | BQ19: 0.0059569331 | BR19: -0.07952646 | BS19: -0.091357777 | BT19: -0.040199781 | BU19: -0.010525501 | BV19: -0.087372069 | BW19: 0.12133671 | BX19: 0.014156235 | BY19: -0.0786271 | BZ19: -0.02924178 | CA19: -0.16574531 | CB19: 0.013032617 | CC19: -0.015383835 | CD19: -0.033773541 | CE19: -0.045480323 | CF19: -0.025121575 | CG19: 0.083766494 | CH19: -0.14331833 | CI19: -0.057620662 | CJ19: 0.047954663 | CK19: -0.090650455 | CL19: 0.10660353 | CM19: -0.11005191 | CN19: -0.12474259 | CO19: 0.10690014 | CP19: -0.041582978 | CQ19: -0.015378497 | CR19: -0.095669371 | CS19: -0.0069241996 | CT19: -0.046598247 | CU19: 0.096722204 | CV19: -0.0095877325 | CW19: -0.0032305608 | CX19: -0.029767538 | CY19: 0.031429781 | CZ19: 0.013702182 | DA19: 0.12036997 | DB19: -0.034817211 | DC19: 0.057824967 | DD19: -0.12486184 | DE19: -0.014203307 | DF19: -0.074282503 | DG19: -0.00061893419 | DH19: 0.019492308 | DI19: 0.052422018 | DJ19: 0.046146097 | DK19: -0.032261039 | DL19: -0.023197465 | DM19: -0.16085835 | DN19: 0.050042611 | DO19: -0.049517432 | DP19: 0.11901468 | DQ19: 0.00020316096 | DR19: 0.0052606806 | DS19: 0.024462506 | DT19: -0.01817895 | DU19: 0.081956764 | DV19: 0.016918927 | DW19: 0.0050306432 | DX19: -0.11794736 | DY19: 0.13584938 | DZ19: 0.022482261 | EA19: 0.021537868 | EB19: 0.076981164 | EC19: 0.036200676 | ED19: 0.092224172 | EE19: 0.054244016 | EF19: -0.0088157197
A20: 137 | B20: 7 | C20: 0.023960674 | D20: 0.061287233 | E20: 0.055594147 | F20: -0.011499924 | G20: 0.048971529 | H20: -0.04007545 | I20: -0.027390523 | J20: 0.024389223 | K20: -0.046151862 | L20: 0.015067331 | M20: 0.12839063 | N20: 0.023960674 | O20: 0.034758583 | P20: 0.031700692 | Q20: 0.019791605 | R20: 0.12896539 | S20: -0.02459534 | T20: 0.040120104 | U20: -0.10060738 | V20: 0.0414122 | W20: -0.0081212312 | X20: 0.18072645 | Y20: -0.044362895 | Z20: 0.082807328 | AA20: 0.033828014 | AB20: 0.053881385 | AC20: 0.021962224 | AD20: -0.030580864 | AE20: 0.22143325 | AF20: 0.036399608 | AG20: -0.024902554 | AH20: 0.052607918 | AI20: -0.095983927 | AJ20: 0.014247365 | AK20: 0.056876456 | AL20: -0.079623297 | AM20: 0.038443072 | AN20: 0.03928749 | AO20: -0.013294927 | AP20: -0.20436725 | AQ20: 0.099442797 | AR20: -0.090023914 | AS20: -0.04114909 | AT20: -0.13695074 | AU20: -0.091024948 | AV20: -0.072189443 | AW20: -0.0077722218 | AX20: 0.14207852 | AY20: 0.15774765 | AZ20: -0.15578392 | BA20: 0.05060146 | BB20: -0.16638053 | BC20: -0.11268293 | BD20: 0.040525693 | BE20: 0.038400126 | BF20: 0.10877919 | BG20: 0.14084341 | BH20: 0.065799635 | BI20: -0.012794986 | BJ20: -0.0017692878 | BK20: 0.037871017 | BL20: 0.023656608 | BM20: 0.056691915 | BN20: 0.035955859 | BO20: -0.11974034 | BP20: 0.081283018 | BQ20: 0.020792497 | BR20: -0.085531123 | BS20: -0.1101922 | BT20: 0.021062157 | BU20: 0.021235991 | BV20: -0.09557985 | BW20: 0.11044165 | BX20: 0.0073082335 | BY20: -0.12604645 | BZ20: -0.027112527 | CA20: -0.17016029 | CB20: 0.035496195 | CC20: -0.024938055 | CD20: -0.085963881 | CE20: -0.046587905 | CF20: -0.06720586 | CG20: 0.095321622 | CH20: -0.1861896 | CI20: -0.060535737 | CJ20: 0.062092343 | CK20: -0.11067153 | CL20: 0.053403037 | CM20: -0.13655379 | CN20: -0.14580952 | CO20: 0.12032401 | CP20: -0.031798704 | CQ20: -0.055724052 | CR20: -0.12074417 | CS20: -0.040845715 | CT20: -0.060288135 | CU20: 0.09613858 | CV20: -0.0056808048 | CW20: 0.013739428 | CX20: -0.0096883101 | CY20: 0.0051904249 | CZ20: -0.025900999 | DA20: 0.120622 | DB20: -0.046942584 | DC20: 0.064491756 | DD20: -0.1259934 | DE20: -0.02353859 | DF20: -0.086359852 | DG20: -0.0039412419 | DH20: 0.0051818377 | DI20: 0.058885758 | DJ20: 0.057994612 | DK20: -0.073067392 | DL20: 0.00049961149 | DM20: -0.18644367 | DN20: 0.09694754 | DO20: -0.056900852 | DP20: 0.15282102 | DQ20: 0.0058171498 | DR20: 0.067562772 | DS20: 0.053815681 | DT20: 0.0058385284 | DU20: 0.15703438 | DV20: -0.018496873 | DW20: -0.033493026 | DX20: -0.11616711 | DY20: 0.13321647 | DZ20: 0.065625422 | EA20: 0.020377141 | EB20: 0.074414153 | EC20: 0.0549349 | ED20: 0.094619797 | EE20: 0.074482351 | EF20: -0.040050568
A21: 160 | B21: 6 | C21: 0.017692425 | D21: 0.071963453 | E21: -0.010531128 | F21: 0.020877774 | G21: 0.047300629 | H21: -0.0038041754 | I21: -0.04475683 | J21: 0.037236508 | K21: -0.057542163 | L21: 0.011611325 | M21: 0.1452648 | N21: 0.017692425 | O21: 0.0030936635 | P21: 0.03907969 | Q21: -0.0166054 | R21: 0.10413609 | S21: -0.10461289 | T21: 0.051582066 | U21: -0.085624574 | V21: 0.050393951 | W21: -0.020429765 | X21: 0.160473 | Y21: -0.067513736 | Z21: 0.03241936 | AA21: 0.047221446 | AB21: -0.0056882655 | AC21: 0.026132759 | AD21: -0.028325064 | AE21: 0.20667272 | AF21: 0.055669543 | AG21: -0.029821574 | AH21: 0.076897628 | AI21: -0.099579092 | AJ21: 0.031027666 | AK21: 0.040834448 | AL21: -0.09382186 | AM21: 0.037895655 | AN21: 0.086147091 | AO21: -0.046038748 | AP21: -0.22949204 | AQ21: 0.11245439 | AR21: -0.11849912 | AS21: 0.018089021 | AT21: -0.13263501 | AU21: -0.11179086 | AV21: -0.071165225 | AW21: -0.012025722 | AX21: 0.15097481 | AY21: 0.19332599 | AZ21: -0.1702005 | BA21: 0.079203865 | BB21: -0.21769555 | BC21: -0.081294512 | BD21: 0.028471778 | BE21: 0.021445923 | BF21: 0.15024443 | BG21: 0.15020699 | BH21: 0.040201179 | BI21: 0.04144332 | BJ21: 0.063383655 | BK21: 0.029523395 | BL21: 0.019341645 | BM21: 0.04165935 | BN21: 0.021328504 | BO21: -0.080890091 | BP21: 0.083758521 | BQ21: -0.0083269359 | BR21: -0.097667401 | BS21: -0.15524023 | BT21: 0.03076518 | BU21: 0.023431084 | BV21: -0.056091717 | BW21: 0.099546382 | BX21: 0.044549507 | BY21: -0.11632847 | BZ21: -0.023104831 | CA21: -0.17878929 | CB21: -0.024349599 | CC21: -0.056222321 | CD21: 0.019163568 | CE21: 0.03056742 | CF21: -0.067547603 | CG21: 0.17412269 | CH21: -0.18815443 | CI21: 0.05376432 | CJ21: 0.081877313 | CK21: -0.090001731 | CL21: 0.0052893302 | CM21: -0.14531234 | CN21: -0.15110162 | CO21: 0.11688926 | CP21: -0.033103623 | CQ21: -0.074217049 | CR21: -0.17989271 | CS21: -0.074243582 | CT21: -0.05998158 | CU21: 0.10571859 | CV21: -0.060442327 | CW21: 0.0075724346 | CX21: 0.014551639 | CY21: -0.0044257755 | CZ21: -0.05171482 | DA21: 0.13546732 | DB21: 0.026428067 | DC21: 0.046063234 | DD21: -0.15390271 | DE21: -0.041764282 | DF21: -0.070504363 | DG21: -0.02601273 | DH21: 0.016074085 | DI21: 0.032965495 | DJ21: 0.051348967 | DK21: -0.14064182 | DL21: 0.0073561907 | DM21: -0.11417601 | DN21: 0.13812909 | DO21: -0.074567654 | DP21: 0.099523794 | DQ21: -0.0030147451 | DR21: 0.070782978 | DS21: 0.029355735 | DT21: -0.019228776 | DU21: 0.13894736 | DV21: 0.039614333 | DW21: -0.034028169 | DX21: -0.12593365 | DY21: 0.16925849 | DZ21: 0.07425615 | EA21: 0.025503691 | EB21: 0.038239871 | EC21: 0.08067204 | ED21: 0.11817251 | EE21: 0.045303163 | EF21: -0.039264104
A22: 192 | B22: 5 | C22: 0.036241182 | D22: 0.065137114 | E22: -0.0096236883 | F22: 0.04935145 | G22: 0.061676797 | H22: 0.0086017333 | I22: -0.0013358198 | J22: 0.016984544 | K22: -0.050564507 | L22: 0.06342992 | M22: 0.1273301 | N22: 0.036241182 | O22: -0.0032640661 | P22: 0.040080666 | Q22: -0.049896762 | R22: 0.13098712 | S22: -0.16704018 | T22: 0.10283023 | U22: -0.062373707 | V22: 0.047704615 | W22: -0.018644474 | X22: 0.18551782 | Y22: -0.084834679 | Z22: 0.052446574 | AA22: 0.090367058 | AB22: -0.01940338 | AC22: 0.019486928 | AD22: 0.0035373591 | AE22: 0.22955768 | AF22: 0.06405967 | AG22: -0.013293524 | AH22: 0.058348439 | AI22: -0.14862549 | AJ22: 0.042812543 | AK22: 0.0034571966 | AL22: -0.11125141 | AM22: 0.046411546 | AN22: 0.074185727 | AO22: -0.051335513 | AP22: -0.23349639 | AQ22: 0.1132235 | AR22: -0.12971091 | AS22: 0.033458168 | AT22: -0.12657409 | AU22: -0.12534745 | AV22: -0.070287215 | AW22: 0.0041239123 | AX22: 0.31378779 | AY22: 0.25521646 | AZ22: -0.049113581 | BA22: 0.034048124 | BB22: -0.14517958 | BC22: -0.051379038 | BD22: 0.051391964 | BE22: 0.020936559 | BF22: 0.095210284 | BG22: 0.19641385 | BH22: 0.081165954 | BI22: 0.034671726 | BJ22: 0.056350308 | BK22: 0.03702983 | BL22: 0.053311724 | BM22: 0.02966361 | BN22: -0.0058429122 | BO22: -0.070809859 | BP22: 0.077342999 | BQ22: -0.030347224 | BR22: -0.18751365 | BS22: -0.17644364 | BT22: -0.080753232 | BU22: 0.04387049 | BV22: -0.056716532 | BW22: 0.14044014 | BX22: 0.050144258 | BY22: -0.048233632 | BZ22: -0.082958418 | CA22: -0.20801353 | CB22: -0.017029387 | CC22: -0.0135866 | CD22: -0.012462691 | CE22: 0.0061969322 | CF22: -0.044521161 | CG22: 0.19943976 | CH22: -0.13600462 | CI22: 0.07605691 | CJ22: 0.12003441 | CK22: -0.11763279 | CL22: 0.014262656 | CM22: -0.16404328 | CN22: -0.19383769 | CO22: 0.19144292 | CP22: -0.027897443 | CQ22: -0.044846318 | CR22: -0.16520794 | CS22: -0.11630342 | CT22: -0.081889834 | CU22: 0.11557095 | CV22: -0.04068302 | CW22: -0.0077342106 | CX22: -0.0079560804 | CY22: -0.0057744302 | CZ22: -0.0026066994 | DA22: 0.19353366 | DB22: 0.014994817 | DC22: 0.036887935 | DD22: -0.091927583 | DE22: -0.026908725 | DF22: -0.081986158 | DG22: -0.025022831 | DH22: 0.035297443 | DI22: 0.045775558 | DJ22: 0.055145704 | DK22: -0.13663615 | DL22: 0.0079962371 | DM22: -0.072889845 | DN22: 0.17299794 | DO22: -0.12021416 | DP22: 0.048626827 | DQ22: 0.02002375 | DR22: 0.051897249 | DS22: 0.078745216 | DT22: 0.05529428 | DU22: 0.16322592 | DV22: 0.056491247 | DW22: 0.045635085 | DX22: -0.20979312 | DY22: 0.14225805 | DZ22: 0.070757416 | EA22: 0.038940807 | EB22: 0.03795852 | EC22: 0.11130045 | ED22: 0.20918918 | EE22: 0.063649083 | EF22: -0.056302641
A23: 241 | B23: 4 | C23: -0.0088942129 | D23: 0.063789445 | E23: -0.0081404331 | F23: -0.042080175 | G23: -0.0080289697 | H23: -0.0053597609 | I23: 0.0047386625 | J23: 0.032827198 | K23: -0.097382715 | L23: 0.028435827 | M23: 0.10282485 | N23: -0.0088942129 | O23: -0.028039667 | P23: 0.067793938 | Q23: -0.08639778 | R23: 0.16719545 | S23: -0.14098784 | T23: 0.072281528 | U23: -0.13636928 | V23: 0.074071928 | W23: -0.0092551403 | X23: 0.28865687 | Y23: -0.071816243 | Z23: 0.029881733 | AA23: 0.12239785 | AB23: -0.063743631 | AC23: 0.0035232885 | AD23: -0.036530577 | AE23: 0.2331798 | AF23: 0.043819395 | AG23: -0.009401374 | AH23: 0.20229573 | AI23: -0.11521082 | AJ23: 0.037700893 | AK23: 0.04514867 | AL23: -0.13228592 | AM23: 0.062181982 | AN23: 0.11430615 | AO23: -0.065147866 | AP23: -0.054732591 | AQ23: 0.057926086 | AR23: -0.1236571 | AS23: 0.075385781 | AT23: -0.16741243 | AU23: -0.11615131 | AV23: -0.036394844 | AW23: -0.024105833 | AX23: 0.39952936 | AY23: 0.27935826 | AZ23: -0.057207149 | BA23: -0.10775415 | BB23: -0.19190754 | BC23: -0.024823237 | BD23: 0.090580084 | BE23: 0.019858018 | BF23: 0.11285353 | BG23: 0.23814807 | BH23: 0.081030379 | BI23: 0.036270501 | BJ23: 0.095876654 | BK23: 0.023480384 | BL23: 0.072002189 | BM23: 0.040791234 | BN23: -0.036308093 | BO23: -0.051331019 | BP23: 0.092476969 | BQ23: -0.062296811 | BR23: -0.19369076 | BS23: -0.20003186 | BT23: -0.11829554 | BU23: 0.034033261 | BV23: -0.072876564 | BW23: 0.11961463 | BX23: 0.03086855 | BY23: -0.024509003 | BZ23: -0.21324471 | CA23: -0.079033802 | CB23: -0.025398731 | CC23: -0.049554049 | CD23: 0.048551875 | CE23: 0.071478401 | CF23: -0.061736912 | CG23: 0.2606535 | CH23: -0.20826589 | CI23: 0.056834966 | CJ23: 0.18337825 | CK23: -0.094028156 | CL23: -0.11816125 | CM23: -0.25732808 | CN23: -0.32000939 | CO23: 0.24578873 | CP23: -0.028760601 | CQ23: -0.046950855 | CR23: -0.2160758 | CS23: -0.17429407 | CT23: -0.041679161 | CU23: 0.06912523 | CV23: -0.049639797 | CW23: -0.0069898494 | CX23: -0.037170259 | CY23: 0.10257923 | CZ23: 0.03791362 | DA23: 0.2004958 | DB23: 0.0042840668 | DC23: 0.032285948 | DD23: -0.072893036 | DE23: -0.028388242 | DF23: -0.069327674 | DG23: -0.036907295 | DH23: 0.060875549 | DI23: 0.035502557 | DJ23: 0.080823351 | DK23: -0.14846548 | DL23: -0.03954016 | DM23: -0.044283898 | DN23: 0.20325249 | DO23: -0.1504178 | DP23: 0.088246529 | DQ23: 0.074556556 | DR23: 0.079645162 | DS23: 0.11766209 | DT23: 0.075092148 | DU23: 0.14719767 | DV23: 0.093309325 | DW23: 0.027698865 | DX23: -0.21589913 | DY23: 0.022285376 | DZ23: 0.10886832 | EA23: 0.10719545 | EB23: 0.071553737 | EC23: 0.15422659 | ED23: 0.22894199 | EE23: 0.058960111 | EF23: 0.0070681189
A24: 321 | B24: 3 | C24: -0.13322237 | D24: 0.056652028 | E24: 0.012107273 | F24: -0.038256846 | G24: -0.075045985 | H24: -0.0055389195 | I24: 0.012846276 | J24: 0.025325564 | K24: -0.0014318064 | L24: -0.03334628 | M24: 0.16647798 | N24: -0.13322237 | O24: 0.0062332184 | P24: 0.067580016 | Q24: -0.21540461 | R24: 0.19088396 | S24: -0.14284789 | T24: 0.064720968 | U24: -0.23511949 | V24: 0.061879453 | W24: -0.041973953 | X24: 0.3614744 | Y24: -0.0042848302 | Z24: 0.069335337 | AA24: 0.018334691 | AB24: -0.13264174 | AC24: -0.035834724 | AD24: -0.10278229 | AE24: 0.25421917 | AF24: 0.0065189269 | AG24: 0.062154518 | AH24: 0.28556111 | AI24: -0.077449278 | AJ24: 0.11800118 | AK24: 0.073616658 | AL24: -0.027358794 | AM24: 0.091785107 | AN24: 0.12795364 | AO24: -0.13810083 | AP24: -0.040829858 | AQ24: 0.021066607 | AR24: -0.18824705 | AS24: 0.0043633746 | AT24: -0.28619576 | AU24: -0.078077497 | AV24: -0.046922579 | AW24: -0.038953145 | AX24: 0.22980768 | AY24: 0.197423 | AZ24: -0.023947139 | BA24: -0.21722337 | BB24: -0.30376601 | BC24: -0.087022192 | BD24: 0.065077708 | BE24: 0.073684392 | BF24: -0.058962981 | BG24: 0.24089469 | BH24: 0.045648386 | BI24: 0.06445268 | BJ24: 0.02280892 | BK24: 0.032605737 | BL24: 0.088438775 | BM24: -0.032985662 | BN24: -0.082604701 | BO24: -0.014859067 | BP24: 0.10138009 | BQ24: -0.068370008 | BR24: -0.17933019 | BS24: -0.28649213 | BT24: -0.076951238 | BU24: -0.011051811 | BV24: -0.091923595 | BW24: 0.14943427 | BX24: -0.010107453 | BY24: 0.10614271 | BZ24: -0.27161885 | CA24: 0.017774654 | CB24: -0.012553926 | CC24: -0.095797728 | CD24: -0.017768765 | CE24: 0.0079741021 | CF24: -0.054920515 | CG24: 0.17740357 | CH24: -0.22748447 | CI24: 0.068703076 | CJ24: 0.18685584 | CK24: -0.13696827 | CL24: -0.15004017 | CM24: -0.16428983 | CN24: -0.3035666 | CO24: 0.30692226 | CP24: -0.078437851 | CQ24: -0.026581764 | CR24: -0.23561263 | CS24: -0.23069021 | CT24: -0.0036907531 | CU24: 0.033551081 | CV24: -0.064262342 | CW24: -0.010340374 | CX24: 0.035829164 | CY24: 0.16549851 | CZ24: -0.10257847 | DA24: 0.17083434 | DB24: 0.00097339679 | DC24: 0.041760139 | DD24: -0.14961234 | DE24: -0.014323033 | DF24: -0.095756241 | DG24: -0.042089976 | DH24: 0.022899041 | DI24: 0.018696233 | DJ24: 0.066775955 | DK24: -0.13083162 | DL24: -0.078112008 | DM24: 0.014735179 | DN24: 0.24030829 | DO24: -0.18362623 | DP24: 0.051818121 | DQ24: 0.087665873 | DR24: 0.1459043 | DS24: 0.12304676 | DT24: 0.09381085 | DU24: 0.18549348 | DV24: 0.12932484 | DW24: 0.36633494 | DX24: -0.2271064 | DY24: -0.06507192 | DZ24: 0.22087716 | EA24: 0.16631396 | EB24: 0.073233156 | EC24: 0.18555698 | ED24: 0.35323643 | EE24: 0.030642909 | EF24: 0.0051963581
A25: 482 | B25: 2 | C25: -0.14698994 | D25: 0.062865427 | E25: 0.12468354 | F25: 0.0019734138 | G25: -0.0059471376 | H25: -0.033764077 | I25: 0.03881416 | J25: 0.075024393 | K25: 0.086338883 | L25: -0.029625733 | M25: 0.34149409 | N25: -0.14698994 | O25: -0.0034838585 | P25: 0.13393146 | Q25: -0.018623522 | R25: 0.19676481 | S25: -0.036850075 | T25: 0.047535122 | U25: -0.21938422 | V25: -0.01988576 | W25: -0.067468182 | X25: 0.49146157 | Y25: -0.029681484 | Z25: 0.092175229 | AA25: 0.068521766 | AB25: -0.27235092 | AC25: -0.058480254 | AD25: -0.16334801 | AE25: 0.055320838 | AF25: -0.17794023 | AG25: 0.038455508 | AH25: -0.023127356 | AI25: -0.23660797 | AJ25: 0.11301237 | AK25: 0.05513258 | AL25: 0.064524248 | AM25: 0.13324202 | AN25: 0.072826434 | AO25: -0.23691434 | AP25: -0.016469593 | AQ25: -0.016638359 | AR25: -0.30046013 | AS25: 0.033013929 | AT25: -0.45370159 | AU25: -0.076494371 | AV25: -0.084743166 | AW25: 0.00093862145 | AX25: 0.17674537 | AY25: 0.24605555 | AZ25: -0.11103016 | BA25: -0.18320204 | BB25: -0.40524586 | BC25: -0.0059107015 | BD25: 0.11721719 | BE25: 0.029999905 | BF25: -0.088177203 | BG25: 0.34214631 | BH25: 0.010733164 | BI25: -0.0634871 | BJ25: -0.066121968 | BK25: 0.061504805 | BL25: 0.034203679 | BM25: -0.043152935 | BN25: 0.031554622 | BO25: -0.12041575 | BP25: 0.23812668 | BQ25: -0.098592994 | BR25: -0.11178812 | BS25: -0.072957301 | BT25: -0.056370476 | BU25: -0.065712673 | BV25: -0.1356381 | BW25: 0.10595701 | BX25: 0.037031158 | BY25: 0.12579636 | BZ25: -0.14561878 | CA25: 0.0088784866 | CB25: 0.048822093 | CC25: -0.071481145 | CD25: -0.046451404 | CE25: 0.036894685 | CF25: -0.001867593 | CG25: -0.15471744 | CH25: -0.31184301 | CI25: 0.061038682 | CJ25: 0.253498 | CK25: -0.12733323 | CL25: -0.067318029 | CM25: -0.19234009 | CN25: -0.24087757 | CO25: 0.35901502 | CP25: 0.0095310728 | CQ25: -0.20310474 | CR25: -0.19852494 | CS25: -0.29830616 | CT25: 0.043354148 | CU25: 0.079682321 | CV25: -0.080934494 | CW25: -0.0097600512 | CX25: 0.026728746 | CY25: 0.27205189 | CZ25: -0.07291185 | DA25: 0.31964633 | DB25: 0.077332824 | DC25: 0.020146368 | DD25: -0.23648924 | DE25: -0.018932258 | DF25: -0.090994183 | DG25: -0.024388768 | DH25: 0.039242565 | DI25: -0.099357763 | DJ25: 0.049205764 | DK25: -0.12935116 | DL25: -0.15424147 | DM25: 0.04345746 | DN25: 0.2837459 | DO25: -0.19636558 | DP25: -0.11044891 | DQ25: 0.019559601 | DR25: 0.25414875 | DS25: 0.23432591 | DT25: 0.053999458 | DU25: 0.38275427 | DV25: 0.12517404 | DW25: 0.60260967 | DX25: -0.32634887 | DY25: -0.0901998 | DZ25: 0.186386 | EA25: 0.21372811 | EB25: 0.054524773 | EC25: -0.066350165 | ED25: 0.43702791 | EE25: 0.081659023 | EF25: -0.0089547329
A26: 964 | B26: 1 | C26: -0.25797045 | D26: 0.13051021 | E26: -0.067642479 | F26: 0.043740544 | G26: 0.10410548 | H26: -0.13506513 | I26: -0.10298683 | J26: 0.30685732 | K26: 0.016950159 | L26: -0.061521614 | M26: 0.34491744 | N26: -0.25797045 | O26: -0.063439746 | P26: 0.20904913 | Q26: -0.024332101 | R26: 0.29178114 | S26: -0.19860789 | T26: 0.11390603 | U26: -0.16919689 | V26: 0.2306278 | W26: -0.088603703 | X26: 0.656161 | Y26: -0.014221313 | Z26: 0.32061851 | AA26: 0.057325988 | AB26: -0.19179782 | AC26: -0.10082558 | AD26: -0.044436728 | AE26: 0.21115763 | AF26: -0.058279955 | AG26: -0.31121717 | AH26: 0.12329336 | AI26: -0.25773999 | AJ26: 0.12673853 | AK26: 0.20541973 | AL26: -0.066042241 | AM26: 0.15823926 | AN26: 0.092031952 | AO26: -0.32989053 | AP26: -0.058479939 | AQ26: -0.021177208 | AR26: -0.42212428 | AS26: 0.18391189 | AT26: -0.86987869 | AU26: -0.23476601 | AV26: -0.10816164 | AW26: 0.11565166 | AX26: 0.2725653 | AY26: 0.60336013 | AZ26: -0.061408628 | BA26: -0.43196297 | BB26: -0.087533957 | BC26: 0.13191016 | BD26: 0.18404859 | BE26: 0.069142035 | BF26: -0.24468064 | BG26: 0.56443451 | BH26: 0.20844332 | BI26: -0.11341693 | BJ26: -0.15893839 | BK26: 0.09813736 | BL26: -0.065942695 | BM26: -0.043725963 | BN26: -0.02587209 | BO26: -0.13396836 | BP26: 0.31888203 | BQ26: -0.04296518 | BR26: -0.14910552 | BS26: -0.00021029468 | BT26: -0.022464194 | BU26: -0.17073927 | BV26: 0.11943956 | BW26: -0.014411779 | BX26: 0.10529477 | BY26: 0.3049966 | BZ26: -0.11179141 | CA26: 0.0019849853 | CB26: -0.10133708 | CC26: -0.20881938 | CD26: -0.0027236287 | CE26: 0.11794096 | CF26: -0.017920393 | CG26: -0.028681981 | CH26: -0.099291308 | CI26: 0.3946056 | CJ26: 0.34307279 | CK26: -0.048734984 | CL26: -0.12467111 | CM26: -0.2178478 | CN26: -0.43093346 | CO26: 0.56993097 | CP26: 0.26595505 | CQ26: -0.25888494 | CR26: -0.096443012 | CS26: -0.14536585 | CT26: 0.073339845 | CU26: 0.1207069 | CV26: -0.14322957 | CW26: -0.037041272 | CX26: 0.010639545 | CY26: 0.1225019 | CZ26: -0.19084738 | DA26: 0.022267002 | DB26: 0.26091419 | DC26: -0.050145312 | DD26: -0.14845482 | DE26: 0.013730837 | DF26: -0.18219921 | DG26: -0.14342805 | DH26: 0.055360153 | DI26: -0.18924782 | DJ26: 0.037376049 | DK26: -0.18393473 | DL26: 0.019683363 | DM26: -0.045373737 | DN26: 0.65726889 | DO26: -0.016303778 | DP26: -0.16093888 | DQ26: 0.031826862 | DR26: 0.36175338 | DS26: 0.32345196 | DT26: 0.19724234 | DU26: 0.38338391 | DV26: -0.007417378 | DW26: 0.70028058 | DX26: -0.46913877 | DY26: -0.25706787 | DZ26: 0.20680801 | EA26: 0.08870659 | EB26: 0.18183054 | EC26: 0.051434771 | ED26: 0.1032776 | EE26: 0.055185153 | EF26: -0.03758578
A27: 大盤 | B27: TWⅡ | C27: -0.017446771 | D27: 0.020701061 | E27: 0.023982129 | F27: -0.006557579 | G27: 0.03184513 | H27: 0.034348533 | I27: -0.0082549328 | J27: 0.012843524 | K27: -0.051018525 | L27: 0.00087394274 | M27: 0.023389576 | N27: 0.012988972 | O27: 0.0058545887 | P27: 0.027413207 | Q27: -0.0037129361 | R27: 0.024076614 | S27: -0.012190025 | T27: -0.039749578 | U27: -0.07315545 | V27: -0.05826023 | W27: 0.00077279757 | X27: 0.044591521 | Y27: -0.02769968 | Z27: 0.0020950059 | AA27: -0.023400551 | AB27: 0.032129371 | AC27: 0.038903273 | AD27: -0.042865382 | AE27: 0.018647195 | AF27: 0.015229768 | AG27: 0.036016604 | AH27: 0.0093546114 | AI27: 0.010748251 | AJ27: 0.013357754 | AK27: -0.0053327473 | AL27: 0.0013831358 | AM27: 0.020795928 | AN27: 0.031517702 | AO27: 0.0062417165 | AP27: 0.0061452617 | AQ27: 0.016946358 | AR27: 0.03468283 | AS27: 0.0030985886 | AT27: 0.015081347 | AU27: -0.019251209 | AV27: 0.038711513 | AW27: -0.021856951 | AX27: 0.0077743007 | AY27: 0.042397247 | AZ27: -0.026308975 | BA27: 0.0095717493 | BB27: -0.024249741 | BC27: 0.020163374 | BD27: -0.0035049988 | BE27: 0.020151935 | BF27: 0.00058133623 | BG27: -0.005219701 | BH27: -0.11587176 | BI27: 0.0087252257 | BJ27: -0.016377261 | BK27: 0.020840372 | BL27: 0.044975872 | BM27: 0.023954306 | BN27: 0.030239101 | BO27: -0.043725888 | BP27: 0.02188947 | BQ27: 0.0086274303 | BR27: -0.019192954 | BS27: 0.01973513 | BT27: 0.047694337 | BU27: 0.011454817 | BV27: 0.043228621 | BW27: -0.04274743 | BX27: -0.017811292 | BY27: -0.1511531 | BZ27: 0.124224 | CA27: -0.0045572538 | CB27: 0.06021124 | CC27: 0.085992033 | CD27: -0.0058084796 | CE27: -0.006041347 | CF27: 0.0024523244 | CG27: 0.089636252 | CH27: 0.070992733 | CI27: 0.027170643 | CJ27: 0.052468428 | CK27: 0.029480661 | CL27: 0.066825081 | CM27: -0.028772229 | CN27: 0.039462516 | CO27: -0.029031087 | CP27: 0.013983883 | CQ27: -0.032276965 | CR27: 0.0031035766 | CS27: 0.025591856 | CT27: 0.044391886 | CU27: -0.030338959 | CV27: -0.0012579765 | CW27: 0.0023363565 | CX27: -0.064264145 | CY27: 0.012909779 | CZ27: -0.12547709 | DA27: 0.011690683 | DB27: 0.0063378437 | DC27: -0.11730536 | DD27: -0.036010872 | DE27: 0.1389113 | DF27: -0.051143506 | DG27: 0.076731447 | DH27: 0.015508782 | DI27: 0.023223774 | DJ27: -0.018372876 | DK27: 0.062199014 | DL27: 0.020098304 | DM27: 0.01349894 | DN27: -0.030252213 | DO27: -0.017022836 | DP27: -0.021788523 | DQ27: 0.085745625 | DR27: 0.028106744 | DS27: -0.0023031598 | DT27: 0.058471198 | DU27: 0.067658949 | DV27: 0.0050207706 | DW27: 0.037416184 | DX27: 0.084111004 | DY27: -0.036832399 | DZ27: 0.0030917028 | EA27: -0.0019576282 | EB27: 0.026459104 | EC27: -0.024752539 | ED27: 0.034115491 | EE27: 0.021061974 | EF27: -0.020277393
C29: 1101 | D29: 2484 | E29: 1233 | F29: 2524 | G29: 2611 | H29: 1233 | I29: 2379 | J29: 2379 | K29: 2524 | L29: 1233 | M29: 2524 | N29: 1805 | O29: 2538 | P29: 3033 | Q29: 2385 | R29: 3024 | S29: 3024 | T29: 1314 | U29: 3024 | V29: 3024 | W29: 5521 | X29: 2535 | Y29: 3033 | Z29: 5201 | AA29: 2535 | AB29: 5201 | AC29: 5471 | AD29: 5521 | AE29: 2023 | AF29: 2023 | AG29: 3017 | AH29: 3033 | AI29: 1464 | AJ29: 2451 | AK29: 2451 | AL29: 4413 | AM29: 2451 | AN29: 2451 | AO29: 6121 | AP29: 2451 | AQ29: 1805 | AR29: 4416 | AS29: 5523 | AT29: 2524 | AU29: 1436 | AV29: 2338 | AW29: 5212 | AX29: 2338 | AY29: 6186 | AZ29: 5523 | BA29: 5523 | BB29: 5443 | BC29: 3051 | BD29: 5523 | BE29: 3051 | BF29: 3051 | BG29: 3051 | BH29: 6186 | BI29: 6186 | BJ29: 2537 | BK29: 2537 | BL29: 2488 | BM29: 6192 | BN29: 8927 | BO29: 2537 | BP29: 4416 | BQ29: 2537 | BR29: 6128 | BS29: 3002 | BT29: 5007 | BU29: 4109 | BV29: 6128 | BW29: 8085 | BX29: 8927 | BY29: 1737 | BZ29: 6242 | CA29: 6242 | CB29: 8927 | CC29: 8927 | CD29: 6242 | CE29: 8927 | CF29: 6242 | CG29: 8050 | CH29: 6242 | CI29: 6242 | CJ29: 8050 | CK29: 8050 | CL29: 6242 | CM29: 4402 | CN29: 3016 | CO29: 1436 | CP29: 6242 | CQ29: 3016 | CR29: 6242 | CS29: 3005 | CT29: 2493 | CU29: 2423 | CV29: 1734 | CW29: 5306 | CX29: 4402 | CY29: 9904 | CZ29: 8072 | DA29: 5007 | DB29: 9904 | DC29: 8072 | DD29: 6021 | DE29: 3232 | DF29: 2538 | DG29: 2538 | DH29: 5306 | DI29: 2538 | DJ29: 2434 | DK29: 2538 | DL29: 6020 | DM29: 2538 | DN29: 4402 | DO29: 2538 | DP29: 5425 | DQ29: 5425 | DR29: 4402 | DS29: 6291 | DT29: 2031 | DU29: 6291 | DV29: 3232 | DW29: 2538 | DX29: 6291 | DY29: 2538 | DZ29: 2538 | EA29: 8074 | EB29: 8074 | EC29: 3232 | ED29: 4402 | EE29: 2538 | EF29: 2538
C30: 台泥 | D30: 希華 | E30: 天仁 | F30: 京城 | G30: 志信 | H30: 天仁 | I30: 瑞昱 | J30: 瑞昱 | K30: 京城 | L30: 天仁 | M30: 京城 | N30: 寶徠 | O30: 基泰 | P30: 威健 | Q30: 群光 | R30: 憶聲 | S30: 憶聲 | T30: 中石化 | U30: 憶聲 | V30: 憶聲 | W30: 工信 | X30: 達欣工 | Y30: 威健 | Z30: 凱衛 | AA30: 達欣工 | AB30: 凱衛 | AC30: 松翰 | AD30: 工信 | AE30: 燁輝 | AF30: 燁輝 | AG30: 奇鋐 | AH30: 威健 | AI30: 得力 | AJ30: 創見 | AK30: 創見 | AL30: 飛寶企業 | AM30: 創見 | AN30: 創見 | AO30: 新普 | AP30: 創見 | AQ30: 寶徠 | AR30: 三圓 | AS30: 豐謙 | AT30: 京城 | AU30: 華友聯 | AV30: 光罩 | AW30: 凌網 | AX30: 光罩 | AY30: 新潤 | AZ30: 豐謙 | BA30: 豐謙 | BB30: 均豪 | BC30: 力特 | BD30: 豐謙 | BE30: 力特 | BF30: 力特 | BG30: 力特 | BH30: 新潤 | BI30: 新潤 | BJ30: 聯上發 | BK30: 聯上發 | BL30: 漢平 | BM30: 巨路 | BN30: 北基 | BO30: 聯上發 | BP30: 三圓 | BQ30: 聯上發 | BR30: 上福 | BS30: 歐格 | BT30: 三星 | BU30: 加捷生醫 | BV30: 上福 | BW30: 福華 | BX30: 北基 | BY30: 臺鹽 | BZ30: 立康 | CA30: 立康 | CB30: 北基 | CC30: 北基 | CD30: 立康 | CE30: 北基 | CF30: 立康 | CG30: 廣積 | CH30: 立康 | CI30: 立康 | CJ30: 廣積 | CK30: 廣積 | CL30: 立康 | CM30: 郡都開發 | CN30: 嘉晶 | CO30: 華友聯 | CP30: 立康 | CQ30: 嘉晶 | CR30: 立康 | CS30: 神基 | CT30: 揚博 | CU30: 固緯 | CV30: 杏輝 | CW30: 桂盟 | CX30: 郡都開發 | CY30: 寶成 | CZ30: 陞泰 | DA30: 三星 | DB30: 寶成 | DC30: 陞泰 | DD30: 美好證 | DE30: 昱捷 | DF30: 基泰 | DG30: 基泰 | DH30: 桂盟 | DI30: 基泰 | DJ30: 統懋 | DK30: 基泰 | DL30: 大展證 | DM30: 基泰 | DN30: 郡都開發 | DO30: 基泰 | DP30: 台半 | DQ30: 台半 | DR30: 郡都開發 | DS30: 沛亨 | DT30: 新光鋼 | DU30: 沛亨 | DV30: 昱捷 | DW30: 基泰 | DX30: 沛亨 | DY30: 基泰 | DZ30: 基泰 | EA30: 鉅橡 | EB30: 鉅橡 | EC30: 昱捷 | ED30: 郡都開發 | EE30: 基泰 | EF30: 基泰
C31: 9951 | D31: 3219 | E31: 2328 | F31: 2489 | G31: 2489 | H31: 2328 | I31: 1805 | J31: 1440 | K31: 2489 | L31: 2328 | M31: 2436 | N31: 2328 | O31: 2436 | P31: 2524 | Q31: 2524 | R31: 2524 | S31: 2524 | T31: 1451 | U31: 2524 | V31: 2524 | W31: 2328 | X31: 5007 | Y31: 2524 | Z31: 2524 | AA31: 5007 | AB31: 2524 | AC31: 5432 | AD31: 2328 | AE31: 5443 | AF31: 4528 | AG31: 2524 | AH31: 2527 | AI31: 2328 | AJ31: 2002 | AK31: 2538 | AL31: 2328 | AM31: 2538 | AN31: 2022 | AO31: 2023 | AP31: 2023 | AQ31: 2328 | AR31: 2328 | AS31: 2022 | AT31: 9904 | AU31: 2328 | AV31: 2607 | AW31: 1440 | AX31: 2539 | AY31: 2527 | AZ31: 2328 | BA31: 2328 | BB31: 5523 | BC31: 5523 | BD31: 2328 | BE31: 5523 | BF31: 5523 | BG31: 5523 | BH31: 5523 | BI31: 1785 | BJ31: 2328 | BK31: 2328 | BL31: 2537 | BM31: 5015 | BN31: 2328 | BO31: 1785 | BP31: 2328 | BQ31: 1785 | BR31: 6242 | BS31: 2538 | BT31: 2328 | BU31: 2328 | BV31: 3060 | BW31: 5355 | BX31: 2328 | BY31: 6285 | BZ31: 2504 | CA31: 4205 | CB31: 2328 | CC31: 2328 | CD31: 4205 | CE31: 2328 | CF31: 8927 | CG31: 4906 | CH31: 2504 | CI31: 4205 | CJ31: 8066 | CK31: 8066 | CL31: 4205 | CM31: 2328 | CN31: 5450 | CO31: 2328 | CP31: 4205 | CQ31: 6128 | CR31: 6128 | CS31: 6128 | CT31: 2328 | CU31: 5464 | CV31: 5464 | CW31: 5464 | CX31: 3016 | CY31: 2328 | CZ31: 3016 | DA31: 2328 | DB31: 2328 | DC31: 4205 | DD31: 2538 | DE31: 5306 | DF31: 2328 | DG31: 2328 | DH31: 2328 | DI31: 2328 | DJ31: 5306 | DK31: 2328 | DL31: 5306 | DM31: 2328 | DN31: 8074 | DO31: 2328 | DP31: 6167 | DQ31: 6167 | DR31: 8074 | DS31: 2328 | DT31: 8112 | DU31: 2328 | DV31: 3049 | DW31: 2328 | DX31: 2434 | DY31: 2328 | DZ31: 2328 | EA31: 8112 | EB31: 8112 | EC31: 3049 | ED31: 4205 | EE31: 2328 | EF31: 2328
C32: 皇田 | D32: 倚強科 | E32: 廣宇 | F32: 瑞軒 | G32: 瑞軒 | H32: 廣宇 | I32: 寶徠 | J32: 南紡 | K32: 瑞軒 | L32: 廣宇 | M32: 偉詮電 | N32: 廣宇 | O32: 偉詮電 | P32: 京城 | Q32: 京城 | R32: 京城 | S32: 京城 | T32: 年興 | U32: 京城 | V32: 京城 | W32: 廣宇 | X32: 三星 | Y32: 京城 | Z32: 京城 | AA32: 三星 | AB32: 京城 | AC32: 新門 | AD32: 廣宇 | AE32: 均豪 | AF32: 江興鍛 | AG32: 京城 | AH32: 宏璟 | AI32: 廣宇 | AJ32: 中鋼 | AK32: 基泰 | AL32: 廣宇 | AM32: 基泰 | AN32: 聚亨 | AO32: 燁輝 | AP32: 燁輝 | AQ32: 廣宇 | AR32: 廣宇 | AS32: 聚亨 | AT32: 寶成 | AU32: 廣宇 | AV32: 榮運 | AW32: 南紡 | AX32: 櫻花建 | AY32: 宏璟 | AZ32: 廣宇 | BA32: 廣宇 | BB32: 豐謙 | BC32: 豐謙 | BD32: 廣宇 | BE32: 豐謙 | BF32: 豐謙 | BG32: 豐謙 | BH32: 豐謙 | BI32: 光洋科 | BJ32: 廣宇 | BK32: 廣宇 | BL32: 聯上發 | BM32: 華祺 | BN32: 廣宇 | BO32: 光洋科 | BP32: 廣宇 | BQ32: 光洋科 | BR32: 立康 | BS32: 基泰 | BT32: 廣宇 | BU32: 廣宇 | BV32: 銘異 | BW32: 佳總 | BX32: 廣宇 | BY32: 啟碁 | BZ32: 國產 | CA32: 中華食 | CB32: 廣宇 | CC32: 廣宇 | CD32: 中華食 | CE32: 廣宇 | CF32: 北基 | CG32: 正文 | CH32: 國產 | CI32: 中華食 | CJ32: 來思達 | CK32: 來思達 | CL32: 中華食 | CM32: 廣宇 | CN32: 南良 | CO32: 廣宇 | CP32: 中華食 | CQ32: 上福 | CR32: 上福 | CS32: 上福 | CT32: 廣宇 | CU32: 霖宏 | CV32: 霖宏 | CW32: 霖宏 | CX32: 嘉晶 | CY32: 廣宇 | CZ32: 嘉晶 | DA32: 廣宇 | DB32: 廣宇 | DC32: 中華食 | DD32: 基泰 | DE32: 桂盟 | DF32: 廣宇 | DG32: 廣宇 | DH32: 廣宇 | DI32: 廣宇 | DJ32: 桂盟 | DK32: 廣宇 | DL32: 桂盟 | DM32: 廣宇 | DN32: 鉅橡 | DO32: 廣宇 | DP32: 久正 | DQ32: 久正 | DR32: 鉅橡 | DS32: 廣宇 | DT32: 至上 | DU32: 廣宇 | DV32: 精金 | DW32: 廣宇 | DX32: 統懋 | DY32: 廣宇 | DZ32: 廣宇 | EA32: 至上 | EB32: 至上 | EC32: 精金 | ED32: 中華食 | EE32: 廣宇 | EF32: 廣宇

Sheet 預測LightGBM勝率
A1: Predict
B2: Time | C2: 2013/12 | D2: 2014/01 | E2: 2014/02 | F2: 2014/03 | G2: 2014/04 | H2: 2014/05 | I2: 2014/06 | J2: 2014/07 | K2: 2014/08 | L2: 2014/09 | M2: 2014/10 | N2: 2014/11 | O2: 2014/12 | P2: 2015/01 | Q2: 2015/02 | R2: 2015/03 | S2: 2015/04 | T2: 2015/05 | U2: 2015/06 | V2: 2015/07 | W2: 2015/08 | X2: 2015/09 | Y2: 2015/10 | Z2: 2015/11 | AA2: 2015/12 | AB2: 2016/01 | AC2: 2016/02 | AD2: 2016/03 | AE2: 2016/04 | AF2: 2016/05 | AG2: 2016/06 | AH2: 2016/07 | AI2: 2016/08 | AJ2: 2016/09 | AK2: 2016/10 | AL2: 2016/11 | AM2: 2016/12 | AN2: 2017/01 | AO2: 2017/02 | AP2: 2017/03 | AQ2: 2017/04 | AR2: 2017/05 | AS2: 2017/06 | AT2: 2017/07 | AU2: 2017/08 | AV2: 2017/09 | AW2: 2017/10 | AX2: 2017/11 | AY2: 2017/12 | AZ2: 2018/01 | BA2: 2018/02 | BB2: 2018/03 | BC2: 2018/04 | BD2: 2018/05 | BE2: 2018/06 | BF2: 2018/07 | BG2: 2018/08 | BH2: 2018/09 | BI2: 2018/10 | BJ2: 2018/11 | BK2: 2018/12 | BL2: 2019/01 | BM2: 2019/02 | BN2: 2019/03 | BO2: 2019/04 | BP2: 2019/05 | BQ2: 2019/06 | BR2: 2019/07 | BS2: 2019/08 | BT2: 2019/09 | BU2: 2019/10 | BV2: 2019/11 | BW2: 2019/12 | BX2: 2020/01 | BY2: 2020/02 | BZ2: 2020/03 | CA2: 2020/04 | CB2: 2020/05 | CC2: 2020/06 | CD2: 2020/07 | CE2: 2020/08 | CF2: 2020/09 | CG2: 2020/10 | CH2: 2020/11 | CI2: 2020/12 | CJ2: 2021/01 | CK2: 2021/02 | CL2: 2021/03 | CM2: 2021/04 | CN2: 2021/05 | CO2: 2021/06 | CP2: 2021/07 | CQ2: 2021/08 | CR2: 2021/09 | CS2: 2021/10 | CT2: 2021/11 | CU2: 2021/12 | CV2: 2022/01 | CW2: 2022/02 | CX2: 2022/03 | CY2: 2022/04 | CZ2: 2022/05 | DA2: 2022/06 | DB2: 2022/07 | DC2: 2022/08 | DD2: 2022/09 | DE2: 2022/10 | DF2: 2022/11 | DG2: 2022/12 | DH2: 2023/01 | DI2: 2023/02 | DJ2: 2023/03 | DK2: 2023/04 | DL2: 2023/05 | DM2: 2023/06 | DN2: 2023/07 | DO2: 2023/08 | DP2: 2023/09 | DQ2: 2023/10 | DR2: 2023/11 | DS2: 2023/12 | DT2: 2024/01 | DU2: 2024/02 | DV2: 2024/03 | DW2: 2024/04 | DX2: 2024/05 | DY2: 2024/06 | DZ2: 2024/07 | EA2: 2024/08 | EB2: 2024/09 | EC2: 2024/10 | ED2: 2024/11 | EE2: 2024/12 | EF2: 2025/01
B3: mom1 | C3: -0.070510313 | D3: -0.020690763 | E3: -0.049750485 | F3: -0.092162974 | G3: -0.090981476 | H3: 0.017403694 | I3: -0.0014660321 | J3: -0.042782601 | K3: -0.048218094 | L3: -0.054908209 | M3: -0.0042270971 | N3: -0.015415508 | O3: -0.026379582 | P3: 0.0021669322 | Q3: -0.063427776 | R3: -0.026445759 | S3: -0.030793073 | T3: -0.0013314302 | U3: -0.011667066 | V3: -0.0074396813 | W3: -0.0056037698 | X3: -0.054782856 | Y3: 0.0014601285 | Z3: -0.051124588 | AA3: -0.049931929 | AB3: 0.035460174 | AC3: -0.036260024 | AD3: -0.02177857 | AE3: -0.012961893 | AF3: -0.019972652 | AG3: -0.042137694 | AH3: 0.0011005618 | AI3: 0.0017914374 | AJ3: 0.012323425 | AK3: -0.041931521 | AL3: -0.036095079 | AM3: -0.0013822748 | AN3: -0.028956376 | AO3: -0.042428315 | AP3: -0.049674943 | AQ3: -0.032604296 | AR3: -0.013108823 | AS3: -0.035700481 | AT3: -0.005788805 | AU3: -0.014518599 | AV3: -0.031922929 | AW3: -0.011949936 | AX3: -0.010149507 | AY3: -0.033810735 | AZ3: -0.048453212 | BA3: -0.027815299 | BB3: -0.030379677 | BC3: 0.024711607 | BD3: -0.023138821 | BE3: -0.0015485354 | BF3: 0.048466574 | BG3: -0.0068415171 | BH3: -0.029017322 | BI3: 0.063621186 | BJ3: 0.051039994 | BK3: 0.020570621 | BL3: -0.044453237 | BM3: 0.016062213 | BN3: -0.011407252 | BO3: -0.021107044 | BP3: -0.024570042 | BQ3: 0.00058053539 | BR3: 0.014106971 | BS3: -0.022216966 | BT3: -0.021804685 | BU3: -0.00032476775 | BV3: -0.016946584 | BW3: -0.0091368407 | BX3: -0.024530711 | BY3: -0.013744997 | BZ3: 0.016965671 | CA3: -0.0049971738 | CB3: 0.025937315 | CC3: -0.050457574 | CD3: -0.017129438 | CE3: -0.015958412 | CF3: -0.036173265 | CG3: -0.033427384 | CH3: -0.018980077 | CI3: -0.015892658 | CJ3: -0.019351164 | CK3: -0.036270283 | CL3: 0.02185446 | CM3: -0.030669076 | CN3: -0.03356621 | CO3: -0.057102174 | CP3: -0.014168661 | CQ3: -0.024477812 | CR3: -0.0051261066 | CS3: 0.018650705 | CT3: -0.036899783 | CU3: -0.030328931 | CV3: -0.01596538 | CW3: -0.028334806 | CX3: -0.02261522 | CY3: -0.0081325807 | CZ3: -0.0065493393 | DA3: -0.018719476 | DB3: -0.023759631 | DC3: -0.015671693 | DD3: -0.01952298 | DE3: -0.040282518 | DF3: -0.0088851424 | DG3: 0.00091460929 | DH3: -0.012378844 | DI3: 0.0090523073 | DJ3: -0.019859632 | DK3: -0.022675382 | DL3: -0.042003386 | DM3: -0.027967073 | DN3: 0.0070053488 | DO3: -0.026276816 | DP3: -0.036057945 | DQ3: -0.033415288 | DR3: -0.016046343 | DS3: -0.014641634 | DT3: -0.035933752 | DU3: 0.0030717822 | DV3: -0.015330855 | DW3: -0.01494637 | DX3: -0.011101509 | DY3: -0.0047925967 | DZ3: -0.018466953 | EA3: -0.012543919 | EB3: -0.032696195 | EC3: -0.056490704 | ED3: -0.026412357 | EE3: -0.018078614 | EF3: -0.0036580674
B4: mom12 | C4: 0.028248634 | D4: 0.014183227 | E4: 0.031993348 | F4: 0.0042365594 | G4: 0.012714939 | H4: 0.010832135 | I4: 0.063727826 | J4: 0.014011074 | K4: 0.066770576 | L4: 0.021485414 | M4: 0.028019289 | N4: 0.008423822 | O4: 0.026018109 | P4: 0.0088989316 | Q4: 0.01201281 | R4: 0.0065032719 | S4: -0.00066254294 | T4: 0.011814414 | U4: 0.013395538 | V4: 0.011924206 | W4: 0.027815573 | X4: 2.5693094e-05 | Y4: 0.039316867 | Z4: 0.056920212 | AA4: 0.098233536 | AB4: 0.064750098 | AC4: 0.067361787 | AD4: 0.051507805 | AE4: 0.049662109 | AF4: 0.020239389 | AG4: 0.00093923445 | AH4: -0.011057081 | AI4: 0.016824111 | AJ4: -0.00074724434 | AK4: 0.01140181 | AL4: 0.00044149283 | AM4: -0.017898617 | AN4: -0.010071121 | AO4: 0.0066899019 | AP4: -0.011917489 | AQ4: -0.027241044 | AR4: -0.004914077 | AS4: -0.030879321 | AT4: -0.014748431 | AU4: -0.022974038 | AV4: -0.0022748797 | AW4: -0.016570061 | AX4: -0.01187692 | AY4: -0.02451757 | AZ4: 0.0014865461 | BA4: 0.010297449 | BB4: 0.0025721302 | BC4: 0.003916319 | BD4: -0.0025292612 | BE4: -0.0082999747 | BF4: -0.0046186103 | BG4: -0.0061649741 | BH4: -0.0037486088 | BI4: 0.00596953 | BJ4: -0.008252495 | BK4: -0.0031494102 | BL4: -0.022762906 | BM4: -0.015299521 | BN4: -0.010563814 | BO4: 0.0046637068 | BP4: 0.0046207542 | BQ4: 0.03309983 | BR4: 0.079383321 | BS4: 0.032730803 | BT4: 0.015519017 | BU4: 0.017918561 | BV4: 0.012576747 | BW4: 0.017560082 | BX4: 0.019561546 | BY4: 0.00948299 | BZ4: 0.023618856 | CA4: 0.024344778 | CB4: -0.0084261037 | CC4: 7.1666633e-05 | CD4: 0.0015852515 | CE4: -0.0041839518 | CF4: -0.019255713 | CG4: -0.02450777 | CH4: -0.025543062 | CI4: -0.016113311 | CJ4: -0.023990631 | CK4: -0.030572861 | CL4: -0.033399541 | CM4: -0.013533869 | CN4: -0.016596911 | CO4: -0.012488239 | CP4: -0.015990794 | CQ4: -0.0072096372 | CR4: -0.028411187 | CS4: -0.030072507 | CT4: -0.027659753 | CU4: -0.017069595 | CV4: -0.017912267 | CW4: -0.012390219 | CX4: -0.017721431 | CY4: -0.0019734646 | CZ4: 0.0087843286 | DA4: -0.032751679 | DB4: -0.0091977678 | DC4: -0.0043027769 | DD4: -0.017814325 | DE4: 0.0041021798 | DF4: -0.00723154 | DG4: 0.004289207 | DH4: 0.0095487144 | DI4: 0.0070580319 | DJ4: 0.0068894681 | DK4: 0.0070452648 | DL4: 0.0078367051 | DM4: 0.011320108 | DN4: 0.0033352235 | DO4: 0.013803395 | DP4: 0.010737471 | DQ4: 0.00061118975 | DR4: 0.014212187 | DS4: 0.0017021111 | DT4: 0.0035690044 | DU4: 0.0020074488 | DV4: 0.029247954 | DW4: 0.018428531 | DX4: 0.018775085 | DY4: 0.012516481 | DZ4: 0.018593142 | EA4: 0.018734032 | EB4: 0.011606191 | EC4: 0.031247735 | ED4: 0.018441975 | EE4: 0.0075100353 | EF4: 0.018255115
B5: chmom | C5: -0.030935572 | D5: -0.078517266 | E5: -0.071969844 | F5: -0.0216826 | G5: 0.003931568 | H5: -0.019784926 | I5: -0.010177304 | J5: -0.0082358997 | K5: 0.023635531 | L5: -0.014618007 | M5: 0.02276809 | N5: -0.043634202 | O5: -0.057530195 | P5: -0.061749738 | Q5: -0.064170286 | R5: -0.056614187 | S5: -0.039280273 | T5: -0.045374379 | U5: 0.021098524 | V5: -0.050834861 | W5: -0.043037977 | X5: -0.026595533 | Y5: -0.015138762 | Z5: -0.024952777 | AA5: -0.064031586 | AB5: -0.029604986 | AC5: -0.0019446176 | AD5: 0.0057631759 | AE5: -0.011790563 | AF5: -0.0022569329 | AG5: -0.027719086 | AH5: -0.0021214748 | AI5: -0.029802717 | AJ5: -0.00033187165 | AK5: 0.013484867 | AL5: -0.0078548426 | AM5: -0.021816308 | AN5: 0.010699071 | AO5: 0.0011102274 | AP5: 0.00079638074 | AQ5: -0.0055128955 | AR5: -0.015489822 | AS5: -0.013374983 | AT5: -0.0028082796 | AU5: 0.013588437 | AV5: 0.011518656 | AW5: -0.0051678196 | AX5: -0.017534591 | AY5: -0.012889344 | AZ5: 0.0046084509 | BA5: -0.0037847871 | BB5: -0.0049904352 | BC5: -0.017079908 | BD5: -0.02391563 | BE5: 0.0021333401 | BF5: 0.031931266 | BG5: 0.022714403 | BH5: 0.054914258 | BI5: 0.023081651 | BJ5: 0.041425202 | BK5: -0.045687266 | BL5: -0.024188107 | BM5: -0.045954537 | BN5: -0.052363675 | BO5: -0.06094883 | BP5: -0.046518847 | BQ5: -0.031062063 | BR5: 0.0032680221 | BS5: 0.068480939 | BT5: 0.002156435 | BU5: -0.038370479 | BV5: -0.037749019 | BW5: -0.037364159 | BX5: -0.027728325 | BY5: -0.03027585 | BZ5: -0.043461852 | CA5: -0.031515237 | CB5: -0.031081436 | CC5: -0.035361417 | CD5: -0.033158984 | CE5: -0.023513908 | CF5: -0.012064296 | CG5: -0.0032220706 | CH5: -0.019549627 | CI5: -0.0096641975 | CJ5: -0.0020440889 | CK5: -0.026424447 | CL5: -0.043267768 | CM5: -0.019405793 | CN5: -0.02635004 | CO5: 0.003180597 | CP5: -0.0062574027 | CQ5: -0.013818862 | CR5: -0.021159159 | CS5: -0.018966084 | CT5: -0.029068194 | CU5: -0.051458955 | CV5: -0.024589416 | CW5: -0.047959473 | CX5: -0.024629397 | CY5: -0.027626641 | CZ5: -0.055032276 | DA5: -0.028730303 | DB5: -0.066727802 | DC5: -0.10732984 | DD5: -0.052791093 | DE5: -0.060571522 | DF5: -0.039159801 | DG5: -0.051414531 | DH5: -0.065701395 | DI5: -0.033493325 | DJ5: -0.024839012 | DK5: -0.02238475 | DL5: -0.03650948 | DM5: -0.0039328607 | DN5: -0.0096125035 | DO5: 0.014951462 | DP5: -0.0031372069 | DQ5: -0.0028361599 | DR5: 0.0051981704 | DS5: 0.011405285 | DT5: -0.00064447051 | DU5: -0.012735923 | DV5: -0.021273775 | DW5: -0.011831686 | DX5: -0.0043031299 | DY5: 0.0059299008 | DZ5: -0.0031490331 | EA5: -0.0087568779 | EB5: 0.0047055804 | EC5: -0.014093491 | ED5: -0.0073874481 | EE5: -0.024573959 | EF5: -0.030077245
B6: retvol | C6: 0.022974487 | D6: 0.01708141 | E6: 0.031377148 | F6: 0.016779406 | G6: -0.0013170848 | H6: 0.01384645 | I6: 0.021910241 | J6: 0.012609055 | K6: -0.0050779725 | L6: 0.0058798324 | M6: 0.013324283 | N6: 0.017233521 | O6: -5.6088713e-05 | P6: -0.0062972903 | Q6: 0.024710532 | R6: 0.013924113 | S6: 0.023693526 | T6: 0.019597102 | U6: 0.01067257 | V6: 0.02010666 | W6: 0.00167046 | X6: 0.0025238169 | Y6: 0.0092325034 | Z6: 0.012824959 | AA6: 0.0090660788 | AB6: -0.0012093025 | AC6: -0.006835869 | AD6: 0.0019463961 | AE6: 0.014238626 | AF6: 0.0088263219 | AG6: 0.02088213 | AH6: 0.051983811 | AI6: 0.01881082 | AJ6: 0.016175123 | AK6: 0.017538745 | AL6: 0.019539744 | AM6: 0.012414113 | AN6: -0.0030713342 | AO6: 0.0018124989 | AP6: 0.027226977 | AQ6: 0.015237001 | AR6: 0.020699002 | AS6: 0.018039731 | AT6: 0.01990521 | AU6: 0.013922203 | AV6: 0.014918374 | AW6: 0.0026367004 | AX6: 0.041243367 | AY6: 0.016222967 | AZ6: 0.020173013 | BA6: 0.016433232 | BB6: 0.022108844 | BC6: 0.020426225 | BD6: 0.014836632 | BE6: 0.01464956 | BF6: 0.0098656453 | BG6: 0.0065305722 | BH6: 0.00423531 | BI6: 0.0056681097 | BJ6: 0.0025409893 | BK6: 0.002166657 | BL6: 0.0033819519 | BM6: 0.0040704762 | BN6: 0.0089805722 | BO6: 0.0097311186 | BP6: 0.0048173126 | BQ6: 0.0098657906 | BR6: 0.01376301 | BS6: 0.014573461 | BT6: 0.020938689 | BU6: 0.014000543 | BV6: 0.019158285 | BW6: 0.017214477 | BX6: 0.011270096 | BY6: 0.025030509 | BZ6: 0.031615071 | CA6: 0.025428476 | CB6: 0.11305705 | CC6: 0.027973102 | CD6: 0.0076278588 | CE6: 0.013782011 | CF6: 0.0025310908 | CG6: 0.0017127168 | CH6: -0.0050100181 | CI6: 0.0032922137 | CJ6: 0.088564754 | CK6: 0.012102538 | CL6: 0.013237392 | CM6: 0.010921693 | CN6: 0.0040465407 | CO6: 0.001302311 | CP6: 0.010241216 | CQ6: 0.0059799491 | CR6: -0.0075976653 | CS6: 0.0023250426 | CT6: 0.022010699 | CU6: 0.0023386679 | CV6: 0.00076710118 | CW6: 0.0088794772 | CX6: 0.013562209 | CY6: 0.012153903 | CZ6: 0.01677263 | DA6: 0.014646888 | DB6: 0.017232055 | DC6: 0.013960229 | DD6: 0.0097235097 | DE6: 0.011490203 | DF6: 0.0053679054 | DG6: 0.0068998714 | DH6: 0.00763071 | DI6: 0.011459526 | DJ6: 0.0093496377 | DK6: 0.010472308 | DL6: 0.0099879391 | DM6: 0.014417588 | DN6: 0.015461322 | DO6: 0.072593644 | DP6: 0.066633999 | DQ6: 0.076050833 | DR6: 0.079444081 | DS6: 0.096407637 | DT6: 0.098738469 | DU6: 0.084987722 | DV6: 0.083614707 | DW6: 0.079545408 | DX6: 0.096235953 | DY6: 0.10154732 | DZ6: 0.13149092 | EA6: 0.11485938 | EB6: 0.11237456 | EC6: 0.12511362 | ED6: 0.0316572 | EE6: 0.029610975 | EF6: 0.031239053
B7: maxret | C7: 0.0021774524 | D7: 0.013015066 | E7: 0.0098455846 | F7: 0.0080243433 | G7: -0.0052677239 | H7: 0.001404033 | I7: 0.0033509603 | J7: -0.0040541883 | K7: 0.0016413978 | L7: -0.003604586 | M7: 0.0025401565 | N7: -0.0089025497 | O7: 0.010533438 | P7: 0.0097276494 | Q7: 0.011463934 | R7: 0.020894568 | S7: 0.021158934 | T7: 0.025689144 | U7: 0.024543272 | V7: 0.011583937 | W7: 0.017569646 | X7: 0.087800547 | Y7: 0.050161928 | Z7: 0.031262714 | AA7: 0.0042858967 | AB7: 0.046123538 | AC7: 0.080575474 | AD7: 0.036530923 | AE7: 0.02460568 | AF7: 0.012908366 | AG7: 0.021753384 | AH7: 0.0030683321 | AI7: 0.0085161366 | AJ7: -0.0049905563 | AK7: -0.0040547512 | AL7: 0.0096464334 | AM7: 0.02050478 | AN7: 0.02069281 | AO7: 0.0046984786 | AP7: -0.0045743487 | AQ7: -0.0068781576 | AR7: -0.0098103778 | AS7: -0.0095568029 | AT7: 0.0059230537 | AU7: 0.0014722419 | AV7: 0.028763983 | AW7: 0.026538765 | AX7: 0.0083058588 | AY7: 0.0053748903 | AZ7: 0.01186728 | BA7: 0.011852427 | BB7: 0.032360878 | BC7: 0.014286506 | BD7: 0.007969927 | BE7: -0.00060811342 | BF7: -0.011188488 | BG7: -0.019261265 | BH7: -0.021502297 | BI7: 0.05841824 | BJ7: 0.040143382 | BK7: 0.028391568 | BL7: 0.025553938 | BM7: 0.0096509531 | BN7: 0.0046400707 | BO7: 0.0036845333 | BP7: 0.013291311 | BQ7: 0.0078903371 | BR7: 0.0070404992 | BS7: 0.0071611647 | BT7: 0.014413588 | BU7: 0.011038203 | BV7: 0.023246251 | BW7: 0.023113625 | BX7: 0.07020662 | BY7: 0.061465926 | BZ7: 0.058226619 | CA7: 0.0049403347 | CB7: 0.010325176 | CC7: 0.00055629481 | CD7: 0.025742874 | CE7: 0.026346749 | CF7: 0.020780452 | CG7: 0.019359628 | CH7: 0.02775068 | CI7: 0.024828408 | CJ7: 0.022081017 | CK7: 0.0086565986 | CL7: 0.0070795948 | CM7: 0.0084662102 | CN7: 0.0027852557 | CO7: 0.0060324417 | CP7: 0.0048775836 | CQ7: -0.00088366348 | CR7: -0.0029415216 | CS7: -0.0065762377 | CT7: -0.0050856704 | CU7: 0.037310883 | CV7: 0.030856956 | CW7: 0.019465599 | CX7: 0.021523755 | CY7: 0.030290527 | CZ7: 0.030590203 | DA7: 0.028499866 | DB7: 0.021195518 | DC7: 0.026068831 | DD7: 0.059307549 | DE7: 0.019247701 | DF7: 0.018887985 | DG7: 0.014815512 | DH7: 0.016671358 | DI7: 0.017327722 | DJ7: 0.01561035 | DK7: 0.015836952 | DL7: 0.017583078 | DM7: 0.01280765 | DN7: 0.020481693 | DO7: 0.011080808 | DP7: 0.015453166 | DQ7: 0.01020689 | DR7: 0.012916479 | DS7: 0.019664204 | DT7: 0.022220226 | DU7: 0.023969663 | DV7: 0.014732354 | DW7: 0.013176583 | DX7: 0.017936071 | DY7: 0.016969321 | DZ7: 0.016285731 | EA7: 0.011118081 | EB7: 0.014203252 | EC7: 0.008901258 | ED7: 0.007033038 | EE7: 0.011094453 | EF7: 0.011496754
A8: 選絕對值最大 | C8: {=MATCH(MAX(ABS(C3:C7)), ABS(C3:C7), 0)} -> 1 | D8: {=MATCH(MAX(ABS(D3:D7)), ABS(D3:D7), 0)} -> 3 | E8: {=MATCH(MAX(ABS(E3:E7)), ABS(E3:E7), 0)} -> 3 | F8: {=MATCH(MAX(ABS(F3:F7)), ABS(F3:F7), 0)} -> 1 | G8: {=MATCH(MAX(ABS(G3:G7)), ABS(G3:G7), 0)} -> 1 | H8: {=MATCH(MAX(ABS(H3:H7)), ABS(H3:H7), 0)} -> 3 | I8: {=MATCH(MAX(ABS(I3:I7)), ABS(I3:I7), 0)} -> 2 | J8: {=MATCH(MAX(ABS(J3:J7)), ABS(J3:J7), 0)} -> 1 | ... EF8: {=MATCH(MAX(ABS(EF3:EF7)), ABS(EF3:EF7), 0)} -> 4
C9: =IF(C8=1,"mom1", IF(C8=2,"mom12", IF(C8=3,"chmom", IF(C8=4,"retvol", IF(C8=5,"maxret",""))))) -> mom1 | D9: =IF(D8=1,"mom1", IF(D8=2,"mom12", IF(D8=3,"chmom", IF(D8=4,"retvol", IF(D8=5,"maxret",""))))) -> chmom | E9: =IF(E8=1,"mom1", IF(E8=2,"mom12", IF(E8=3,"chmom", IF(E8=4,"retvol", IF(E8=5,"maxret",""))))) -> chmom | F9: =IF(F8=1,"mom1", IF(F8=2,"mom12", IF(F8=3,"chmom", IF(F8=4,"retvol", IF(F8=5,"maxret",""))))) -> mom1 | G9: =IF(G8=1,"mom1", IF(G8=2,"mom12", IF(G8=3,"chmom", IF(G8=4,"retvol", IF(G8=5,"maxret",""))))) -> mom1 | H9: =IF(H8=1,"mom1", IF(H8=2,"mom12", IF(H8=3,"chmom", IF(H8=4,"retvol", IF(H8=5,"maxret",""))))) -> chmom | I9: =IF(I8=1,"mom1", IF(I8=2,"mom12", IF(I8=3,"chmom", IF(I8=4,"retvol", IF(I8=5,"maxret",""))))) -> mom12 | J9: =IF(J8=1,"mom1", IF(J8=2,"mom12", IF(J8=3,"chmom", IF(J8=4,"retvol", IF(J8=5,"maxret",""))))) -> mom1 | ... EF9: =IF(EF8=1,"mom1", IF(EF8=2,"mom12", IF(EF8=3,"chmom", IF(EF8=4,"retvol", IF(EF8=5,"maxret",""))))) -> retvol
C10: =IF(C8=1,C3,IF(C8=2,C4,IF(C8=3,C5,IF(C8=4,C6,IF(C8=5,C7))))) -> -0.070510313 | D10: =IF(D8=1,D3,IF(D8=2,D4,IF(D8=3,D5,IF(D8=4,D6,IF(D8=5,D7))))) -> -0.078517266 | E10: =IF(E8=1,E3,IF(E8=2,E4,IF(E8=3,E5,IF(E8=4,E6,IF(E8=5,E7))))) -> -0.071969844 | F10: =IF(F8=1,F3,IF(F8=2,F4,IF(F8=3,F5,IF(F8=4,F6,IF(F8=5,F7))))) -> -0.092162974 | G10: =IF(G8=1,G3,IF(G8=2,G4,IF(G8=3,G5,IF(G8=4,G6,IF(G8=5,G7))))) -> -0.090981476 | H10: =IF(H8=1,H3,IF(H8=2,H4,IF(H8=3,H5,IF(H8=4,H6,IF(H8=5,H7))))) -> -0.019784926 | I10: =IF(I8=1,I3,IF(I8=2,I4,IF(I8=3,I5,IF(I8=4,I6,IF(I8=5,I7))))) -> 0.063727826 | J10: =IF(J8=1,J3,IF(J8=2,J4,IF(J8=3,J5,IF(J8=4,J6,IF(J8=5,J7))))) -> -0.042782601 | ... EF10: =IF(EF8=1,EF3,IF(EF8=2,EF4,IF(EF8=3,EF5,IF(EF8=4,EF6,IF(EF8=5,EF7))))) -> 0.031239053
A13: 等分 | B13: 家數 | C13: 2014/01 | D13: 2014/02 | E13: 2014/03 | F13: 2014/04 | G13: 2014/05 | H13: 2014/06 | I13: 2014/07 | J13: 2014/08 | K13: 2014/09 | L13: 2014/10 | M13: 2014/11 | N13: 2014/12 | O13: 2015/01 | P13: 2015/02 | Q13: 2015/03 | R13: 2015/04 | S13: 2015/05 | T13: 2015/06 | U13: 2015/07 | V13: 2015/08 | W13: 2015/09 | X13: 2015/10 | Y13: 2015/11 | Z13: 2015/12 | AA13: 2016/01 | AB13: 2016/02 | AC13: 2016/03 | AD13: 2016/04 | AE13: 2016/05 | AF13: 2016/06 | AG13: 2016/07 | AH13: 2016/08 | AI13: 2016/09 | AJ13: 2016/10 | AK13: 2016/11 | AL13: 2016/12 | AM13: 2017/01 | AN13: 2017/02 | AO13: 2017/03 | AP13: 2017/04 | AQ13: 2017/05 | AR13: 2017/06 | AS13: 2017/07 | AT13: 2017/08 | AU13: 2017/09 | AV13: 2017/10 | AW13: 2017/11 | AX13: 2017/12 | AY13: 2018/01 | AZ13: 2018/02 | BA13: 2018/03 | BB13: 2018/04 | BC13: 2018/05 | BD13: 2018/06 | BE13: 2018/07 | BF13: 2018/08 | BG13: 2018/09 | BH13: 2018/10 | BI13: 2018/11 | BJ13: 2018/12 | BK13: 2019/01 | BL13: 2019/02 | BM13: 2019/03 | BN13: 2019/04 | BO13: 2019/05 | BP13: 2019/06 | BQ13: 2019/07 | BR13: 2019/08 | BS13: 2019/09 | BT13: 2019/10 | BU13: 2019/11 | BV13: 2019/12 | BW13: 2020/01 | BX13: 2020/02 | BY13: 2020/03 | BZ13: 2020/04 | CA13: 2020/05 | CB13: 2020/06 | CC13: 2020/07 | CD13: 2020/08 | CE13: 2020/09 | CF13: 2020/10 | CG13: 2020/11 | CH13: 2020/12 | CI13: 2021/01 | CJ13: 2021/02 | CK13: 2021/03 | CL13: 2021/04 | CM13: 2021/05 | CN13: 2021/06 | CO13: 2021/07 | CP13: 2021/08 | CQ13: 2021/09 | CR13: 2021/10 | CS13: 2021/11 | CT13: 2021/12 | CU13: 2022/01 | CV13: 2022/02 | CW13: 2022/03 | CX13: 2022/04 | CY13: 2022/05 | CZ13: 2022/06 | DA13: 2022/07 | DB13: 2022/08 | DC13: 2022/09 | DD13: 2022/10 | DE13: 2022/11 | DF13: 2022/12 | DG13: 2023/01 | DH13: 2023/02 | DI13: 2023/03 | DJ13: 2023/04 | DK13: 2023/05 | DL13: 2023/06 | DM13: 2023/07 | DN13: 2023/08 | DO13: 2023/09 | DP13: 2023/10 | DQ13: 2023/11 | DR13: 2023/12 | DS13: 2024/01 | DT13: 2024/02 | DU13: 2024/03 | DV13: 2024/04 | DW13: 2024/05 | DX13: 2024/06 | DY13: 2024/07 | DZ13: 2024/08 | EA13: 2024/09 | EB13: 2024/10 | EC13: 2024/11 | ED13: 2024/12 | EE13: 2025/01 | EF13: 2025/02 | EG13: SUM | EH13: 勝率
A14: 10 | B14: 96 | C14: =IF(預測IC!C14>預測IC!C$27,1,0) -> 1 | D14: =IF(預測IC!D14>預測IC!D$27,1,0) -> 0 | E14: =IF(預測IC!E14>預測IC!E$27,1,0) -> 0 | F14: =IF(預測IC!F14>預測IC!F$27,1,0) -> 1 | G14: =IF(預測IC!G14>預測IC!G$27,1,0) -> 0 | H14: =IF(預測IC!H14>預測IC!H$27,1,0) -> 0 | I14: =IF(預測IC!I14>預測IC!I$27,1,0) -> 1 | J14: =IF(預測IC!J14>預測IC!J$27,1,0) -> 0 | ... EF14: =IF(預測IC!EF14>預測IC!EF$27,1,0) -> 1 | EG14: =SUM(C14:EF14) -> 50 | EH14: =SUM(C14:EF14)/134 -> 0.37313433
A15: 20 | B15: 48 | C15: =IF(預測IC!C15>預測IC!C$27,1,0) -> 1 | D15: =IF(預測IC!D15>預測IC!D$27,1,0) -> 0 | E15: =IF(預測IC!E15>預測IC!E$27,1,0) -> 0 | F15: =IF(預測IC!F15>預測IC!F$27,1,0) -> 0 | G15: =IF(預測IC!G15>預測IC!G$27,1,0) -> 0 | H15: =IF(預測IC!H15>預測IC!H$27,1,0) -> 0 | I15: =IF(預測IC!I15>預測IC!I$27,1,0) -> 1 | J15: =IF(預測IC!J15>預測IC!J$27,1,0) -> 1 | ... EF15: =IF(預測IC!EF15>預測IC!EF$27,1,0) -> 1 | EG15: =SUM(C15:EF15) -> 58 | EH15: =SUM(C15:EF15)/134 -> 0.43283582
A16: 50 | B16: 19 | C16: =IF(預測IC!C16>預測IC!C$27,1,0) -> 1 | D16: =IF(預測IC!D16>預測IC!D$27,1,0) -> 0 | E16: =IF(預測IC!E16>預測IC!E$27,1,0) -> 1 | F16: =IF(預測IC!F16>預測IC!F$27,1,0) -> 1 | G16: =IF(預測IC!G16>預測IC!G$27,1,0) -> 0 | H16: =IF(預測IC!H16>預測IC!H$27,1,0) -> 0 | I16: =IF(預測IC!I16>預測IC!I$27,1,0) -> 1 | J16: =IF(預測IC!J16>預測IC!J$27,1,0) -> 1 | ... EF16: =IF(預測IC!EF16>預測IC!EF$27,1,0) -> 1 | EG16: =SUM(C16:EF16) -> 69 | EH16: =SUM(C16:EF16)/134 -> 0.51492537
A17: 100 | B17: 10 | C17: =IF(預測IC!C17>預測IC!C$27,1,0) -> 1 | D17: =IF(預測IC!D17>預測IC!D$27,1,0) -> 1 | E17: =IF(預測IC!E17>預測IC!E$27,1,0) -> 0 | F17: =IF(預測IC!F17>預測IC!F$27,1,0) -> 1 | G17: =IF(預測IC!G17>預測IC!G$27,1,0) -> 1 | H17: =IF(預測IC!H17>預測IC!H$27,1,0) -> 0 | I17: =IF(預測IC!I17>預測IC!I$27,1,0) -> 1 | J17: =IF(預測IC!J17>預測IC!J$27,1,0) -> 0 | ... DN17: =IF(預測IC!DN17>預測IC!DN$27,1,0) -> 1 | DO17: 1 | DP17: =IF(預測IC!DP17>預測IC!DP$27,1,0) -> 1 | DQ17: 1 | DR17: =IF(預測IC!DR17>預測IC!DR$27,1,0) -> 0 | DS17: =IF(預測IC!DS17>預測IC!DS$27,1,0) -> 1 | DT17: =IF(預測IC!DT17>預測IC!DT$27,1,0) -> 0 | DU17: =IF(預測IC!DU17>預測IC!DU$27,1,0) -> 0 | DV17: 1 | DW17: =IF(預測IC!DW17>預測IC!DW$27,1,0) -> 1 | DX17: =IF(預測IC!DX17>預測IC!DX$27,1,0) -> 0 | DY17: =IF(預測IC!DY17>預測IC!DY$27,1,0) -> 1 | DZ17: =IF(預測IC!DZ17>預測IC!DZ$27,1,0) -> 1 | EA17: =IF(預測IC!EA17>預測IC!EA$27,1,0) -> 0 | EB17: =IF(預測IC!EB17>預測IC!EB$27,1,0) -> 1 | EC17: =IF(預測IC!EC17>預測IC!EC$27,1,0) -> 1 | ED17: 1 | EE17: =IF(預測IC!EE17>預測IC!EE$27,1,0) -> 1 | EF17: =IF(預測IC!EF17>預測IC!EF$27,1,0) -> 1 | EG17: =SUM(C17:EF17) -> 69 | EH17: =SUM(C17:EF17)/134 -> 0.51492537
A18: 107 | B18: 9 | C18: =IF(預測IC!C18>預測IC!C$27,1,0) -> 1 | D18: =IF(預測IC!D18>預測IC!D$27,1,0) -> 1 | E18: =IF(預測IC!E18>預測IC!E$27,1,0) -> 0 | F18: =IF(預測IC!F18>預測IC!F$27,1,0) -> 0 | G18: =IF(預測IC!G18>預測IC!G$27,1,0) -> 1 | H18: =IF(預測IC!H18>預測IC!H$27,1,0) -> 0 | I18: =IF(預測IC!I18>預測IC!I$27,1,0) -> 0 | J18: =IF(預測IC!J18>預測IC!J$27,1,0) -> 0 | ... EC18: =IF(預測IC!EC18>預測IC!EC$27,1,0) -> 1 | ED18: 1 | EE18: 1 | EF18: =IF(預測IC!EF18>預測IC!EF$27,1,0) -> 1 | EG18: =SUM(C18:EF18) -> 64 | EH18: =SUM(C18:EF18)/134 -> 0.47761194
A19: 120 | B19: 8 | C19: =IF(預測IC!C19>預測IC!C$27,1,0) -> 1 | D19: =IF(預測IC!D19>預測IC!D$27,1,0) -> 1 | E19: =IF(預測IC!E19>預測IC!E$27,1,0) -> 1 | F19: =IF(預測IC!F19>預測IC!F$27,1,0) -> 1 | G19: =IF(預測IC!G19>預測IC!G$27,1,0) -> 1 | H19: =IF(預測IC!H19>預測IC!H$27,1,0) -> 0 | I19: =IF(預測IC!I19>預測IC!I$27,1,0) -> 0 | J19: =IF(預測IC!J19>預測IC!J$27,1,0) -> 0 | ... EF19: =IF(預測IC!EF19>預測IC!EF$27,1,0) -> 1 | EG19: =SUM(C19:EF19) -> 68 | EH19: =SUM(C19:EF19)/134 -> 0.50746269
A20: 137 | B20: 7 | C20: =IF(預測IC!C20>預測IC!C$27,1,0) -> 1 | D20: =IF(預測IC!D20>預測IC!D$27,1,0) -> 1 | E20: =IF(預測IC!E20>預測IC!E$27,1,0) -> 1 | F20: =IF(預測IC!F20>預測IC!F$27,1,0) -> 0 | G20: =IF(預測IC!G20>預測IC!G$27,1,0) -> 1 | H20: =IF(預測IC!H20>預測IC!H$27,1,0) -> 0 | I20: =IF(預測IC!I20>預測IC!I$27,1,0) -> 0 | J20: =IF(預測IC!J20>預測IC!J$27,1,0) -> 1 | ... DS20: =IF(預測IC!DS20>預測IC!DS$27,1,0) -> 1 | DT20: 1 | DU20: =IF(預測IC!DU20>預測IC!DU$27,1,0) -> 1 | DV20: =IF(預測IC!DV20>預測IC!DV$27,1,0) -> 0 | DW20: =IF(預測IC!DW20>預測IC!DW$27,1,0) -> 0 | DX20: =IF(預測IC!DX20>預測IC!DX$27,1,0) -> 0 | DY20: =IF(預測IC!DY20>預測IC!DY$27,1,0) -> 1 | DZ20: =IF(預測IC!DZ20>預測IC!DZ$27,1,0) -> 1 | EA20: =IF(預測IC!EA20>預測IC!EA$27,1,0) -> 1 | EB20: =IF(預測IC!EB20>預測IC!EB$27,1,0) -> 1 | ... EF20: =IF(預測IC!EF20>預測IC!EF$27,1,0) -> 0 | EG20: =SUM(C20:EF20) -> 71 | EH20: =SUM(C20:EF20)/134 -> 0.52985075
A21: 160 | B21: 6 | C21: =IF(預測IC!C21>預測IC!C$27,1,0) -> 1 | D21: =IF(預測IC!D21>預測IC!D$27,1,0) -> 1 | E21: =IF(預測IC!E21>預測IC!E$27,1,0) -> 0 | F21: =IF(預測IC!F21>預測IC!F$27,1,0) -> 1 | G21: =IF(預測IC!G21>預測IC!G$27,1,0) -> 1 | H21: =IF(預測IC!H21>預測IC!H$27,1,0) -> 0 | I21: =IF(預測IC!I21>預測IC!I$27,1,0) -> 0 | J21: =IF(預測IC!J21>預測IC!J$27,1,0) -> 1 | ... DO21: =IF(預測IC!DO21>預測IC!DO$27,1,0) -> 0 | DP21: 1 | DQ21: =IF(預測IC!DQ21>預測IC!DQ$27,1,0) -> 0 | DR21: =IF(預測IC!DR21>預測IC!DR$27,1,0) -> 1 | DS21: =IF(預測IC!DS21>預測IC!DS$27,1,0) -> 1 | DT21: =IF(預測IC!DT21>預測IC!DT$27,1,0) -> 0 | DU21: =IF(預測IC!DU21>預測IC!DU$27,1,0) -> 1 | DV21: 1 | DW21: =IF(預測IC!DW21>預測IC!DW$27,1,0) -> 0 | DX21: =IF(預測IC!DX21>預測IC!DX$27,1,0) -> 0 | DY21: =IF(預測IC!DY21>預測IC!DY$27,1,0) -> 1 | DZ21: =IF(預測IC!DZ21>預測IC!DZ$27,1,0) -> 1 | EA21: =IF(預測IC!EA21>預測IC!EA$27,1,0) -> 1 | EB21: =IF(預測IC!EB21>預測IC!EB$27,1,0) -> 1 | EC21: =IF(預測IC!EC21>預測IC!EC$27,1,0) -> 1 | ED21: =IF(預測IC!ED21>預測IC!ED$27,1,0) -> 1 | ... EF21: =IF(預測IC!EF21>預測IC!EF$27,1,0) -> 0 | EG21: =SUM(C21:EF21) -> 72 | EH21: =SUM(C21:EF21)/134 -> 0.53731343
A22: 192 | B22: 5 | C22: =IF(預測IC!C22>預測IC!C$27,1,0) -> 1 | D22: =IF(預測IC!D22>預測IC!D$27,1,0) -> 1 | E22: =IF(預測IC!E22>預測IC!E$27,1,0) -> 0 | F22: =IF(預測IC!F22>預測IC!F$27,1,0) -> 1 | G22: =IF(預測IC!G22>預測IC!G$27,1,0) -> 1 | H22: =IF(預測IC!H22>預測IC!H$27,1,0) -> 0 | I22: =IF(預測IC!I22>預測IC!I$27,1,0) -> 1 | J22: =IF(預測IC!J22>預測IC!J$27,1,0) -> 1 | ... DN22: =IF(預測IC!DN22>預測IC!DN$27,1,0) -> 1 | DO22: 1 | DP22: =IF(預測IC!DP22>預測IC!DP$27,1,0) -> 1 | DQ22: =IF(預測IC!DQ22>預測IC!DQ$27,1,0) -> 0 | DR22: =IF(預測IC!DR22>預測IC!DR$27,1,0) -> 1 | DS22: =IF(預測IC!DS22>預測IC!DS$27,1,0) -> 1 | DT22: =IF(預測IC!DT22>預測IC!DT$27,1,0) -> 0 | DU22: 1 | DV22: 1 | DW22: =IF(預測IC!DW22>預測IC!DW$27,1,0) -> 1 | DX22: =IF(預測IC!DX22>預測IC!DX$27,1,0) -> 0 | DY22: =IF(預測IC!DY22>預測IC!DY$27,1,0) -> 1 | DZ22: =IF(預測IC!DZ22>預測IC!DZ$27,1,0) -> 1 | EA22: =IF(預測IC!EA22>預測IC!EA$27,1,0) -> 1 | EB22: 1 | EC22: =IF(預測IC!EC22>預測IC!EC$27,1,0) -> 1 | ED22: =IF(預測IC!ED22>預測IC!ED$27,1,0) -> 1 | EE22: =IF(預測IC!EE22>預測IC!EE$27,1,0) -> 1 | EF22: =IF(預測IC!EF22>預測IC!EF$27,1,0) -> 0 | EG22: =SUM(C22:EF22) -> 76 | EH22: =SUM(C22:EF22)/134 -> 0.56716418
A23: 241 | B23: 4 | C23: =IF(預測IC!C23>預測IC!C$27,1,0) -> 1 | D23: =IF(預測IC!D23>預測IC!D$27,1,0) -> 1 | E23: =IF(預測IC!E23>預測IC!E$27,1,0) -> 0 | F23: =IF(預測IC!F23>預測IC!F$27,1,0) -> 0 | G23: =IF(預測IC!G23>預測IC!G$27,1,0) -> 0 | H23: =IF(預測IC!H23>預測IC!H$27,1,0) -> 0 | I23: =IF(預測IC!I23>預測IC!I$27,1,0) -> 1 | J23: =IF(預測IC!J23>預測IC!J$27,1,0) -> 1 | ... EA23: =IF(預測IC!EA23>預測IC!EA$27,1,0) -> 1 | EB23: 1 | EC23: =IF(預測IC!EC23>預測IC!EC$27,1,0) -> 1 | ED23: =IF(預測IC!ED23>預測IC!ED$27,1,0) -> 1 | EE23: =IF(預測IC!EE23>預測IC!EE$27,1,0) -> 1 | EF23: =IF(預測IC!EF23>預測IC!EF$27,1,0) -> 1 | EG23: =SUM(C23:EF23) -> 69 | EH23: =SUM(C23:EF23)/134 -> 0.51492537
A24: 321 | B24: 3 | C24: =IF(預測IC!C24>預測IC!C$27,1,0) -> 0 | D24: =IF(預測IC!D24>預測IC!D$27,1,0) -> 1 | E24: =IF(預測IC!E24>預測IC!E$27,1,0) -> 0 | F24: =IF(預測IC!F24>預測IC!F$27,1,0) -> 0 | G24: =IF(預測IC!G24>預測IC!G$27,1,0) -> 0 | H24: =IF(預測IC!H24>預測IC!H$27,1,0) -> 0 | I24: =IF(預測IC!I24>預測IC!I$27,1,0) -> 1 | J24: =IF(預測IC!J24>預測IC!J$27,1,0) -> 1 | ... EF24: =IF(預測IC!EF24>預測IC!EF$27,1,0) -> 1 | EG24: =SUM(C24:EF24) -> 71 | EH24: =SUM(C24:EF24)/134 -> 0.52985075
A25: 482 | B25: 2 | C25: =IF(預測IC!C25>預測IC!C$27,1,0) -> 0 | D25: =IF(預測IC!D25>預測IC!D$27,1,0) -> 1 | E25: =IF(預測IC!E25>預測IC!E$27,1,0) -> 1 | F25: =IF(預測IC!F25>預測IC!F$27,1,0) -> 1 | G25: =IF(預測IC!G25>預測IC!G$27,1,0) -> 0 | H25: =IF(預測IC!H25>預測IC!H$27,1,0) -> 0 | I25: =IF(預測IC!I25>預測IC!I$27,1,0) -> 1 | J25: =IF(預測IC!J25>預測IC!J$27,1,0) -> 1 | ... DW25: =IF(預測IC!DW25>預測IC!DW$27,1,0) -> 1 | DX25: 1 | DY25: =IF(預測IC!DY25>預測IC!DY$27,1,0) -> 0 | DZ25: =IF(預測IC!DZ25>預測IC!DZ$27,1,0) -> 1 | EA25: =IF(預測IC!EA25>預測IC!EA$27,1,0) -> 1 | EB25: =IF(預測IC!EB25>預測IC!EB$27,1,0) -> 1 | EC25: =IF(預測IC!EC25>預測IC!EC$27,1,0) -> 0 | ED25: =IF(預測IC!ED25>預測IC!ED$27,1,0) -> 1 | EE25: =IF(預測IC!EE25>預測IC!EE$27,1,0) -> 1 | EF25: =IF(預測IC!EF25>預測IC!EF$27,1,0) -> 1 | EG25: =SUM(C25:EF25) -> 63 | EH25: =SUM(C25:EF25)/134 -> 0.47014925
A26: 964 | B26: 1 | C26: =IF(預測IC!C26>預測IC!C$27,1,0) -> 0 | D26: =IF(預測IC!D26>預測IC!D$27,1,0) -> 1 | E26: =IF(預測IC!E26>預測IC!E$27,1,0) -> 0 | F26: =IF(預測IC!F26>預測IC!F$27,1,0) -> 1 | G26: =IF(預測IC!G26>預測IC!G$27,1,0) -> 1 | H26: =IF(預測IC!H26>預測IC!H$27,1,0) -> 0 | I26: =IF(預測IC!I26>預測IC!I$27,1,0) -> 0 | J26: =IF(預測IC!J26>預測IC!J$27,1,0) -> 1 | ... EF26: =IF(預測IC!EF26>預測IC!EF$27,1,0) -> 0 | EG26: =SUM(C26:EF26) -> 64 | EH26: =SUM(C26:EF26)/134 -> 0.47761194
A27: 大盤 | B27: TWⅡ | C27: -0.017446771 | D27: 0.020701061 | E27: 0.023982129 | F27: -0.006557579 | G27: 0.03184513 | H27: 0.034348533 | I27: -0.0082549328 | J27: 0.012843524 | K27: -0.051018525 | L27: 0.00087394274 | M27: 0.023389576 | N27: 0.012988972 | O27: 0.0058545887 | P27: 0.027413207 | Q27: -0.0037129361 | R27: 0.024076614 | S27: -0.012190025 | T27: -0.039749578 | U27: -0.07315545 | V27: -0.05826023 | W27: 0.00077279757 | X27: 0.044591521 | Y27: -0.02769968 | Z27: 0.0020950059 | AA27: -0.023400551 | AB27: 0.032129371 | AC27: 0.038903273 | AD27: -0.042865382 | AE27: 0.018647195 | AF27: 0.015229768 | AG27: 0.036016604 | AH27: 0.0093546114 | AI27: 0.010748251 | AJ27: 0.013357754 | AK27: -0.0053327473 | AL27: 0.0013831358 | AM27: 0.020795928 | AN27: 0.031517702 | AO27: 0.0062417165 | AP27: 0.0061452617 | AQ27: 0.016946358 | AR27: 0.03468283 | AS27: 0.0030985886 | AT27: 0.015081347 | AU27: -0.019251209 | AV27: 0.038711513 | AW27: -0.021856951 | AX27: 0.0077743007 | AY27: 0.042397247 | AZ27: -0.026308975 | BA27: 0.0095717493 | BB27: -0.024249741 | BC27: 0.020163374 | BD27: -0.0035049988 | BE27: 0.020151935 | BF27: 0.00058133623 | BG27: -0.005219701 | BH27: -0.11587176 | BI27: 0.0087252257 | BJ27: -0.016377261 | BK27: 0.020840372 | BL27: 0.044975872 | BM27: 0.023954306 | BN27: 0.030239101 | BO27: -0.043725888 | BP27: 0.02188947 | BQ27: 0.0086274303 | BR27: -0.019192954 | BS27: 0.01973513 | BT27: 0.047694337 | BU27: 0.011454817 | BV27: 0.043228621 | BW27: -0.04274743 | BX27: -0.017811292 | BY27: -0.1511531 | BZ27: 0.124224 | CA27: -0.0045572538 | CB27: 0.06021124 | CC27: 0.085992033 | CD27: -0.0058084796 | CE27: -0.006041347 | CF27: 0.0024523244 | CG27: 0.089636252 | CH27: 0.070992733 | CI27: 0.027170643 | CJ27: 0.052468428 | CK27: 0.029480661 | CL27: 0.066825081 | CM27: -0.028772229 | CN27: 0.039462516 | CO27: -0.029031087 | CP27: 0.013983883 | CQ27: -0.032276965 | CR27: 0.0031035766 | CS27: 0.025591856 | CT27: 0.044391886 | CU27: -0.030338959 | CV27: -0.0012579765 | CW27: 0.0023363565 | CX27: -0.064264145 | CY27: 0.012909779 | CZ27: -0.12547709 | DA27: 0.011690683 | DB27: 0.0063378437 | DC27: -0.11730536 | DD27: -0.036010872 | DE27: 0.1389113 | DF27: -0.051143506 | DG27: 0.076731447 | DH27: 0.015508782 | DI27: 0.023223774 | DJ27: -0.018372876 | DK27: 0.062199014 | DL27: 0.020098304 | DM27: 0.01349894 | DN27: -0.030252213 | DO27: -0.017022836 | DP27: -0.021788523 | DQ27: 0.085745625 | DR27: 0.028106744 | DS27: -0.0023031598 | DT27: 0.058471198 | DU27: 0.067658949 | DV27: 0.0050207706 | DW27: 0.037416184 | DX27: 0.084111004 | DY27: -0.036832399 | DZ27: 0.0030917028 | EA27: -0.0019576282 | EB27: 0.026459104 | EC27: -0.024752539 | ED27: 0.034115491 | EE27: 0.021061974 | EF27: -0.020277393

Sheet 預測LightGBM累積報酬 
A8: 投資組合 | C8: 公司數 | D8: 964
A9: 時間 | B9: 2014/01 | C9: 2014/02 | D9: 2014/03 | E9: 2014/04 | F9: 2014/05 | G9: 2014/06 | H9: 2014/07 | I9: 2014/08 | J9: 2014/09 | K9: 2014/10 | L9: 2014/11 | M9: 2014/12 | N9: 2015/01 | O9: 2015/02 | P9: 2015/03 | Q9: 2015/04 | R9: 2015/05 | S9: 2015/06 | T9: 2015/07 | U9: 2015/08 | V9: 2015/09 | W9: 2015/10 | X9: 2015/11 | Y9: 2015/12 | Z9: 2016/01 | AA9: 2016/02 | AB9: 2016/03 | AC9: 2016/04 | AD9: 2016/05 | AE9: 2016/06 | AF9: 2016/07 | AG9: 2016/08 | AH9: 2016/09 | AI9: 2016/10 | AJ9: 2016/11 | AK9: 2016/12 | AL9: 2017/01 | AM9: 2017/02 | AN9: 2017/03 | AO9: 2017/04 | AP9: 2017/05 | AQ9: 2017/06 | AR9: 2017/07 | AS9: 2017/08 | AT9: 2017/09 | AU9: 2017/10 | AV9: 2017/11 | AW9: 2017/12 | AX9: 2018/01 | AY9: 2018/02 | AZ9: 2018/03 | BA9: 2018/04 | BB9: 2018/05 | BC9: 2018/06 | BD9: 2018/07 | BE9: 2018/08 | BF9: 2018/09 | BG9: 2018/10 | BH9: 2018/11 | BI9: 2018/12 | BJ9: 2019/01 | BK9: 2019/02 | BL9: 2019/03 | BM9: 2019/04 | BN9: 2019/05 | BO9: 2019/06 | BP9: 2019/07 | BQ9: 2019/08 | BR9: 2019/09 | BS9: 2019/10 | BT9: 2019/11 | BU9: 2019/12 | BV9: 2020/01 | BW9: 2020/02 | BX9: 2020/03 | BY9: 2020/04 | BZ9: 2020/05 | CA9: 2020/06 | CB9: 2020/07 | CC9: 2020/08 | CD9: 2020/09 | CE9: 2020/10 | CF9: 2020/11 | CG9: 2020/12 | CH9: 2021/01 | CI9: 2021/02 | CJ9: 2021/03 | CK9: 2021/04 | CL9: 2021/05 | CM9: 2021/06 | CN9: 2021/07 | CO9: 2021/08 | CP9: 2021/09 | CQ9: 2021/10 | CR9: 2021/11 | CS9: 2021/12 | CT9: 2022/01 | CU9: 2022/02 | CV9: 2022/03 | CW9: 2022/04 | CX9: 2022/05 | CY9: 2022/06 | CZ9: 2022/07 | DA9: 2022/08 | DB9: 2022/09 | DC9: 2022/10 | DD9: 2022/11 | DE9: 2022/12 | DF9: 2023/01 | DG9: 2023/02 | DH9: 2023/03 | DI9: 2023/04 | DJ9: 2023/05 | DK9: 2023/06 | DL9: 2023/07 | DM9: 2023/08 | DN9: 2023/09 | DO9: 2023/10 | DP9: 2023/11 | DQ9: 2023/12 | DR9: 2024/01 | DS9: 2024/02 | DT9: 2024/03 | DU9: 2024/04 | DV9: 2024/05 | DW9: 2024/06 | DX9: 2024/07 | DY9: 2024/08 | DZ9: 2024/09 | EA9: 2024/10 | EB9: 2024/11 | EC9: 2024/12 | ED9: 2025/01 | EE9: 2025/02
A10: 10等分 | B10: 0.019976135 | C10: =B10+預測IC!D14 -> 0.0075616896 | D10: =C10+預測IC!E14 -> -0.0051127351 | E10: =D10+預測IC!F14 -> 0.0035284487 | F10: =E10+預測IC!G14 -> -0.0051781945 | G10: =F10+預測IC!H14 -> 0.0064167886 | H10: =G10+預測IC!I14 -> -0.00052389044 | I10: =H10+預測IC!J14 -> 0.0077927851 | J10: =I10+預測IC!K14 -> 0.0098065365 | ... EE10: =ED10+預測IC!EF14 -> -0.13336571
A11: 20等分 | B11: 0.05909992 | C11: =B11+預測IC!D15 -> 0.072482785 | D11: =C11+預測IC!E15 -> 0.072502026 | E11: =D11+預測IC!F15 -> 0.03713093 | F11: =E11+預測IC!G15 -> 0.011280463 | G11: =F11+預測IC!H15 -> 0.017382918 | H11: =G11+預測IC!I15 -> 0.014332562 | I11: =H11+預測IC!J15 -> 0.045049111 | J11: =I11+預測IC!K15 -> 0.035607846 | ... EE11: =ED11+預測IC!EF15 -> 0.13578743
A12: 50等分 | B12: 0.055126982 | C12: =B12+預測IC!D16 -> 0.073760349 | D12: =C12+預測IC!E16 -> 0.10527573 | E12: =D12+預測IC!F16 -> 0.10833202 | F12: =E12+預測IC!G16 -> 0.13654288 | G12: =F12+預測IC!H16 -> 0.11673829 | H12: =G12+預測IC!I16 -> 0.11949763 | I12: =H12+預測IC!J16 -> 0.15395121 | J12: =I12+預測IC!K16 -> 0.1676202 | ... EE12: =ED12+預測IC!EF16 -> 0.28301986
A13: 100等分 | B13: 0.06684249 | C13: =B13+預測IC!D17 -> 0.13639007 | D13: =C13+預測IC!E17 -> 0.14859361 | E13: =D13+預測IC!F17 -> 0.18809872 | F13: =E13+預測IC!G17 -> 0.26630119 | G13: =F13+預測IC!H17 -> 0.20134292 | H13: =G13+預測IC!I17 -> 0.19576782 | I13: =H13+預測IC!J17 -> 0.19320943 | J13: =I13+預測IC!K17 -> 0.16675282 | ... EE13: =ED13+預測IC!EF17 -> 0.088424837
A14: 107等分 | B14: 0.044674633 | C14: =B14+預測IC!D18 -> 0.11799009 | D14: =C14+預測IC!E18 -> 0.12231542 | E14: =D14+預測IC!F18 -> 0.099997902 | F14: =E14+預測IC!G18 -> 0.1819881 | G14: =F14+預測IC!H18 -> 0.12773347 | H14: =G14+預測IC!I18 -> 0.10091444 | I14: =H14+預測IC!J18 -> 0.10600352 | J14: =I14+預測IC!K18 -> 0.043009641 | ... EE14: =ED14+預測IC!EF18 -> 0.14190861
A15: 120等分 | B15: 0.03774037 | C15: =B15+預測IC!D19 -> 0.11243382 | D15: =C15+預測IC!E19 -> 0.17315725 | E15: =D15+預測IC!F19 -> 0.16761516 | F15: =E15+預測IC!G19 -> 0.24825312 | G15: =F15+預測IC!H19 -> 0.20901846 | H15: =G15+預測IC!I19 -> 0.18520439 | I15: =H15+預測IC!J19 -> 0.19562853 | J15: =I15+預測IC!K19 -> 0.13749028 | ... EE15: =ED15+預測IC!EF19 -> 0.28057567
A16: 137等分 | B16: 0.023960674 | C16: =B16+預測IC!D20 -> 0.085247907 | D16: =C16+預測IC!E20 -> 0.14084205 | E16: =D16+預測IC!F20 -> 0.12934213 | F16: =E16+預測IC!G20 -> 0.17831366 | G16: =F16+預測IC!H20 -> 0.13823821 | H16: =G16+預測IC!I20 -> 0.11084769 | I16: =H16+預測IC!J20 -> 0.13523691 | J16: =I16+預測IC!K20 -> 0.089085047 | ... EE16: =ED16+預測IC!EF20 -> 0.21731239
A17: 160等分 | B17: 0.017692425 | C17: =B17+預測IC!D21 -> 0.089655878 | D17: =C17+預測IC!E21 -> 0.079124749 | E17: =D17+預測IC!F21 -> 0.10000252 | F17: =E17+預測IC!G21 -> 0.14730315 | G17: =F17+預測IC!H21 -> 0.14349898 | H17: =G17+預測IC!I21 -> 0.098742148 | I17: =H17+預測IC!J21 -> 0.13597866 | J17: =I17+預測IC!K21 -> 0.078436493 | ... EE17: =ED17+預測IC!EF21 -> 0.17596128
A18: 192等分 | B18: 0.036241182 | C18: =B18+預測IC!D22 -> 0.1013783 | D18: =C18+預測IC!E22 -> 0.091754608 | E18: =D18+預測IC!F22 -> 0.14110606 | F18: =E18+預測IC!G22 -> 0.20278286 | G18: =F18+預測IC!H22 -> 0.21138459 | H18: =G18+預測IC!I22 -> 0.21004877 | I18: =H18+預測IC!J22 -> 0.22703331 | J18: =I18+預測IC!K22 -> 0.17646881 | ... EE18: =ED18+預測IC!EF22 -> 1.1663068
A19: 241等分 | B19: -0.0088942129 | C19: =B19+預測IC!D23 -> 0.054895232 | D19: =C19+預測IC!E23 -> 0.046754799 | E19: =D19+預測IC!F23 -> 0.0046746239 | F19: =E19+預測IC!G23 -> -0.0033543459 | G19: =F19+預測IC!H23 -> -0.0087141067 | H19: =G19+預測IC!I23 -> -0.0039754442 | I19: =H19+預測IC!J23 -> 0.028851754 | J19: =I19+預測IC!K23 -> -0.068530961 | ... EE19: =ED19+預測IC!EF23 -> 1.2815702
A20: 321等分 | B20: -0.13322237 | C20: =B20+預測IC!D24 -> -0.076570347 | D20: =C20+預測IC!E24 -> -0.064463073 | E20: =D20+預測IC!F24 -> -0.10271992 | F20: =E20+預測IC!G24 -> -0.1777659 | G20: =F20+預測IC!H24 -> -0.18330482 | H20: =G20+預測IC!I24 -> -0.17045855 | I20: =H20+預測IC!J24 -> -0.14513298 | J20: =I20+預測IC!K24 -> -0.14656479 | ... EE20: =ED20+預測IC!EF24 -> 0.40042173
A21: 482等分 | B21: -0.14698994 | C21: =B21+預測IC!D25 -> -0.084124515 | D21: =C21+預測IC!E25 -> 0.040559028 | E21: =D21+預測IC!F25 -> 0.042532442 | F21: =E21+預測IC!G25 -> 0.036585304 | G21: =F21+預測IC!H25 -> 0.0028212271 | H21: =G21+預測IC!I25 -> 0.041635387 | I21: =H21+預測IC!J25 -> 0.11665978 | J21: =I21+預測IC!K25 -> 0.20299866 | ... EE21: =ED21+預測IC!EF25 -> 0.28370504
... A23: 大盤 | B23: -0.017446771 | C23: =B23+預測IC!D27 -> 0.00325429 | D23: =C23+預測IC!E27 -> 0.027236419 | E23: =D23+預測IC!F27 -> 0.02067884 | F23: =E23+預測IC!G27 -> 0.05252397 | G23: =F23+預測IC!H27 -> 0.086872503 | H23: =G23+預測IC!I27 -> 0.07861757 | I23: =H23+預測IC!J27 -> 0.091461094 | J23: =I23+預測IC!K27 -> 0.04044257 | ... EE23: =ED23+預測IC!EF27 -> 0.98470404

Sheet LightGBM再投資累積報酬
C3: 投資組合 | D3: 964
C4: 等分 | D4: 2014/01 | E4: 2014/02 | F4: 2014/03 | G4: 2014/04 | H4: 2014/05 | I4: 2014/06 | J4: 2014/07 | K4: 2014/08 | L4: 2014/09 | M4: 2014/10 | N4: 2014/11 | O4: 2014/12 | P4: 2015/01 | Q4: 2015/02 | R4: 2015/03 | S4: 2015/04 | T4: 2015/05 | U4: 2015/06 | V4: 2015/07 | W4: 2015/08 | X4: 2015/09 | Y4: 2015/10 | Z4: 2015/11 | AA4: 2015/12 | AB4: 2016/01 | AC4: 2016/02 | AD4: 2016/03 | AE4: 2016/04 | AF4: 2016/05 | AG4: 2016/06 | AH4: 2016/07 | AI4: 2016/08 | AJ4: 2016/09 | AK4: 2016/10 | AL4: 2016/11 | AM4: 2016/12 | AN4: 2017/01 | AO4: 2017/02 | AP4: 2017/03 | AQ4: 2017/04 | AR4: 2017/05 | AS4: 2017/06 | AT4: 2017/07 | AU4: 2017/08 | AV4: 2017/09 | AW4: 2017/10 | AX4: 2017/11 | AY4: 2017/12 | AZ4: 2018/01 | BA4: 2018/02 | BB4: 2018/03 | BC4: 2018/04 | BD4: 2018/05 | BE4: 2018/06 | BF4: 2018/07 | BG4: 2018/08 | BH4: 2018/09 | BI4: 2018/10 | BJ4: 2018/11 | BK4: 2018/12 | BL4: 2019/01 | BM4: 2019/02 | BN4: 2019/03 | BO4: 2019/04 | BP4: 2019/05 | BQ4: 2019/06 | BR4: 2019/07 | BS4: 2019/08 | BT4: 2019/09 | BU4: 2019/10 | BV4: 2019/11 | BW4: 2019/12 | BX4: 2020/01 | BY4: 2020/02 | BZ4: 2020/03 | CA4: 2020/04 | CB4: 2020/05 | CC4: 2020/06 | CD4: 2020/07 | CE4: 2020/08 | CF4: 2020/09 | CG4: 2020/10 | CH4: 2020/11 | CI4: 2020/12 | CJ4: 2021/01 | CK4: 2021/02 | CL4: 2021/03 | CM4: 2021/04 | CN4: 2021/05 | CO4: 2021/06 | CP4: 2021/07 | CQ4: 2021/08 | CR4: 2021/09 | CS4: 2021/10 | CT4: 2021/11 | CU4: 2021/12 | CV4: 2022/01 | CW4: 2022/02 | CX4: 2022/03 | CY4: 2022/04 | CZ4: 2022/05 | DA4: 2022/06 | DB4: 2022/07 | DC4: 2022/08 | DD4: 2022/09 | DE4: 2022/10 | DF4: 2022/11 | DG4: 2022/12 | DH4: 2023/01 | DI4: 2023/02 | DJ4: 2023/03 | DK4: 2023/04 | DL4: 2023/05 | DM4: 2023/06 | DN4: 2023/07 | DO4: 2023/08 | DP4: 2023/09 | DQ4: 2023/10 | DR4: 2023/11 | DS4: 2023/12 | DT4: 2024/01 | DU4: 2024/02 | DV4: 2024/03 | DW4: 2024/04 | DX4: 2024/05 | DY4: 2024/06 | DZ4: 2024/07 | EA4: 2024/08 | EB4: 2024/09 | EC4: 2024/10 | ED4: 2024/11 | EE4: 2024/12 | EF4: 2025/01 | EG4: 2025/02
C5: 10 | D5: 0.019976135 | E5: {=PRODUCT(1 + 預測IC!$C14:D14) - 1} -> 0.0073136969 | F5: {=PRODUCT(1 + 預測IC!$C14:E14) - 1} -> -0.0054534247 | G5: {=PRODUCT(1 + 預測IC!$C14:F14) - 1} -> 0.0031406351 | H5: {=PRODUCT(1 + 預測IC!$C14:G14) - 1} -> -0.0055933524 | I5: {=PRODUCT(1 + 預測IC!$C14:H14) - 1} -> 0.0059367758 | J5: {=PRODUCT(1 + 預測IC!$C14:I14) - 1} -> -0.0010451085 | K5: {=PRODUCT(1 + 預測IC!$C14:J14) - 1} -> 0.0072628752 | L5: {=PRODUCT(1 + 預測IC!$C14:K14) - 1} -> 0.0092912523 | ... EG5: {=PRODUCT(1 + 預測IC!$C14:EF14) - 1} -> -0.14724629
C6: 20 | D6: 0.05909992 | E6: {=PRODUCT(1 + 預測IC!$C15:D15) - 1} -> 0.073273711 | F6: {=PRODUCT(1 + 預測IC!$C15:E15) - 1} -> 0.073294363 | G6: {=PRODUCT(1 + 預測IC!$C15:F15) - 1} -> 0.035330764 | H6: {=PRODUCT(1 + 預測IC!$C15:G15) - 1} -> 0.0085669805 | I6: {=PRODUCT(1 + 預測IC!$C15:H15) - 1} -> 0.014721715 | J6: {=PRODUCT(1 + 預測IC!$C15:I15) - 1} -> 0.011626453 | K6: {=PRODUCT(1 + 預測IC!$C15:J15) - 1} -> 0.042700126 | L6: {=PRODUCT(1 + 預測IC!$C15:K15) - 1} -> 0.032855718 | ... EG6: {=PRODUCT(1 + 預測IC!$C15:EF15) - 1} -> 0.082353457
C7: 50 | D7: 0.055126982 | E7: {=PRODUCT(1 + 預測IC!$C16:D16) - 1} -> 0.074787551 | F7: {=PRODUCT(1 + 預測IC!$C16:E16) - 1} -> 0.10865989 | G7: {=PRODUCT(1 + 預測IC!$C16:F16) - 1} -> 0.11204827 | H7: {=PRODUCT(1 + 預測IC!$C16:G16) - 1} -> 0.14342011 | I7: {=PRODUCT(1 + 預測IC!$C16:H16) - 1} -> 0.12077515 | J7: {=PRODUCT(1 + 預測IC!$C16:I16) - 1} -> 0.12386774 | K7: {=PRODUCT(1 + 預測IC!$C16:J16) - 1} -> 0.16258902 | L7: {=PRODUCT(1 + 預測IC!$C16:K16) - 1} -> 0.17848043 | ... EG7: {=PRODUCT(1 + 預測IC!$C16:EF16) - 1} -> 0.1463496
C8: 100 | D8: 0.06684249 | E8: {=PRODUCT(1 + 預測IC!$C17:D17) - 1} -> 0.1410388 | F8: {=PRODUCT(1 + 預測IC!$C17:E17) - 1} -> 0.15496352 | G8: {=PRODUCT(1 + 預測IC!$C17:F17) - 1} -> 0.20059048 | H8: {=PRODUCT(1 + 預測IC!$C17:G17) - 1} -> 0.29447961 | I8: {=PRODUCT(1 + 預測IC!$C17:H17) - 1} -> 0.21039246 | J8: {=PRODUCT(1 + 預測IC!$C17:I17) - 1} -> 0.20364441 | K8: {=PRODUCT(1 + 預測IC!$C17:J17) - 1} -> 0.20056501 | L8: {=PRODUCT(1 + 預測IC!$C17:K17) - 1} -> 0.16880213 | ... EG8: {=PRODUCT(1 + 預測IC!$C17:EF17) - 1} -> -0.16994012
C9: 107 | D9: 0.044674633 | E9: {=PRODUCT(1 + 預測IC!$C18:D18) - 1} -> 0.12126543 | F9: {=PRODUCT(1 + 預測IC!$C18:E18) - 1} -> 0.12611527 | G9: {=PRODUCT(1 + 預測IC!$C18:F18) - 1} -> 0.10098318 | H9: {=PRODUCT(1 + 預測IC!$C18:G18) - 1} -> 0.191253 | I9: {=PRODUCT(1 + 預測IC!$C18:H18) - 1} -> 0.12662201 | J9: {=PRODUCT(1 + 預測IC!$C18:I18) - 1} -> 0.096407102 | K9: {=PRODUCT(1 + 預測IC!$C18:J18) - 1} -> 0.10198681 | L9: {=PRODUCT(1 + 預測IC!$C18:K18) - 1} -> 0.032568385 | ... EG9: {=PRODUCT(1 + 預測IC!$C18:EF18) - 1} -> -0.14814267
C10: 120 | D10: 0.03774037 | E10: {=PRODUCT(1 + 預測IC!$C19:D19) - 1} -> 0.11525278 | F10: {=PRODUCT(1 + 預測IC!$C19:E19) - 1} -> 0.18297475 | G10: {=PRODUCT(1 + 預測IC!$C19:F19) - 1} -> 0.1764186 | H10: {=PRODUCT(1 + 預測IC!$C19:G19) - 1} -> 0.27128259 | I10: {=PRODUCT(1 + 預測IC!$C19:H19) - 1} -> 0.22140425 | J10: {=PRODUCT(1 + 預測IC!$C19:I19) - 1} -> 0.19231765 | K10: {=PRODUCT(1 + 預測IC!$C19:J19) - 1} -> 0.20474653 | L10: {=PRODUCT(1 + 預測IC!$C19:K19) - 1} -> 0.13470468 | ... EG10: {=PRODUCT(1 + 預測IC!$C19:EF19) - 1} -> -0.072383026
C11: 137 | D11: 0.023960674 | E11: {=PRODUCT(1 + 預測IC!$C20:D20) - 1} -> 0.086716391 | F11: {=PRODUCT(1 + 預測IC!$C20:E20) - 1} -> 0.14713146 | G11: {=PRODUCT(1 + 預測IC!$C20:F20) - 1} -> 0.13393954 | H11: {=PRODUCT(1 + 預測IC!$C20:G20) - 1} -> 0.18947029 | I11: {=PRODUCT(1 + 預測IC!$C20:H20) - 1} -> 0.14180173 | J11: {=PRODUCT(1 + 預測IC!$C20:I20) - 1} -> 0.11052719 | K11: {=PRODUCT(1 + 預測IC!$C20:J20) - 1} -> 0.13761208 | L11: {=PRODUCT(1 + 預測IC!$C20:K20) - 1} -> 0.085109165 | ... EG11: {=PRODUCT(1 + 預測IC!$C20:EF20) - 1} -> -0.22985595
C12: 160 | D12: 0.017692425 | E12: {=PRODUCT(1 + 預測IC!$C21:D21) - 1} -> 0.090929086 | F12: {=PRODUCT(1 + 預測IC!$C21:E21) - 1} -> 0.079440372 | G12: {=PRODUCT(1 + 預測IC!$C21:F21) - 1} -> 0.10197668 | H12: {=PRODUCT(1 + 預測IC!$C21:G21) - 1} -> 0.15410087 | I12: {=PRODUCT(1 + 預測IC!$C21:H21) - 1} -> 0.14971047 | J12: {=PRODUCT(1 + 預測IC!$C21:I21) - 1} -> 0.098253076 | K12: {=PRODUCT(1 + 預測IC!$C21:J21) - 1} -> 0.13914819 | L12: {=PRODUCT(1 + 預測IC!$C21:K21) - 1} -> 0.073599135 | ... EG12: {=PRODUCT(1 + 預測IC!$C21:EF21) - 1} -> -0.30946073
C13: 192 | D13: 0.036241182 | E13: {=PRODUCT(1 + 預測IC!$C22:D22) - 1} -> 0.10373894 | F13: {=PRODUCT(1 + 預測IC!$C22:E22) - 1} -> 0.093116903 | G13: {=PRODUCT(1 + 預測IC!$C22:F22) - 1} -> 0.14706381 | H13: {=PRODUCT(1 + 預測IC!$C22:G22) - 1} -> 0.21781103 | I13: {=PRODUCT(1 + 預測IC!$C22:H22) - 1} -> 0.22828631 | J13: {=PRODUCT(1 + 預測IC!$C22:I22) - 1} -> 0.22664555 | K13: {=PRODUCT(1 + 預測IC!$C22:J22) - 1} -> 0.24747956 | L13: {=PRODUCT(1 + 預測IC!$C22:K22) - 1} -> 0.18440137 | ... EG13: {=PRODUCT(1 + 預測IC!$C22:EF22) - 1} -> 0.61568427
C14: 241 | D14: -0.0088942129 | E14: {=PRODUCT(1 + 預測IC!$C23:D23) - 1} -> 0.054327875 | F14: {=PRODUCT(1 + 預測IC!$C23:E23) - 1} -> 0.04574519 | G14: {=PRODUCT(1 + 預測IC!$C23:F23) - 1} -> 0.0017400489 | H14: {=PRODUCT(1 + 預測IC!$C23:G23) - 1} -> -0.0063028916 | I14: {=PRODUCT(1 + 預測IC!$C23:H23) - 1} -> -0.01162887 | J14: {=PRODUCT(1 + 預測IC!$C23:I23) - 1} -> -0.0069453133 | K14: {=PRODUCT(1 + 預測IC!$C23:J23) - 1} -> 0.02565389 | L14: {=PRODUCT(1 + 預測IC!$C23:K23) - 1} -> -0.074227071 | ... EG14: {=PRODUCT(1 + 預測IC!$C23:EF23) - 1} -> 0.38852115
C15: 321 | D15: -0.13322237 | E15: {=PRODUCT(1 + 預測IC!$C24:D24) - 1} -> -0.084117664 | F15: {=PRODUCT(1 + 預測IC!$C24:E24) - 1} -> -0.073028826 | G15: {=PRODUCT(1 + 預測IC!$C24:F24) - 1} -> -0.10849182 | H15: {=PRODUCT(1 + 預測IC!$C24:G24) - 1} -> -0.17539593 | I15: {=PRODUCT(1 + 預測IC!$C24:H24) - 1} -> -0.17996334 | J15: {=PRODUCT(1 + 預測IC!$C24:I24) - 1} -> -0.16942893 | K15: {=PRODUCT(1 + 預測IC!$C24:J24) - 1} -> -0.14839425 | L15: {=PRODUCT(1 + 預測IC!$C24:K24) - 1} -> -0.14961358 | ... EG15: {=PRODUCT(1 + 預測IC!$C24:EF24) - 1} -> -0.60296384
C16: 482 | D16: -0.14698994 | E16: {=PRODUCT(1 + 預測IC!$C25:D25) - 1} -> -0.093365101 | F16: {=PRODUCT(1 + 預測IC!$C25:E25) - 1} -> 0.019677351 | G16: {=PRODUCT(1 + 預測IC!$C25:F25) - 1} -> 0.021689597 | H16: {=PRODUCT(1 + 預測IC!$C25:G25) - 1} -> 0.015613468 | I16: {=PRODUCT(1 + 預測IC!$C25:H25) - 1} -> -0.018677784 | J16: {=PRODUCT(1 + 預測IC!$C25:I25) - 1} -> 0.019411414 | K16: {=PRODUCT(1 + 預測IC!$C25:J25) - 1} -> 0.095892137 | L16: {=PRODUCT(1 + 預測IC!$C25:K25) - 1} -> 0.19051024 | ... EG16: {=PRODUCT(1 + 預測IC!$C25:EF25) - 1} -> -0.81209176
C17: 964 | D17: -0.25797045 | E17: {=PRODUCT(1 + 預測IC!$C26:D26) - 1} -> -0.16112801 | F17: {=PRODUCT(1 + 預測IC!$C26:E26) - 1} -> -0.2178714 | G17: {=PRODUCT(1 + 預測IC!$C26:F26) - 1} -> -0.18366066 | H17: {=PRODUCT(1 + 預測IC!$C26:G26) - 1} -> -0.098675264 | I17: {=PRODUCT(1 + 預測IC!$C26:H26) - 1} -> -0.22041281 | J17: {=PRODUCT(1 + 預測IC!$C26:I26) - 1} -> -0.30070002 | K17: {=PRODUCT(1 + 預測IC!$C26:J26) - 1} -> -0.086114708 | L17: {=PRODUCT(1 + 預測IC!$C26:K26) - 1} -> -0.070624207 | ... EG17: {=PRODUCT(1 + 預測IC!$C26:EF26) - 1} -> -0.85415664
C18: 大盤 | D18: -0.017446771 | E18: {=PRODUCT(1 + 預測IC!$C27:D27) - 1} -> 0.0028931233 | F18: {=PRODUCT(1 + 預測IC!$C27:E27) - 1} -> 0.026944636 | G18: {=PRODUCT(1 + 預測IC!$C27:F27) - 1} -> 0.020210365 | H18: {=PRODUCT(1 + 預測IC!$C27:G27) - 1} -> 0.052699097 | I18: {=PRODUCT(1 + 預測IC!$C27:H27) - 1} -> 0.088857766 | J18: {=PRODUCT(1 + 預測IC!$C27:I27) - 1} -> 0.079869319 | K18: {=PRODUCT(1 + 預測IC!$C27:J27) - 1} -> 0.093738646 | L18: {=PRODUCT(1 + 預測IC!$C27:K27) - 1} -> 0.037937714 | ... EG18: {=PRODUCT(1 + 預測IC!$C27:EF27) - 1} -> 1.3673442
C22: 等分 | D22: 2014/01 | E22: 2014/02 | F22: 2014/03 | G22: 2014/04 | H22: 2014/05 | I22: 2014/06 | J22: 2014/07 | K22: 2014/08 | L22: 2014/09 | M22: 2014/10 | N22: 2014/11 | O22: 2014/12 | P22: 2015/01 | Q22: 2015/02 | R22: 2015/03 | S22: 2015/04 | T22: 2015/05 | U22: 2015/06 | V22: 2015/07 | W22: 2015/08 | X22: 2015/09 | Y22: 2015/10 | Z22: 2015/11 | AA22: 2015/12 | AB22: 2016/01 | AC22: 2016/02 | AD22: 2016/03 | AE22: 2016/04 | AF22: 2016/05 | AG22: 2016/06 | AH22: 2016/07 | AI22: 2016/08 | AJ22: 2016/09 | AK22: 2016/10 | AL22: 2016/11 | AM22: 2016/12 | AN22: 2017/01 | AO22: 2017/02 | AP22: 2017/03 | AQ22: 2017/04 | AR22: 2017/05 | AS22: 2017/06 | AT22: 2017/07 | AU22: 2017/08 | AV22: 2017/09 | AW22: 2017/10 | AX22: 2017/11 | AY22: 2017/12 | AZ22: 2018/01 | BA22: 2018/02 | BB22: 2018/03 | BC22: 2018/04 | BD22: 2018/05 | BE22: 2018/06 | BF22: 2018/07 | BG22: 2018/08 | BH22: 2018/09 | BI22: 2018/10 | BJ22: 2018/11 | BK22: 2018/12 | BL22: 2019/01 | BM22: 2019/02 | BN22: 2019/03 | BO22: 2019/04 | BP22: 2019/05 | BQ22: 2019/06 | BR22: 2019/07 | BS22: 2019/08 | BT22: 2019/09 | BU22: 2019/10 | BV22: 2019/11 | BW22: 2019/12 | BX22: 2020/01 | BY22: 2020/02 | BZ22: 2020/03 | CA22: 2020/04 | CB22: 2020/05 | CC22: 2020/06 | CD22: 2020/07 | CE22: 2020/08 | CF22: 2020/09 | CG22: 2020/10 | CH22: 2020/11 | CI22: 2020/12 | CJ22: 2021/01 | CK22: 2021/02 | CL22: 2021/03 | CM22: 2021/04 | CN22: 2021/05 | CO22: 2021/06 | CP22: 2021/07 | CQ22: 2021/08 | CR22: 2021/09 | CS22: 2021/10 | CT22: 2021/11 | CU22: 2021/12 | CV22: 2022/01 | CW22: 2022/02 | CX22: 2022/03 | CY22: 2022/04 | CZ22: 2022/05 | DA22: 2022/06 | DB22: 2022/07 | DC22: 2022/08 | DD22: 2022/09 | DE22: 2022/10 | DF22: 2022/11 | DG22: 2022/12 | DH22: 2023/01 | DI22: 2023/02 | DJ22: 2023/03 | DK22: 2023/04 | DL22: 2023/05 | DM22: 2023/06 | DN22: 2023/07 | DO22: 2023/08 | DP22: 2023/09 | DQ22: 2023/10 | DR22: 2023/11 | DS22: 2023/12 | DT22: 2024/01 | DU22: 2024/02 | DV22: 2024/03 | DW22: 2024/04 | DX22: 2024/05 | DY22: 2024/06 | DZ22: 2024/07 | EA22: 2024/08 | EB22: 2024/09 | EC22: 2024/10 | ED22: 2024/11 | EE22: 2024/12 | EF22: 2025/01 | EG22: 2025/02
C23: 10 | D23: 0.019976135 | E23: 0.0073136969 | F23: -0.0054534247 | G23: 0.0031406351 | H23: -0.0055933524 | I23: 0.0059367758 | J23: -0.0010451085 | K23: 0.0072628752 | L23: 0.0092912523 | M23: -0.016314752 | N23: -0.022414989 | O23: -0.002886618 | P23: 0.017200471 | Q23: 0.018040049 | R23: 0.0015053175 | S23: 0.021553192 | T23: 0.057157035 | U23: 0.054501572 | V23: 0.048513646 | W23: 0.062536383 | X23: 0.061875132 | Y23: 0.14043893 | Z23: 0.11556742 | AA23: 0.13419086 | AB23: 0.11701351 | AC23: 0.1381783 | AD23: 0.14210342 | AE23: 0.13536821 | AF23: 0.14817301 | AG23: 0.14032259 | AH23: 0.12584341 | AI23: 0.14177685 | AJ23: 0.14319781 | AK23: 0.13413612 | AL23: 0.10877051 | AM23: 0.10278853 | AN23: 0.131561 | AO23: 0.10644279 | AP23: 0.11933266 | AQ23: 0.10237485 | AR23: 0.10279527 | AS23: 0.10876597 | AT23: 0.11502218 | AU23: 0.10864083 | AV23: 0.11196129 | AW23: 0.10516048 | AX23: 0.093718223 | AY23: 0.059111233 | AZ23: 0.076840077 | BA23: 0.076027038 | BB23: 0.051785677 | BC23: 0.044072293 | BD23: 0.049836178 | BE23: 0.03420152 | BF23: 0.026730978 | BG23: 0.04760603 | BH23: 0.073650107 | BI23: 0.12042991 | BJ23: 0.080669772 | BK23: 0.04396036 | BL23: 0.05427076 | BM23: 0.037233813 | BN23: 0.039417642 | BO23: 0.037403079 | BP23: 0.0088524475 | BQ23: 0.02000327 | BR23: 0.011094132 | BS23: -0.0091201091 | BT23: -0.025711571 | BU23: -0.061022143 | BV23: -0.073005534 | BW23: -0.041674425 | BX23: -0.027925088 | BY23: -0.026718484 | BZ23: -0.04684743 | CA23: -0.079924332 | CB23: -0.081216335 | CC23: -0.080875482 | CD23: -0.064875848 | CE23: -0.086986234 | CF23: -0.056421498 | CG23: -0.068929566 | CH23: -0.073886232 | CI23: -0.056531171 | CJ23: -0.061645276 | CK23: -0.057527213 | CL23: -0.04683648 | CM23: -0.089264863 | CN23: -0.11335817 | CO23: -0.13274331 | CP23: -0.10058352 | CQ23: -0.12070647 | CR23: -0.10901418 | CS23: -0.13422427 | CT23: -0.1528458 | CU23: -0.15934461 | CV23: -0.14443264 | CW23: -0.16760977 | CX23: -0.17339946 | CY23: -0.17613567 | CZ23: -0.17342495 | DA23: -0.17434645 | DB23: -0.17677038 | DC23: -0.18174057 | DD23: -0.13495213 | DE23: -0.16002053 | DF23: -0.17364353 | DG23: -0.16929982 | DH23: -0.17533441 | DI23: -0.17985105 | DJ23: -0.19415977 | DK23: -0.17448318 | DL23: -0.17784097 | DM23: -0.18264787 | DN23: -0.21387689 | DO23: -0.2059621 | DP23: -0.21672018 | DQ23: -0.1980004 | DR23: -0.18840436 | DS23: -0.19350035 | DT23: -0.19445087 | DU23: -0.15414864 | DV23: -0.12723897 | DW23: -0.133161 | DX23: -0.12066827 | DY23: -0.13993086 | DZ23: -0.1499147 | EA23: -0.14187368 | EB23: -0.15110562 | EC23: -0.15059759 | ED23: -0.15961745 | EE23: -0.17149558 | EF23: -0.16303573 | EG23: -0.14724629
C24: 20 | D24: 0.05909992 | E24: 0.073273711 | F24: 0.073294363 | G24: 0.035330764 | H24: 0.0085669805 | I24: 0.014721715 | J24: 0.011626453 | K24: 0.042700126 | L24: 0.032855718 | M24: -0.044007116 | N24: -0.035210792 | O24: 0.021808174 | P24: 0.060075006 | Q24: 0.065836449 | R24: 0.062429793 | S24: 0.12320726 | T24: 0.19298359 | U24: 0.19715988 | V24: 0.16150309 | W24: 0.19593434 | X24: 0.19413404 | Y24: 0.28745965 | Z24: 0.27423295 | AA24: 0.31247196 | AB24: 0.28545206 | AC24: 0.29121979 | AD24: 0.30871167 | AE24: 0.26417073 | AF24: 0.30950447 | AG24: 0.3113957 | AH24: 0.29523817 | AI24: 0.31339137 | AJ24: 0.33428176 | AK24: 0.33111261 | AL24: 0.32533368 | AM24: 0.34062144 | AN24: 0.3965626 | AO24: 0.37105615 | AP24: 0.37266895 | AQ24: 0.35272917 | AR24: 0.39207292 | AS24: 0.39036015 | AT24: 0.41670256 | AU24: 0.38530773 | AV24: 0.42588447 | AW24: 0.42005849 | AX24: 0.41876766 | AY24: 0.41452205 | AZ24: 0.50200861 | BA24: 0.48359558 | BB24: 0.45722349 | BC24: 0.46251944 | BD24: 0.50019665 | BE24: 0.50397776 | BF24: 0.52139427 | BG24: 0.56893569 | BH24: 0.62398882 | BI24: 0.697918 | BJ24: 0.62474629 | BK24: 0.58801372 | BL24: 0.61945688 | BM24: 0.59907211 | BN24: 0.61831319 | BO24: 0.56617467 | BP24: 0.52011742 | BQ24: 0.56197297 | BR24: 0.55549961 | BS24: 0.50571006 | BT24: 0.46803423 | BU24: 0.41782093 | BV24: 0.40017779 | BW24: 0.43133915 | BX24: 0.44021691 | BY24: 0.43776075 | BZ24: 0.38228834 | CA24: 0.32670053 | CB24: 0.31438308 | CC24: 0.36581878 | CD24: 0.39315848 | CE24: 0.31701138 | CF24: 0.32055353 | CG24: 0.30011848 | CH24: 0.33464106 | CI24: 0.34482853 | CJ24: 0.37060882 | CK24: 0.38926535 | CL24: 0.42521666 | CM24: 0.34373398 | CN24: 0.30715535 | CO24: 0.23328023 | CP24: 0.30013912 | CQ24: 0.24579722 | CR24: 0.23929757 | CS24: 0.16597732 | CT24: 0.12874953 | CU24: 0.095497029 | CV24: 0.12128917 | CW24: 0.06780777 | CX24: 0.040272129 | CY24: 0.023439069 | CZ24: 0.033912454 | DA24: 0.032301465 | DB24: 0.042517703 | DC24: 0.017698051 | DD24: 0.069185536 | DE24: 0.029774678 | DF24: -0.00038809342 | DG24: -0.015608397 | DH24: -0.024367394 | DI24: -0.0078835912 | DJ24: -0.023107773 | DK24: 0.010939233 | DL24: 0.025376409 | DM24: 0.012217524 | DN24: -0.032078262 | DO24: -0.035765965 | DP24: -0.057139207 | DQ24: -0.010614491 | DR24: 0.020470513 | DS24: 0.01803607 | DT24: 0.014135364 | DU24: 0.063361878 | DV24: 0.10170726 | DW24: 0.11756701 | DX24: 0.16834998 | DY24: 0.12997993 | DZ24: 0.11669935 | EA24: 0.10968018 | EB24: 0.097223811 | EC24: 0.079697382 | ED24: 0.065848431 | EE24: 0.069129224 | EF24: 0.08034977 | EG24: 0.082353457
C25: 50 | D25: 0.055126982 | E25: 0.074787551 | F25: 0.10865989 | G25: 0.11204827 | H25: 0.14342011 | I25: 0.12077515 | J25: 0.12386774 | K25: 0.16258902 | L25: 0.17848043 | M25: 0.20305605 | N25: 0.23689552 | O25: 0.30508183 | P25: 0.30914084 | Q25: 0.29453686 | R25: 0.2837748 | S25: 0.3620167 | T25: 0.47709309 | U25: 0.46796457 | V25: 0.39750057 | W25: 0.4435315 | X25: 0.39818261 | Y25: 0.5488841 | Z25: 0.52951701 | AA25: 0.60110244 | AB25: 0.53851953 | AC25: 0.51646184 | AD25: 0.57723506 | AE25: 0.53199208 | AF25: 0.66633846 | AG25: 0.70407378 | AH25: 0.72472867 | AI25: 0.77333748 | AJ25: 0.71679335 | AK25: 0.76279779 | AL25: 0.77113794 | AM25: 0.7444516 | AN25: 0.88072441 | AO25: 0.89233305 | AP25: 0.97445082 | AQ25: 0.7856748 | AR25: 0.8619169 | AS25: 0.84203595 | AT25: 0.91508107 | AU25: 0.73753087 | AV25: 0.76852619 | AW25: 0.71014167 | AX25: 0.75115788 | AY25: 0.71360018 | AZ25: 0.82170144 | BA25: 0.74899509 | BB25: 0.7959767 | BC25: 0.73958456 | BD25: 0.68001754 | BE25: 0.72171664 | BF25: 0.8262697 | BG25: 0.93336281 | BH25: 0.93030827 | BI25: 1.0432669 | BJ25: 0.92877429 | BK25: 0.96592788 | BL25: 1.0366113 | BM25: 1.0261993 | BN25: 1.1009358 | BO25: 0.99053955 | BP25: 0.81028802 | BQ25: 0.86936432 | BR25: 0.83927545 | BS25: 0.70389457 | BT25: 0.63851832 | BU25: 0.50309795 | BV25: 0.50262105 | BW25: 0.51030854 | BX25: 0.51187239 | BY25: 0.49623965 | BZ25: 0.35867138 | CA25: 0.36886676 | CB25: 0.22575436 | CC25: 0.25391182 | CD25: 0.27802559 | CE25: 0.12256157 | CF25: 0.057254009 | CG25: 0.06672492 | CH25: 0.1182209 | CI25: 0.14285897 | CJ25: 0.18114635 | CK25: 0.22296732 | CL25: 0.1622848 | CM25: 0.15383598 | CN25: 0.10253381 | CO25: 0.042945079 | CP25: 0.11564308 | CQ25: 0.074966796 | CR25: 0.09343281 | CS25: -0.029295057 | CT25: -0.052167431 | CU25: -0.087667609 | CV25: -0.090898778 | CW25: -0.11742948 | CX25: -0.13481933 | CY25: -0.17618712 | CZ25: -0.16307746 | DA25: -0.18111569 | DB25: -0.11935086 | DC25: -0.14158043 | DD25: -0.09946569 | DE25: -0.17997826 | DF25: -0.18041472 | DG25: -0.20881306 | DH25: -0.22978881 | DI25: -0.22050792 | DJ25: -0.13820319 | DK25: -0.054511702 | DL25: -0.057350596 | DM25: -0.10721426 | DN25: -0.17397419 | DO25: -0.15153637 | DP25: -0.15461591 | DQ25: -0.061279636 | DR25: -0.029957192 | DS25: -0.038402278 | DT25: -0.03091371 | DU25: 0.0020941359 | DV25: 0.028110335 | DW25: 0.067482286 | DX25: 0.12293467 | DY25: 0.054025257 | DZ25: 0.05334828 | EA25: 0.080163709 | EB25: 0.073167772 | EC25: 0.058255003 | ED25: 0.069619227 | EE25: 0.10923031 | EF25: 0.13597047 | EG25: 0.1463496
C26: 100 | D26: 0.06684249 | E26: 0.1410388 | F26: 0.15496352 | G26: 0.20059048 | H26: 0.29447961 | I26: 0.21039246 | J26: 0.20364441 | K26: 0.20056501 | L26: 0.16880213 | M26: 0.16757371 | N26: 0.21699877 | O26: 0.298346 | P26: 0.35172493 | Q26: 0.39596799 | R26: 0.4176939 | S26: 0.53960152 | T26: 0.4525299 | U26: 0.48980262 | V26: 0.38475226 | W26: 0.42550656 | X26: 0.41555934 | Y26: 0.60793558 | Z26: 0.57197461 | AA26: 0.67708769 | AB26: 0.63408497 | AC26: 0.67777745 | AD26: 0.70360182 | AE26: 0.6080964 | AF26: 0.85158316 | AG26: 0.88380041 | AH26: 0.8568007 | AI26: 0.9172305 | AJ26: 0.79130774 | AK26: 0.8428231 | AL26: 0.9213646 | AM26: 0.76281705 | AN26: 0.91541953 | AO26: 1.0308643 | AP26: 1.0049985 | AQ26: 0.71881625 | AR26: 0.86799064 | AS26: 0.73156688 | AT26: 0.74317043 | AU26: 0.62687834 | AV26: 0.54334686 | AW26: 0.4621119 | AX26: 0.37030126 | AY26: 0.46803472 | AZ26: 0.66701981 | BA26: 0.45754346 | BB26: 0.5618452 | BC26: 0.35132193 | BD26: 0.26134585 | BE26: 0.2451698 | BF26: 0.29268962 | BG26: 0.3755601 | BH26: 0.47384289 | BI26: 0.6041282 | BJ26: 0.49405315 | BK26: 0.51982638 | BL26: 0.57107684 | BM26: 0.56823238 | BN26: 0.64809469 | BO26: 0.62568754 | BP26: 0.47196356 | BQ26: 0.54167023 | BR26: 0.52762778 | BS26: 0.39840735 | BT26: 0.3140779 | BU26: 0.27779421 | BV26: 0.23131108 | BW26: 0.15415072 | BX26: 0.25117488 | BY26: 0.26333082 | BZ26: 0.13787638 | CA26: 0.1765966 | CB26: 0.006472262 | CC26: 0.0090254879 | CD26: -0.014740275 | CE26: -0.033184335 | CF26: -0.14841931 | CG26: -0.15868965 | CH26: -0.077281706 | CI26: -0.11580678 | CJ26: -0.17648717 | CK26: -0.16013874 | CL26: -0.2071715 | CM26: -0.11327073 | CN26: -0.15796236 | CO26: -0.30782705 | CP26: -0.25113944 | CQ26: -0.30223742 | CR26: -0.3083107 | CS26: -0.36317245 | CT26: -0.37072275 | CU26: -0.38826896 | CV26: -0.34995906 | CW26: -0.37701224 | CX26: -0.38353497 | CY26: -0.3954862 | CZ26: -0.38247369 | DA26: -0.38103525 | DB26: -0.29420725 | DC26: -0.33367246 | DD26: -0.29075194 | DE26: -0.36128947 | DF26: -0.37644549 | DG26: -0.39992752 | DH26: -0.43404853 | DI26: -0.40833772 | DJ26: -0.38850117 | DK26: -0.36055653 | DL26: -0.38451375 | DM26: -0.39609058 | DN26: -0.45598466 | DO26: -0.437131 | DP26: -0.45840317 | DQ26: -0.4141859 | DR26: -0.41223294 | DS26: -0.40834746 | DT26: -0.39796745 | DU26: -0.40037263 | DV26: -0.37334795 | DW26: -0.3569192 | DX26: -0.31901823 | DY26: -0.37944221 | DZ26: -0.34579815 | EA26: -0.30595996 | EB26: -0.30833887 | EC26: -0.2763779 | ED26: -0.26400096 | EE26: -0.20267189 | EF26: -0.17602862 | EG26: -0.16994012
C27: 192 | D27: 0.036241182 | E27: 0.10373894 | F27: 0.093116903 | G27: 0.14706381 | H27: 0.21781103 | I27: 0.22828631 | J27: 0.22664555 | K27: 0.24747956 | L27: 0.18440137 | M27: 0.25952786 | N27: 0.41990367 | O27: 0.47136265 | P27: 0.46656003 | Q27: 0.52534073 | R27: 0.44923117 | S27: 0.63906178 | T27: 0.3652726 | U27: 0.50566389 | V27: 0.41175005 | W27: 0.47909704 | X27: 0.45152006 | Y27: 0.72080289 | Z27: 0.57481913 | AA27: 0.65741299 | AB27: 0.80718853 | AC27: 0.77212296 | AD27: 0.8066562 | AE27: 0.81304699 | AF27: 1.2292458 | AG27: 1.3720506 | AH27: 1.3405177 | AI27: 1.4770832 | AJ27: 1.1089255 | AK27: 1.199214 | AL27: 1.2068171 | AM27: 0.96130558 | AN27: 1.0523328 | AO27: 1.2045866 | AP27: 1.091413 | AQ27: 0.60307563 | AR27: 0.78458147 | AS27: 0.55310178 | AT27: 0.60506572 | AU27: 0.40190599 | AV27: 0.22618065 | AW27: 0.13999582 | AX27: 0.14469707 | AY27: 0.50388903 | AZ27: 0.88770627 | BA27: 0.79499426 | BB27: 0.85611045 | BC27: 0.58664112 | BD27: 0.50512103 | BE27: 0.58247215 | BF27: 0.61560367 | BG27: 0.76942576 | BH27: 1.1169655 | BI27: 1.288791 | BJ27: 1.3681473 | BK27: 1.5015932 | BL27: 1.5942267 | BM27: 1.7325294 | BN27: 1.8135861 | BO27: 1.7971466 | BP27: 1.599081 | BQ27: 1.8001018 | BR27: 1.7151264 | BS27: 1.2060032 | BT27: 0.81676793 | BU27: 0.67005805 | BV27: 0.74332432 | BW27: 0.64444901 | BX27: 0.87539565 | BY27: 0.96943597 | BZ27: 0.87444293 | CA27: 0.71894211 | CB27: 0.36137889 | CC27: 0.33819544 | CD27: 0.32001392 | CE27: 0.30356299 | CF27: 0.31164108 | CG27: 0.2532453 | CH27: 0.50319225 | CI27: 0.29875115 | CJ27: 0.39753015 | CK27: 0.56528186 | CL27: 0.38115339 | CM27: 0.4008523 | CN27: 0.17105189 | CO27: -0.055942096 | CP27: 0.12479111 | CQ27: 0.093412312 | CR27: 0.044376795 | CS27: -0.12816255 | CT27: -0.22956022 | CU27: -0.29265141 | CV27: -0.21090246 | CW27: -0.24300533 | CX27: -0.24886009 | CY27: -0.25483622 | CZ27: -0.25913911 | DA27: -0.26107032 | DB27: -0.11806255 | DC27: -0.10483806 | DD27: -0.071817381 | DE27: -0.15714297 | DF27: -0.17982317 | DG27: -0.24706632 | DH27: -0.26590685 | DI27: -0.23999524 | DJ27: -0.2052056 | DK27: -0.1613761 | DL27: -0.27596244 | DM27: -0.27017287 | DN27: -0.32336985 | DO27: -0.20631423 | DP27: -0.3017265 | DQ27: -0.26777168 | DR27: -0.25310972 | DS27: -0.21434817 | DT27: -0.15248185 | DU27: -0.10561894 | DV27: 0.040367229 | DW27: 0.099138871 | DX27: 0.14929817 | DY27: -0.091816681 | DZ27: 0.037379711 | EA27: 0.11078202 | EB27: 0.15403677 | EC27: 0.19784229 | ED27: 0.33116268 | EE27: 0.60962752 | EF27: 0.71207883 | EG27: 0.61568427
C28: 964 | D28: -0.25797045 | E28: -0.16112801 | F28: -0.2178714 | G28: -0.18366066 | H28: -0.098675264 | I28: -0.22041281 | J28: -0.30070002 | K28: -0.086114708 | L28: -0.070624207 | M28: -0.12780091 | N28: 0.17303577 | O28: -0.12957279 | P28: -0.18479247 | Q28: -0.014374053 | R28: -0.038356403 | S28: 0.24223307 | T28: -0.0044842175 | U28: 0.10891103 | V28: -0.07871326 | W28: 0.13376108 | X28: 0.033305648 | Y28: 0.71132051 | Z28: 0.68698329 | AA28: 1.2278614 | AB28: 1.3555757 | AC28: 0.90378142 | AD28: 0.71183155 | AE28: 0.63576336 | AF28: 0.98116727 | AG28: 0.86570493 | AH28: 0.28506552 | AI28: 0.44350556 | AJ28: 0.071456456 | AK28: 0.20725127 | AL28: 0.4552445 | AM28: 0.35913689 | AN28: 0.57420571 | AO28: 0.71908293 | AP28: 0.15197375 | AQ28: 0.084606393 | AR28: 0.061637458 | AS28: -0.38650549 | AT28: -0.27367655 | AU28: -0.90548984 | AV28: -0.92767761 | AW28: -0.93550012 | AX28: -0.9280406 | AY28: -0.90842697 | AZ28: -0.85317545 | BA28: -0.86219175 | BB28: -0.92171981 | BC28: -0.92857198 | BD28: -0.9191499 | BE28: -0.90426956 | BF28: -0.89765056 | BG28: -0.92269349 | BH28: -0.87905902 | BI28: -0.85384968 | BJ28: -0.8704256 | BK28: -0.89101995 | BL28: -0.88032493 | BM28: -0.88821663 | BN28: -0.89310447 | BO28: -0.89587008 | BP28: -0.90982019 | BQ28: -0.88106347 | BR28: -0.8861736 | BS28: -0.90314575 | BT28: -0.90316611 | BU28: -0.90534141 | BV28: -0.92150335 | BW28: -0.91212774 | BX28: -0.91339414 | BY28: -0.90427499 | BZ28: -0.87507919 | CA28: -0.88904426 | CB28: -0.88882402 | CC28: -0.90009027 | CD28: -0.92095336 | CE28: -0.92116865 | CF28: -0.9118712 | CG28: -0.91345051 | CH28: -0.91593292 | CI28: -0.92428005 | CJ28: -0.89440053 | CK28: -0.85817223 | CL28: -0.8650842 | CM28: -0.8819043 | CN28: -0.90763119 | CO28: -0.947436 | CP28: -0.91747815 | CQ28: -0.89553105 | CR28: -0.92257649 | CS28: -0.93004344 | CT28: -0.94021274 | CU28: -0.93582795 | CV28: -0.92808194 | CW28: -0.93838273 | CX28: -0.94066512 | CY28: -0.94003382 | CZ28: -0.93268785 | DA28: -0.9455342 | DB28: -0.94432141 | DC28: -0.92979407 | DD28: -0.93331457 | DE28: -0.94321434 | DF28: -0.94243463 | DG28: -0.95292299 | DH28: -0.95967516 | DI28: -0.95744277 | DJ28: -0.96549663 | DK28: -0.96420703 | DL28: -0.9707906 | DM28: -0.97021566 | DN28: -0.97156709 | DO28: -0.95287902 | DP28: -0.95364727 | DQ28: -0.96110723 | DR28: -0.95986939 | DS28: -0.94535201 | DT28: -0.92767601 | DU28: -0.91341066 | DV28: -0.88021369 | DW28: -0.88110219 | DX28: -0.79784037 | DY28: -0.89268129 | DZ28: -0.92026948 | EA28: -0.90378057 | EB28: -0.89524528 | EC28: -0.87619767 | ED28: -0.86982992 | EE28: -0.85638627 | EF28: -0.84846092 | EG28: -0.85415664
C29: 大盤 | D29: -0.017446771 | E29: 0.0028931233 | F29: 0.026944636 | G29: 0.020210365 | H29: 0.052699097 | I29: 0.088857766 | J29: 0.079869319 | K29: 0.093738646 | L29: 0.037937714 | M29: 0.038844813 | N29: 0.063142952 | O29: 0.076952086 | P29: 0.083257197 | Q29: 0.11295275 | R29: 0.10882043 | S29: 0.13551707 | T29: 0.12167509 | U29: 0.077088976 | V29: -0.0017059521 | W29: -0.059866793 | X29: -0.05914026 | Y29: -0.017185893 | Z29: -0.04440953 | AA29: -0.042407562 | AB29: -0.064815753 | AC29: -0.034768871 | AD29: 0.0027817794 | AE29: -0.040202845 | AF29: -0.02230532 | AG29: -0.007415257 | AH29: 0.028334274 | AI29: 0.037953942 | AJ29: 0.049110132 | AK29: 0.063123887 | AL29: 0.057454516 | AM29: 0.058917119 | AN29: 0.080938284 | AO29: 0.11500697 | AP29: 0.12196653 | AQ29: 0.12886131 | AR29: 0.1479914 | AS29: 0.18780699 | AT29: 0.19148751 | AU29: 0.20945675 | AV29: 0.18617325 | AW29: 0.23209181 | AX29: 0.20516204 | AY29: 0.21453133 | AZ29: 0.26602411 | BA29: 0.23271632 | BB29: 0.24451557 | BC29: 0.21433639 | BD29: 0.23882151 | BE29: 0.23447944 | BF29: 0.25935659 | BG29: 0.2600887 | BH29: 0.25351141 | BI29: 0.10826484 | BJ29: 0.1179347 | BK29: 0.099625989 | BL29: 0.1225426 | BM29: 0.17302994 | BN29: 0.20112905 | BO29: 0.23745012 | BP29: 0.18334151 | BQ29: 0.20924423 | BR29: 0.2196769 | BS29: 0.1962677 | BT29: 0.2198762 | BU29: 0.27805738 | BV29: 0.2926973 | BW29: 0.34857882 | BX29: 0.29093054 | BY29: 0.2679374 | BZ29: 0.076284733 | CA29: 0.20998513 | CB29: 0.20447092 | CC29: 0.27699361 | CD29: 0.38680489 | CE29: 0.37874966 | CF29: 0.37042015 | CG29: 0.37378087 | CH29: 0.49692144 | CI29: 0.60319198 | CJ29: 0.64675174 | CK29: 0.73315421 | CL29: 0.78424874 | CM29: 0.90348131 | CN29: 0.84871391 | CO29: 0.92166881 | CP29: 0.86588068 | CQ29: 0.89197294 | CR29: 0.83090579 | CS29: 0.83658815 | CT29: 0.88358985 | CU29: 0.96720595 | CV29: 0.90752297 | CW29: 0.90512335 | CX29: 0.9095744 | CY29: 0.78685724 | CZ29: 0.80992517 | DA29: 0.58282102 | DB29: 0.60132527 | DC29: 0.61147422 | DD29: 0.42243967 | DE29: 0.37121637 | DF29: 0.56169383 | DG29: 0.48182333 | DH29: 0.59552578 | DI29: 0.62027044 | DJ29: 0.65789923 | DK29: 0.62743886 | DL29: 0.72866395 | DM29: 0.76340716 | DN29: 0.78721129 | DO29: 0.73314419 | DP29: 0.70364117 | DQ29: 0.66652134 | DR29: 0.80941825 | DS29: 0.86027511 | DT29: 0.8559906 | DU29: 0.96451259 | DV29: 1.0974294 | DW29: 1.1079602 | DX29: 1.186832 | DY29: 1.3707686 | DZ29: 1.2834475 | EA29: 1.2905073 | EB29: 1.2860233 | EC29: 1.3465094 | ED29: 1.2884274 | EE29: 1.3664982 | EF29: 1.4163413 | EG29: 1.3673442

Sheet 預測LightGBM夏普比率
A12: 投資組合 | C12: 公司數 | D12: 964
A13: 等分 | B13: 家數 | C13: 2014/01 | D13: 2014/02 | E13: 2014/03 | F13: 2014/04 | G13: 2014/05 | H13: 2014/06 | I13: 2014/07 | J13: 2014/08 | K13: 2014/09 | L13: 2014/10 | M13: 2014/11 | N13: 2014/12 | O13: 2015/01 | P13: 2015/02 | Q13: 2015/03 | R13: 2015/04 | S13: 2015/05 | T13: 2015/06 | U13: 2015/07 | V13: 2015/08 | W13: 2015/09 | X13: 2015/10 | Y13: 2015/11 | Z13: 2015/12 | AA13: 2016/01 | AB13: 2016/02 | AC13: 2016/03 | AD13: 2016/04 | AE13: 2016/05 | AF13: 2016/06 | AG13: 2016/07 | AH13: 2016/08 | AI13: 2016/09 | AJ13: 2016/10 | AK13: 2016/11 | AL13: 2016/12 | AM13: 2017/01 | AN13: 2017/02 | AO13: 2017/03 | AP13: 2017/04 | AQ13: 2017/05 | AR13: 2017/06 | AS13: 2017/07 | AT13: 2017/08 | AU13: 2017/09 | AV13: 2017/10 | AW13: 2017/11 | AX13: 2017/12 | AY13: 2018/01 | AZ13: 2018/02 | BA13: 2018/03 | BB13: 2018/04 | BC13: 2018/05 | BD13: 2018/06 | BE13: 2018/07 | BF13: 2018/08 | BG13: 2018/09 | BH13: 2018/10 | BI13: 2018/11 | BJ13: 2018/12 | BK13: 2019/01 | BL13: 2019/02 | BM13: 2019/03 | BN13: 2019/04 | BO13: 2019/05 | BP13: 2019/06 | BQ13: 2019/07 | BR13: 2019/08 | BS13: 2019/09 | BT13: 2019/10 | BU13: 2019/11 | BV13: 2019/12 | BW13: 2020/01 | BX13: 2020/02 | BY13: 2020/03 | BZ13: 2020/04 | CA13: 2020/05 | CB13: 2020/06 | CC13: 2020/07 | CD13: 2020/08 | CE13: 2020/09 | CF13: 2020/10 | CG13: 2020/11 | CH13: 2020/12 | CI13: 2021/01 | CJ13: 2021/02 | CK13: 2021/03 | CL13: 2021/04 | CM13: 2021/05 | CN13: 2021/06 | CO13: 2021/07 | CP13: 2021/08 | CQ13: 2021/09 | CR13: 2021/10 | CS13: 2021/11 | CT13: 2021/12 | CU13: 2022/01 | CV13: 2022/02 | CW13: 2022/03 | CX13: 2022/04 | CY13: 2022/05 | CZ13: 2022/06 | DA13: 2022/07 | DB13: 2022/08 | DC13: 2022/09 | DD13: 2022/10 | DE13: 2022/11 | DF13: 2022/12 | DG13: 2023/01 | DH13: 2023/02 | DI13: 2023/03 | DJ13: 2023/04 | DK13: 2023/05 | DL13: 2023/06 | DM13: 2023/07 | DN13: 2023/08 | DO13: 2023/09 | DP13: 2023/10 | DQ13: 2023/11 | DR13: 2023/12 | DS13: 2024/01 | DT13: 2024/02 | DU13: 2024/03 | DV13: 2024/04 | DW13: 2024/05 | DX13: 2024/06 | DY13: 2024/07 | DZ13: 2024/08 | EA13: 2024/09 | EB13: 2024/10 | EC13: 2024/11 | ED13: 2024/12 | EE13: 2025/01 | EF13: 2025/02 | EG13: 平均值 | EH13: 標準差 | EI13: 夏普比率
A14: 10 | B14: 96 | C14: 0.019976135 | D14: -0.012414446 | E14: -0.012674425 | F14: 0.0086411838 | G14: -0.0087066431 | H14: 0.011594983 | I14: -0.006940679 | J14: 0.0083166755 | K14: 0.0020137515 | L14: -0.025370282 | M14: -0.0062014112 | N14: 0.019976135 | O14: 0.020145241 | P14: 0.0008253807 | Q14: -0.016241729 | R14: 0.020017741 | S14: 0.034852657 | T14: -0.0025118914 | U14: -0.0056784412 | V14: 0.013373919 | W14: -0.00062233287 | X14: 0.073985909 | Y14: -0.021808715 | Z14: 0.016694136 | AA14: -0.015145026 | AB14: 0.018947661 | AC14: 0.003448596 | AD14: -0.0058971959 | AE14: 0.011278102 | AF14: -0.0068373085 | AG14: -0.012697441 | AH14: 0.01415244 | AI14: 0.0012445161 | AJ14: -0.0079266116 | AK14: -0.022365576 | AL14: -0.0053951526 | AM14: 0.026090654 | AN14: -0.022197838 | AO14: 0.011649826 | AP14: -0.015149931 | AQ14: 0.00038138395 | AR14: 0.0054141448 | AS14: 0.0056424991 | AT14: -0.0057230721 | AU14: 0.0029950721 | AV14: -0.0061160462 | AW14: -0.01035348 | AX14: -0.031641595 | AY14: 0.016739359 | AZ14: -0.00075502252 | BA14: -0.02252858 | BB14: -0.007333608 | BC14: 0.0055205804 | BD14: -0.014892474 | BE14: -0.007223487 | BF14: 0.020331569 | BG14: 0.024860565 | BH14: 0.043570809 | BI14: -0.035486503 | BJ14: -0.03396913 | BK14: 0.0098762365 | BL14: -0.016159935 | BM14: 0.0021054352 | BN14: -0.0019381649 | BO14: -0.027521252 | BP14: 0.011052976 | BQ14: -0.0087344207 | BR14: -0.019992442 | BS14: -0.016744171 | BT14: -0.036242421 | BU14: -0.012762166 | BV14: 0.033798594 | BW14: 0.01434725 | BX14: 0.0012412669 | BY14: -0.020681525 | BZ14: -0.034702631 | CA14: -0.0014042361 | CB14: 0.00037098284 | CC14: 0.017407472 | CD14: -0.023644332 | CE14: 0.033476752 | CF14: -0.013255991 | CG14: -0.005323621 | CH14: 0.018739664 | CI14: -0.0054205337 | CJ14: 0.004388599 | CK14: 0.01134328 | CL14: -0.044513226 | CM14: -0.026454786 | CN14: -0.021863562 | CO14: 0.037082214 | CP14: -0.022373345 | CQ14: 0.013297365 | CR14: -0.028294594 | CS14: -0.021508495 | CT14: -0.007671344 | CU14: 0.017738503 | CV14: -0.027089773 | CW14: -0.0069554993 | CX14: -0.0033101942 | CY14: 0.0032902421 | CZ14: -0.0011148339 | DA14: -0.0029357749 | DB14: -0.006037428 | DC14: 0.057180441 | DD14: -0.028979196 | DE14: -0.016218256 | DF14: 0.0052564625 | DG14: -0.0072644719 | DH14: -0.0054769258 | DI14: -0.017446498 | DJ14: 0.024417494 | DK14: -0.0040675028 | DL14: -0.0058466782 | DM14: -0.038207555 | DN14: 0.01006813 | DO14: -0.013548571 | DP14: 0.023899224 | DQ14: 0.011965151 | DR14: -0.0062789819 | DS14: -0.0011785772 | DT14: 0.050030753 | DU14: 0.031813717 | DV14: -0.0067854009 | DW14: 0.014411829 | DX14: -0.021905944 | DY14: -0.011608185 | DZ14: 0.0094590731 | EA14: -0.010758255 | EB14: 0.00059846779 | EC14: -0.010619071 | ED14: -0.014134192 | EE14: 0.010210984 | EF14: 0.01886514 | EG14: =AVERAGE(C14:EF14) -> -0.00099526648 | EH14: =STDEV(C14:EF14) -> 0.019775933 | EI14: =EG14/EH14 -> -0.050327158
A15: 20 | B15: 48 | C15: 0.05909992 | D15: 0.013382864 | E15: 1.9241929e-05 | F15: -0.035371097 | G15: -0.025850467 | H15: 0.0061024546 | I15: -0.0030503553 | J15: 0.030716548 | K15: -0.0094412648 | L15: -0.074417784 | M15: 0.0092012443 | N15: 0.05909992 | O15: 0.037450114 | P15: 0.0054349389 | Q15: -0.0031962278 | R15: 0.057206098 | S15: 0.062122405 | T15: 0.0035007098 | U15: -0.029784483 | V15: 0.029643698 | W15: -0.0015053504 | X15: 0.078153378 | Y15: -0.010273485 | Z15: 0.030009435 | AA15: -0.020587033 | AB15: 0.0044869316 | AC15: 0.013546781 | AD15: -0.034034187 | AE15: 0.035860456 | AF15: 0.0014442323 | AG15: -0.012320864 | AH15: 0.014015337 | AI15: 0.015905682 | AJ15: -0.0023751696 | AK15: -0.0043414316 | AL15: 0.011535027 | AM15: 0.041727786 | AN15: -0.018263735 | AO15: 0.0011763199 | AP15: -0.014526287 | AQ15: 0.029084725 | AR15: -0.0012303733 | AS15: 0.018946462 | AT15: -0.022160497 | AU15: 0.029290779 | AV15: -0.0040858745 | AW15: -0.00090899555 | AX15: -0.0029924602 | AY15: 0.061848849 | AZ15: -0.012258941 | BA15: -0.017775796 | BB15: 0.0036342754 | BC15: 0.025761857 | BD15: 0.0025204041 | BE15: 0.0115803 | BF15: 0.031248585 | BG15: 0.035089478 | BH15: 0.045523208 | BI15: -0.043094963 | BJ15: -0.022608189 | BK15: 0.019800309 | BL15: -0.012587413 | BM15: 0.012032652 | BN15: -0.032217818 | BO15: -0.029407477 | BP15: 0.027534416 | BQ15: -0.004144349 | BR15: -0.03200872 | BS15: -0.025021968 | BT15: -0.034204445 | BU15: -0.012443845 | BV15: 0.022255293 | BW15: 0.0062024165 | BX15: -0.001705413 | BY15: -0.038582502 | BZ15: -0.040214336 | CA15: -0.0092842783 | CB15: 0.039132963 | CC15: 0.020017074 | CD15: -0.054657886 | CE15: 0.0026895403 | CF15: -0.015474613 | CG15: 0.026553408 | CH15: 0.0076331163 | CI15: 0.019169952 | CJ15: 0.013611853 | CK15: 0.025877926 | CL15: -0.057172133 | CM15: -0.027221631 | CN15: -0.056515944 | CO15: 0.054212245 | CP15: -0.04179699 | CQ15: -0.005217263 | CR15: -0.059162746 | CS15: -0.031928399 | CT15: -0.029459592 | CU15: 0.02354378 | CV15: -0.04769635 | CW15: -0.025787078 | CX15: -0.0161814 | CY15: 0.010233521 | CZ15: -0.0015581484 | DA15: 0.0098965641 | DB15: -0.023807415 | DC15: 0.050592104 | DD15: -0.036860636 | DE15: -0.029290652 | DF15: -0.015226212 | DG15: -0.0088978791 | DH15: 0.016895502 | DI15: -0.015345157 | DJ15: 0.034852366 | DK15: 0.014280954 | DL15: -0.012833224 | DM15: -0.043761134 | DN15: -0.0038099185 | DO15: -0.022166032 | DP15: 0.049344205 | DQ15: 0.031418495 | DR15: -0.0023856081 | DS15: -0.0038315992 | DT15: 0.048540378 | DU15: 0.036060525 | DV15: 0.014395607 | DW15: 0.045440648 | DX15: -0.032841231 | DY15: -0.011752931 | DZ15: -0.0062856382 | EA15: -0.011225192 | EB15: -0.01597343 | EC15: -0.012826698 | ED15: 0.0030781052 | EE15: 0.010495033 | EF15: 0.0018546647 | EG15: =AVERAGE(C15:EF15) -> 0.001013339 | EH15: =STDEV(C15:EF15) -> 0.029218639 | EI15: =EG15/EH15 -> 0.034681253
A16: 50 | B16: 19 | C16: 0.055126982 | D16: 0.018633367 | E16: 0.031515381 | F16: 0.0030562856 | G16: 0.028210865 | H16: -0.019804589 | I16: 0.0027593339 | J16: 0.034453585 | K16: 0.013668987 | L16: 0.020853654 | M16: 0.028127919 | N16: 0.055126982 | O16: 0.0031101542 | P16: -0.011155391 | Q16: -0.0083134465 | R16: 0.060946751 | S16: 0.084489708 | T16: -0.0061800602 | U16: -0.048001156 | V16: 0.032938039 | W16: -0.031415243 | X16: 0.10778384 | Y16: -0.012503897 | Z16: 0.046802633 | AA16: -0.039087384 | AB16: -0.014336959 | AC16: 0.040075665 | AD16: -0.028684992 | AE16: 0.087693914 | AF16: 0.022645649 | AG16: 0.012120892 | AH16: 0.028183451 | AI16: -0.031885714 | AJ16: 0.026796729 | AK16: 0.0047311984 | AL16: -0.01506734 | AM16: 0.078117848 | AN16: 0.0061724334 | AO16: 0.043394984 | AP16: -0.095609378 | AQ16: 0.042696521 | AR16: -0.010677678 | AS16: 0.039654554 | AT16: -0.092711585 | AU16: 0.017838715 | AV16: -0.033013089 | AW16: 0.0239841 | AX16: -0.021447353 | AY16: 0.063084296 | AZ16: -0.039911234 | BA16: 0.026862057 | BB16: -0.031399149 | BC16: -0.034242093 | BD16: 0.024820635 | BE16: 0.060726054 | BF16: 0.058640357 | BG16: -0.0015799091 | BH16: 0.058518418 | BI16: -0.056034073 | BJ16: 0.019262796 | BK16: 0.035954231 | BL16: -0.0051124163 | BM16: 0.036885081 | BN16: -0.052546239 | BO16: -0.090554105 | BP16: 0.032633648 | BQ16: -0.016095778 | BR16: -0.073605548 | BS16: -0.03836872 | BT16: -0.082648065 | BU16: -0.00031727549 | BV16: 0.0051160489 | BW16: 0.0010354539 | BX16: -0.010339986 | BY16: -0.091942672 | BZ16: 0.0075039343 | CA16: -0.10454809 | CB16: 0.02297154 | CC16: 0.019230831 | CD16: -0.1216439 | CE16: -0.058177267 | CF16: 0.0089580281 | CG16: 0.048274847 | CH16: 0.022033273 | CI16: 0.033501405 | CJ16: 0.035407106 | CK16: -0.049619091 | CL16: -0.0072691469 | CM16: -0.04446227 | CN16: -0.054047079 | CO16: 0.069704537 | CP16: -0.036459946 | CQ16: 0.017178218 | CR16: -0.11224089 | CS16: -0.023562643 | CT16: -0.037454059 | CU16: -0.0035416582 | CV16: -0.029183436 | CW16: -0.019703641 | CX16: -0.047814047 | CY16: 0.015913387 | CZ16: -0.021553043 | DA16: 0.075425594 | DB16: -0.025242264 | DC16: 0.049060793 | DD16: -0.089405338 | DE16: -0.00053224526 | DF16: -0.034649649 | DG16: -0.026511745 | DH16: 0.012049786 | DI16: 0.10558764 | DJ16: 0.097112789 | DK16: -0.0030025696 | DL16: -0.052897355 | DM16: -0.074777101 | DN16: 0.027163573 | DO16: -0.0036295418 | DP16: 0.11040694 | DQ16: 0.033367172 | DR16: -0.0087058901 | DS16: 0.0077876307 | DT16: 0.034060791 | DU16: 0.025961831 | DV16: 0.038295453 | DW16: 0.051946894 | DX16: -0.061365474 | DY16: -0.00064227789 | DZ16: 0.025457325 | EA16: -0.0064767383 | EB16: -0.013896027 | EC16: 0.010738644 | ED16: 0.037032878 | EE16: 0.024106957 | EF16: 0.0091367922 | EG16: =AVERAGE(C16:EF16) -> 0.0021120885 | EH16: =STDEV(C16:EF16) -> 0.046716248 | EI16: =EG16/EH16 -> 0.045211005
A17: 100 | B17: 10 | C17: 0.06684249 | D17: 0.069547578 | E17: 0.012203547 | F17: 0.039505104 | G17: 0.078202469 | H17: -0.064958271 | I17: -0.0055750922 | J17: -0.0025583949 | K17: -0.026456607 | L17: -0.0010510142 | M17: 0.042331428 | N17: 0.06684249 | O17: 0.041113025 | P17: 0.032730816 | Q17: 0.015563333 | R17: 0.085990084 | S17: -0.056554642 | T17: 0.025660546 | U17: -0.070512934 | V17: 0.029430752 | W17: -0.0069780295 | X17: 0.13590122 | Y17: -0.022364678 | Z17: 0.066866903 | AA17: -0.025641305 | AB17: 0.026738191 | AC17: 0.015392014 | AD17: -0.056060882 | AE17: 0.15141304 | AF17: 0.01739984 | AG17: -0.014332576 | AH17: 0.032545119 | AI17: -0.065679508 | AJ17: 0.028758521 | AK17: 0.042620203 | AL17: -0.082518198 | AM17: 0.086567395 | AN17: 0.060271273 | AO17: -0.012736346 | AP17: -0.1427344 | AQ17: 0.086789024 | AR17: -0.073032357 | AS17: 0.0067011854 | AT17: -0.066712979 | AU17: -0.05134464 | AV17: -0.052635579 | AW17: -0.06279317 | AX17: 0.071322612 | AY17: 0.13554522 | AZ17: -0.12565918 | BA17: 0.071559952 | BB17: -0.13479138 | BC17: -0.066583748 | BD17: -0.012824438 | BE17: 0.038163321 | BF17: 0.064107022 | BG17: 0.071449291 | BH17: 0.088398365 | BI17: -0.068619857 | BJ17: 0.017250548 | BK17: 0.033721258 | BL17: -0.0018105182 | BM17: 0.050925053 | BN17: -0.013595794 | BO17: -0.094559363 | BP17: 0.047356248 | BQ17: -0.0091085952 | BR17: -0.084588948 | BS17: -0.060303925 | BT17: -0.027611526 | BU17: -0.036377632 | BV17: -0.062665208 | BW17: 0.084065423 | BX17: 0.0097156208 | BY17: -0.099304509 | BZ17: 0.034028495 | CA17: -0.1445902 | CB17: 0.002536807 | CC17: -0.023553183 | CD17: -0.018719999 | CE17: -0.11919023 | CF17: -0.012060318 | CG17: 0.096763269 | CH17: -0.041751715 | CI17: -0.068627972 | CJ17: 0.019852062 | CK17: -0.056000634 | CL17: 0.11843769 | CM17: -0.050400545 | CN17: -0.17797861 | CO17: 0.081898037 | CP17: -0.068234295 | CQ17: -0.0087039362 | CR17: -0.079315609 | CS17: -0.011856101 | CT17: -0.027883119 | CU17: 0.062625404 | CV17: -0.04161766 | CW17: -0.010470073 | CX17: -0.019386726 | CY17: 0.021525587 | CZ17: 0.0023293605 | DA17: 0.14027939 | DB17: -0.055916148 | DC17: 0.064413551 | DD17: -0.099453967 | DE17: -0.023729078 | DF17: -0.03765835 | DG17: -0.05686148 | DH17: 0.045429358 | DI17: 0.033526802 | DJ17: 0.045698605 | DK17: -0.037465732 | DL17: -0.018809239 | DM17: -0.099177262 | DN17: 0.034656477 | DO17: -0.0377924 | DP17: 0.081642421 | DQ17: 0.0033337523 | DR17: 0.0066105753 | DS17: 0.017544096 | DT17: -0.0039950927 | DU17: 0.045069118 | DV17: 0.0262167 | DW17: 0.058936557 | DX17: -0.088730683 | DY17: 0.054215834 | DZ17: 0.060895872 | EA17: -0.0034276198 | EB17: 0.046209002 | EC17: 0.017104141 | ED17: 0.083327649 | EE17: 0.033415699 | EF17: 0.0073892059 | EG17: =AVERAGE(C17:EF17) -> 0.00065988684 | EH17: =STDEV(C17:EF17) -> 0.063892723 | EI17: =EG17/EH17 -> 0.010328044
A18: 107 | B18: 9 | C18: 0.044674633 | D18: 0.073315453 | E18: 0.0043253309 | F18: -0.022317515 | G18: 0.081990194 | H18: -0.054254626 | I18: -0.026819032 | J18: 0.0050890819 | K18: -0.062993878 | L18: 0.019907212 | M18: 0.063290495 | N18: 0.044674633 | O18: 0.026084284 | P18: 0.024365435 | Q18: 0.0062416258 | R18: 0.095767071 | S18: -0.051186661 | T18: 0.010747846 | U18: -0.09026661 | V18: 0.038201393 | W18: -0.002977584 | X18: 0.11953448 | Y18: -0.032688242 | Z18: 0.079580175 | AA18: 0.020507786 | AB18: 0.026207737 | AC18: 0.036258624 | AD18: -0.052483987 | AE18: 0.16628724 | AF18: 0.0076785158 | AG18: -0.0015639465 | AH18: 0.031473363 | AI18: -0.068286729 | AJ18: 0.021788025 | AK18: 0.042068969 | AL18: -0.08718798 | AM18: 0.054769116 | AN18: 0.068247365 | AO18: 0.0028057557 | AP18: -0.15621968 | AQ18: 0.075475062 | AR18: -0.073247653 | AS18: 0.010790861 | AT18: -0.082690447 | AU18: -0.052132891 | AV18: -0.04573225 | AW18: -0.043690574 | AX18: 0.098853618 | AY18: 0.13491975 | AZ18: -0.13135691 | BA18: 0.069193825 | BB18: -0.12841718 | BC18: -0.076482773 | BD18: 0.011984162 | BE18: 0.03448301 | BF18: 0.075691455 | BG18: 0.10802797 | BH18: 0.07440365 | BI18: -0.04987681 | BJ18: 0.01877953 | BK18: 0.042252615 | BL18: 0.0051769012 | BM18: 0.04769434 | BN18: -0.012196303 | BO18: -0.082426801 | BP18: 0.059012504 | BQ18: -0.0019630753 | BR18: -0.10058815 | BS18: -0.048679246 | BT18: -0.033970012 | BU18: -0.038645433 | BV18: -0.079965905 | BW18: 0.095122554 | BX18: 0.018802412 | BY18: -0.10267561 | BZ18: -0.0059631271 | CA18: -0.16649651 | CB18: 0.014547687 | CC18: -0.029211584 | CD18: -0.022761201 | CE18: -0.094507522 | CF18: -0.018594557 | CG18: 0.10647802 | CH18: -0.076175821 | CI18: -0.060170161 | CJ18: 0.054434 | CK18: -0.07173798 | CL18: 0.066336934 | CM18: -0.072844734 | CN18: -0.19363648 | CO18: 0.075142553 | CP18: -0.039243235 | CQ18: -0.021604837 | CR18: -0.07591677 | CS18: -0.0021640924 | CT18: -0.054524351 | CU18: 0.081316229 | CV18: -0.051712325 | CW18: -0.0078340178 | CX18: -0.017781465 | CY18: 0.023312294 | CZ18: 0.0027316242 | DA18: 0.16577661 | DB18: -0.055565329 | DC18: 0.03937568 | DD18: -0.084115771 | DE18: -0.020444984 | DF18: -0.038097392 | DG18: -0.021342234 | DH18: 0.041916553 | DI18: 0.055323005 | DJ18: 0.043364011 | DK18: -0.031680503 | DL18: -0.026834821 | DM18: -0.11345087 | DN18: 0.050072672 | DO18: -0.045762874 | DP18: 0.080502539 | DQ18: 0.011793937 | DR18: 0.0060234646 | DS18: 0.027002609 | DT18: -0.018188698 | DU18: 0.095864937 | DV18: 0.015717757 | DW18: 0.071406329 | DX18: -0.09676242 | DY18: 0.066842447 | DZ18: 0.058797072 | EA18: -0.0055139526 | EB18: 0.06456828 | EC18: 0.03642518 | ED18: 0.085230074 | EE18: 0.040747984 | EF18: -0.0010628316 | EG18: =AVERAGE(C18:EF18) -> 0.0010590195 | EH18: =STDEV(C18:EF18) -> 0.066963997 | EI18: =EG18/EH18 -> 0.015814759
A19: 120 | B19: 8 | C19: 0.03774037 | D19: 0.074693454 | E19: 0.060723423 | F19: -0.0055420907 | G19: 0.080637962 | H19: -0.03923466 | I19: -0.023814069 | J19: 0.010424139 | K19: -0.058138252 | L19: 0.01478219 | M19: 0.10390055 | N19: 0.03774037 | O19: 0.025638581 | P19: 0.027495798 | Q19: 0.019708409 | R19: 0.10469519 | S19: -0.034051137 | T19: 0.014179389 | U19: -0.084805632 | V19: 0.052543463 | W19: -0.002246783 | X19: 0.14805422 | Y19: -0.0422273 | Z19: 0.089852871 | AA19: 0.016625748 | AB19: 0.039195286 | AC19: 0.049506804 | AD19: -0.038625336 | AE19: 0.17978708 | AF19: 0.019566566 | AG19: -0.0077101904 | AH19: 0.038207036 | AI19: -0.077210793 | AJ19: 0.026545333 | AK19: 0.052639812 | AL19: -0.084598058 | AM19: 0.056614097 | AN19: 0.041899122 | AO19: 0.0060241213 | AP19: -0.17980301 | AQ19: 0.074530494 | AR19: -0.07668332 | AS19: 0.00011166308 | AT19: -0.11160474 | AU19: -0.076604409 | AV19: -0.066300671 | AW19: -0.052468826 | AX19: 0.10909536 | AY19: 0.12941912 | AZ19: -0.14754995 | BA19: 0.065495608 | BB19: -0.14012958 | BC19: -0.10748302 | BD19: 0.019470988 | BE19: 0.031784658 | BF19: 0.088660549 | BG19: 0.11883037 | BH19: 0.068718733 | BI19: -0.040502134 | BJ19: 0.0093489581 | BK19: 0.056589448 | BL19: 0.014533373 | BM19: 0.034392164 | BN19: 0.0029230981 | BO19: -0.089541873 | BP19: 0.0709374 | BQ19: 0.0059569331 | BR19: -0.07952646 | BS19: -0.091357777 | BT19: -0.040199781 | BU19: -0.010525501 | BV19: -0.087372069 | BW19: 0.12133671 | BX19: 0.014156235 | BY19: -0.0786271 | BZ19: -0.02924178 | CA19: -0.16574531 | CB19: 0.013032617 | CC19: -0.015383835 | CD19: -0.033773541 | CE19: -0.045480323 | CF19: -0.025121575 | CG19: 0.083766494 | CH19: -0.14331833 | CI19: -0.057620662 | CJ19: 0.047954663 | CK19: -0.090650455 | CL19: 0.10660353 | CM19: -0.11005191 | CN19: -0.12474259 | CO19: 0.10690014 | CP19: -0.041582978 | CQ19: -0.015378497 | CR19: -0.095669371 | CS19: -0.0069241996 | CT19: -0.046598247 | CU19: 0.096722204 | CV19: -0.0095877325 | CW19: -0.0032305608 | CX19: -0.029767538 | CY19: 0.031429781 | CZ19: 0.013702182 | DA19: 0.12036997 | DB19: -0.034817211 | DC19: 0.057824967 | DD19: -0.12486184 | DE19: -0.014203307 | DF19: -0.074282503 | DG19: -0.00061893419 | DH19: 0.019492308 | DI19: 0.052422018 | DJ19: 0.046146097 | DK19: -0.032261039 | DL19: -0.023197465 | DM19: -0.16085835 | DN19: 0.050042611 | DO19: -0.049517432 | DP19: 0.11901468 | DQ19: 0.00020316096 | DR19: 0.0052606806 | DS19: 0.024462506 | DT19: -0.01817895 | DU19: 0.081956764 | DV19: 0.016918927 | DW19: 0.0050306432 | DX19: -0.11794736 | DY19: 0.13584938 | DZ19: 0.022482261 | EA19: 0.021537868 | EB19: 0.076981164 | EC19: 0.036200676 | ED19: 0.092224172 | EE19: 0.054244016 | EF19: -0.0088157197 | EG19: =AVERAGE(C19:EF19) -> 0.0020938483 | EH19: =STDEV(C19:EF19) -> 0.07262244 | EI19: =EG19/EH19 -> 0.028831974
A20: 137 | B20: 7 | C20: 0.023960674 | D20: 0.061287233 | E20: 0.055594147 | F20: -0.011499924 | G20: 0.048971529 | H20: -0.04007545 | I20: -0.027390523 | J20: 0.024389223 | K20: -0.046151862 | L20: 0.015067331 | M20: 0.12839063 | N20: 0.023960674 | O20: 0.034758583 | P20: 0.031700692 | Q20: 0.019791605 | R20: 0.12896539 | S20: -0.02459534 | T20: 0.040120104 | U20: -0.10060738 | V20: 0.0414122 | W20: -0.0081212312 | X20: 0.18072645 | Y20: -0.044362895 | Z20: 0.082807328 | AA20: 0.033828014 | AB20: 0.053881385 | AC20: 0.021962224 | AD20: -0.030580864 | AE20: 0.22143325 | AF20: 0.036399608 | AG20: -0.024902554 | AH20: 0.052607918 | AI20: -0.095983927 | AJ20: 0.014247365 | AK20: 0.056876456 | AL20: -0.079623297 | AM20: 0.038443072 | AN20: 0.03928749 | AO20: -0.013294927 | AP20: -0.20436725 | AQ20: 0.099442797 | AR20: -0.090023914 | AS20: -0.04114909 | AT20: -0.13695074 | AU20: -0.091024948 | AV20: -0.072189443 | AW20: -0.0077722218 | AX20: 0.14207852 | AY20: 0.15774765 | AZ20: -0.15578392 | BA20: 0.05060146 | BB20: -0.16638053 | BC20: -0.11268293 | BD20: 0.040525693 | BE20: 0.038400126 | BF20: 0.10877919 | BG20: 0.14084341 | BH20: 0.065799635 | BI20: -0.012794986 | BJ20: -0.0017692878 | BK20: 0.037871017 | BL20: 0.023656608 | BM20: 0.056691915 | BN20: 0.035955859 | BO20: -0.11974034 | BP20: 0.081283018 | BQ20: 0.020792497 | BR20: -0.085531123 | BS20: -0.1101922 | BT20: 0.021062157 | BU20: 0.021235991 | BV20: -0.09557985 | BW20: 0.11044165 | BX20: 0.0073082335 | BY20: -0.12604645 | BZ20: -0.027112527 | CA20: -0.17016029 | CB20: 0.035496195 | CC20: -0.024938055 | CD20: -0.085963881 | CE20: -0.046587905 | CF20: -0.06720586 | CG20: 0.095321622 | CH20: -0.1861896 | CI20: -0.060535737 | CJ20: 0.062092343 | CK20: -0.11067153 | CL20: 0.053403037 | CM20: -0.13655379 | CN20: -0.14580952 | CO20: 0.12032401 | CP20: -0.031798704 | CQ20: -0.055724052 | CR20: -0.12074417 | CS20: -0.040845715 | CT20: -0.060288135 | CU20: 0.09613858 | CV20: -0.0056808048 | CW20: 0.013739428 | CX20: -0.0096883101 | CY20: 0.0051904249 | CZ20: -0.025900999 | DA20: 0.120622 | DB20: -0.046942584 | DC20: 0.064491756 | DD20: -0.1259934 | DE20: -0.02353859 | DF20: -0.086359852 | DG20: -0.0039412419 | DH20: 0.0051818377 | DI20: 0.058885758 | DJ20: 0.057994612 | DK20: -0.073067392 | DL20: 0.00049961149 | DM20: -0.18644367 | DN20: 0.09694754 | DO20: -0.056900852 | DP20: 0.15282102 | DQ20: 0.0058171498 | DR20: 0.067562772 | DS20: 0.053815681 | DT20: 0.0058385284 | DU20: 0.15703438 | DV20: -0.018496873 | DW20: -0.033493026 | DX20: -0.11616711 | DY20: 0.13321647 | DZ20: 0.065625422 | EA20: 0.020377141 | EB20: 0.074414153 | EC20: 0.0549349 | ED20: 0.094619797 | EE20: 0.074482351 | EF20: -0.040050568 | EG20: =AVERAGE(C20:EF20) -> 0.0016217343 | EH20: =STDEV(C20:EF20) -> 0.084147089 | EI20: =EG20/EH20 -> 0.019272613
A21: 160 | B21: 6 | C21: 0.017692425 | D21: 0.071963453 | E21: -0.010531128 | F21: 0.020877774 | G21: 0.047300629 | H21: -0.0038041754 | I21: -0.04475683 | J21: 0.037236508 | K21: -0.057542163 | L21: 0.011611325 | M21: 0.1452648 | N21: 0.017692425 | O21: 0.0030936635 | P21: 0.03907969 | Q21: -0.0166054 | R21: 0.10413609 | S21: -0.10461289 | T21: 0.051582066 | U21: -0.085624574 | V21: 0.050393951 | W21: -0.020429765 | X21: 0.160473 | Y21: -0.067513736 | Z21: 0.03241936 | AA21: 0.047221446 | AB21: -0.0056882655 | AC21: 0.026132759 | AD21: -0.028325064 | AE21: 0.20667272 | AF21: 0.055669543 | AG21: -0.029821574 | AH21: 0.076897628 | AI21: -0.099579092 | AJ21: 0.031027666 | AK21: 0.040834448 | AL21: -0.09382186 | AM21: 0.037895655 | AN21: 0.086147091 | AO21: -0.046038748 | AP21: -0.22949204 | AQ21: 0.11245439 | AR21: -0.11849912 | AS21: 0.018089021 | AT21: -0.13263501 | AU21: -0.11179086 | AV21: -0.071165225 | AW21: -0.012025722 | AX21: 0.15097481 | AY21: 0.19332599 | AZ21: -0.1702005 | BA21: 0.079203865 | BB21: -0.21769555 | BC21: -0.081294512 | BD21: 0.028471778 | BE21: 0.021445923 | BF21: 0.15024443 | BG21: 0.15020699 | BH21: 0.040201179 | BI21: 0.04144332 | BJ21: 0.063383655 | BK21: 0.029523395 | BL21: 0.019341645 | BM21: 0.04165935 | BN21: 0.021328504 | BO21: -0.080890091 | BP21: 0.083758521 | BQ21: -0.0083269359 | BR21: -0.097667401 | BS21: -0.15524023 | BT21: 0.03076518 | BU21: 0.023431084 | BV21: -0.056091717 | BW21: 0.099546382 | BX21: 0.044549507 | BY21: -0.11632847 | BZ21: -0.023104831 | CA21: -0.17878929 | CB21: -0.024349599 | CC21: -0.056222321 | CD21: 0.019163568 | CE21: 0.03056742 | CF21: -0.067547603 | CG21: 0.17412269 | CH21: -0.18815443 | CI21: 0.05376432 | CJ21: 0.081877313 | CK21: -0.090001731 | CL21: 0.0052893302 | CM21: -0.14531234 | CN21: -0.15110162 | CO21: 0.11688926 | CP21: -0.033103623 | CQ21: -0.074217049 | CR21: -0.17989271 | CS21: -0.074243582 | CT21: -0.05998158 | CU21: 0.10571859 | CV21: -0.060442327 | CW21: 0.0075724346 | CX21: 0.014551639 | CY21: -0.0044257755 | CZ21: -0.05171482 | DA21: 0.13546732 | DB21: 0.026428067 | DC21: 0.046063234 | DD21: -0.15390271 | DE21: -0.041764282 | DF21: -0.070504363 | DG21: -0.02601273 | DH21: 0.016074085 | DI21: 0.032965495 | DJ21: 0.051348967 | DK21: -0.14064182 | DL21: 0.0073561907 | DM21: -0.11417601 | DN21: 0.13812909 | DO21: -0.074567654 | DP21: 0.099523794 | DQ21: -0.0030147451 | DR21: 0.070782978 | DS21: 0.029355735 | DT21: -0.019228776 | DU21: 0.13894736 | DV21: 0.039614333 | DW21: -0.034028169 | DX21: -0.12593365 | DY21: 0.16925849 | DZ21: 0.07425615 | EA21: 0.025503691 | EB21: 0.038239871 | EC21: 0.08067204 | ED21: 0.11817251 | EE21: 0.045303163 | EF21: -0.039264104 | EG21: =AVERAGE(C21:EF21) -> 0.0013131439 | EH21: =STDEV(C21:EF21) -> 0.089652594 | EI21: =EG21/EH21 -> 0.014647026
A22: 192 | B22: 5 | C22: 0.036241182 | D22: 0.065137114 | E22: -0.0096236883 | F22: 0.04935145 | G22: 0.061676797 | H22: 0.0086017333 | I22: -0.0013358198 | J22: 0.016984544 | K22: -0.050564507 | L22: 0.06342992 | M22: 0.1273301 | N22: 0.036241182 | O22: -0.0032640661 | P22: 0.040080666 | Q22: -0.049896762 | R22: 0.13098712 | S22: -0.16704018 | T22: 0.10283023 | U22: -0.062373707 | V22: 0.047704615 | W22: -0.018644474 | X22: 0.18551782 | Y22: -0.084834679 | Z22: 0.052446574 | AA22: 0.090367058 | AB22: -0.01940338 | AC22: 0.019486928 | AD22: 0.0035373591 | AE22: 0.22955768 | AF22: 0.06405967 | AG22: -0.013293524 | AH22: 0.058348439 | AI22: -0.14862549 | AJ22: 0.042812543 | AK22: 0.0034571966 | AL22: -0.11125141 | AM22: 0.046411546 | AN22: 0.074185727 | AO22: -0.051335513 | AP22: -0.23349639 | AQ22: 0.1132235 | AR22: -0.12971091 | AS22: 0.033458168 | AT22: -0.12657409 | AU22: -0.12534745 | AV22: -0.070287215 | AW22: 0.0041239123 | AX22: 0.31378779 | AY22: 0.25521646 | AZ22: -0.049113581 | BA22: 0.034048124 | BB22: -0.14517958 | BC22: -0.051379038 | BD22: 0.051391964 | BE22: 0.020936559 | BF22: 0.095210284 | BG22: 0.19641385 | BH22: 0.081165954 | BI22: 0.034671726 | BJ22: 0.056350308 | BK22: 0.03702983 | BL22: 0.053311724 | BM22: 0.02966361 | BN22: -0.0058429122 | BO22: -0.070809859 | BP22: 0.077342999 | BQ22: -0.030347224 | BR22: -0.18751365 | BS22: -0.17644364 | BT22: -0.080753232 | BU22: 0.04387049 | BV22: -0.056716532 | BW22: 0.14044014 | BX22: 0.050144258 | BY22: -0.048233632 | BZ22: -0.082958418 | CA22: -0.20801353 | CB22: -0.017029387 | CC22: -0.0135866 | CD22: -0.012462691 | CE22: 0.0061969322 | CF22: -0.044521161 | CG22: 0.19943976 | CH22: -0.13600462 | CI22: 0.07605691 | CJ22: 0.12003441 | CK22: -0.11763279 | CL22: 0.014262656 | CM22: -0.16404328 | CN22: -0.19383769 | CO22: 0.19144292 | CP22: -0.027897443 | CQ22: -0.044846318 | CR22: -0.16520794 | CS22: -0.11630342 | CT22: -0.081889834 | CU22: 0.11557095 | CV22: -0.04068302 | CW22: -0.0077342106 | CX22: -0.0079560804 | CY22: -0.0057744302 | CZ22: -0.0026066994 | DA22: 0.19353366 | DB22: 0.014994817 | DC22: 0.036887935 | DD22: -0.091927583 | DE22: -0.026908725 | DF22: -0.081986158 | DG22: -0.025022831 | DH22: 0.035297443 | DI22: 0.045775558 | DJ22: 0.055145704 | DK22: -0.13663615 | DL22: 0.0079962371 | DM22: -0.072889845 | DN22: 0.17299794 | DO22: -0.12021416 | DP22: 0.048626827 | DQ22: 0.02002375 | DR22: 0.051897249 | DS22: 0.078745216 | DT22: 0.05529428 | DU22: 0.16322592 | DV22: 0.056491247 | DW22: 0.045635085 | DX22: -0.20979312 | DY22: 0.14225805 | DZ22: 0.070757416 | EA22: 0.038940807 | EB22: 0.03795852 | EC22: 0.11130045 | ED22: 0.20918918 | EE22: 0.063649083 | EF22: -0.056302641 | EG22: =AVERAGE(C22:EF22) -> 0.0087037824 | EH22: =STDEV(C22:EF22) -> 0.10154391 | EI22: =EG22/EH22 -> 0.085714471
A23: 241 | B23: 4 | C23: -0.0088942129 | D23: 0.063789445 | E23: -0.0081404331 | F23: -0.042080175 | G23: -0.0080289697 | H23: -0.0053597609 | I23: 0.0047386625 | J23: 0.032827198 | K23: -0.097382715 | L23: 0.028435827 | M23: 0.10282485 | N23: -0.0088942129 | O23: -0.028039667 | P23: 0.067793938 | Q23: -0.08639778 | R23: 0.16719545 | S23: -0.14098784 | T23: 0.072281528 | U23: -0.13636928 | V23: 0.074071928 | W23: -0.0092551403 | X23: 0.28865687 | Y23: -0.071816243 | Z23: 0.029881733 | AA23: 0.12239785 | AB23: -0.063743631 | AC23: 0.0035232885 | AD23: -0.036530577 | AE23: 0.2331798 | AF23: 0.043819395 | AG23: -0.009401374 | AH23: 0.20229573 | AI23: -0.11521082 | AJ23: 0.037700893 | AK23: 0.04514867 | AL23: -0.13228592 | AM23: 0.062181982 | AN23: 0.11430615 | AO23: -0.065147866 | AP23: -0.054732591 | AQ23: 0.057926086 | AR23: -0.1236571 | AS23: 0.075385781 | AT23: -0.16741243 | AU23: -0.11615131 | AV23: -0.036394844 | AW23: -0.024105833 | AX23: 0.39952936 | AY23: 0.27935826 | AZ23: -0.057207149 | BA23: -0.10775415 | BB23: -0.19190754 | BC23: -0.024823237 | BD23: 0.090580084 | BE23: 0.019858018 | BF23: 0.11285353 | BG23: 0.23814807 | BH23: 0.081030379 | BI23: 0.036270501 | BJ23: 0.095876654 | BK23: 0.023480384 | BL23: 0.072002189 | BM23: 0.040791234 | BN23: -0.036308093 | BO23: -0.051331019 | BP23: 0.092476969 | BQ23: -0.062296811 | BR23: -0.19369076 | BS23: -0.20003186 | BT23: -0.11829554 | BU23: 0.034033261 | BV23: -0.072876564 | BW23: 0.11961463 | BX23: 0.03086855 | BY23: -0.024509003 | BZ23: -0.21324471 | CA23: -0.079033802 | CB23: -0.025398731 | CC23: -0.049554049 | CD23: 0.048551875 | CE23: 0.071478401 | CF23: -0.061736912 | CG23: 0.2606535 | CH23: -0.20826589 | CI23: 0.056834966 | CJ23: 0.18337825 | CK23: -0.094028156 | CL23: -0.11816125 | CM23: -0.25732808 | CN23: -0.32000939 | CO23: 0.24578873 | CP23: -0.028760601 | CQ23: -0.046950855 | CR23: -0.2160758 | CS23: -0.17429407 | CT23: -0.041679161 | CU23: 0.06912523 | CV23: -0.049639797 | CW23: -0.0069898494 | CX23: -0.037170259 | CY23: 0.10257923 | CZ23: 0.03791362 | DA23: 0.2004958 | DB23: 0.0042840668 | DC23: 0.032285948 | DD23: -0.072893036 | DE23: -0.028388242 | DF23: -0.069327674 | DG23: -0.036907295 | DH23: 0.060875549 | DI23: 0.035502557 | DJ23: 0.080823351 | DK23: -0.14846548 | DL23: -0.03954016 | DM23: -0.044283898 | DN23: 0.20325249 | DO23: -0.1504178 | DP23: 0.088246529 | DQ23: 0.074556556 | DR23: 0.079645162 | DS23: 0.11766209 | DT23: 0.075092148 | DU23: 0.14719767 | DV23: 0.093309325 | DW23: 0.027698865 | DX23: -0.21589913 | DY23: 0.022285376 | DZ23: 0.10886832 | EA23: 0.10719545 | EB23: 0.071553737 | EC23: 0.15422659 | ED23: 0.22894199 | EE23: 0.058960111 | EF23: 0.0070681189 | EG23: =AVERAGE(C23:EF23) -> 0.0095639566 | EH23: =STDEV(C23:EF23) -> 0.11985774 | EI23: =EG23/EH23 -> 0.079794236
A24: 321 | B24: 3 | C24: -0.13322237 | D24: 0.056652028 | E24: 0.012107273 | F24: -0.038256846 | G24: -0.075045985 | H24: -0.0055389195 | I24: 0.012846276 | J24: 0.025325564 | K24: -0.0014318064 | L24: -0.03334628 | M24: 0.16647798 | N24: -0.13322237 | O24: 0.0062332184 | P24: 0.067580016 | Q24: -0.21540461 | R24: 0.19088396 | S24: -0.14284789 | T24: 0.064720968 | U24: -0.23511949 | V24: 0.061879453 | W24: -0.041973953 | X24: 0.3614744 | Y24: -0.0042848302 | Z24: 0.069335337 | AA24: 0.018334691 | AB24: -0.13264174 | AC24: -0.035834724 | AD24: -0.10278229 | AE24: 0.25421917 | AF24: 0.0065189269 | AG24: 0.062154518 | AH24: 0.28556111 | AI24: -0.077449278 | AJ24: 0.11800118 | AK24: 0.073616658 | AL24: -0.027358794 | AM24: 0.091785107 | AN24: 0.12795364 | AO24: -0.13810083 | AP24: -0.040829858 | AQ24: 0.021066607 | AR24: -0.18824705 | AS24: 0.0043633746 | AT24: -0.28619576 | AU24: -0.078077497 | AV24: -0.046922579 | AW24: -0.038953145 | AX24: 0.22980768 | AY24: 0.197423 | AZ24: -0.023947139 | BA24: -0.21722337 | BB24: -0.30376601 | BC24: -0.087022192 | BD24: 0.065077708 | BE24: 0.073684392 | BF24: -0.058962981 | BG24: 0.24089469 | BH24: 0.045648386 | BI24: 0.06445268 | BJ24: 0.02280892 | BK24: 0.032605737 | BL24: 0.088438775 | BM24: -0.032985662 | BN24: -0.082604701 | BO24: -0.014859067 | BP24: 0.10138009 | BQ24: -0.068370008 | BR24: -0.17933019 | BS24: -0.28649213 | BT24: -0.076951238 | BU24: -0.011051811 | BV24: -0.091923595 | BW24: 0.14943427 | BX24: -0.010107453 | BY24: 0.10614271 | BZ24: -0.27161885 | CA24: 0.017774654 | CB24: -0.012553926 | CC24: -0.095797728 | CD24: -0.017768765 | CE24: 0.0079741021 | CF24: -0.054920515 | CG24: 0.17740357 | CH24: -0.22748447 | CI24: 0.068703076 | CJ24: 0.18685584 | CK24: -0.13696827 | CL24: -0.15004017 | CM24: -0.16428983 | CN24: -0.3035666 | CO24: 0.30692226 | CP24: -0.078437851 | CQ24: -0.026581764 | CR24: -0.23561263 | CS24: -0.23069021 | CT24: -0.0036907531 | CU24: 0.033551081 | CV24: -0.064262342 | CW24: -0.010340374 | CX24: 0.035829164 | CY24: 0.16549851 | CZ24: -0.10257847 | DA24: 0.17083434 | DB24: 0.00097339679 | DC24: 0.041760139 | DD24: -0.14961234 | DE24: -0.014323033 | DF24: -0.095756241 | DG24: -0.042089976 | DH24: 0.022899041 | DI24: 0.018696233 | DJ24: 0.066775955 | DK24: -0.13083162 | DL24: -0.078112008 | DM24: 0.014735179 | DN24: 0.24030829 | DO24: -0.18362623 | DP24: 0.051818121 | DQ24: 0.087665873 | DR24: 0.1459043 | DS24: 0.12304676 | DT24: 0.09381085 | DU24: 0.18549348 | DV24: 0.12932484 | DW24: 0.36633494 | DX24: -0.2271064 | DY24: -0.06507192 | DZ24: 0.22087716 | EA24: 0.16631396 | EB24: 0.073233156 | EC24: 0.18555698 | ED24: 0.35323643 | EE24: 0.030642909 | EF24: 0.0051963581 | EG24: =AVERAGE(C24:EF24) -> 0.0029882219 | EH24: =STDEV(C24:EF24) -> 0.14039484 | EI24: =EG24/EH24 -> 0.021284413
A25: 482 | B25: 2 | C25: -0.14698994 | D25: 0.062865427 | E25: 0.12468354 | F25: 0.0019734138 | G25: -0.0059471376 | H25: -0.033764077 | I25: 0.03881416 | J25: 0.075024393 | K25: 0.086338883 | L25: -0.029625733 | M25: 0.34149409 | N25: -0.14698994 | O25: -0.0034838585 | P25: 0.13393146 | Q25: -0.018623522 | R25: 0.19676481 | S25: -0.036850075 | T25: 0.047535122 | U25: -0.21938422 | V25: -0.01988576 | W25: -0.067468182 | X25: 0.49146157 | Y25: -0.029681484 | Z25: 0.092175229 | AA25: 0.068521766 | AB25: -0.27235092 | AC25: -0.058480254 | AD25: -0.16334801 | AE25: 0.055320838 | AF25: -0.17794023 | AG25: 0.038455508 | AH25: -0.023127356 | AI25: -0.23660797 | AJ25: 0.11301237 | AK25: 0.05513258 | AL25: 0.064524248 | AM25: 0.13324202 | AN25: 0.072826434 | AO25: -0.23691434 | AP25: -0.016469593 | AQ25: -0.016638359 | AR25: -0.30046013 | AS25: 0.033013929 | AT25: -0.45370159 | AU25: -0.076494371 | AV25: -0.084743166 | AW25: 0.00093862145 | AX25: 0.17674537 | AY25: 0.24605555 | AZ25: -0.11103016 | BA25: -0.18320204 | BB25: -0.40524586 | BC25: -0.0059107015 | BD25: 0.11721719 | BE25: 0.029999905 | BF25: -0.088177203 | BG25: 0.34214631 | BH25: 0.010733164 | BI25: -0.0634871 | BJ25: -0.066121968 | BK25: 0.061504805 | BL25: 0.034203679 | BM25: -0.043152935 | BN25: 0.031554622 | BO25: -0.12041575 | BP25: 0.23812668 | BQ25: -0.098592994 | BR25: -0.11178812 | BS25: -0.072957301 | BT25: -0.056370476 | BU25: -0.065712673 | BV25: -0.1356381 | BW25: 0.10595701 | BX25: 0.037031158 | BY25: 0.12579636 | BZ25: -0.14561878 | CA25: 0.0088784866 | CB25: 0.048822093 | CC25: -0.071481145 | CD25: -0.046451404 | CE25: 0.036894685 | CF25: -0.001867593 | CG25: -0.15471744 | CH25: -0.31184301 | CI25: 0.061038682 | CJ25: 0.253498 | CK25: -0.12733323 | CL25: -0.067318029 | CM25: -0.19234009 | CN25: -0.24087757 | CO25: 0.35901502 | CP25: 0.0095310728 | CQ25: -0.20310474 | CR25: -0.19852494 | CS25: -0.29830616 | CT25: 0.043354148 | CU25: 0.079682321 | CV25: -0.080934494 | CW25: -0.0097600512 | CX25: 0.026728746 | CY25: 0.27205189 | CZ25: -0.07291185 | DA25: 0.31964633 | DB25: 0.077332824 | DC25: 0.020146368 | DD25: -0.23648924 | DE25: -0.018932258 | DF25: -0.090994183 | DG25: -0.024388768 | DH25: 0.039242565 | DI25: -0.099357763 | DJ25: 0.049205764 | DK25: -0.12935116 | DL25: -0.15424147 | DM25: 0.04345746 | DN25: 0.2837459 | DO25: -0.19636558 | DP25: -0.11044891 | DQ25: 0.019559601 | DR25: 0.25414875 | DS25: 0.23432591 | DT25: 0.053999458 | DU25: 0.38275427 | DV25: 0.12517404 | DW25: 0.60260967 | DX25: -0.32634887 | DY25: -0.0901998 | DZ25: 0.186386 | EA25: 0.21372811 | EB25: 0.054524773 | EC25: -0.066350165 | ED25: 0.43702791 | EE25: 0.081659023 | EF25: -0.0089547329 | EG25: =AVERAGE(C25:EF25) -> 0.0021172018 | EH25: =STDEV(C25:EF25) -> 0.17173899 | EI25: =EG25/EH25 -> 0.012328021
A26: 964 | B26: 1 | C26: -0.25797045 | D26: 0.13051021 | E26: -0.067642479 | F26: 0.043740544 | G26: 0.10410548 | H26: -0.13506513 | I26: -0.10298683 | J26: 0.30685732 | K26: 0.016950159 | L26: -0.061521614 | M26: 0.34491744 | N26: -0.25797045 | O26: -0.063439746 | P26: 0.20904913 | Q26: -0.024332101 | R26: 0.29178114 | S26: -0.19860789 | T26: 0.11390603 | U26: -0.16919689 | V26: 0.2306278 | W26: -0.088603703 | X26: 0.656161 | Y26: -0.014221313 | Z26: 0.32061851 | AA26: 0.057325988 | AB26: -0.19179782 | AC26: -0.10082558 | AD26: -0.044436728 | AE26: 0.21115763 | AF26: -0.058279955 | AG26: -0.31121717 | AH26: 0.12329336 | AI26: -0.25773999 | AJ26: 0.12673853 | AK26: 0.20541973 | AL26: -0.066042241 | AM26: 0.15823926 | AN26: 0.092031952 | AO26: -0.32989053 | AP26: -0.058479939 | AQ26: -0.021177208 | AR26: -0.42212428 | AS26: 0.18391189 | AT26: -0.86987869 | AU26: -0.23476601 | AV26: -0.10816164 | AW26: 0.11565166 | AX26: 0.2725653 | AY26: 0.60336013 | AZ26: -0.061408628 | BA26: -0.43196297 | BB26: -0.087533957 | BC26: 0.13191016 | BD26: 0.18404859 | BE26: 0.069142035 | BF26: -0.24468064 | BG26: 0.56443451 | BH26: 0.20844332 | BI26: -0.11341693 | BJ26: -0.15893839 | BK26: 0.09813736 | BL26: -0.065942695 | BM26: -0.043725963 | BN26: -0.02587209 | BO26: -0.13396836 | BP26: 0.31888203 | BQ26: -0.04296518 | BR26: -0.14910552 | BS26: -0.00021029468 | BT26: -0.022464194 | BU26: -0.17073927 | BV26: 0.11943956 | BW26: -0.014411779 | BX26: 0.10529477 | BY26: 0.3049966 | BZ26: -0.11179141 | CA26: 0.0019849853 | CB26: -0.10133708 | CC26: -0.20881938 | CD26: -0.0027236287 | CE26: 0.11794096 | CF26: -0.017920393 | CG26: -0.028681981 | CH26: -0.099291308 | CI26: 0.3946056 | CJ26: 0.34307279 | CK26: -0.048734984 | CL26: -0.12467111 | CM26: -0.2178478 | CN26: -0.43093346 | CO26: 0.56993097 | CP26: 0.26595505 | CQ26: -0.25888494 | CR26: -0.096443012 | CS26: -0.14536585 | CT26: 0.073339845 | CU26: 0.1207069 | CV26: -0.14322957 | CW26: -0.037041272 | CX26: 0.010639545 | CY26: 0.1225019 | CZ26: -0.19084738 | DA26: 0.022267002 | DB26: 0.26091419 | DC26: -0.050145312 | DD26: -0.14845482 | DE26: 0.013730837 | DF26: -0.18219921 | DG26: -0.14342805 | DH26: 0.055360153 | DI26: -0.18924782 | DJ26: 0.037376049 | DK26: -0.18393473 | DL26: 0.019683363 | DM26: -0.045373737 | DN26: 0.65726889 | DO26: -0.016303778 | DP26: -0.16093888 | DQ26: 0.031826862 | DR26: 0.36175338 | DS26: 0.32345196 | DT26: 0.19724234 | DU26: 0.38338391 | DV26: -0.007417378 | DW26: 0.70028058 | DX26: -0.46913877 | DY26: -0.25706787 | DZ26: 0.20680801 | EA26: 0.08870659 | EB26: 0.18183054 | EC26: 0.051434771 | ED26: 0.1032776 | EE26: 0.055185153 | EF26: -0.03758578 | EG26: =AVERAGE(C26:EF26) -> 0.017586462 | EH26: =STDEV(C26:EF26) -> 0.2352885 | EI26: =EG26/EH26 -> 0.074744249
A27: 大盤 | B27: TWⅡ | C27: -0.017446771 | D27: 0.020701061 | E27: 0.023982129 | F27: -0.006557579 | G27: 0.03184513 | H27: 0.034348533 | I27: -0.0082549328 | J27: 0.012843524 | K27: -0.051018525 | L27: 0.00087394274 | M27: 0.023389576 | N27: 0.012988972 | O27: 0.0058545887 | P27: 0.027413207 | Q27: -0.0037129361 | R27: 0.024076614 | S27: -0.012190025 | T27: -0.039749578 | U27: -0.07315545 | V27: -0.05826023 | W27: 0.00077279757 | X27: 0.044591521 | Y27: -0.02769968 | Z27: 0.0020950059 | AA27: -0.023400551 | AB27: 0.032129371 | AC27: 0.038903273 | AD27: -0.042865382 | AE27: 0.018647195 | AF27: 0.015229768 | AG27: 0.036016604 | AH27: 0.0093546114 | AI27: 0.010748251 | AJ27: 0.013357754 | AK27: -0.0053327473 | AL27: 0.0013831358 | AM27: 0.020795928 | AN27: 0.031517702 | AO27: 0.0062417165 | AP27: 0.0061452617 | AQ27: 0.016946358 | AR27: 0.03468283 | AS27: 0.0030985886 | AT27: 0.015081347 | AU27: -0.019251209 | AV27: 0.038711513 | AW27: -0.021856951 | AX27: 0.0077743007 | AY27: 0.042397247 | AZ27: -0.026308975 | BA27: 0.0095717493 | BB27: -0.024249741 | BC27: 0.020163374 | BD27: -0.0035049988 | BE27: 0.020151935 | BF27: 0.00058133623 | BG27: -0.005219701 | BH27: -0.11587176 | BI27: 0.0087252257 | BJ27: -0.016377261 | BK27: 0.020840372 | BL27: 0.044975872 | BM27: 0.023954306 | BN27: 0.030239101 | BO27: -0.043725888 | BP27: 0.02188947 | BQ27: 0.0086274303 | BR27: -0.019192954 | BS27: 0.01973513 | BT27: 0.047694337 | BU27: 0.011454817 | BV27: 0.043228621 | BW27: -0.04274743 | BX27: -0.017811292 | BY27: -0.1511531 | BZ27: 0.124224 | CA27: -0.0045572538 | CB27: 0.06021124 | CC27: 0.085992033 | CD27: -0.0058084796 | CE27: -0.006041347 | CF27: 0.0024523244 | CG27: 0.089636252 | CH27: 0.070992733 | CI27: 0.027170643 | CJ27: 0.052468428 | CK27: 0.029480661 | CL27: 0.066825081 | CM27: -0.028772229 | CN27: 0.039462516 | CO27: -0.029031087 | CP27: 0.013983883 | CQ27: -0.032276965 | CR27: 0.0031035766 | CS27: 0.025591856 | CT27: 0.044391886 | CU27: -0.030338959 | CV27: -0.0012579765 | CW27: 0.0023363565 | CX27: -0.064264145 | CY27: 0.012909779 | CZ27: -0.12547709 | DA27: 0.011690683 | DB27: 0.0063378437 | DC27: -0.11730536 | DD27: -0.036010872 | DE27: 0.1389113 | DF27: -0.051143506 | DG27: 0.076731447 | DH27: 0.015508782 | DI27: 0.023223774 | DJ27: -0.018372876 | DK27: 0.062199014 | DL27: 0.020098304 | DM27: 0.01349894 | DN27: -0.030252213 | DO27: -0.017022836 | DP27: -0.021788523 | DQ27: 0.085745625 | DR27: 0.028106744 | DS27: -0.0023031598 | DT27: 0.058471198 | DU27: 0.067658949 | DV27: 0.0050207706 | DW27: 0.037416184 | DX27: 0.084111004 | DY27: -0.036832399 | DZ27: 0.0030917028 | EA27: -0.0019576282 | EB27: 0.026459104 | EC27: -0.024752539 | ED27: 0.034115491 | EE27: 0.021061974 | EF27: -0.020277393 | EG27: =AVERAGE(C27:EF27) -> 0.0073485376 | EH27: =STDEV(C27:EF27) -> 0.04227637 | EI27: =EG27/EH27 -> 0.1738214

Sheet LightGBM樣本外R2
A1: Predict
B2: Time | C2: 2013/12 | D2: 2014/01 | E2: 2014/02 | F2: 2014/03 | G2: 2014/04 | H2: 2014/05 | I2: 2014/06 | J2: 2014/07 | K2: 2014/08 | L2: 2014/09 | M2: 2014/10 | N2: 2014/11 | O2: 2014/12 | P2: 2015/01 | Q2: 2015/02 | R2: 2015/03 | S2: 2015/04 | T2: 2015/05 | U2: 2015/06 | V2: 2015/07 | W2: 2015/08 | X2: 2015/09 | Y2: 2015/10 | Z2: 2015/11 | AA2: 2015/12 | AB2: 2016/01 | AC2: 2016/02 | AD2: 2016/03 | AE2: 2016/04 | AF2: 2016/05 | AG2: 2016/06 | AH2: 2016/07 | AI2: 2016/08 | AJ2: 2016/09 | AK2: 2016/10 | AL2: 2016/11 | AM2: 2016/12 | AN2: 2017/01 | AO2: 2017/02 | AP2: 2017/03 | AQ2: 2017/04 | AR2: 2017/05 | AS2: 2017/06 | AT2: 2017/07 | AU2: 2017/08 | AV2: 2017/09 | AW2: 2017/10 | AX2: 2017/11 | AY2: 2017/12 | AZ2: 2018/01 | BA2: 2018/02 | BB2: 2018/03 | BC2: 2018/04 | BD2: 2018/05 | BE2: 2018/06 | BF2: 2018/07 | BG2: 2018/08 | BH2: 2018/09 | BI2: 2018/10 | BJ2: 2018/11 | BK2: 2018/12 | BL2: 2019/01 | BM2: 2019/02 | BN2: 2019/03 | BO2: 2019/04 | BP2: 2019/05 | BQ2: 2019/06 | BR2: 2019/07 | BS2: 2019/08 | BT2: 2019/09 | BU2: 2019/10 | BV2: 2019/11 | BW2: 2019/12 | BX2: 2020/01 | BY2: 2020/02 | BZ2: 2020/03 | CA2: 2020/04 | CB2: 2020/05 | CC2: 2020/06 | CD2: 2020/07 | CE2: 2020/08 | CF2: 2020/09 | CG2: 2020/10 | CH2: 2020/11 | CI2: 2020/12 | CJ2: 2021/01 | CK2: 2021/02 | CL2: 2021/03 | CM2: 2021/04 | CN2: 2021/05 | CO2: 2021/06 | CP2: 2021/07 | CQ2: 2021/08 | CR2: 2021/09 | CS2: 2021/10 | CT2: 2021/11 | CU2: 2021/12 | CV2: 2022/01 | CW2: 2022/02 | CX2: 2022/03 | CY2: 2022/04 | CZ2: 2022/05 | DA2: 2022/06 | DB2: 2022/07 | DC2: 2022/08 | DD2: 2022/09 | DE2: 2022/10 | DF2: 2022/11 | DG2: 2022/12 | DH2: 2023/01 | DI2: 2023/02 | DJ2: 2023/03 | DK2: 2023/04 | DL2: 2023/05 | DM2: 2023/06 | DN2: 2023/07 | DO2: 2023/08 | DP2: 2023/09 | DQ2: 2023/10 | DR2: 2023/11 | DS2: 2023/12 | DT2: 2024/01 | DU2: 2024/02 | DV2: 2024/03 | DW2: 2024/04 | DX2: 2024/05 | DY2: 2024/06 | DZ2: 2024/07 | EA2: 2024/08 | EB2: 2024/09 | EC2: 2024/10 | ED2: 2024/11 | EE2: 2024/12 | EF2: 2025/01
B3: mom1 | C3: -0.028421105 | D3: -0.0032086853 | E3: -0.045759689 | F3: -0.062181713 | G3: -0.059567678 | H3: -0.010649055 | I3: -0.01276009 | J3: -0.047600297 | K3: -0.031071015 | L3: -0.028040119 | M3: -0.0090825358 | N3: -0.045141758 | O3: -0.044270346 | P3: -0.031684381 | Q3: -0.055433013 | R3: -0.02710995 | S3: -0.016227496 | T3: -0.0027466888 | U3: -0.020370614 | V3: 0.0037661807 | W3: -0.014262473 | X3: -0.0917358 | Y3: -0.031277665 | Z3: 0.013116938 | AA3: -0.0095636868 | AB3: -0.0063454766 | AC3: 0.00090571962 | AD3: -0.025965432 | AE3: -0.0096560945 | AF3: 0.0030675596 | AG3: -0.032383394 | AH3: -0.0074773786 | AI3: -0.0019157841 | AJ3: -0.009586853 | AK3: -0.012509584 | AL3: -0.032067835 | AM3: -0.023857075 | AN3: -0.055529021 | AO3: -0.054187593 | AP3: -0.020805826 | AQ3: -0.054464581 | AR3: -0.0079251422 | AS3: -0.080704946 | AT3: -0.0033286588 | AU3: -0.016730373 | AV3: -0.040662307 | AW3: -0.01334959 | AX3: 0.00041132675 | AY3: -0.015450973 | AZ3: -0.03434674 | BA3: -0.011721947 | BB3: -0.008645138 | BC3: 0.093133169 | BD3: 0.021270749 | BE3: 0.0041896161 | BF3: 0.087493563 | BG3: -0.008610178 | BH3: -0.021536217 | BI3: 0.076523317 | BJ3: 0.11053144 | BK3: 0.043903812 | BL3: -0.0057341144 | BM3: 0.085239266 | BN3: -0.027413591 | BO3: -0.026194249 | BP3: -0.0050536532 | BQ3: -0.015635984 | BR3: -0.0028605951 | BS3: -0.022503841 | BT3: -0.028888226 | BU3: 0.00046852267 | BV3: -0.014343012 | BW3: -0.0024765406 | BX3: -0.0033669345 | BY3: 0.0098781533 | BZ3: 0.059334883 | CA3: -0.016962409 | CB3: 0.015768733 | CC3: -0.04579691 | CD3: -0.016834237 | CE3: -0.028685122 | CF3: -0.061571375 | CG3: -0.0093795888 | CH3: -0.027363971 | CI3: -0.0056179209 | CJ3: -0.01841073 | CK3: -0.060048442 | CL3: 0.051031674 | CM3: -0.031853467 | CN3: -0.0034014778 | CO3: -0.0059588483 | CP3: -0.052511428 | CQ3: -0.018192283 | CR3: -0.013835788 | CS3: 0.066811104 | CT3: -0.043738323 | CU3: -0.027281598 | CV3: -0.014720715 | CW3: -0.0096698957 | CX3: -0.056823076 | CY3: -0.0077143265 | CZ3: -0.013600859 | DA3: -0.019832006 | DB3: -0.028697643 | DC3: -0.042602949 | DD3: -0.037717335 | DE3: -0.018655423 | DF3: 0.04404442 | DG3: 0.024808364 | DH3: -0.0090166159 | DI3: 0.0041737322 | DJ3: -0.021302417 | DK3: -0.035212078 | DL3: -0.025285552 | DM3: -0.018070447 | DN3: -0.024459591 | DO3: -0.022975006 | DP3: -0.022725345 | DQ3: -0.034792528 | DR3: -0.014517743 | DS3: 0.039697577 | DT3: -0.025528605 | DU3: -0.013965522 | DV3: -0.011635769 | DW3: -0.019578167 | DX3: -0.016729233 | DY3: -0.013926629 | DZ3: -0.064078277 | EA3: -0.011174082 | EB3: -0.032139421 | EC3: -0.0065260959 | ED3: -0.033025345 | EE3: -0.042642098 | EF3: 0.046335984
B4: mom12 | C4: 0.032149527 | D4: 0.031058233 | E4: 0.021920012 | F4: 0.026919816 | G4: 0.035273392 | H4: 0.072960053 | I4: 0.083700431 | J4: 0.054952607 | K4: 0.06581917 | L4: 0.04129115 | M4: 0.031112425 | N4: 0.015944504 | O4: 0.0028902999 | P4: -0.020143455 | Q4: 0.0044313998 | R4: -0.032241819 | S4: -0.014602157 | T4: 0.004411944 | U4: -0.012920894 | V4: -0.0058865342 | W4: 0.025473671 | X4: -0.0052639646 | Y4: -0.016245667 | Z4: -0.00391226 | AA4: 0.010350439 | AB4: 0.04327586 | AC4: 0.028867701 | AD4: 0.041043585 | AE4: 0.023302439 | AF4: 0.029358021 | AG4: 0.016663025 | AH4: 0.015268574 | AI4: 0.014681378 | AJ4: 0.0033443266 | AK4: 0.018997018 | AL4: 0.024881633 | AM4: 0.013787652 | AN4: 0.004016441 | AO4: 0.011853012 | AP4: -0.024002529 | AQ4: -0.0086616032 | AR4: -0.049291308 | AS4: -0.046612021 | AT4: -0.013669303 | AU4: -0.0071382332 | AV4: -0.012807856 | AW4: 0.010745089 | AX4: -0.0011321089 | AY4: 0.016647319 | AZ4: 0.018617873 | BA4: 0.023323985 | BB4: 0.0082449342 | BC4: 0.0088282726 | BD4: 0.018147156 | BE4: 0.0061555981 | BF4: -0.012290645 | BG4: -0.0059310581 | BH4: -0.004272728 | BI4: 0.014160548 | BJ4: 0.0083678246 | BK4: -0.018798857 | BL4: -0.0058491424 | BM4: -0.013166786 | BN4: 0.013885551 | BO4: 0.016162147 | BP4: 0.039650518 | BQ4: 0.031389726 | BR4: 0.040897547 | BS4: 0.013676354 | BT4: 0.016915817 | BU4: 0.017996776 | BV4: 0.016913625 | BW4: 0.0054921253 | BX4: 0.011708781 | BY4: 0.012493509 | BZ4: 0.017018809 | CA4: 0.014260342 | CB4: 0.0050213231 | CC4: -0.0018682696 | CD4: 0.020458412 | CE4: 0.020683321 | CF4: -0.0095815189 | CG4: -0.028466593 | CH4: -0.0032564911 | CI4: 0.0019169051 | CJ4: 0.011528987 | CK4: 0.010068286 | CL4: 0.012952232 | CM4: 0.0043310724 | CN4: -0.0029342907 | CO4: -0.0074118526 | CP4: -0.0084165338 | CQ4: 0.00026063257 | CR4: -0.0045614668 | CS4: -0.015033045 | CT4: -0.0064041876 | CU4: -0.0052180228 | CV4: 0.014766811 | CW4: 0.0079096072 | CX4: 0.0091865945 | CY4: 0.0079215283 | CZ4: 0.025911448 | DA4: -0.033181029 | DB4: 0.010437976 | DC4: 0.036289702 | DD4: -0.027333662 | DE4: 5.3204379e-05 | DF4: 0.011934289 | DG4: -0.0068727258 | DH4: 0.0038813537 | DI4: 0.0089454078 | DJ4: 0.014739476 | DK4: -0.0095534373 | DL4: 0.045369163 | DM4: 0.052420328 | DN4: 0.046322268 | DO4: 0.03879346 | DP4: 0.031593984 | DQ4: 0.02797446 | DR4: 0.041670046 | DS4: 0.039311671 | DT4: 0.04175682 | DU4: 0.040857076 | DV4: 0.029541589 | DW4: 0.048580647 | DX4: 0.021294874 | DY4: 0.022110302 | DZ4: 0.018187961 | EA4: 0.018972922 | EB4: 0.012440642 | EC4: 0.019440548 | ED4: 0.017895222 | EE4: 0.019741135 | EF4: 0.016674022
B5: chmom | C5: 0.032149527 | D5: 0.031058233 | E5: 0.021920012 | F5: 0.026919816 | G5: 0.035273392 | H5: 0.072960053 | I5: 0.083700431 | J5: 0.054952607 | K5: 0.06581917 | L5: 0.04129115 | M5: 0.031112425 | N5: 0.015944504 | O5: 0.0028902999 | P5: -0.020143455 | Q5: 0.0044313998 | R5: -0.032241819 | S5: -0.014602157 | T5: 0.004411944 | U5: -0.012920894 | V5: -0.0058865342 | W5: 0.025473671 | X5: -0.0052639646 | Y5: -0.016245667 | Z5: -0.00391226 | AA5: 0.010350439 | AB5: 0.04327586 | AC5: 0.028867701 | AD5: 0.041043585 | AE5: 0.023302439 | AF5: 0.029358021 | AG5: 0.016663025 | AH5: 0.015268574 | AI5: 0.014681378 | AJ5: 0.0033443266 | AK5: 0.018997018 | AL5: 0.024881633 | AM5: 0.013787652 | AN5: 0.004016441 | AO5: 0.011853012 | AP5: -0.024002529 | AQ5: -0.0086616032 | AR5: -0.049291308 | AS5: -0.046612021 | AT5: -0.013669303 | AU5: -0.0071382332 | AV5: -0.012807856 | AW5: 0.010745089 | AX5: -0.0011321089 | AY5: 0.016647319 | AZ5: 0.018617873 | BA5: 0.023323985 | BB5: 0.0082449342 | BC5: 0.0088282726 | BD5: 0.018147156 | BE5: 0.0061555981 | BF5: -0.012290645 | BG5: -0.0059310581 | BH5: -0.004272728 | BI5: 0.014160548 | BJ5: 0.0083678246 | BK5: -0.018798857 | BL5: -0.0058491424 | BM5: -0.013166786 | BN5: 0.013885551 | BO5: 0.016162147 | BP5: 0.039650518 | BQ5: 0.031389726 | BR5: 0.040897547 | BS5: 0.013676354 | BT5: 0.016915817 | BU5: 0.017996776 | BV5: 0.016913625 | BW5: 0.0054921253 | BX5: 0.011708781 | BY5: 0.012493509 | BZ5: 0.017018809 | CA5: 0.014260342 | CB5: 0.0050213231 | CC5: -0.0018682696 | CD5: 0.020458412 | CE5: 0.020683321 | CF5: -0.0095815189 | CG5: -0.028466593 | CH5: -0.0032564911 | CI5: 0.0019169051 | CJ5: 0.011528987 | CK5: 0.010068286 | CL5: 0.012952232 | CM5: 0.0043310724 | CN5: -0.0029342907 | CO5: -0.0074118526 | CP5: -0.0084165338 | CQ5: 0.00026063257 | CR5: -0.0045614668 | CS5: -0.015033045 | CT5: -0.0064041876 | CU5: -0.0052180228 | CV5: 0.014766811 | CW5: 0.0079096072 | CX5: 0.0091865945 | CY5: 0.0079215283 | CZ5: 0.025911448 | DA5: -0.033181029 | DB5: 0.010437976 | DC5: 0.036289702 | DD5: -0.027333662 | DE5: 5.3204379e-05 | DF5: 0.011934289 | DG5: -0.0068727258 | DH5: 0.0038813537 | DI5: 0.0089454078 | DJ5: 0.014739476 | DK5: -0.0095534373 | DL5: 0.045369163 | DM5: 0.052420328 | DN5: 0.046322268 | DO5: 0.03879346 | DP5: 0.031593984 | DQ5: 0.02797446 | DR5: 0.041670046 | DS5: 0.039311671 | DT5: 0.04175682 | DU5: 0.040857076 | DV5: 0.029541589 | DW5: 0.048580647 | DX5: 0.021294874 | DY5: 0.022110302 | DZ5: 0.018187961 | EA5: 0.018972922 | EB5: 0.012440642 | EC5: 0.019440548 | ED5: 0.017895222 | EE5: 0.019741135 | EF5: 0.016674022
B6: retvol | C6: 0.028280704 | D6: 0.045024379 | E6: 0.022805462 | F6: 0.030473305 | G6: 0.025801966 | H6: 0.026407937 | I6: 0.038669716 | J6: 0.036013741 | K6: 0.039669624 | L6: 0.023215574 | M6: 0.014439881 | N6: 0.020245466 | O6: 0.016677705 | P6: 0.015979594 | Q6: 0.017689819 | R6: 0.0089443822 | S6: 0.027929232 | T6: 0.012097868 | U6: 0.016471196 | V6: 0.014996151 | W6: 0.013040458 | X6: 0.018810074 | Y6: 0.0011582881 | Z6: 0.0080285515 | AA6: 0.005533116 | AB6: 0.00557342 | AC6: 0.015292133 | AD6: 0.013483451 | AE6: 0.01510215 | AF6: 0.0083251924 | AG6: 0.020406205 | AH6: 0.042947613 | AI6: 0.013234101 | AJ6: 0.010758771 | AK6: 0.0071831979 | AL6: 0.014507613 | AM6: 0.017219896 | AN6: 0.016130185 | AO6: 0.0027328542 | AP6: 0.010811339 | AQ6: 0.014269002 | AR6: 0.016671974 | AS6: 0.010903894 | AT6: 0.019352604 | AU6: 0.03336906 | AV6: 0.033609502 | AW6: 0.036213352 | AX6: 0.010755409 | AY6: 0.022281626 | AZ6: 0.029838241 | BA6: 0.0092262385 | BB6: 0.020435759 | BC6: 0.020621794 | BD6: 0.024205264 | BE6: 0.015778299 | BF6: 0.014587344 | BG6: 0.0205234 | BH6: 0.022897761 | BI6: 0.024587363 | BJ6: 0.018443815 | BK6: 0.019702031 | BL6: 0.0045770526 | BM6: 0.00072036967 | BN6: 0.0068383366 | BO6: 0.008495603 | BP6: 0.0068676055 | BQ6: 0.01214829 | BR6: 0.012729966 | BS6: 0.015897604 | BT6: 0.015357171 | BU6: 0.016534797 | BV6: 0.017159038 | BW6: 0.013147733 | BX6: 0.029391096 | BY6: 0.029697604 | BZ6: 0.023169419 | CA6: 0.021585326 | CB6: 0.036279979 | CC6: 0.0022471414 | CD6: 0.011431405 | CE6: 0.0097325278 | CF6: 0.012918743 | CG6: 0.016791522 | CH6: 0.026978402 | CI6: 0.01974305 | CJ6: 0.036282559 | CK6: 0.037565589 | CL6: 0.02740698 | CM6: 0.023252333 | CN6: 0.0072236255 | CO6: 0.0086283922 | CP6: 0.0082387791 | CQ6: 0.0090960544 | CR6: -0.019608093 | CS6: 0.0080383364 | CT6: 0.0031404346 | CU6: -0.0073210796 | CV6: -0.0023633033 | CW6: 0.0102343 | CX6: 0.028585785 | CY6: 0.031094172 | CZ6: 0.031553415 | DA6: 0.042270887 | DB6: 0.039805308 | DC6: 0.015575602 | DD6: 0.034946221 | DE6: 0.083616853 | DF6: 0.072050126 | DG6: 0.040272677 | DH6: 0.020352821 | DI6: 0.012289753 | DJ6: 0.033017884 | DK6: 0.0041169359 | DL6: 0.0032895249 | DM6: 0.016270141 | DN6: 0.019067257 | DO6: 0.043813888 | DP6: 0.042895957 | DQ6: 0.039102398 | DR6: 0.035268577 | DS6: 0.041220381 | DT6: 0.044856575 | DU6: 0.038425398 | DV6: 0.042252549 | DW6: 0.043956925 | DX6: 0.051589606 | DY6: 0.052634911 | DZ6: 0.052838321 | EA6: 0.046836473 | EB6: 0.046645625 | EC6: 0.053388727 | ED6: 0.015378748 | EE6: 0.020959301 | EF6: 0.023158289
B7: maxret | C7: 0.0074353345 | D7: -0.028755301 | E7: 2.6254979e-05 | F7: 0.0081230333 | G7: 0.001921454 | H7: 0.016301272 | I7: -0.014801552 | J7: 0.0050232193 | K7: -0.020936215 | L7: 0.012283281 | M7: -0.042762316 | N7: -0.025475367 | O7: -0.025329166 | P7: -0.0092756308 | Q7: 0.029479018 | R7: -0.012899916 | S7: 0.005530283 | T7: -0.049720071 | U7: 0.041650928 | V7: -0.024060895 | W7: -0.019445981 | X7: 0.0041013327 | Y7: 0.031114671 | Z7: -0.041235056 | AA7: 0.027015096 | AB7: 0.0052994812 | AC7: 0.030553441 | AD7: -0.0086666011 | AE7: 0.0049092226 | AF7: -0.017946305 | AG7: 0.033899838 | AH7: -0.0061240908 | AI7: 0.018774453 | AJ7: 0.029382758 | AK7: -0.033686569 | AL7: -0.032280317 | AM7: 0.0032138735 | AN7: 0.11408471 | AO7: 0.02799418 | AP7: 0.029917062 | AQ7: -0.041139472 | AR7: -0.00087443992 | AS7: 0.015026083 | AT7: -0.015190475 | AU7: -0.038575341 | AV7: 0.015312413 | AW7: 0.035025744 | AX7: 0.0035901734 | AY7: -0.030656313 | AZ7: -0.0029025725 | BA7: 0.0056352578 | BB7: -0.03405329 | BC7: -0.013759948 | BD7: -0.02257377 | BE7: 0.0055568103 | BF7: 0.0093798251 | BG7: -0.016046693 | BH7: 0.058929576 | BI7: -0.028235978 | BJ7: -0.0037545426 | BK7: 0.011294718 | BL7: -0.046188342 | BM7: -0.020443148 | BN7: -0.017926467 | BO7: 0.011582539 | BP7: -0.0028645742 | BQ7: -0.092485502 | BR7: -0.0080970018 | BS7: -0.01130158 | BT7: 0.014912762 | BU7: 0.016618493 | BV7: 0.016276276 | BW7: -0.044854207 | BX7: 0.01913616 | BY7: -0.021076646 | BZ7: -0.023497155 | CA7: -0.041401721 | CB7: -0.0042780939 | CC7: 0.022498146 | CD7: -0.011710733 | CE7: 0.058979173 | CF7: -0.019429797 | CG7: 0.018692101 | CH7: -0.0058114523 | CI7: -0.041834284 | CJ7: -0.012841469 | CK7: 0.013618815 | CL7: -0.0035360869 | CM7: -0.042807172 | CN7: 0.02064293 | CO7: -0.041396506 | CP7: 0.043251404 | CQ7: -0.025468576 | CR7: -0.0097805463 | CS7: -0.036398625 | CT7: -0.047913537 | CU7: -0.018724998 | CV7: 0.013671881 | CW7: -0.058236049 | CX7: 0.059009893 | CY7: 0.031124682 | CZ7: -0.036962005 | DA7: 0.026875191 | DB7: 0.0049460523 | DC7: 0.013273219 | DD7: 0.018110792 | DE7: -0.0050468456 | DF7: 0.0051712812 | DG7: -0.0085517408 | DH7: -0.0039740829 | DI7: 0.035094374 | DJ7: 0.042093321 | DK7: 0.041605226 | DL7: 0.03742447 | DM7: 0.0064227276 | DN7: 0.050342979 | DO7: 0.034076577 | DP7: -0.018457857 | DQ7: -0.0320199 | DR7: -0.014214254 | DS7: -0.018841137 | DT7: 0.052764154 | DU7: 0.037587698 | DV7: 0.055246083 | DW7: 0.010541023 | DX7: -0.021472144 | DY7: -0.02340917 | DZ7: -0.037468141 | EA7: 0.015257175 | EB7: 0.0017324241 | EC7: 0.0018771108 | ED7: -0.010360487 | EE7: -0.0020699837 | EF7: -0.0010624359
A9: Real
B10: Time | C10: 2013/12 | D10: 2014/01 | E10: 2014/02 | F10: 2014/03 | G10: 2014/04 | H10: 2014/05 | I10: 2014/06 | J10: 2014/07 | K10: 2014/08 | L10: 2014/09 | M10: 2014/10 | N10: 2014/11 | O10: 2014/12 | P10: 2015/01 | Q10: 2015/02 | R10: 2015/03 | S10: 2015/04 | T10: 2015/05 | U10: 2015/06 | V10: 2015/07 | W10: 2015/08 | X10: 2015/09 | Y10: 2015/10 | Z10: 2015/11 | AA10: 2015/12 | AB10: 2016/01 | AC10: 2016/02 | AD10: 2016/03 | AE10: 2016/04 | AF10: 2016/05 | AG10: 2016/06 | AH10: 2016/07 | AI10: 2016/08 | AJ10: 2016/09 | AK10: 2016/10 | AL10: 2016/11 | AM10: 2016/12 | AN10: 2017/01 | AO10: 2017/02 | AP10: 2017/03 | AQ10: 2017/04 | AR10: 2017/05 | AS10: 2017/06 | AT10: 2017/07 | AU10: 2017/08 | AV10: 2017/09 | AW10: 2017/10 | AX10: 2017/11 | AY10: 2017/12 | AZ10: 2018/01 | BA10: 2018/02 | BB10: 2018/03 | BC10: 2018/04 | BD10: 2018/05 | BE10: 2018/06 | BF10: 2018/07 | BG10: 2018/08 | BH10: 2018/09 | BI10: 2018/10 | BJ10: 2018/11 | BK10: 2018/12 | BL10: 2019/01 | BM10: 2019/02 | BN10: 2019/03 | BO10: 2019/04 | BP10: 2019/05 | BQ10: 2019/06 | BR10: 2019/07 | BS10: 2019/08 | BT10: 2019/09 | BU10: 2019/10 | BV10: 2019/11 | BW10: 2019/12 | BX10: 2020/01 | BY10: 2020/02 | BZ10: 2020/03 | CA10: 2020/04 | CB10: 2020/05 | CC10: 2020/06 | CD10: 2020/07 | CE10: 2020/08 | CF10: 2020/09 | CG10: 2020/10 | CH10: 2020/11 | CI10: 2020/12 | CJ10: 2021/01 | CK10: 2021/02 | CL10: 2021/03 | CM10: 2021/04 | CN10: 2021/05 | CO10: 2021/06 | CP10: 2021/07 | CQ10: 2021/08 | CR10: 2021/09 | CS10: 2021/10 | CT10: 2021/11 | CU10: 2021/12 | CV10: 2022/01 | CW10: 2022/02 | CX10: 2022/03 | CY10: 2022/04 | CZ10: 2022/05 | DA10: 2022/06 | DB10: 2022/07 | DC10: 2022/08 | DD10: 2022/09 | DE10: 2022/10 | DF10: 2022/11 | DG10: 2022/12 | DH10: 2023/01 | DI10: 2023/02 | DJ10: 2023/03 | DK10: 2023/04 | DL10: 2023/05 | DM10: 2023/06 | DN10: 2023/07 | DO10: 2023/08 | DP10: 2023/09 | DQ10: 2023/10 | DR10: 2023/11 | DS10: 2023/12 | DT10: 2024/01 | DU10: 2024/02 | DV10: 2024/03 | DW10: 2024/04 | DX10: 2024/05 | DY10: 2024/06 | DZ10: 2024/07 | EA10: 2024/08 | EB10: 2024/09 | EC10: 2024/10 | ED10: 2024/11 | EE10: 2024/12 | EF10: 2025/01
B11: mom1 | C11: 0.1206107 | D11: 0.045588622 | E11: 0.16704505 | F11: -0.073748988 | G11: -0.032506587 | H11: -0.032847119 | I11: -0.12110158 | J11: 0.0025822337 | K11: 0.071968625 | L11: 0.034342712 | M11: 0.040084603 | N11: 0.041563467 | O11: -0.0069002801 | P11: 0.035779379 | Q11: 0.068350636 | R11: -0.045413081 | S11: 0.01967398 | T11: -0.10645092 | U11: -0.032053189 | V11: -0.014865616 | W11: -0.093405071 | X11: -0.037053876 | Y11: -0.047379645 | Z11: -0.035732976 | AA11: 0.074709415 | AB11: -0.10149167 | AC11: -0.00029589017 | AD11: -0.068848797 | AE11: -0.022266032 | AF11: 0.041625472 | AG11: -0.0080508267 | AH11: -0.038264652 | AI11: 0.045184246 | AJ11: 0.034215625 | AK11: 0.044138223 | AL11: -0.035587567 | AM11: -0.013077529 | AN11: 0.004148564 | AO11: -0.07768507 | AP11: -0.0069983939 | AQ11: 0.13094784 | AR11: -0.086792709 | AS11: -0.052702983 | AT11: 0.065228471 | AU11: -0.065193823 | AV11: 0.0085695092 | AW11: -0.040024303 | AX11: -0.031442522 | AY11: -0.0040051979 | AZ11: -0.007879886 | BA11: -0.0060724257 | BB11: -0.011000775 | BC11: -0.026379572 | BD11: 0.039479545 | BE11: 0.031278312 | BF11: -0.0060707145 | BG11: -0.060537315 | BH11: -0.085381434 | BI11: 0.064493155 | BJ11: -0.0062276101 | BK11: 0.046391114 | BL11: -0.011560822 | BM11: -0.044558442 | BN11: 0.0027621487 | BO11: 0.0083121426 | BP11: -0.055860349 | BQ11: 0.03570663 | BR11: -0.022012849 | BS11: 0.039643525 | BT11: -0.0035802524 | BU11: 0.0089809504 | BV11: -0.0089428833 | BW11: -0.076064018 | BX11: -0.040663011 | BY11: -0.059083336 | BZ11: -0.026982576 | CA11: -0.12652495 | CB11: 0.012022261 | CC11: -0.050881431 | CD11: 0.025276041 | CE11: 0.087027484 | CF11: -0.024625967 | CG11: 0.018747262 | CH11: 0.04151248 | CI11: -0.029820276 | CJ11: -0.012665491 | CK11: 0.047987524 | CL11: -0.0066815212 | CM11: 0.023373144 | CN11: 0.010890171 | CO11: 0.14646344 | CP11: 0.019768545 | CQ11: 0.017749236 | CR11: -0.028991521 | CS11: -0.0092105434 | CT11: 0.036848143 | CU11: 0.030504116 | CV11: 0.040383351 | CW11: -0.0093859596 | CX11: -0.077248887 | CY11: 0.0025482207 | CZ11: -0.023356789 | DA11: -0.035608657 | DB11: 0.0044999953 | DC11: -0.043417921 | DD11: 0.077585487 | DE11: 0.045548818 | DF11: -0.073761037 | DG11: -0.013836029 | DH11: -0.013146588 | DI11: -0.11844415 | DJ11: 0.04971576 | DK11: 0.028876918 | DL11: -0.013181525 | DM11: 0.043520521 | DN11: -0.060662479 | DO11: 0.08256415 | DP11: -0.096015988 | DQ11: -0.019845472 | DR11: -0.018579634 | DS11: -0.025784659 | DT11: -0.037591586 | DU11: -0.045291919 | DV11: -0.022458423 | DW11: 0.00027164709 | DX11: -0.064503989 | DY11: 0.06012526 | DZ11: 0.0058245219 | EA11: 0.015503895 | EB11: 0.030904913 | EC11: 0.039813075 | ED11: 0.006018647 | EE11: -0.039888767 | EF11: -0.096081351
B12: mom12 | C12: -0.20935792 | D12: -0.24145621 | E12: 0.26636596 | F12: 0.33022979 | G12: 0.20358638 | H12: 0.55373417 | I12: 0.66979451 | J12: 0.61032591 | K12: 0.86207446 | L12: 0.37355796 | M12: 0.62222012 | N12: 0.29351052 | O12: 0.3562869 | P12: 0.17806893 | Q12: 0.15635752 | R12: 0.2248304 | S12: 0.18264462 | T12: 0.15307368 | U12: 0.22557714 | V12: -0.09158029 | W12: -0.049495832 | X12: -0.26789506 | Y12: -0.36478829 | Z12: -0.37790601 | AA12: -0.43955485 | AB12: -0.41859417 | AC12: -0.31816515 | AD12: -0.20856537 | AE12: -0.10236498 | AF12: -0.14886861 | AG12: -0.18669023 | AH12: -0.25393275 | AI12: -0.14773923 | AJ12: 0.044513506 | AK12: -0.058155621 | AL12: -0.091865238 | AM12: -0.1682627 | AN12: -0.33743701 | AO12: -0.36868153 | AP12: -0.28691959 | AQ12: -0.30523873 | AR12: -0.2933138 | AS12: -0.3026703 | AT12: -0.28045675 | AU12: -0.18262992 | AV12: -0.12130979 | AW12: -0.15372123 | AX12: -0.02163156 | AY12: 0.10122186 | AZ12: 0.18954151 | BA12: 0.095279708 | BB12: 0.011130473 | BC12: 0.19620313 | BD12: 0.15224713 | BE12: 0.209344 | BF12: 0.16752253 | BG12: 0.16855713 | BH12: 0.23475758 | BI12: 0.27598377 | BJ12: 0.26154896 | BK12: 0.1930056 | BL12: 0.032255305 | BM12: 0.084649699 | BN12: -0.015702242 | BO12: 0.029608765 | BP12: -0.082625544 | BQ12: -0.079330451 | BR12: -0.11353413 | BS12: -0.16045061 | BT12: -0.028989653 | BU12: -0.0038417136 | BV12: -0.17414888 | BW12: -0.050655463 | BX12: -0.0097462302 | BY12: 0.043118718 | BZ12: 0.08359471 | CA12: 0.059758542 | CB12: 0.22654685 | CC12: 0.16059562 | CD12: 0.12478222 | CE12: 0.070316847 | CF12: 0.037786686 | CG12: 0.14783135 | CH12: 0.16146329 | CI12: 0.19050379 | CJ12: 0.057810008 | CK12: 0.18159576 | CL12: 0.15995891 | CM12: -0.19344889 | CN12: 0.09266165 | CO12: 0.18420346 | CP12: 0.21509938 | CQ12: 0.07822216 | CR12: 0.23262305 | CS12: 0.12461762 | CT12: 0.2146341 | CU12: 0.29380323 | CV12: 0.16458639 | CW12: 0.22758953 | CX12: 0.30967914 | CY12: 0.10082695 | CZ12: 0.2739919 | DA12: 0.29613632 | DB12: 0.44409378 | DC12: 0.2773995 | DD12: 0.20846194 | DE12: 0.050065625 | DF12: 0.079342541 | DG12: 0.041263423 | DH12: -0.0074014042 | DI12: 0.091903679 | DJ12: 0.18881041 | DK12: 0.0050346205 | DL12: -0.065302736 | DM12: -0.16991943 | DN12: -0.048355536 | DO12: 0.30239134 | DP12: 0.40249618 | DQ12: 0.42337951 | DR12: 0.31958732 | DS12: 0.27007262 | DT12: 0.24555915 | DU12: 0.18374522 | DV12: 0.16882438 | DW12: 0.21735693 | DX12: 0.18716202 | DY12: 0.12863278 | DZ12: 0.11389562 | EA12: 0.069887094 | EB12: 0.12681711 | EC12: 0.15628153 | ED12: 0.36668827 | EE12: 0.4725008 | EF12: 0.72972326
B13: chmom | C13: 0.14158921 | D13: 0.092586945 | E13: 0.11349879 | F13: -0.0073769777 | G13: -0.31863967 | H13: -0.42059899 | I13: -0.61741575 | J13: -0.43362009 | K13: -0.25626772 | L13: -0.2113105 | M13: -0.20647602 | N13: -0.32791237 | O13: 0.015729811 | P13: 0.068442695 | Q13: 0.052648856 | R13: -0.020694613 | S13: 0.02495929 | T13: -0.086843647 | U13: -0.52458473 | V13: -0.47921434 | W13: -0.36348833 | X13: -0.39764648 | Y13: -0.4756211 | Z13: -0.29400139 | AA13: -0.21990455 | AB13: 0.018176812 | AC13: -0.079990064 | AD13: -0.10289298 | AE13: 0.14449675 | AF13: 0.094619546 | AG13: 0.15888809 | AH13: 0.11961817 | AI13: 0.26749724 | AJ13: 0.28042018 | AK13: -0.030700048 | AL13: 0.045908625 | AM13: 0.1749829 | AN13: 0.12715124 | AO13: 0.18467502 | AP13: 0.084214377 | AQ13: 0.19594427 | AR13: 0.13323353 | AS13: 0.16593562 | AT13: 0.020797245 | AU13: 0.012255111 | AV13: -0.013354263 | AW13: -0.16291629 | AX13: 0.021398073 | AY13: -0.31841892 | AZ13: -0.23894029 | BA13: -0.22999541 | BB13: -0.071523536 | BC13: 0.19523407 | BD13: 0.1343817 | BE13: 0.36448653 | BF13: 0.44848254 | BG13: 0.43221301 | BH13: 0.27475197 | BI13: 0.27625006 | BJ13: 0.015584695 | BK13: 0.10580514 | BL13: 0.126551 | BM13: 0.2284809 | BN13: 0.28499472 | BO13: 0.10343621 | BP13: 0.37735476 | BQ13: 0.20037256 | BR13: 0.22737663 | BS13: 0.2800057 | BT13: 0.25048842 | BU13: 0.40950604 | BV13: 0.2791434 | BW13: 0.42338682 | BX13: 0.20681397 | BY13: 0.16995656 | BZ13: 0.25229151 | CA13: 0.32026293 | CB13: 0.51463583 | CC13: 0.18153007 | CD13: 0.1200337 | CE13: -0.025943293 | CF13: 0.045043616 | CG13: -0.35445425 | CH13: -0.25260244 | CI13: 0.14395187 | CJ13: 0.27306771 | CK13: 0.017040846 | CL13: -0.24283421 | CM13: -0.0062585842 | CN13: -0.31007511 | CO13: -0.48661942 | CP13: -0.58562675 | CQ13: -0.21352734 | CR13: -0.16518612 | CS13: -0.15856953 | CT13: -0.2953033 | CU13: -0.12548188 | CV13: -0.047694294 | CW13: -0.069955239 | CX13: -0.0092457956 | CY13: -0.022135305 | CZ13: 0.055799951 | DA13: 0.0046904915 | DB13: -0.19841703 | DC13: -0.14815778 | DD13: -0.078448866 | DE13: -0.034735831 | DF13: 0.23309856 | DG13: 0.10547592 | DH13: 0.2602456 | DI13: 0.24342212 | DJ13: 0.061619871 | DK13: 0.089139844 | DL13: 0.029253194 | DM13: 0.14236144 | DN13: 0.14615257 | DO13: 0.049079226 | DP13: 0.4032296 | DQ13: 0.46524422 | DR13: 0.25491522 | DS13: 0.14490164 | DT13: 0.10964787 | DU13: 0.14664794 | DV13: -0.3751533 | DW13: -0.29741986 | DX13: -0.19544278 | DY13: -0.082428266 | DZ13: 0.058661833 | EA13: -0.046779078 | EB13: 0.16414324 | EC13: -0.038064247 | ED13: 0.055317447 | EE13: 0.045666052 | EF13: -0.015130552
