Workbook

Sheet 真實IC
A1: Real
B2: Time | C2: 2013/12 | D2: 2014/01 | E2: 2014/02 | F2: 2014/03 | G2: 2014/04 | H2: 2014/05 | I2: 2014/06 | J2: 2014/07 | K2: 2014/08 | L2: 2014/09 | M2: 2014/10 | N2: 2014/11 | O2: 2014/12 | P2: 2015/01 | Q2: 2015/02 | R2: 2015/03 | S2: 2015/04 | T2: 2015/05 | U2: 2015/06 | V2: 2015/07 | W2: 2015/08 | X2: 2015/09 | Y2: 2015/10 | Z2: 2015/11 | AA2: 2015/12 | AB2: 2016/01 | AC2: 2016/02 | AD2: 2016/03 | AE2: 2016/04 | AF2: 2016/05 | AG2: 2016/06 | AH2: 2016/07 | AI2: 2016/08 | AJ2: 2016/09 | AK2: 2016/10 | AL2: 2016/11 | AM2: 2016/12 | AN2: 2017/01 | AO2: 2017/02 | AP2: 2017/03 | AQ2: 2017/04 | AR2: 2017/05 | AS2: 2017/06 | AT2: 2017/07 | AU2: 2017/08 | AV2: 2017/09 | AW2: 2017/10 | AX2: 2017/11 | AY2: 2017/12 | AZ2: 2018/01 | BA2: 2018/02 | BB2: 2018/03 | BC2: 2018/04 | BD2: 2018/05 | BE2: 2018/06 | BF2: 2018/07 | BG2: 2018/08 | BH2: 2018/09 | BI2: 2018/10 | BJ2: 2018/11 | BK2: 2018/12 | BL2: 2019/01 | BM2: 2019/02 | BN2: 2019/03 | BO2: 2019/04 | BP2: 2019/05 | BQ2: 2019/06 | BR2: 2019/07 | BS2: 2019/08 | BT2: 2019/09 | BU2: 2019/10 | BV2: 2019/11 | BW2: 2019/12 | BX2: 2020/01 | BY2: 2020/02 | BZ2: 2020/03 | CA2: 2020/04 | CB2: 2020/05 | CC2: 2020/06 | CD2: 2020/07 | CE2: 2020/08 | CF2: 2020/09 | CG2: 2020/10 | CH2: 2020/11 | CI2: 2020/12 | CJ2: 2021/01 | CK2: 2021/02 | CL2: 2021/03 | CM2: 2021/04 | CN2: 2021/05 | CO2: 2021/06 | CP2: 2021/07 | CQ2: 2021/08 | CR2: 2021/09 | CS2: 2021/10 | CT2: 2021/11 | CU2: 2021/12 | CV2: 2022/01 | CW2: 2022/02 | CX2: 2022/03 | CY2: 2022/04 | CZ2: 2022/05 | DA2: 2022/06 | DB2: 2022/07 | DC2: 2022/08 | DD2: 2022/09 | DE2: 2022/10 | DF2: 2022/11 | DG2: 2022/12 | DH2: 2023/01 | DI2: 2023/02 | DJ2: 2023/03 | DK2: 2023/04 | DL2: 2023/05 | DM2: 2023/06 | DN2: 2023/07 | DO2: 2023/08 | DP2: 2023/09 | DQ2: 2023/10 | DR2: 2023/11 | DS2: 2023/12 | DT2: 2024/01 | DU2: 2024/02 | DV2: 2024/03 | DW2: 2024/04 | DX2: 2024/05 | DY2: 2024/06 | DZ2: 2024/07 | EA2: 2024/08 | EB2: 2024/09 | EC2: 2024/10 | ED2: 2024/11 | EE2: 2024/12 | EF2: 2025/01
B3: bm | C3: 0.10910583 | D3: 0.014576583 | E3: -0.036154357 | F3: -0.004742601 | G3: -0.0057477531 | H3: 0.049378023 | I3: 0.18325177 | J3: 0.11648631 | K3: -0.030594946 | L3: 0.019828051 | M3: -0.020999006 | N3: 0.14977942 | O3: 0.015463406 | P3: -0.091792321 | Q3: -0.077409013 | R3: 0.054776596 | S3: -0.12533439 | T3: -0.11905342 | U3: -0.037770051 | V3: 0.081183823 | W3: 0.084008968 | X3: 0.14701136 | Y3: -0.12536054 | Z3: 0.19195355 | AA3: -0.084370782 | AB3: 0.072897614 | AC3: 0.10260456 | AD3: 0.015770167 | AE3: -0.15200716 | AF3: 0.059250252 | AG3: 0.13005884 | AH3: 0.1152564 | AI3: 0.032606622 | AJ3: 0.027999115 | AK3: 0.14657042 | AL3: 0.040841921 | AM3: 0.13137637 | AN3: 0.22143296 | AO3: -0.020941039 | AP3: -0.13715995 | AQ3: -0.024882855 | AR3: 0.015513971 | AS3: 0.034373037 | AT3: 0.063095686 | AU3: 0.043237695 | AV3: -0.074230367 | AW3: 0.027994827 | AX3: 0.11986442 | AY3: 0.076559571 | AZ3: -0.021730386 | BA3: -0.0012464633 | BB3: 0.10099582 | BC3: 0.02982693 | BD3: 0.0086757684 | BE3: 0.068557206 | BF3: 0.1569126 | BG3: 0.15920373 | BH3: 0.061121668 | BI3: 0.096912851 | BJ3: -0.054746248 | BK3: -0.087492963 | BL3: 0.094426746 | BM3: -0.022191059 | BN3: 0.015628612 | BO3: 0.08141824 | BP3: -0.018508942 | BQ3: 0.068729568 | BR3: 0.0031023605 | BS3: 0.074964418 | BT3: 0.045201588 | BU3: 0.025677329 | BV3: 0.091804031 | BW3: -0.026353999 | BX3: 0.019394832 | BY3: -0.076838899 | BZ3: 0.11330931 | CA3: -0.10735493 | CB3: 0.040844789 | CC3: -0.019801709 | CD3: 0.18837709 | CE3: 0.055574906 | CF3: 0.074872074 | CG3: 0.10000019 | CH3: 0.13602172 | CI3: -0.093741015 | CJ3: 0.0039305991 | CK3: 0.056507777 | CL3: 0.26354578 | CM3: -0.0095554349 | CN3: -0.0315119 | CO3: -0.022619032 | CP3: 0.13265561 | CQ3: 0.13307278 | CR3: -0.014956408 | CS3: -0.033419938 | CT3: 0.012281209 | CU3: 0.11681498 | CV3: -0.0031589454 | CW3: 0.038217758 | CX3: 0.13917409 | CY3: -0.023712288 | CZ3: 0.21835291 | DA3: -0.057967362 | DB3: -0.014104219 | DC3: 0.11395608 | DD3: 0.074472262 | DE3: -0.00089969275 | DF3: 0.0009770718 | DG3: -0.072980095 | DH3: -0.023845287 | DI3: -0.10153067 | DJ3: 0.027692536 | DK3: -0.049335153 | DL3: -0.0056993576 | DM3: -0.03698176 | DN3: 0.10981299 | DO3: 0.042036825 | DP3: 0.084566668 | DQ3: -0.11027981 | DR3: 0.094328709 | DS3: -0.071906913 | DT3: -0.09623643 | DU3: 0.0023455494 | DV3: 0.13401742 | DW3: 0.094732519 | DX3: -0.1037732 | DY3: 0.075762154 | DZ3: -0.03182972 | EA3: 0.16130802 | EB3: 0.010203533 | EC3: 0.073988425 | ED3: -0.15737687 | EE3: 0.079137553 | EF3: -0.021049125
B4: size | C4: -0.24758871 | D4: -0.2746933 | E4: -0.084648385 | F4: 0.022644631 | G4: -0.049680001 | H4: -0.10075963 | I4: -0.012522721 | J4: 0.07873655 | K4: -0.0341851 | L4: 0.088406798 | M4: -0.0030634546 | N4: -0.21221799 | O4: -0.036805389 | P4: 0.071033119 | Q4: -0.071261133 | R4: 0.021560447 | S4: 0.10111126 | T4: 0.04322474 | U4: 0.01488195 | V4: 0.0063260243 | W4: -0.14355298 | X4: -0.064282172 | Y4: -0.019034203 | Z4: -0.020644556 | AA4: 0.03305954 | AB4: -0.019418227 | AC4: -0.063126839 | AD4: -0.065629712 | AE4: 0.13799569 | AF4: -0.10056792 | AG4: -0.037969091 | AH4: -0.045839538 | AI4: -0.051034096 | AJ4: -0.0032204409 | AK4: 0.00048952959 | AL4: -0.10644675 | AM4: -0.013723974 | AN4: -0.12196471 | AO4: -0.048589666 | AP4: -0.0019031504 | AQ4: 0.029067485 | AR4: 0.052635777 | AS4: -0.012893259 | AT4: -0.0021311348 | AU4: -0.15538438 | AV4: 0.012681784 | AW4: -0.011942322 | AX4: -0.0042537915 | AY4: 0.029300872 | AZ4: -0.1341275 | BA4: -0.13711153 | BB4: 0.0017546605 | BC4: 0.025117126 | BD4: -0.11960191 | BE4: 0.13576165 | BF4: 0.047091162 | BG4: -0.026050044 | BH4: 0.043752774 | BI4: -0.081391828 | BJ4: -0.10060082 | BK4: 0.090490079 | BL4: -0.030898459 | BM4: 0.058814187 | BN4: 0.081345639 | BO4: -0.0077164169 | BP4: 0.10673487 | BQ4: -0.027156341 | BR4: -0.054431019 | BS4: -0.068229278 | BT4: 0.098612223 | BU4: 0.12839854 | BV4: -0.078402519 | BW4: -0.11913372 | BX4: -0.046890096 | BY4: 0.10169834 | BZ4: -0.025680084 | CA4: -0.08330179 | CB4: -0.15782765 | CC4: -0.071052572 | CD4: -0.073875492 | CE4: -0.23678647 | CF4: 0.032627706 | CG4: 0.013423085 | CH4: -0.0027966659 | CI4: 0.0479257 | CJ4: -0.0032520193 | CK4: -0.07570819 | CL4: -0.044397256 | CM4: 0.17898858 | CN4: 0.057994266 | CO4: -0.13939019 | CP4: 0.064714671 | CQ4: -0.18118789 | CR4: -0.088633532 | CS4: -0.025321775 | CT4: -0.11307907 | CU4: 0.0080959573 | CV4: -0.045200208 | CW4: -0.058941225 | CX4: -0.1077283 | CY4: -0.096503499 | CZ4: -0.21035435 | DA4: -0.10996114 | DB4: -0.19082047 | DC4: -0.020727272 | DD4: 0.087029095 | DE4: 0.082024593 | DF4: -0.16687666 | DG4: 0.22243809 | DH4: -0.14429775 | DI4: -0.11961995 | DJ4: -0.10159274 | DK4: 0.092855059 | DL4: -0.04263049 | DM4: 0.082732073 | DN4: -0.031049452 | DO4: -0.09814199 | DP4: -0.13058888 | DQ4: 0.048655718 | DR4: -0.03925191 | DS4: -0.1610302 | DT4: -0.078883966 | DU4: 0.16407716 | DV4: 0.0075052515 | DW4: -0.10164525 | DX4: -0.056040292 | DY4: -0.10665664 | DZ4: -0.069186576 | EA4: -0.12618866 | EB4: -0.064737118 | EC4: 0.051426073 | ED4: 0.034496728 | EE4: 0.1576776 | EF4: 0.24308194
B5: mom | C5: -0.054244781 | D5: 0.045377022 | E5: -0.017752273 | F5: -0.087687354 | G5: 0.10275926 | H5: 0.0025113717 | I5: -0.018303552 | J5: 0.022110525 | K5: 0.077258046 | L5: 0.0093440784 | M5: 0.053602181 | N5: -0.067877357 | O5: 0.064929886 | P5: 0.0048806818 | Q5: 0.019197818 | R5: -0.0054653492 | S5: 0.036551467 | T5: 0.12918507 | U5: 0.013692408 | V5: 0.015295252 | W5: -0.10468572 | X5: -0.29384805 | Y5: 0.059212485 | Z5: -0.18494831 | AA5: 0.098247439 | AB5: -0.00065734107 | AC5: -0.10368612 | AD5: 0.0035450938 | AE5: 0.17560149 | AF5: -0.1550331 | AG5: -0.026328625 | AH5: -0.0049988102 | AI5: 0.028067715 | AJ5: -0.022384194 | AK5: -0.047020825 | AL5: -0.10156151 | AM5: 0.023525149 | AN5: 0.05252523 | AO5: 0.058502894 | AP5: 0.033447356 | AQ5: 0.014300365 | AR5: 0.035903595 | AS5: 0.039782285 | AT5: 0.1484562 | AU5: -0.040787295 | AV5: 0.13895895 | AW5: 0.059863283 | AX5: -0.14978981 | AY5: 0.061595851 | AZ5: -0.061949751 | BA5: -0.0023892644 | BB5: -0.1488703 | BC5: 0.060350518 | BD5: -0.014685753 | BE5: -0.1465153 | BF5: -0.20876265 | BG5: -0.20144326 | BH5: -0.11804992 | BI5: -0.077026576 | BJ5: -0.036220317 | BK5: -0.018907269 | BL5: -0.17125564 | BM5: 0.1329175 | BN5: -0.035907702 | BO5: 0.021344518 | BP5: 0.049634823 | BQ5: -0.017211216 | BR5: 0.18982724 | BS5: -0.097605037 | BT5: 0.037831444 | BU5: 0.056008305 | BV5: -0.11673704 | BW5: -0.14132299 | BX5: -0.0033770259 | BY5: 0.13033606 | BZ5: 0.031697731 | CA5: 0.040555037 | CB5: -0.042037331 | CC5: 0.050013723 | CD5: -0.068456279 | CE5: -0.08083209 | CF5: -0.0019483108 | CG5: -0.118209 | CH5: -0.036719886 | CI5: -0.083332793 | CJ5: 0.23067287 | CK5: 0.13277852 | CL5: 0.14128732 | CM5: -0.11268939 | CN5: 0.22348856 | CO5: -0.10441917 | CP5: -0.014428224 | CQ5: -0.20723337 | CR5: -0.13486387 | CS5: 0.073007739 | CT5: -0.030218378 | CU5: -0.28688917 | CV5: 0.23073054 | CW5: 0.091075699 | CX5: -0.12248573 | CY5: 0.078381925 | CZ5: -0.045950104 | DA5: 0.082670165 | DB5: 0.14934927 | DC5: -0.047798705 | DD5: -0.16451346 | DE5: -0.11056835 | DF5: 0.057416867 | DG5: -0.21489022 | DH5: 0.062997155 | DI5: 0.067721109 | DJ5: 0.11880208 | DK5: 0.0072827306 | DL5: 0.071320599 | DM5: 0.021021901 | DN5: -0.030403224 | DO5: -0.096949657 | DP5: -0.23067649 | DQ5: 0.23818431 | DR5: 0.0035748752 | DS5: 0.13395562 | DT5: 0.1151061 | DU5: 0.10407979 | DV5: -0.054611063 | DW5: -0.033290194 | DX5: 0.055094917 | DY5: 0.068793773 | DZ5: 0.014480773 | EA5: -0.29313654 | EB5: -0.14097502 | EC5: -0.012209362 | ED5: 0.058167688 | EE5: -0.14440301 | EF5: 0.0067710154
A6: 選絕對值最大 | C6: {=MATCH(MAX(ABS(C3:C5)), ABS(C3:C5), 0)} -> 2 | D6: {=MATCH(MAX(ABS(D3:D5)), ABS(D3:D5), 0)} -> 2 | E6: {=MATCH(MAX(ABS(E3:E5)), ABS(E3:E5), 0)} -> 2 | F6: {=MATCH(MAX(ABS(F3:F5)), ABS(F3:F5), 0)} -> 3 | G6: {=MATCH(MAX(ABS(G3:G5)), ABS(G3:G5), 0)} -> 3 | H6: {=MATCH(MAX(ABS(H3:H5)), ABS(H3:H5), 0)} -> 2 | I6: {=MATCH(MAX(ABS(I3:I5)), ABS(I3:I5), 0)} -> 1 | J6: {=MATCH(MAX(ABS(J3:J5)), ABS(J3:J5), 0)} -> 1 | ... EE6: {=MATCH(MAX(ABS(EE3:EE5)), ABS(EE3:EE5), 0)} -> 2 | EF6: 2
C7: =IF(C6=1,"bm",IF(C6=2,"size",IF(C6=3,"mom"))) -> size | D7: =IF(D6=1,"bm",IF(D6=2,"size",IF(D6=3,"mom"))) -> size | E7: =IF(E6=1,"bm",IF(E6=2,"size",IF(E6=3,"mom"))) -> size | F7: =IF(F6=1,"bm",IF(F6=2,"size",IF(F6=3,"mom"))) -> mom | G7: =IF(G6=1,"bm",IF(G6=2,"size",IF(G6=3,"mom"))) -> mom | H7: =IF(H6=1,"bm",IF(H6=2,"size",IF(H6=3,"mom"))) -> size | I7: =IF(I6=1,"bm",IF(I6=2,"size",IF(I6=3,"mom"))) -> bm | J7: =IF(J6=1,"bm",IF(J6=2,"size",IF(J6=3,"mom"))) -> bm | ... EF7: =IF(EF6=1,"bm",IF(EF6=2,"size",IF(EF6=3,"mom"))) -> size
C8: =IF(C6=1,C3,IF(C6=2,C4,IF(C6=3,C5))) -> -0.24758871 | D8: =IF(D6=1,D3,IF(D6=2,D4,IF(D6=3,D5))) -> -0.2746933 | E8: =IF(E6=1,E3,IF(E6=2,E4,IF(E6=3,E5))) -> -0.084648385 | F8: =IF(F6=1,F3,IF(F6=2,F4,IF(F6=3,F5))) -> -0.087687354 | G8: =IF(G6=1,G3,IF(G6=2,G4,IF(G6=3,G5))) -> 0.10275926 | H8: =IF(H6=1,H3,IF(H6=2,H4,IF(H6=3,H5))) -> -0.10075963 | I8: =IF(I6=1,I3,IF(I6=2,I4,IF(I6=3,I5))) -> 0.18325177 | J8: =IF(J6=1,J3,IF(J6=2,J4,IF(J6=3,J5))) -> 0.11648631 | ... EE8: =IF(EE6=1,EE3,IF(EE6=2,EE4,IF(EE6=3,EE5))) -> 0.1576776 | EF8: 0.24308
A10: 投資組合 | C10: 公司數 | D10: 964
A11: 等分 | B11: 家數 | C11: 2014/01 | D11: 2014/02 | E11: 2014/03 | F11: 2014/04 | G11: 2014/05 | H11: 2014/06 | I11: 2014/07 | J11: 2014/08 | K11: 2014/09 | L11: 2014/10 | M11: 2014/11 | N11: 2014/12 | O11: 2015/01 | P11: 2015/02 | Q11: 2015/03 | R11: 2015/04 | S11: 2015/05 | T11: 2015/06 | U11: 2015/07 | V11: 2015/08 | W11: 2015/09 | X11: 2015/10 | Y11: 2015/11 | Z11: 2015/12 | AA11: 2016/01 | AB11: 2016/02 | AC11: 2016/03 | AD11: 2016/04 | AE11: 2016/05 | AF11: 2016/06 | AG11: 2016/07 | AH11: 2016/08 | AI11: 2016/09 | AJ11: 2016/10 | AK11: 2016/11 | AL11: 2016/12 | AM11: 2017/01 | AN11: 2017/02 | AO11: 2017/03 | AP11: 2017/04 | AQ11: 2017/05 | AR11: 2017/06 | AS11: 2017/07 | AT11: 2017/08 | AU11: 2017/09 | AV11: 2017/10 | AW11: 2017/11 | AX11: 2017/12 | AY11: 2018/01 | AZ11: 2018/02 | BA11: 2018/03 | BB11: 2018/04 | BC11: 2018/05 | BD11: 2018/06 | BE11: 2018/07 | BF11: 2018/08 | BG11: 2018/09 | BH11: 2018/10 | BI11: 2018/11 | BJ11: 2018/12 | BK11: 2019/01 | BL11: 2019/02 | BM11: 2019/03 | BN11: 2019/04 | BO11: 2019/05 | BP11: 2019/06 | BQ11: 2019/07 | BR11: 2019/08 | BS11: 2019/09 | BT11: 2019/10 | BU11: 2019/11 | BV11: 2019/12 | BW11: 2020/01 | BX11: 2020/02 | BY11: 2020/03 | BZ11: 2020/04 | CA11: 2020/05 | CB11: 2020/06 | CC11: 2020/07 | CD11: 2020/08 | CE11: 2020/09 | CF11: 2020/10 | CG11: 2020/11 | CH11: 2020/12 | CI11: 2021/01 | CJ11: 2021/02 | CK11: 2021/03 | CL11: 2021/04 | CM11: 2021/05 | CN11: 2021/06 | CO11: 2021/07 | CP11: 2021/08 | CQ11: 2021/09 | CR11: 2021/10 | CS11: 2021/11 | CT11: 2021/12 | CU11: 2022/01 | CV11: 2022/02 | CW11: 2022/03 | CX11: 2022/04 | CY11: 2022/05 | CZ11: 2022/06 | DA11: 2022/07 | DB11: 2022/08 | DC11: 2022/09 | DD11: 2022/10 | DE11: 2022/11 | DF11: 2022/12 | DG11: 2023/01 | DH11: 2023/02 | DI11: 2023/03 | DJ11: 2023/04 | DK11: 2023/05 | DL11: 2023/06 | DM11: 2023/07 | DN11: 2023/08 | DO11: 2023/09 | DP11: 2023/10 | DQ11: 2023/11 | DR11: 2023/12 | DS11: 2024/01 | DT11: 2024/02 | DU11: 2024/03 | DV11: 2024/04 | DW11: 2024/05 | DX11: 2024/06 | DY11: 2024/07 | DZ11: 2024/08 | EA11: 2024/09 | EB11: 2024/10 | EC11: 2024/11 | ED11: 2024/12 | EE11: 2025/01 | EF11: 2025/02
A12: 10 | B12: 96 | C12: 0.084653347 | D12: 0.11468863 | E12: 0.048026823 | F12: 0.055959385 | G12: 0.031947449 | H12: 0.038530512 | I12: 0.038097115 | J12: 0.043784579 | K12: 0.029187998 | L12: 0.041890941 | M12: 0.026889174 | N12: 0.069326987 | O12: 0.027914759 | P12: 0.019809765 | Q12: 0.033792784 | R12: 0.012898174 | S12: 0.075752807 | T12: 0.047867716 | U12: 0.020200814 | V12: 0.044098373 | W12: 0.064039415 | X12: 0.10964075 | Y12: 0.016788377 | Z12: 0.064919358 | AA12: 0.026918479 | AB12: 0.03460426 | AC12: 0.046772946 | AD12: 0.011230799 | AE12: 0.046437717 | AF12: 0.052012103 | AG12: 0.03061844 | AH12: 0.01309686 | AI12: 0.023246459 | AJ12: 0.0074902167 | AK12: 0.047354662 | AL12: 0.034105621 | AM12: 0.032204354 | AN12: 0.070370866 | AO12: 0.014995471 | AP12: 0.033728996 | AQ12: 0.0066823428 | AR12: 0.0075044281 | AS12: 0.019976273 | AT12: 0.072195382 | AU12: 0.063410262 | AV12: 0.053715631 | AW12: 0.017169705 | AX12: 0.044696012 | AY12: 0.024483354 | AZ12: 0.066563803 | BA12: 0.071276156 | BB12: 0.029036655 | BC12: 0.026690966 | BD12: 0.049233622 | BE12: 0.035368545 | BF12: 0.067616949 | BG12: 0.046757754 | BH12: 0.035079589 | BI12: 0.051439927 | BJ12: 0.043422499 | BK12: 0.020075652 | BL12: 0.032129098 | BM12: 0.050305685 | BN12: 0.019502538 | BO12: 0.02424631 | BP12: 0.026421957 | BQ12: 0.01520658 | BR12: 0.068693615 | BS12: 0.032642855 | BT12: 0.021288097 | BU12: 0.04808337 | BV12: 0.042282389 | BW12: 0.044477004 | BX12: 0.015984152 | BY12: 0.058929916 | BZ12: 0.045004028 | CA12: 0.030447774 | CB12: 0.072475876 | CC12: 0.065566613 | CD12: 0.11093363 | CE12: 0.15400701 | CF12: 0.026993353 | CG12: 0.04927796 | CH12: 0.06440264 | CI12: 0.035807413 | CJ12: 0.054120067 | CK12: 0.056101441 | CL12: 0.11801561 | CM12: 0.071708388 | CN12: 0.078465204 | CO12: 0.071292243 | CP12: 0.045040196 | CQ12: 0.062684347 | CR12: 0.057159987 | CS12: 0.00097857359 | CT12: 0.032114011 | CU12: 0.074779529 | CV12: 0.065033306 | CW12: 0.013036669 | CX12: 0.060989883 | CY12: 0.046072978 | CZ12: 0.079607283 | DA12: 0.036978661 | DB12: 0.088981816 | DC12: 0.033044377 | DD12: 0.069960546 | DE12: 0.024737644 | DF12: 0.055485734 | DG12: 0.046409818 | DH12: 0.061195155 | DI12: 0.059749068 | DJ12: 0.041378043 | DK12: 0.031928199 | DL12: 0.018669833 | DM12: 0.019237694 | DN12: 0.039228343 | DO12: 0.030556942 | DP12: 0.059408695 | DQ12: 0.074540647 | DR12: 0.018778943 | DS12: 0.069650552 | DT12: 0.024813842 | DU12: 0.057230283 | DV12: 0.052173184 | DW12: 0.044967834 | DX12: 0.049619207 | DY12: 0.053145311 | DZ12: 0.0061855961 | EA12: 0.11312704 | EB12: 0.030525777 | EC12: 0.02665151 | ED12: 0.056628036 | EE12: 0.026506892 | EF12: -0.039233348
A13: 20 | B13: 48 | C13: 0.10411275 | D13: 0.12374503 | E13: 0.069861556 | F13: 0.059986527 | G13: 0.012047404 | H13: 0.029989632 | I13: 0.037315684 | J13: 0.036406901 | K13: 0.060326139 | L13: 0.0060251613 | M13: 0.0032797582 | N13: 0.099806917 | O13: 0.017422699 | P13: 0.021104073 | Q13: 0.040198198 | R13: 0.016841702 | S13: 0.1229153 | T13: 0.074234082 | U13: 0.055957471 | V13: 0.05398777 | W13: 0.075476562 | X13: 0.12112777 | Y13: 0.023265061 | Z13: 0.073529553 | AA13: 0.047712648 | AB13: 0.04678235 | AC13: 0.0667717 | AD13: 0.02154369 | AE13: 0.077071417 | AF13: 0.073281161 | AG13: 0.031681783 | AH13: 0.011340352 | AI13: 0.01990991 | AJ13: -0.018507844 | AK13: 0.065987913 | AL13: 0.022550358 | AM13: 0.045764675 | AN13: 0.10533024 | AO13: -0.0017088467 | AP13: 0.05953822 | AQ13: 0.011082994 | AR13: -0.0092507325 | AS13: 0.023404964 | AT13: 0.086422915 | AU13: 0.076784334 | AV13: 0.079665976 | AW13: 0.026821238 | AX13: 0.032799832 | AY13: 0.015767643 | AZ13: 0.055449776 | BA13: 0.07982912 | BB13: 0.022547401 | BC13: 0.019110867 | BD13: 0.041676314 | BE13: 0.043773789 | BF13: 0.12165714 | BG13: 0.088397546 | BH13: 0.041023656 | BI13: 0.05278812 | BJ13: 0.051451919 | BK13: 0.025125773 | BL13: 0.03446004 | BM13: 0.053371769 | BN13: -0.0041015372 | BO13: 0.031735312 | BP13: 0.0079511464 | BQ13: 0.040819097 | BR13: 0.079831457 | BS13: 0.040180514 | BT13: 0.03366777 | BU13: 0.074658168 | BV13: 0.079930834 | BW13: 0.075714006 | BX13: 0.0014774348 | BY13: 0.039201957 | BZ13: 0.076927871 | CA13: 0.033531566 | CB13: 0.12042697 | CC13: 0.12011817 | CD13: 0.10549188 | CE13: 0.18382784 | CF13: 0.046939453 | CG13: 0.058014968 | CH13: 0.058334612 | CI13: 0.051853509 | CJ13: 0.054810181 | CK13: 0.065687126 | CL13: 0.084304391 | CM13: 0.10145222 | CN13: 0.10099417 | CO13: 0.085566239 | CP13: 0.070797472 | CQ13: 0.071178865 | CR13: 0.11164489 | CS13: 0.0095676537 | CT13: 0.043462268 | CU13: 0.10709096 | CV13: 0.077656051 | CW13: 0.03630912 | CX13: 0.060643762 | CY13: 0.064973825 | CZ13: 0.05722422 | DA13: 0.049446034 | DB13: 0.10623532 | DC13: 0.029740185 | DD13: 0.068977059 | DE13: 0.022441996 | DF13: 0.083122187 | DG13: 0.047729084 | DH13: 0.088720601 | DI13: 0.089748564 | DJ13: 0.0070211236 | DK13: 0.019386634 | DL13: 0.022050691 | DM13: -0.00053162261 | DN13: 0.014839798 | DO13: 0.037863465 | DP13: 0.058032309 | DQ13: 0.085310357 | DR13: 0.013771209 | DS13: 0.068596853 | DT13: 0.029845809 | DU13: 0.033006159 | DV13: 0.079620144 | DW13: 0.042028686 | DX13: 0.064641919 | DY13: 0.056981339 | DZ13: 0.018302124 | EA13: 0.12446896 | EB13: 0.057205293 | EC13: 0.041659753 | ED13: 0.065682094 | EE13: 0.041234384 | EF13: -0.067291157
A14: 50 | B14: 19 | C14: 0.11994149 | D14: 0.22230845 | E14: 0.098768248 | F14: 0.060341905 | G14: 0.05365663 | H14: 0.059587806 | I14: 0.04378736 | J14: 0.018612181 | K14: 0.050827466 | L14: 0.0084804476 | M14: -0.019021714 | N14: 0.20483258 | O14: 0.0014944079 | P14: 0.058345922 | Q14: 0.12456768 | R14: -0.015941187 | S14: 0.16589323 | T14: 0.035019555 | U14: 0.11019253 | V14: 0.024435027 | W14: 0.11616579 | X14: 0.1866857 | Y14: 0.0017560181 | Z14: 0.038511926 | AA14: 0.099905879 | AB14: 0.067753923 | AC14: -0.0030865623 | AD14: 0.039327892 | AE14: 0.11683692 | AF14: 0.096080095 | AG14: 0.01849082 | AH14: -0.0033462742 | AI14: 0.010964571 | AJ14: 0.015059036 | AK14: 0.066326746 | AL14: 0.018559542 | AM14: 0.068283273 | AN14: 0.092260489 | AO14: -0.038044353 | AP14: 0.069976525 | AQ14: 0.0081284167 | AR14: -0.018170823 | AS14: -0.0066693384 | AT14: 0.07940348 | AU14: 0.13785248 | AV14: 0.066258749 | AW14: 0.053928681 | AX14: 0.019370213 | AY14: 0.015068119 | AZ14: 0.025628928 | BA14: 0.096337325 | BB14: 0.11031125 | BC14: -0.028505683 | BD14: 0.043496923 | BE14: 0.07008177 | BF14: 0.15382926 | BG14: 0.12530531 | BH14: 0.073413464 | BI14: 0.052014236 | BJ14: 0.024016934 | BK14: -0.033237382 | BL14: 0.059996896 | BM14: 0.046278325 | BN14: -0.045371706 | BO14: 0.033609046 | BP14: -0.050332283 | BQ14: 0.012049423 | BR14: 0.10005242 | BS14: 0.030332724 | BT14: -0.015287928 | BU14: 0.11115945 | BV14: 0.10798163 | BW14: 0.13089751 | BX14: -0.00030713422 | BY14: -0.04260449 | BZ14: 0.11178052 | CA14: 0.024465266 | CB14: 0.1644655 | CC14: 0.12059616 | CD14: 0.09801671 | CE14: 0.1705553 | CF14: 0.095391142 | CG14: 0.057320664 | CH14: 0.064661392 | CI14: 0.10588478 | CJ14: 0.017796116 | CK14: 0.053792087 | CL14: 0.062269955 | CM14: 0.11006897 | CN14: 0.17459567 | CO14: 0.17324915 | CP14: 0.099809331 | CQ14: 0.0322279 | CR14: 0.20771971 | CS14: -0.0044126335 | CT14: 0.061872352 | CU14: 0.101545 | CV14: 0.15139684 | CW14: 0.044763884 | CX14: 0.032764329 | CY14: 0.050137743 | CZ14: 0.064063563 | DA14: 0.065393327 | DB14: 0.10460744 | DC14: 0.027534093 | DD14: 0.079205352 | DE14: 0.062526924 | DF14: 0.20156284 | DG14: 0.045583396 | DH14: 0.058741194 | DI14: 0.086646448 | DJ14: 0.0087940294 | DK14: 0.08162155 | DL14: 0.040754872 | DM14: 0.0011211497 | DN14: 0.039851708 | DO14: 0.10259219 | DP14: 0.062914808 | DQ14: 0.071172565 | DR14: 0.052622519 | DS14: 0.05605182 | DT14: 0.0077542903 | DU14: 0.068795273 | DV14: 0.10826235 | DW14: 0.0018093095 | DX14: 0.10216122 | DY14: 0.0742587 | DZ14: 0.035031 | EA14: 0.062912685 | EB14: 0.078179831 | EC14: 0.0060793821 | ED14: 0.10262971 | EE14: -0.0033992535 | EF14: -0.066632347
A15: 100 | B15: 10 | C15: 0.22764466 | D15: 0.37270922 | E15: 0.066038487 | F15: -0.034921437 | G15: 0.034403921 | H15: 0.1188437 | I15: 0.058431444 | J15: 0.049961465 | K15: 0.094514798 | L15: -0.012967085 | M15: -0.0021330164 | N15: 0.33030934 | O15: -0.012270796 | P15: 0.064116183 | Q15: 0.15553684 | R15: -0.05212969 | S15: 0.27023205 | T15: 0.045891077 | U15: 0.13696806 | V15: -0.017131853 | W15: 0.10693456 | X15: 0.21118633 | Y15: -0.011689718 | Z15: 0.046719972 | AA15: 0.16085038 | AB15: 0.066775214 | AC15: 0.0043176688 | AD15: 0.039690481 | AE15: 0.21179264 | AF15: 0.13772629 | AG15: 0.010123478 | AH15: -0.033604373 | AI15: 0.07427696 | AJ15: 0.00946486 | AK15: 0.057495575 | AL15: -0.0068817591 | AM15: 0.055122622 | AN15: 0.092861913 | AO15: -0.05138452 | AP15: 0.086457767 | AQ15: 0.019750987 | AR15: -0.02455082 | AS15: -0.048733221 | AT15: 0.070989813 | AU15: 0.16710843 | AV15: 0.037297929 | AW15: 0.091727473 | AX15: 0.081360566 | AY15: 0.028109416 | AZ15: 0.036847352 | BA15: 0.15768795 | BB15: 0.19771315 | BC15: -0.030936692 | BD15: 0.007362916 | BE15: 0.041397971 | BF15: 0.21087209 | BG15: 0.16605122 | BH15: 0.098649046 | BI15: 0.068586659 | BJ15: 0.075153898 | BK15: -0.072869419 | BL15: 0.059755421 | BM15: 0.048219004 | BN15: -0.066054035 | BO15: 0.027734476 | BP15: -0.051616854 | BQ15: 0.012802931 | BR15: 0.12376214 | BS15: 0.011865911 | BT15: 0.036633666 | BU15: 0.085545734 | BV15: 0.10464004 | BW15: 0.29887899 | BX15: 0.023949431 | BY15: -0.12602357 | BZ15: 0.10290647 | CA15: 0.018592021 | CB15: 0.1310914 | CC15: 0.17365171 | CD15: 0.12015208 | CE15: 0.07336812 | CF15: 0.098469994 | CG15: 0.085886022 | CH15: 0.062885958 | CI15: 0.027803072 | CJ15: 0.040671717 | CK15: 0.095640748 | CL15: 0.031421975 | CM15: 0.10811976 | CN15: 0.14314982 | CO15: 0.17335999 | CP15: 0.12753584 | CQ15: -0.02496336 | CR15: 0.18148893 | CS15: 0.0064830511 | CT15: 0.032216556 | CU15: 0.12404993 | CV15: 0.18261155 | CW15: 0.026072091 | CX15: 0.024039607 | CY15: 0.055732711 | CZ15: 0.077145074 | DA15: 0.088862212 | DB15: 0.097048242 | DC15: 0.024821107 | DD15: 0.014506726 | DE15: 0.057163635 | DF15: 0.30272045 | DG15: 0.047917485 | DH15: 0.12962194 | DI15: 0.042811767 | DJ15: 0.060023777 | DK15: 0.10032893 | DL15: -0.0003039932 | DM15: -0.0017732647 | DN15: 0.043996497 | DO15: 0.15954541 | DP15: 0.13430495 | DQ15: 0.037038689 | DR15: 0.039785608 | DS15: 0.037530144 | DT15: 0.05271879 | DU15: 0.11712765 | DV15: 0.13976836 | DW15: -0.060826326 | DX15: 0.11861625 | DY15: 0.14360957 | DZ15: 0.040455653 | EA15: 0.04345122 | EB15: 0.08808745 | EC15: 0.050736499 | ED15: 0.11335706 | EE15: 0.0031907205 | EF15: -0.062208305
A16: 107 | B16: 9 | C16: 0.20787478 | D16: 0.40819498 | E16: 0.065006577 | F16: -0.078715472 | G16: 0.0081465507 | H16: 0.072848056 | I16: 0.057530619 | J16: 0.046709926 | K16: 0.086420892 | L16: -0.031027151 | M16: -0.013987436 | N16: 0.36698761 | O16: -0.028587077 | P16: 0.061045232 | Q16: 0.15790307 | R16: -0.048990978 | S16: 0.2854546 | T16: 0.038406673 | U16: 0.13006247 | V16: -0.0060221453 | W16: 0.078373488 | X16: 0.24053196 | Y16: -0.020180588 | Z16: 0.043057931 | AA16: 0.16615889 | AB16: 0.074985042 | AC16: -0.012765448 | AD16: 0.034811172 | AE16: 0.20962824 | AF16: 0.14791561 | AG16: 0.013290753 | AH16: -0.0317654 | AI16: 0.090522649 | AJ16: -0.0070259661 | AK16: 0.064421401 | AL16: -0.014472512 | AM16: 0.066076731 | AN16: 0.1064562 | AO16: -0.041090153 | AP16: 0.077798368 | AQ16: 0.024036054 | AR16: -0.03249276 | AS16: -0.052642718 | AT16: 0.12256404 | AU16: 0.17023589 | AV16: 0.052080835 | AW16: 0.10898494 | AX16: 0.10062133 | AY16: 0.03381259 | AZ16: 0.046826876 | BA16: 0.1599907 | BB16: 0.22547356 | BC16: -0.038999392 | BD16: 0.0062821844 | BE16: 0.061197644 | BF16: 0.24778686 | BG16: 0.16122957 | BH16: 0.096162035 | BI16: 0.05233576 | BJ16: 0.081428119 | BK16: -0.1047732 | BL16: 0.061173599 | BM16: 0.039497985 | BN16: -0.06719797 | BO16: 0.02189036 | BP16: -0.057750061 | BQ16: 0.013312454 | BR16: 0.13058297 | BS16: 0.032006987 | BT16: 0.038066078 | BU16: 0.10153657 | BV16: 0.036585638 | BW16: 0.31797083 | BX16: 0.024078272 | BY16: -0.13255841 | BZ16: 0.11152585 | CA16: 0.017116104 | CB16: 0.13930874 | CC16: 0.044388153 | CD16: 0.15507127 | CE16: 0.09361423 | CF16: 0.10520126 | CG16: 0.061727878 | CH16: 0.041697415 | CI16: 0.038709882 | CJ16: 0.029703385 | CK16: 0.08842269 | CL16: 0.019995369 | CM16: 0.11305584 | CN16: 0.16035992 | CO16: 0.20954752 | CP16: 0.13761382 | CQ16: -0.02033378 | CR16: 0.18928653 | CS16: 0.040852188 | CT16: 0.048903526 | CU16: 0.1354717 | CV16: 0.17225152 | CW16: 0.047341659 | CX16: 0.012240285 | CY16: 0.058554306 | CZ16: 0.10263326 | DA16: 0.11818133 | DB16: 0.098017283 | DC16: 0.035357719 | DD16: 0.03174371 | DE16: 0.0345524 | DF16: 0.32557955 | DG16: 0.045676915 | DH16: 0.13714776 | DI16: 0.058505683 | DJ16: 0.070955052 | DK16: 0.096254625 | DL16: -0.021872874 | DM16: -0.038134996 | DN16: 0.042437853 | DO16: 0.16959095 | DP16: 0.16033399 | DQ16: 0.047070156 | DR16: 0.055191252 | DS16: 0.021440673 | DT16: 0.059112975 | DU16: 0.12277205 | DV16: 0.13695373 | DW16: -0.071302574 | DX16: 0.12528471 | DY16: 0.15757213 | DZ16: 0.058810748 | EA16: 0.00042051524 | EB16: 0.1006791 | EC16: 0.051117652 | ED16: 0.11541675 | EE16: 0.0043966753 | EF16: -0.039893907
A17: 120 | B17: 8 | C17: 0.20609219 | D17: 0.43958849 | E17: 0.079589849 | F17: -0.080752164 | G17: 0.10538707 | H17: 0.10499405 | I17: 0.11372503 | J17: 0.041858395 | K17: 0.10156008 | L17: -0.03377593 | M17: 0.014659142 | N17: 0.40510801 | O17: -0.011306676 | P17: 0.068410774 | Q17: 0.16180129 | R17: -0.052057609 | S17: 0.31065343 | T17: 0.023342586 | U17: 0.1417559 | V17: 0.0040111898 | W17: 0.079141989 | X17: 0.23798943 | Y17: -0.022928011 | Z17: 0.053763711 | AA17: 0.19128344 | AB17: 0.084852063 | AC17: -0.020086255 | AD17: 0.068619823 | AE17: 0.2221227 | AF17: 0.12028632 | AG17: 0.031873573 | AH17: -0.049437542 | AI17: 0.11486445 | AJ17: -0.042602631 | AK17: 0.031812486 | AL17: -0.0099837333 | AM17: 0.075369368 | AN17: 0.11328712 | AO17: -0.076694528 | AP17: 0.077242814 | AQ17: 0.0092339935 | AR17: -0.034997281 | AS17: -0.058802957 | AT17: 0.12707179 | AU17: 0.17756203 | AV17: 0.058529449 | AW17: 0.07618961 | AX17: 0.097619105 | AY17: 0.027423697 | AZ17: 0.047980434 | BA17: 0.16280641 | BB17: 0.23044204 | BC17: -0.027292824 | BD17: 0.019411872 | BE17: 0.044110253 | BF17: 0.14777683 | BG17: 0.18575158 | BH17: 0.13319111 | BI17: 0.099365392 | BJ17: 0.089191478 | BK17: -0.11481579 | BL17: 0.034152447 | BM17: 0.029059011 | BN17: -0.073656768 | BO17: 0.019886081 | BP17: -0.060638147 | BQ17: 0.01137651 | BR17: 0.11502235 | BS17: 0.020906018 | BT17: 0.033647573 | BU17: 0.1045243 | BV17: 0.038240957 | BW17: 0.20833683 | BX17: 0.0072009503 | BY17: -0.14247738 | BZ17: 0.12057816 | CA17: 0.027934832 | CB17: 0.14963316 | CC17: 0.041760252 | CD17: 0.17295974 | CE17: 0.095708074 | CF17: 0.098746197 | CG17: 0.074714989 | CH17: 0.058636447 | CI17: 0.014531185 | CJ17: 0.020950827 | CK17: 0.083955848 | CL17: -0.0094263448 | CM17: 0.095493871 | CN17: 0.17653128 | CO17: 0.19808042 | CP17: 0.14815927 | CQ17: 0.051907103 | CR17: 0.19640263 | CS17: 0.031345818 | CT17: 0.058653797 | CU17: 0.15535189 | CV17: 0.15147138 | CW17: 0.063393219 | CX17: 0.010772395 | CY17: 0.059497952 | CZ17: 0.12424884 | DA17: 0.094496399 | DB17: 0.10427163 | DC17: 0.043363469 | DD17: 0.029155421 | DE17: 0.024124863 | DF17: 0.35222555 | DG17: 0.047210988 | DH17: 0.1634318 | DI17: 0.07018239 | DJ17: 0.12892506 | DK17: 0.10278127 | DL17: -0.0039297317 | DM17: -0.042563609 | DN17: 0.035489033 | DO17: 0.17976293 | DP17: 0.14203416 | DQ17: 0.072654005 | DR17: 0.055884815 | DS17: 0.037354089 | DT17: 0.059811935 | DU17: 0.12949296 | DV17: 0.1177654 | DW17: -0.076598913 | DX17: 0.12953898 | DY17: 0.1072829 | DZ17: 0.049212629 | EA17: -0.0046325242 | EB17: 0.10728533 | EC17: 0.016425217 | ED17: 0.12832444 | EE17: -0.00019352115 | EF17: -0.047709767
A18: 137 | B18: 7 | C18: 0.18975112 | D18: 0.40188368 | E18: 0.05343935 | F18: -0.11938296 | G18: 0.10831637 | H18: 0.12853956 | I18: 0.13550018 | J18: 0.043411516 | K18: 0.13564789 | L18: -0.04667272 | M18: 0.029051464 | N18: 0.46182002 | O18: 0.031737941 | P18: 0.080174184 | Q18: 0.18897542 | R18: -0.069734027 | S18: 0.38373263 | T18: 0.052309698 | U18: 0.13249502 | V18: 0.012895135 | W18: 0.07729628 | X18: 0.21512106 | Y18: -0.019232334 | Z18: 0.089234363 | AA18: 0.17257066 | AB18: 0.088397637 | AC18: 0.0013654205 | AD18: 0.096285845 | AE18: 0.25839135 | AF18: 0.15054364 | AG18: 0.01574367 | AH18: -0.040197461 | AI18: 0.11808573 | AJ18: -0.047393756 | AK18: -0.002187481 | AL18: -0.00085555505 | AM18: 0.066643405 | AN18: 0.07929464 | AO18: 0.02458428 | AP18: 0.078278592 | AQ18: -0.016785142 | AR18: -0.061694524 | AS18: -0.083253128 | AT18: 0.16638581 | AU18: 0.19665973 | AV18: 0.060235665 | AW18: 0.097766862 | AX18: 0.12606434 | AY18: 0.034783279 | AZ18: 0.066341276 | BA18: 0.16410614 | BB18: 0.31745743 | BC18: 0.027942051 | BD18: 0.02027514 | BE18: 0.091172853 | BF18: 0.16498649 | BG18: 0.14671397 | BH18: 0.13789827 | BI18: 0.10900001 | BJ18: 0.099531519 | BK18: -0.073455627 | BL18: 0.055787881 | BM18: 0.028081356 | BN18: -0.078208699 | BO18: 0.020227496 | BP18: -0.062463432 | BQ18: 0.0019167841 | BR18: 0.12096182 | BS18: 0.032873257 | BT18: 0.013299151 | BU18: 0.11146155 | BV18: 0.039624426 | BW18: 0.2183755 | BX18: -0.015811924 | BY18: -0.087465268 | BZ18: 0.15331999 | CA18: 0.016076544 | CB18: 0.10684606 | CC18: 0.10466062 | CD18: 0.19371682 | CE18: 0.077260395 | CF18: 0.069437751 | CG18: 0.091609256 | CH18: 0.16265705 | CI18: 0.044565986 | CJ18: -0.0037723665 | CK18: 0.096058032 | CL18: -0.030989545 | CM18: 0.10276961 | CN18: 0.12094313 | CO18: 0.22828209 | CP18: 0.16283911 | CQ18: 0.038242676 | CR18: 0.19372241 | CS18: 0.057690649 | CT18: 0.076870227 | CU18: 0.14456482 | CV18: 0.12702227 | CW18: 0.066558574 | CX18: 0.061560186 | CY18: 0.071432459 | CZ18: 0.13284286 | DA18: 0.078358631 | DB18: 0.11811472 | DC18: 0.036408781 | DD18: 0.041014187 | DE18: 0.038420587 | DF18: 0.36669201 | DG18: 0.054770484 | DH18: 0.19240138 | DI18: 0.097963127 | DJ18: 0.14619608 | DK18: 0.10652726 | DL18: -0.0038302741 | DM18: -0.058457164 | DN18: -0.016722064 | DO18: 0.22032021 | DP18: 0.13348647 | DQ18: 0.065749458 | DR18: 0.076840655 | DS18: 0.011277982 | DT18: 0.022601035 | DU18: 0.15871482 | DV18: 0.10564061 | DW18: -0.06863695 | DX18: 0.15360298 | DY18: 0.13683311 | DZ18: 0.054630374 | EA18: -0.0047382972 | EB18: 0.10996435 | EC18: 0.0058228475 | ED18: 0.12007743 | EE18: 0.0011112877 | EF18: -0.048955017
A19: 160 | B19: 6 | C19: 0.19660027 | D19: 0.40752071 | E19: 0.044403932 | F19: -0.17768866 | G19: 0.096065972 | H19: 0.17761032 | I19: 0.13465433 | J19: 0.035429585 | K19: 0.23878941 | L19: -0.030362833 | M19: -0.043690236 | N19: 0.53237404 | O19: 0.031561874 | P19: 0.092534186 | Q19: 0.19013406 | R19: -0.090299091 | S19: 0.16657057 | T19: 0.051464717 | U19: 0.11376447 | V19: 0.036618688 | W19: 0.072415569 | X19: 0.14939987 | Y19: -0.029467236 | Z19: 0.091619111 | AA19: 0.1318329 | AB19: 0.099241927 | AC19: 0.014141543 | AD19: 0.095993378 | AE19: 0.30849286 | AF19: 0.16883058 | AG19: 0.027942319 | AH19: -0.042845934 | AI19: 0.091548663 | AJ19: -0.05154529 | AK19: 0.0075520425 | AL19: -0.0011362622 | AM19: 0.031311425 | AN19: 0.083568294 | AO19: 0.055890126 | AP19: 0.08757412 | AQ19: -0.054925492 | AR19: -0.074616898 | AS19: -0.10919888 | AT19: 0.18459366 | AU19: 0.23884424 | AV19: -0.0030326096 | AW19: 0.1366934 | AX19: 0.2241238 | AY19: 0.02952897 | AZ19: 0.084032472 | BA19: 0.18699678 | BB19: 0.36416093 | BC19: 0.18457179 | BD19: -7.3706968e-05 | BE19: 0.089480722 | BF19: 0.14180943 | BG19: 0.15330875 | BH19: 0.14049691 | BI19: 0.12779863 | BJ19: 0.051819308 | BK19: -0.097038423 | BL19: 0.063164534 | BM19: 0.031786265 | BN19: -0.08141326 | BO19: 0.025728961 | BP19: -0.012410341 | BQ19: 0.0099340445 | BR19: 0.13683924 | BS19: -0.0034999319 | BT19: -0.013193669 | BU19: 0.12418649 | BV19: 0.030350792 | BW19: 0.30745301 | BX19: -0.03639889 | BY19: -0.079866927 | BZ19: 0.063815394 | CA19: 0.02154569 | CB19: 0.12783821 | CC19: 0.022506233 | CD19: 0.2070858 | CE19: 0.088474859 | CF19: 0.084971509 | CG19: 0.057117625 | CH19: 0.15288987 | CI19: 0.037066946 | CJ19: -0.011811923 | CK19: 0.11879726 | CL19: -0.04324028 | CM19: 0.11023588 | CN19: 0.14319321 | CO19: 0.25123563 | CP19: 0.1590326 | CQ19: 0.032394608 | CR19: 0.17630672 | CS19: 0.05425045 | CT19: 0.026421201 | CU19: 0.14660754 | CV19: 0.094553008 | CW19: 0.060515879 | CX19: 0.093549718 | CY19: 0.073151337 | CZ19: 0.10046473 | DA19: 0.075182477 | DB19: 0.14796185 | DC19: -0.0351794 | DD19: 0.0062011253 | DE19: 0.033018415 | DF19: 0.20550175 | DG19: 0.066374265 | DH19: 0.22458978 | DI19: 0.10846144 | DJ19: 0.16525047 | DK19: 0.12144231 | DL19: -0.011982786 | DM19: -0.057300431 | DN19: -0.0041776448 | DO19: 0.24926195 | DP19: 0.17026813 | DQ19: 0.080374172 | DR19: 0.075962353 | DS19: -0.0056773135 | DT19: 0.0050332465 | DU19: 0.15058192 | DV19: 0.11953184 | DW19: -0.10129597 | DX19: 0.13836513 | DY19: 0.13924868 | DZ19: 0.078537948 | EA19: 0.032919727 | EB19: 0.10875351 | EC19: -0.0086215225 | ED19: 0.15093532 | EE19: -0.0073065267 | EF19: -0.016977955
A20: 192 | B20: 5 | C20: 0.20155105 | D20: 0.38202502 | E20: 0.05733635 | F20: -0.20553126 | G20: 0.11718314 | H20: 0.14393228 | I20: 0.15814956 | J20: 0.06672115 | K20: 0.2147245 | L20: -0.030695483 | M20: -0.077718228 | N20: 0.50001148 | O20: 0.049864886 | P20: 0.091169928 | Q20: 0.20756771 | R20: -0.10925306 | S20: 0.16233623 | T20: 0.085465456 | U20: 0.12232904 | V20: 0.012644103 | W20: 0.091084869 | X20: 0.21038641 | Y20: -0.04206749 | Z20: 0.10561696 | AA20: 0.13048337 | AB20: 0.084759841 | AC20: 0.047248263 | AD20: 0.12984342 | AE20: 0.16122121 | AF20: 0.22349782 | AG20: 0.027659219 | AH20: -0.090178201 | AI20: 0.11633676 | AJ20: -0.061990035 | AK20: -0.013595115 | AL20: -0.0056166264 | AM20: 0.033095981 | AN20: 0.075470194 | AO20: 0.049108295 | AP20: 0.13173046 | AQ20: 0.072900746 | AR20: -0.013289273 | AS20: -0.042291716 | AT20: 0.23912375 | AU20: 0.28169787 | AV20: -0.032246613 | AW20: 0.22499784 | AX20: 0.20433922 | AY20: 0.038674698 | AZ20: 0.099804303 | BA20: 0.15133773 | BB20: 0.37844679 | BC20: 0.24014067 | BD20: 0.0083601734 | BE20: 0.098278375 | BF20: 0.13797126 | BG20: 0.094062056 | BH20: 0.1500573 | BI20: 0.13174527 | BJ20: 0.055155921 | BK20: -0.11765037 | BL20: 0.069859442 | BM20: 0.047468551 | BN20: 0.018638027 | BO20: -0.038461718 | BP20: 0.0072822475 | BQ20: 0.015451707 | BR20: 0.18112708 | BS20: -0.032536198 | BT20: -0.052467623 | BU20: 0.149441 | BV20: -0.081543442 | BW20: 0.35182955 | BX20: -0.052861422 | BY20: -0.0046393591 | BZ20: 0.090271404 | CA20: 0.0019938221 | CB20: 0.12649505 | CC20: 0.012915147 | CD20: 0.1810275 | CE20: 0.085778173 | CF20: 0.080957937 | CG20: 0.075970241 | CH20: 0.071864026 | CI20: 0.030394674 | CJ20: -0.041509985 | CK20: 0.080589624 | CL20: -0.092184934 | CM20: 0.096775806 | CN20: 0.20489183 | CO20: 0.29657331 | CP20: 0.19203121 | CQ20: 0.023118045 | CR20: 0.19548611 | CS20: 0.097137099 | CT20: 0.028414407 | CU20: 0.14672801 | CV20: 0.11921413 | CW20: 0.067903708 | CX20: 0.090298551 | CY20: 0.10873284 | CZ20: 0.15516165 | DA20: 0.077081697 | DB20: 0.07696807 | DC20: -0.047084133 | DD20: 0.0035971848 | DE20: 0.010418722 | DF20: 0.24557421 | DG20: 0.052344813 | DH20: 0.27829885 | DI20: 0.13759576 | DJ20: 0.13655809 | DK20: 0.08518754 | DL20: -0.019465373 | DM20: -0.069336107 | DN20: 0.058019207 | DO20: 0.25800136 | DP20: 0.20015543 | DQ20: 0.057460182 | DR20: 0.07851266 | DS20: -0.0074906958 | DT20: -0.029685339 | DU20: 0.17637517 | DV20: 0.12934547 | DW20: -0.10354617 | DX20: 0.15386633 | DY20: 0.12159146 | DZ20: 0.090199646 | EA20: -0.0059255993 | EB20: 0.082407142 | EC20: 0.034049581 | ED20: 0.17691886 | EE20: -0.0017409798 | EF20: -0.020281417
A21: 241 | B21: 4 | C21: 0.21462958 | D21: 0.12638792 | E21: -0.01369017 | F21: -0.18403858 | G21: 0.14384215 | H21: 0.16216409 | I21: 0.14725561 | J21: 0.060435326 | K21: 0.20688003 | L21: 0.0050291533 | M21: -0.099684593 | N21: 0.58489126 | O21: 0.034351989 | P21: 0.1447726 | Q21: 0.25731007 | R21: -0.10583571 | S21: 0.12859029 | T21: 0.098461673 | U21: 0.086278418 | V21: 0.053557619 | W21: 0.12449862 | X21: 0.21363094 | Y21: -0.020833083 | Z21: 0.11787203 | AA21: 0.11063591 | AB21: 0.12814324 | AC21: 0.018827737 | AD21: 0.12882467 | AE21: 0.12810498 | AF21: 0.29514426 | AG21: 0.044302778 | AH21: -0.10758136 | AI21: 0.10212368 | AJ21: -0.070405342 | AK21: -0.030643434 | AL21: 0.019780814 | AM21: 0.064856978 | AN21: 0.11195606 | AO21: 0.085567775 | AP21: 0.062390554 | AQ21: 0.067199966 | AR21: 0.047988141 | AS21: -0.045406682 | AT21: 0.26483826 | AU21: 0.34648126 | AV21: -0.068713913 | AW21: 0.26325492 | AX21: 0.2177183 | AY21: 0.047021291 | AZ21: 0.10850236 | BA21: 0.13959268 | BB21: 0.40443143 | BC21: 0.16446053 | BD21: 0.038219147 | BE21: 0.13674536 | BF21: 0.19911722 | BG21: 0.092285572 | BH21: 0.10684211 | BI21: 0.1659696 | BJ21: 0.022394062 | BK21: -0.072723115 | BL21: 0.08734079 | BM21: 0.040795286 | BN21: 0.025790766 | BO21: -0.010668392 | BP21: -0.0041808023 | BQ21: 0.054542231 | BR21: 0.14206146 | BS21: -0.065741821 | BT21: -0.060820743 | BU21: 0.17073851 | BV21: -0.04433998 | BW21: 0.18446067 | BX21: -0.077165003 | BY21: -0.055666292 | BZ21: 0.09815671 | CA21: 0.024556069 | CB21: 0.20786985 | CC21: -0.0080189543 | CD21: 0.28805606 | CE21: 0.061514882 | CF21: 0.13126568 | CG21: 0.085085335 | CH21: 0.080100321 | CI21: 0.080499616 | CJ21: -0.055140849 | CK21: 0.06715963 | CL21: -0.21045238 | CM21: 0.11623182 | CN21: 0.080851509 | CO21: 0.33548376 | CP21: 0.22270006 | CQ21: 0.022912194 | CR21: 0.23905997 | CS21: 0.061269036 | CT21: 0.047993104 | CU21: 0.15891662 | CV21: 0.15433184 | CW21: 0.038345517 | CX21: 0.10212218 | CY21: 0.10250516 | CZ21: 0.23745137 | DA21: 0.041709064 | DB21: 0.071461214 | DC21: -0.038546271 | DD21: 0.0028187944 | DE21: 0.028977737 | DF21: 0.30115021 | DG21: 0.059409519 | DH21: 0.081436188 | DI21: 0.17983983 | DJ21: 0.15660572 | DK21: 0.090895591 | DL21: -0.012736992 | DM21: -0.024988802 | DN21: 0.061960781 | DO21: 0.3316268 | DP21: 0.22901989 | DQ21: 0.070422699 | DR21: 0.050170859 | DS21: -0.0016720947 | DT21: -0.0052151903 | DU21: 0.14861472 | DV21: 0.14027598 | DW21: -0.10353449 | DX21: 0.18596621 | DY21: 0.16673097 | DZ21: 0.098930574 | EA21: -0.035066457 | EB21: 0.026302194 | EC21: 0.0030649685 | ED21: 0.054498856 | EE21: 0.021310592 | EF21: 0.0079916029
A22: 321 | B22: 3 | C22: 0.2052803 | D22: 0.14242785 | E22: -0.017355099 | F22: -0.067831061 | G22: 0.10388436 | H22: 0.12417806 | I22: 0.12349317 | J22: 0.052598589 | K22: 0.24536591 | L22: -0.014273209 | M22: -0.074100059 | N22: 0.75614344 | O22: -0.0067158783 | P22: 0.072782884 | Q22: 0.27677689 | R22: -0.036628434 | S22: 0.16964656 | T22: 0.12881242 | U22: 0.11059002 | V22: 0.038286777 | W22: 0.15804775 | X22: 0.22178676 | Y22: -0.015732208 | Z22: 0.075548269 | AA22: 0.082524426 | AB22: 0.13443621 | AC22: 0.085776461 | AD22: 0.013572789 | AE22: 0.13082384 | AF22: 0.42991677 | AG22: 0.05284154 | AH22: -0.10586596 | AI22: 0.11100371 | AJ22: -0.031699849 | AK22: 0.10128856 | AL22: -0.0094397385 | AM22: 0.084088903 | AN22: 0.11113281 | AO22: 0.15815288 | AP22: 0.062536354 | AQ22: 0.11013171 | AR22: 0.067924488 | AS22: 0.073843703 | AT22: 0.017728371 | AU22: 0.42935378 | AV22: -0.089753982 | AW22: 0.37079928 | AX22: -0.009875186 | AY22: 0.071733385 | AZ22: 0.1551884 | BA22: 0.049774958 | BB22: 0.51826405 | BC22: 0.19562604 | BD22: 0.079259545 | BE22: 0.12806788 | BF22: 0.19910245 | BG22: -0.041231469 | BH22: 0.12770701 | BI22: 0.11108872 | BJ22: 0.040890332 | BK22: -0.048315241 | BL22: 0.13947139 | BM22: 0.0024304832 | BN22: 0.082937899 | BO22: -0.097012896 | BP22: -0.00054100012 | BQ22: 0.027830097 | BR22: 0.10656678 | BS22: -0.09704759 | BT22: 0.088726194 | BU22: 0.10435058 | BV22: -0.048603535 | BW22: 0.13217179 | BX22: -0.1130289 | BY22: -0.05559705 | BZ22: 0.047257736 | CA22: 0.027490078 | CB22: 0.25473926 | CC22: -0.125104 | CD22: 0.33387804 | CE22: 0.066840146 | CF22: 0.18879979 | CG22: 0.20708533 | CH22: 0.11591877 | CI22: 0.11777975 | CJ22: -0.12632536 | CK22: 0.11092354 | CL22: -0.2406518 | CM22: 0.21983249 | CN22: 0.15280392 | CO22: 0.2720595 | CP22: 0.25940856 | CQ22: 0.017159616 | CR22: 0.24677277 | CS22: 0.084781936 | CT22: 0.038262615 | CU22: 0.16735391 | CV22: 0.16622268 | CW22: 0.022884042 | CX22: 0.0037495933 | CY22: 0.10451083 | CZ22: 0.26292048 | DA22: 0.032453995 | DB22: 0.054041622 | DC22: -0.03949433 | DD22: 0.031710169 | DE22: -0.017756504 | DF22: 0.38966763 | DG22: 0.071889499 | DH22: 0.081454382 | DI22: 0.060122111 | DJ22: 0.15369976 | DK22: 0.091428405 | DL22: -0.0032133307 | DM22: -0.031884709 | DN22: 0.046763328 | DO22: 0.075715816 | DP22: 0.16956243 | DQ22: 0.16540417 | DR22: -0.0060925526 | DS22: -0.036346262 | DT22: 0.027128754 | DU22: 0.16154691 | DV22: 0.12570512 | DW22: -0.081415413 | DX22: 0.22244261 | DY22: 0.11995602 | DZ22: 0.1108345 | EA22: -0.034191242 | EB22: 0.12976595 | EC22: 0.021495102 | ED22: 0.077413567 | EE22: 0.047636659 | EF22: 0.034790246
A23: 482 | B23: 2 | C23: 0.28298927 | D23: 0.25409263 | E23: 0.13300519 | F23: -0.18239608 | G23: -0.026971569 | H23: -0.018188471 | I23: 0.14815203 | J23: -0.098162291 | K23: 0.14260758 | L23: -0.050770834 | M23: -0.25844992 | N23: 0.97590144 | O23: -0.019407711 | P23: 0.090401711 | Q23: -0.059568017 | R23: -0.024313795 | S23: 0.11372453 | T23: 0.15460269 | U23: 0.093757422 | V23: -0.023029457 | W23: 0.25954732 | X23: 0.18178119 | Y23: -0.014659802 | Z23: 0.033032515 | AA23: -0.056748446 | AB23: 0.06403978 | AC23: 0.1687548 | AD23: 0.071628868 | AE23: 0.13721199 | AF23: 0.32465933 | AG23: 0.091873658 | AH23: -0.084171585 | AI23: 0.2091516 | AJ23: 0.0481956 | AK23: 0.1141111 | AL23: -0.014066593 | AM23: 0.007769489 | AN23: 0.2423147 | AO23: 0.09078248 | AP23: -0.0031210994 | AQ23: 0.099380639 | AR23: 0.14613616 | AS23: 0.081663621 | AT23: 0.1095059 | AU23: 0.60833204 | AV23: -0.049150067 | AW23: 0.58225997 | AX23: -0.014812779 | AY23: 0.17023398 | AZ23: 0.078071577 | BA23: 0.053998339 | BB23: 0.68602333 | BC23: 0.25286918 | BD23: 0.12597278 | BE23: 0.12429214 | BF23: 0.21000911 | BG23: 0.038322827 | BH23: 0.063365196 | BI23: 0.19111208 | BJ23: 0.057493861 | BK23: -0.047849323 | BL23: 0.11436629 | BM23: -0.069495462 | BN23: 0.038453237 | BO23: -0.16631017 | BP23: -0.022475721 | BQ23: 0.049611841 | BR23: 0.10282259 | BS23: -0.22056709 | BT23: 0.21818668 | BU23: 0.10568527 | BV23: -0.053269051 | BW23: 0.015362515 | BX23: -0.068735089 | BY23: 0.11824923 | BZ23: 0.0076697624 | CA23: 0.0756532 | CB23: 0.31616676 | CC23: -0.084544615 | CD23: 0.19167646 | CE23: 0.059602302 | CF23: 0.15713491 | CG23: 0.21663724 | CH23: 0.18019645 | CI23: 0.30989942 | CJ23: -0.1565159 | CK23: 0.071856391 | CL23: -0.40866101 | CM23: 0.23470497 | CN23: 0.27710426 | CO23: 0.26615854 | CP23: 0.31136074 | CQ23: -0.02470227 | CR23: 0.15099817 | CS23: 0.065159884 | CT23: 0.065390215 | CU23: 0.20210388 | CV23: 0.15333097 | CW23: -0.024186288 | CX23: -0.088716994 | CY23: 0.15375033 | CZ23: 0.18199879 | DA23: 0.064644882 | DB23: 0.018747066 | DC23: 0.11919049 | DD23: 0.092798675 | DE23: -0.060085948 | DF23: 0.40879492 | DG23: 0.067620427 | DH23: 0.13922689 | DI23: 0.096040551 | DJ23: 0.12003258 | DK23: 0.091244989 | DL23: 0.026242652 | DM23: -0.046477316 | DN23: 0.006497196 | DO23: 0.12406844 | DP23: 0.17683962 | DQ23: 0.24594611 | DR23: -0.089886003 | DS23: -0.11657599 | DT23: -0.022296457 | DU23: 0.055639479 | DV23: 0.27627161 | DW23: 0.023051821 | DX23: 0.31349321 | DY23: -0.053926225 | DZ23: -0.21717399 | EA23: -0.093362079 | EB23: 0.24428466 | EC23: -0.036584316 | ED23: 0.091425905 | EE23: 0.069212076 | EF23: 0.047782279
A24: 964 | B24: 1 | C24: 0.099113364 | D24: 0.10060991 | E24: 0.2845125 | F24: -0.20154572 | G24: -0.022622389 | H24: 0.035855797 | I24: -0.0021119332 | J24: -0.099972193 | K24: 0.050444336 | L24: -0.093799693 | M24: -0.14681934 | N24: 1.7690314 | O24: 0.036648791 | P24: 0.10424841 | Q24: -0.060964962 | R24: -0.24569737 | S24: 0.35251446 | T24: -0.27048671 | U24: 0.14851867 | V24: -0.067139303 | W24: -0.16456452 | X24: -0.036157896 | Y24: -0.0094770149 | Z24: 0.10584233 | AA24: 0.21854458 | AB24: 0.19533962 | AC24: 0.40174733 | AD24: 0.1011753 | AE24: 0.19314179 | AF24: 0.49538941 | AG24: 0.13873572 | AH24: -0.05669736 | AI24: 0.31041424 | AJ24: -0.080891244 | AK24: 0.084883953 | AL24: 0.087173701 | AM24: -0.018919281 | AN24: 0.22118947 | AO24: 0.1029057 | AP24: 0.022851715 | AQ24: 0.2171272 | AR24: 0.17083341 | AS24: 0.0032867737 | AT24: 0.15076898 | AU24: 0.47705419 | AV24: 0.24768466 | AW24: -0.14871096 | AX24: 0.11149134 | AY24: 0.16812729 | AZ24: 0.11862373 | BA24: 0.050491305 | BB24: 0.87270315 | BC24: -0.0043668696 | BD24: 0.018631034 | BE24: -0.057380538 | BF24: -0.064370421 | BG24: -0.090984228 | BH24: 0.14767357 | BI24: 0.22362911 | BJ24: 0.19964003 | BK24: -0.034827647 | BL24: 0.10610692 | BM24: 0.08478294 | BN24: 0.10891326 | BO24: -0.16110969 | BP24: 0.031794104 | BQ24: -0.064169633 | BR24: 0.098920889 | BS24: -0.12162104 | BT24: 0.27671902 | BU24: 0.0087484923 | BV24: -0.046258706 | BW24: 0.15102745 | BX24: -0.10395503 | BY24: 0.11840823 | BZ24: 0.2588929 | CA24: 0.11522168 | CB24: 0.63969813 | CC24: -0.18246988 | CD24: 0.032392267 | CE24: 0.16556487 | CF24: 0.22172136 | CG24: 0.51996897 | CH24: 0.3542773 | CI24: -0.32845182 | CJ24: -0.30018689 | CK24: 0.32305927 | CL24: 0.14175533 | CM24: 0.63643326 | CN24: 0.6096772 | CO24: 0.45247744 | CP24: 0.28781577 | CQ24: -0.16018965 | CR24: 0.13778746 | CS24: 0.10797424 | CT24: -0.11954439 | CU24: 0.052729045 | CV24: 0.18286409 | CW24: -0.23499322 | CX24: 0.055207194 | CY24: 0.32114775 | CZ24: 0.11220663 | DA24: 0.033979585 | DB24: -0.016501866 | DC24: 0.1944536 | DD24: -0.19584472 | DE24: 0.13158559 | DF24: 0.52558501 | DG24: 0.11954529 | DH24: 0.26580268 | DI24: 0.037184908 | DJ24: 0.22936987 | DK24: 0.11968018 | DL24: 0.061360513 | DM24: -0.00041344525 | DN24: 0.23333457 | DO24: 0.11561196 | DP24: 0.22357182 | DQ24: 0.3590713 | DR24: -0.02051563 | DS24: -0.067362546 | DT24: -0.029435726 | DU24: -0.021781395 | DV24: 0.1582247 | DW24: 0.1011825 | DX24: 0.31159313 | DY24: -0.0032398766 | DZ24: -0.43350658 | EA24: -0.023171502 | EB24: 0.58969792 | EC24: -0.014309919 | ED24: 0.056172845 | EE24: 0.10748066 | EF24: -0.067276677
A25: 大盤 | B25: TWⅡ | C25: -0.017446771 | D25: 0.020701061 | E25: 0.023982129 | F25: -0.006557579 | G25: 0.03184513 | H25: 0.034348533 | I25: -0.0082549328 | J25: 0.012843524 | K25: -0.051018525 | L25: 0.00087394274 | M25: 0.023389576 | N25: 0.012988972 | O25: 0.0058545887 | P25: 0.027413207 | Q25: -0.0037129361 | R25: 0.024076614 | S25: -0.012190025 | T25: -0.039749578 | U25: -0.07315545 | V25: -0.05826023 | W25: 0.00077279757 | X25: 0.044591521 | Y25: -0.02769968 | Z25: 0.0020950059 | AA25: -0.023400551 | AB25: 0.032129371 | AC25: 0.038903273 | AD25: -0.042865382 | AE25: 0.018647195 | AF25: 0.015229768 | AG25: 0.036016604 | AH25: 0.0093546114 | AI25: 0.010748251 | AJ25: 0.013357754 | AK25: -0.0053327473 | AL25: 0.0013831358 | AM25: 0.020795928 | AN25: 0.031517702 | AO25: 0.0062417165 | AP25: 0.0061452617 | AQ25: 0.016946358 | AR25: 0.03468283 | AS25: 0.0030985886 | AT25: 0.015081347 | AU25: -0.019251209 | AV25: 0.038711513 | AW25: -0.021856951 | AX25: 0.0077743007 | AY25: 0.042397247 | AZ25: -0.026308975 | BA25: 0.0095717493 | BB25: -0.024249741 | BC25: 0.020163374 | BD25: -0.0035049988 | BE25: 0.020151935 | BF25: 0.00058133623 | BG25: -0.005219701 | BH25: -0.11587176 | BI25: 0.0087252257 | BJ25: -0.016377261 | BK25: 0.020840372 | BL25: 0.044975872 | BM25: 0.023954306 | BN25: 0.030239101 | BO25: -0.043725888 | BP25: 0.02188947 | BQ25: 0.0086274303 | BR25: -0.019192954 | BS25: 0.01973513 | BT25: 0.047694337 | BU25: 0.011454817 | BV25: 0.043228621 | BW25: -0.04274743 | BX25: -0.017811292 | BY25: -0.1511531 | BZ25: 0.124224 | CA25: -0.0045572538 | CB25: 0.06021124 | CC25: 0.085992033 | CD25: -0.0058084796 | CE25: -0.006041347 | CF25: 0.0024523244 | CG25: 0.089636252 | CH25: 0.070992733 | CI25: 0.027170643 | CJ25: 0.052468428 | CK25: 0.029480661 | CL25: 0.066825081 | CM25: -0.028772229 | CN25: 0.039462516 | CO25: -0.029031087 | CP25: 0.013983883 | CQ25: -0.032276965 | CR25: 0.0031035766 | CS25: 0.025591856 | CT25: 0.044391886 | CU25: -0.030338959 | CV25: -0.0012579765 | CW25: 0.0023363565 | CX25: -0.064264145 | CY25: 0.012909779 | CZ25: -0.12547709 | DA25: 0.011690683 | DB25: 0.0063378437 | DC25: -0.11730536 | DD25: -0.036010872 | DE25: 0.1389113 | DF25: -0.051143506 | DG25: 0.076731447 | DH25: 0.015508782 | DI25: 0.023223774 | DJ25: -0.018372876 | DK25: 0.062199014 | DL25: 0.020098304 | DM25: 0.01349894 | DN25: -0.030252213 | DO25: -0.017022836 | DP25: -0.021788523 | DQ25: 0.085745625 | DR25: 0.028106744 | DS25: -0.0023031598 | DT25: 0.058471198 | DU25: 0.067658949 | DV25: 0.0050207706 | DW25: 0.037416184 | DX25: 0.084111004 | DY25: -0.036832399 | DZ25: 0.0030917028 | EA25: -0.0019576282 | EB25: 0.026459104 | EC25: -0.024752539 | ED25: 0.034115491 | EE25: 0.021061974 | EF25: -0.020277393

Sheet 預測IC
A1: Predict
B2: Time | C2: 2013/12 | D2: 2014/01 | E2: 2014/02 | F2: 2014/03 | G2: 2014/04 | H2: 2014/05 | I2: 2014/06 | J2: 2014/07 | K2: 2014/08 | L2: 2014/09 | M2: 2014/10 | N2: 2014/11 | O2: 2014/12 | P2: 2015/01 | Q2: 2015/02 | R2: 2015/03 | S2: 2015/04 | T2: 2015/05 | U2: 2015/06 | V2: 2015/07 | W2: 2015/08 | X2: 2015/09 | Y2: 2015/10 | Z2: 2015/11 | AA2: 2015/12 | AB2: 2016/01 | AC2: 2016/02 | AD2: 2016/03 | AE2: 2016/04 | AF2: 2016/05 | AG2: 2016/06 | AH2: 2016/07 | AI2: 2016/08 | AJ2: 2016/09 | AK2: 2016/10 | AL2: 2016/11 | AM2: 2016/12 | AN2: 2017/01 | AO2: 2017/02 | AP2: 2017/03 | AQ2: 2017/04 | AR2: 2017/05 | AS2: 2017/06 | AT2: 2017/07 | AU2: 2017/08 | AV2: 2017/09 | AW2: 2017/10 | AX2: 2017/11 | AY2: 2017/12 | AZ2: 2018/01 | BA2: 2018/02 | BB2: 2018/03 | BC2: 2018/04 | BD2: 2018/05 | BE2: 2018/06 | BF2: 2018/07 | BG2: 2018/08 | BH2: 2018/09 | BI2: 2018/10 | BJ2: 2018/11 | BK2: 2018/12 | BL2: 2019/01 | BM2: 2019/02 | BN2: 2019/03 | BO2: 2019/04 | BP2: 2019/05 | BQ2: 2019/06 | BR2: 2019/07 | BS2: 2019/08 | BT2: 2019/09 | BU2: 2019/10 | BV2: 2019/11 | BW2: 2019/12 | BX2: 2020/01 | BY2: 2020/02 | BZ2: 2020/03 | CA2: 2020/04 | CB2: 2020/05 | CC2: 2020/06 | CD2: 2020/07 | CE2: 2020/08 | CF2: 2020/09 | CG2: 2020/10 | CH2: 2020/11 | CI2: 2020/12 | CJ2: 2021/01 | CK2: 2021/02 | CL2: 2021/03 | CM2: 2021/04 | CN2: 2021/05 | CO2: 2021/06 | CP2: 2021/07 | CQ2: 2021/08 | CR2: 2021/09 | CS2: 2021/10 | CT2: 2021/11 | CU2: 2021/12 | CV2: 2022/01 | CW2: 2022/02 | CX2: 2022/03 | CY2: 2022/04 | CZ2: 2022/05 | DA2: 2022/06 | DB2: 2022/07 | DC2: 2022/08 | DD2: 2022/09 | DE2: 2022/10 | DF2: 2022/11 | DG2: 2022/12 | DH2: 2023/01 | DI2: 2023/02 | DJ2: 2023/03 | DK2: 2023/04 | DL2: 2023/05 | DM2: 2023/06 | DN2: 2023/07 | DO2: 2023/08 | DP2: 2023/09 | DQ2: 2023/10 | DR2: 2023/11 | DS2: 2023/12 | DT2: 2024/01 | DU2: 2024/02 | DV2: 2024/03 | DW2: 2024/04 | DX2: 2024/05 | DY2: 2024/06 | DZ2: 2024/07 | EA2: 2024/08 | EB2: 2024/09 | EC2: 2024/10 | ED2: 2024/11 | EE2: 2024/12 | EF2: 2025/01
B3: bm | C3: 0.052304909 | D3: 0.03197863 | E3: -0.0048667537 | F3: 0.0053071231 | G3: 0.037688632 | H3: 0.039667334 | I3: 0.017071564 | J3: 0.0021743756 | K3: 0.0059795007 | L3: 0.034917016 | M3: 0.045241438 | N3: 0.016509578 | O3: 0.016077537 | P3: 0.040661935 | Q3: 0.015234242 | R3: 0.029051721 | S3: 0.022128195 | T3: 0.14313455 | U3: -0.025749817 | V3: -0.04153556 | W3: -0.042235453 | X3: -0.048919052 | Y3: -0.045889396 | Z3: -0.060612448 | AA3: -0.0064669922 | AB3: -0.025826475 | AC3: 0.003767807 | AD3: -0.033804007 | AE3: -0.025685959 | AF3: 0.023472764 | AG3: -0.061789706 | AH3: 0.016795622 | AI3: 0.021516943 | AJ3: 0.032045864 | AK3: 0.017746732 | AL3: 0.011288077 | AM3: 0.009676246 | AN3: 0.00070392713 | AO3: -0.0012229705 | AP3: 0.014847036 | AQ3: 0.023288013 | AR3: 0.02084453 | AS3: -0.019865287 | AT3: -0.021190565 | AU3: -0.0010853894 | AV3: 0.045508638 | AW3: 0.0044240579 | AX3: 0.012816522 | AY3: -0.028970977 | AZ3: -0.01918673 | BA3: -0.0012269602 | BB3: -0.010593336 | BC3: 0.033841301 | BD3: -0.015364919 | BE3: -0.023330329 | BF3: 0.0019382313 | BG3: 0.022716217 | BH3: 0.082148939 | BI3: 0.011221796 | BJ3: -0.052975208 | BK3: 0.021611605 | BL3: -0.042335488 | BM3: -0.011602506 | BN3: 0.028032843 | BO3: 0.0097576939 | BP3: -0.00030135736 | BQ3: -0.0066817412 | BR3: -0.014895812 | BS3: -0.022420226 | BT3: 0.00042862073 | BU3: -0.0061054006 | BV3: -0.021187678 | BW3: -0.023497343 | BX3: -0.019509999 | BY3: -0.0071709584 | BZ3: -0.022350963 | CA3: -0.031325374 | CB3: -0.033732723 | CC3: -0.0061587058 | CD3: -0.033834446 | CE3: -0.026154175 | CF3: -0.0044702776 | CG3: -0.031256158 | CH3: -0.039542347 | CI3: -0.0039686896 | CJ3: -0.0030254018 | CK3: 0.018421458 | CL3: 0.013292881 | CM3: -0.0092441179 | CN3: 0.0033965372 | CO3: 0.0081307776 | CP3: 0.0095881894 | CQ3: 0.017175786 | CR3: 0.016183008 | CS3: -0.0018845543 | CT3: -0.028323408 | CU3: 0.0011775 | CV3: 0.008874611 | CW3: 0.0046699848 | CX3: 0.026706884 | CY3: 0.0028275265 | CZ3: 0.0001506533 | DA3: 0.035458215 | DB3: 0.030795872 | DC3: 0.001318438 | DD3: 0.023335688 | DE3: 0.022883013 | DF3: 0.027021997 | DG3: -0.015119961 | DH3: 0.043961521 | DI3: 0.034205392 | DJ3: 0.04251143 | DK3: 0.022722345 | DL3: 0.01786611 | DM3: 0.013274463 | DN3: 0.019694868 | DO3: 0.013159478 | DP3: 0.02516125 | DQ3: 0.029319786 | DR3: 0.02167147 | DS3: 0.027862441 | DT3: 0.026521862 | DU3: 0.025616961 | DV3: 0.023667986 | DW3: 0.022538956 | DX3: 0.13691369 | DY3: 0.047148135 | DZ3: 0.026731405 | EA3: 0.023076015 | EB3: 0.0081011178 | EC3: 0.034633365 | ED3: 0.020556079 | EE3: 0.013653721 | EF3: 0.029846946
B4: size | C4: -0.034352373 | D4: -0.026548978 | E4: -0.018907739 | F4: -0.0045866654 | G4: -0.0095442254 | H4: -0.16430983 | I4: -0.13420515 | J4: -0.14633372 | K4: -0.1701232 | L4: 0.024875371 | M4: -0.14957669 | N4: -0.19771439 | O4: 0.051653869 | P4: -0.097081944 | Q4: 0.05451718 | R4: -0.24619386 | S4: -0.058746744 | T4: -0.63268298 | U4: -0.016232638 | V4: -0.19638833 | W4: -0.32617593 | X4: 0.058242414 | Y4: -0.17823386 | Z4: -0.11343512 | AA4: -0.12281855 | AB4: -0.50270134 | AC4: -0.081458621 | AD4: -0.21360238 | AE4: -0.23443323 | AF4: 0.043790124 | AG4: -0.34070927 | AH4: -0.21795848 | AI4: -0.0070834262 | AJ4: -0.088856682 | AK4: -0.0060424311 | AL4: -0.34056509 | AM4: -0.21221222 | AN4: 0.023284167 | AO4: -0.56278938 | AP4: -0.37003818 | AQ4: -0.099072933 | AR4: -0.61260873 | AS4: -0.17240901 | AT4: -0.36033952 | AU4: -0.78736198 | AV4: -0.6417231 | AW4: -0.37366807 | AX4: -0.14079113 | AY4: -0.18377237 | AZ4: -0.29475874 | BA4: -0.010997981 | BB4: -0.028172666 | BC4: -0.018784421 | BD4: -0.0076009361 | BE4: -0.3618173 | BF4: -0.32250628 | BG4: -0.35773814 | BH4: -0.24519409 | BI4: -0.34215391 | BJ4: -0.013776951 | BK4: -0.34501177 | BL4: -0.22643296 | BM4: -0.18416789 | BN4: 0.033640098 | BO4: -0.39542565 | BP4: -0.030634377 | BQ4: -0.030394083 | BR4: -0.036607962 | BS4: -0.52762449 | BT4: -0.69944292 | BU4: -0.0066411202 | BV4: -0.34702149 | BW4: -0.21353447 | BX4: -0.25220078 | BY4: -0.60590631 | BZ4: -0.18989147 | CA4: -0.35801777 | CB4: -0.097108431 | CC4: -0.66838306 | CD4: -0.52947456 | CE4: -0.80371106 | CF4: -0.6658541 | CG4: -0.76167327 | CH4: -0.63561052 | CI4: -0.42814809 | CJ4: -0.7619471 | CK4: -0.34786257 | CL4: -0.73078561 | CM4: -0.43944874 | CN4: -0.58165187 | CO4: -0.32549271 | CP4: -0.56025624 | CQ4: -0.31512845 | CR4: -0.59784997 | CS4: -0.56038266 | CT4: -0.017175484 | CU4: -0.44111374 | CV4: -0.65523714 | CW4: -0.013836976 | CX4: -0.24725761 | CY4: -0.028818123 | CZ4: -0.34892085 | DA4: -0.48169923 | DB4: -0.034901515 | DC4: -0.029690797 | DD4: -0.026214495 | DE4: -0.028104212 | DF4: -0.032618091 | DG4: -0.030513076 | DH4: -0.021018218 | DI4: -0.025611684 | DJ4: -0.030048402 | DK4: -0.027788918 | DL4: -0.029855845 | DM4: -0.040957473 | DN4: -0.14124295 | DO4: -0.77260226 | DP4: -0.025665583 | DQ4: -0.033824652 | DR4: -0.03062172 | DS4: -0.02824147 | DT4: -0.10114846 | DU4: -0.037645414 | DV4: -0.58513993 | DW4: -0.40750265 | DX4: -0.049789175 | DY4: -0.024539409 | DZ4: -0.54621279 | EA4: -0.50962925 | EB4: -0.023904961 | EC4: -0.2832852 | ED4: -0.23830277 | EE4: -0.017258976 | EF4: -0.028098961
B5: mom | C5: -0.0019342813 | D5: -0.005591366 | E5: -0.0047000027 | F5: -0.0044492204 | G5: -0.0047847843 | H5: -0.0056895004 | I5: -0.0057344828 | J5: -0.0058788699 | K5: -0.0064187348 | L5: -0.00763669 | M5: -0.0063628075 | N5: 0.012520282 | O5: 0.023710366 | P5: -0.0032508508 | Q5: 0.0033548183 | R5: -0.0066006449 | S5: -0.00098087778 | T5: 0.005614684 | U5: 0.0040551331 | V5: 0.00068821624 | W5: 0.0015643545 | X5: -0.0024233698 | Y5: -0.011274528 | Z5: -0.0041338606 | AA5: -0.010189745 | AB5: -0.0083795534 | AC5: -0.01633851 | AD5: -0.0099682752 | AE5: -0.0090456754 | AF5: -0.0055251466 | AG5: -0.0066783875 | AH5: -0.00424719 | AI5: -0.0037029481 | AJ5: -0.0030384646 | AK5: -0.0054660309 | AL5: -0.0052682543 | AM5: -0.0080474326 | AN5: 0.0010880417 | AO5: -0.0032179207 | AP5: -0.006351654 | AQ5: -0.0026676608 | AR5: -0.0028271384 | AS5: -0.0025516059 | AT5: 0.014273125 | AU5: -0.012176546 | AV5: 0.009222378 | AW5: -0.01067639 | AX5: -0.011375839 | AY5: -0.00088393904 | AZ5: 0.010078856 | BA5: -0.00088116288 | BB5: -0.0070432471 | BC5: 0.0014851769 | BD5: -0.016594421 | BE5: -0.0062354971 | BF5: 0.00055279839 | BG5: -0.0072649377 | BH5: -0.0044898749 | BI5: 0.00030780616 | BJ5: -0.00041756633 | BK5: -0.0078056832 | BL5: -0.0018677362 | BM5: -0.002997631 | BN5: -0.00077384408 | BO5: -0.0043786252 | BP5: -0.00064804504 | BQ5: 0.00082376448 | BR5: 0.00056453818 | BS5: -0.00071546854 | BT5: 0.00026029395 | BU5: -0.0039243316 | BV5: -0.0016593626 | BW5: -0.0038757331 | BX5: -0.0021954332 | BY5: -0.0025970782 | BZ5: 0.0022350291 | CA5: -0.017381361 | CB5: -0.018622691 | CC5: -0.008898342 | CD5: -0.0060623395 | CE5: 0.0045557618 | CF5: -0.004982926 | CG5: -0.0010759989 | CH5: -0.0026672329 | CI5: -0.0055012191 | CJ5: -0.0087857712 | CK5: -0.0064516114 | CL5: -0.0077363043 | CM5: 0.0044028377 | CN5: -0.0017556917 | CO5: 0.0023476314 | CP5: -0.0029835419 | CQ5: -0.0042504156 | CR5: 0.0015832303 | CS5: -0.0065540611 | CT5: -8.0624595e-05 | CU5: -0.0035778489 | CV5: -0.00051929557 | CW5: -0.0033617057 | CX5: -0.00180537 | CY5: -0.0022017017 | CZ5: 0.00011785247 | DA5: -0.0013087671 | DB5: -0.0031658434 | DC5: -0.0038323824 | DD5: -0.0047087157 | DE5: -0.0045400402 | DF5: -0.023387281 | DG5: -0.0052769957 | DH5: -0.0043179677 | DI5: -0.013284463 | DJ5: 0.006038405 | DK5: -0.008410506 | DL5: -0.0027542445 | DM5: -0.00055476907 | DN5: -0.0030171245 | DO5: 0.001883243 | DP5: -0.0059857122 | DQ5: -0.0043033934 | DR5: -0.007100686 | DS5: -0.0036390731 | DT5: -0.00027030555 | DU5: -0.0056784535 | DV5: -0.0031467511 | DW5: -0.0069762156 | DX5: -0.0066889082 | DY5: -0.0033026417 | DZ5: -0.0019879022 | EA5: -0.0025386016 | EB5: -0.005582171 | EC5: -0.0046097348 | ED5: -0.006402777 | EE5: -0.0059125563 | EF5: -0.006194063
A6: 選絕對值最大 | C6: {=MATCH(MAX(ABS(C3:C5)), ABS(C3:C5), 0)} -> 1 | D6: {=MATCH(MAX(ABS(D3:D5)), ABS(D3:D5), 0)} -> 1 | E6: {=MATCH(MAX(ABS(E3:E5)), ABS(E3:E5), 0)} -> 2 | F6: {=MATCH(MAX(ABS(F3:F5)), ABS(F3:F5), 0)} -> 1 | G6: {=MATCH(MAX(ABS(G3:G5)), ABS(G3:G5), 0)} -> 1 | H6: {=MATCH(MAX(ABS(H3:H5)), ABS(H3:H5), 0)} -> 2 | I6: {=MATCH(MAX(ABS(I3:I5)), ABS(I3:I5), 0)} -> 2 | J6: {=MATCH(MAX(ABS(J3:J5)), ABS(J3:J5), 0)} -> 2 | ... EF6: {=MATCH(MAX(ABS(EF3:EF5)), ABS(EF3:EF5), 0)} -> 1
C7: =IF(C6=1,"bm",IF(C6=2,"size",IF(C6=3,"mom"))) -> bm | D7: =IF(D6=1,"bm",IF(D6=2,"size",IF(D6=3,"mom"))) -> bm | E7: =IF(E6=1,"bm",IF(E6=2,"size",IF(E6=3,"mom"))) -> size | F7: =IF(F6=1,"bm",IF(F6=2,"size",IF(F6=3,"mom"))) -> bm | G7: =IF(G6=1,"bm",IF(G6=2,"size",IF(G6=3,"mom"))) -> bm | H7: =IF(H6=1,"bm",IF(H6=2,"size",IF(H6=3,"mom"))) -> size | I7: =IF(I6=1,"bm",IF(I6=2,"size",IF(I6=3,"mom"))) -> size | J7: =IF(J6=1,"bm",IF(J6=2,"size",IF(J6=3,"mom"))) -> size | ... EF7: =IF(EF6=1,"bm",IF(EF6=2,"size",IF(EF6=3,"mom"))) -> bm
C8: =IF(C6=1,C3,IF(C6=2,C4,IF(C6=3,C5))) -> 0.052304909 | D8: =IF(D6=1,D3,IF(D6=2,D4,IF(D6=3,D5))) -> 0.03197863 | E8: =IF(E6=1,E3,IF(E6=2,E4,IF(E6=3,E5))) -> -0.018907739 | F8: =IF(F6=1,F3,IF(F6=2,F4,IF(F6=3,F5))) -> 0.0053071231 | G8: =IF(G6=1,G3,IF(G6=2,G4,IF(G6=3,G5))) -> 0.037688632 | H8: =IF(H6=1,H3,IF(H6=2,H4,IF(H6=3,H5))) -> -0.16430983 | I8: =IF(I6=1,I3,IF(I6=2,I4,IF(I6=3,I5))) -> -0.13420515 | J8: =IF(J6=1,J3,IF(J6=2,J4,IF(J6=3,J5))) -> -0.14633372 | ... EF8: =IF(EF6=1,EF3,IF(EF6=2,EF4,IF(EF6=3,EF5))) -> 0.029846946
A10: 投資組合 | C10: 公司數 | D10: 964
A11: 等分 | B11: 家數 | C11: 2014/01 | D11: 2014/02 | E11: 2014/03 | F11: 2014/04 | G11: 2014/05 | H11: 2014/06 | I11: 2014/07 | J11: 2014/08 | K11: 2014/09 | L11: 2014/10 | M11: 2014/11 | N11: 2014/12 | O11: 2015/01 | P11: 2015/02 | Q11: 2015/03 | R11: 2015/04 | S11: 2015/05 | T11: 2015/06 | U11: 2015/07 | V11: 2015/08 | W11: 2015/09 | X11: 2015/10 | Y11: 2015/11 | Z11: 2015/12 | AA11: 2016/01 | AB11: 2016/02 | AC11: 2016/03 | AD11: 2016/04 | AE11: 2016/05 | AF11: 2016/06 | AG11: 2016/07 | AH11: 2016/08 | AI11: 2016/09 | AJ11: 2016/10 | AK11: 2016/11 | AL11: 2016/12 | AM11: 2017/01 | AN11: 2017/02 | AO11: 2017/03 | AP11: 2017/04 | AQ11: 2017/05 | AR11: 2017/06 | AS11: 2017/07 | AT11: 2017/08 | AU11: 2017/09 | AV11: 2017/10 | AW11: 2017/11 | AX11: 2017/12 | AY11: 2018/01 | AZ11: 2018/02 | BA11: 2018/03 | BB11: 2018/04 | BC11: 2018/05 | BD11: 2018/06 | BE11: 2018/07 | BF11: 2018/08 | BG11: 2018/09 | BH11: 2018/10 | BI11: 2018/11 | BJ11: 2018/12 | BK11: 2019/01 | BL11: 2019/02 | BM11: 2019/03 | BN11: 2019/04 | BO11: 2019/05 | BP11: 2019/06 | BQ11: 2019/07 | BR11: 2019/08 | BS11: 2019/09 | BT11: 2019/10 | BU11: 2019/11 | BV11: 2019/12 | BW11: 2020/01 | BX11: 2020/02 | BY11: 2020/03 | BZ11: 2020/04 | CA11: 2020/05 | CB11: 2020/06 | CC11: 2020/07 | CD11: 2020/08 | CE11: 2020/09 | CF11: 2020/10 | CG11: 2020/11 | CH11: 2020/12 | CI11: 2021/01 | CJ11: 2021/02 | CK11: 2021/03 | CL11: 2021/04 | CM11: 2021/05 | CN11: 2021/06 | CO11: 2021/07 | CP11: 2021/08 | CQ11: 2021/09 | CR11: 2021/10 | CS11: 2021/11 | CT11: 2021/12 | CU11: 2022/01 | CV11: 2022/02 | CW11: 2022/03 | CX11: 2022/04 | CY11: 2022/05 | CZ11: 2022/06 | DA11: 2022/07 | DB11: 2022/08 | DC11: 2022/09 | DD11: 2022/10 | DE11: 2022/11 | DF11: 2022/12 | DG11: 2023/01 | DH11: 2023/02 | DI11: 2023/03 | DJ11: 2023/04 | DK11: 2023/05 | DL11: 2023/06 | DM11: 2023/07 | DN11: 2023/08 | DO11: 2023/09 | DP11: 2023/10 | DQ11: 2023/11 | DR11: 2023/12 | DS11: 2024/01 | DT11: 2024/02 | DU11: 2024/03 | DV11: 2024/04 | DW11: 2024/05 | DX11: 2024/06 | DY11: 2024/07 | DZ11: 2024/08 | EA11: 2024/09 | EB11: 2024/10 | EC11: 2024/11 | ED11: 2024/12 | EE11: 2025/01 | EF11: 2025/02
A12: 10 | B12: 96 | C12: 0.046867683 | D12: 0.020629537 | E12: 0.048026823 | F12: -0.018817716 | G12: 0.0085972029 | H12: 0.038530512 | I12: 0.012809789 | J12: -0.029408123 | K12: 0.01877438 | L12: -0.0012798005 | M12: -0.00039647701 | N12: 0.069326987 | O12: -0.017240739 | P12: -0.00036607013 | Q12: -0.035269885 | R12: 0.0066628838 | S12: -0.016472395 | T12: -0.0077398001 | U12: 0.020200814 | V12: 0.0062044701 | W12: 0.064039415 | X12: -0.025749625 | Y12: 0.015440368 | Z12: 0.0051659076 | AA12: -0.01191684 | AB12: -0.0037114184 | AC12: 0.0051673798 | AD12: 0.011230799 | AE12: -0.058316963 | AF12: -0.046181509 | AG12: 0.012079128 | AH12: 0.020093358 | AI12: 0.019004465 | AJ12: 0.021062263 | AK12: 0.047354662 | AL12: 0.034105621 | AM12: 0.020206316 | AN12: -0.05713329 | AO12: 0.011704043 | AP12: -0.0046339365 | AQ12: -0.0066823428 | AR12: -0.0075044281 | AS12: -0.0058432128 | AT12: -0.022296661 | AU12: 0.063410262 | AV12: -0.021789895 | AW12: -0.0023571473 | AX12: -0.0086580852 | AY12: -0.0077141493 | AZ12: 0.066563803 | BA12: 0.071276156 | BB12: 0.0057853949 | BC12: 0.012985576 | BD12: 0.0082215801 | BE12: -0.045598545 | BF12: -0.02360106 | BG12: 0.010004059 | BH12: -0.024922145 | BI12: 0.020837761 | BJ12: 0.00079599332 | BK12: -0.020075652 | BL12: 0.011060369 | BM12: -0.030171909 | BN12: 0.019502538 | BO12: 0.016913769 | BP12: -0.026421957 | BQ12: 0.0084226585 | BR12: 0.019853578 | BS12: 0.025560981 | BT12: -0.021288097 | BU12: -0.04808337 | BV12: 0.032053226 | BW12: 0.05548756 | BX12: 0.015984152 | BY12: -0.045815986 | BZ12: 0.0037771442 | CA12: 0.014580558 | CB12: 0.072475876 | CC12: 0.065566613 | CD12: 0.044258489 | CE12: 0.15400701 | CF12: 0.0040778953 | CG12: 0.0003086485 | CH12: -0.009453016 | CI12: -0.024341498 | CJ12: 0.0035684802 | CK12: 0.034514755 | CL12: 0.03313401 | CM12: -0.071708388 | CN12: -0.023307541 | CO12: 0.071292243 | CP12: -0.012796158 | CQ12: 0.069976747 | CR12: 0.048146625 | CS12: -0.01450965 | CT12: 0.0009616462 | CU12: 0.013967627 | CV12: 0.0043232554 | CW12: 0.029757689 | CX12: 0.046547458 | CY12: 0.046072978 | CZ12: 0.088561726 | DA12: 0.036978661 | DB12: 0.088981816 | DC12: 0.010027183 | DD12: -0.039091997 | DE12: -0.037235545 | DF12: 0.055485734 | DG12: -0.046409818 | DH12: -0.0052621438 | DI12: -0.054443173 | DJ12: 0.0080625983 | DK12: -0.031928199 | DL12: 0.0030891115 | DM12: -0.019237694 | DN12: 0.021916732 | DO12: 0.030556942 | DP12: 0.045953548 | DQ12: -0.03386212 | DR12: 0.017064979 | DS12: 0.069650552 | DT12: 0.025117616 | DU12: -0.057230283 | DV12: 0.029540061 | DW12: 0.044967834 | DX12: -0.049619207 | DY12: 0.017245148 | DZ12: 0.0061855961 | EA12: 0.051097633 | EB12: 0.0057859706 | EC12: -0.0098063813 | ED12: -0.0069574815 | EE12: -0.026506892 | EF12: 0.039233348
A13: 20 | B13: 48 | C13: 0.054209043 | D13: 0.028012091 | E13: 0.069861556 | F13: -0.034922156 | G13: -0.01490798 | H13: 0.029989632 | I13: 0.029130595 | J13: -0.043899227 | K13: -0.0013673068 | L13: -0.03129496 | M13: 0.025687102 | N13: 0.099806917 | O13: -0.039789292 | P13: 0.016791628 | Q13: -0.073224368 | R13: 0.014159944 | S13: -0.012243671 | T13: -0.021633598 | U13: 0.055957471 | V13: -0.020094328 | W13: 0.075476562 | X13: -0.053276895 | Y13: 0.013920993 | Z13: 0.020583761 | AA13: -0.016440619 | AB13: -0.016036099 | AC13: 0.0080314398 | AD13: 0.02154369 | AE13: -0.065719382 | AF13: -0.051935558 | AG13: 0.0032823102 | AH13: 0.031875515 | AI13: 0.01206755 | AJ13: 0.019886324 | AK13: 0.065987913 | AL13: 0.022550358 | AM13: -0.0022822435 | AN13: -0.07124522 | AO13: 0.0030204089 | AP13: -0.0065879899 | AQ13: -0.011082994 | AR13: 0.0092507325 | AS13: -0.0019366057 | AT13: 0.0016899629 | AU13: 0.076784334 | AV13: -0.01095891 | AW13: 0.025616009 | AX13: -0.011880968 | AY13: -0.023672609 | AZ13: 0.055449776 | BA13: 0.07982912 | BB13: 0.026046346 | BC13: 0.01302658 | BD13: 0.010962313 | BE13: -0.046048257 | BF13: -0.026302897 | BG13: 0.0083310656 | BH13: -0.033944255 | BI13: 0.02583237 | BJ13: 0.017654109 | BK13: -0.025125773 | BL13: 0.013619178 | BM13: -0.027203867 | BN13: -0.0041015372 | BO13: 0.0034067145 | BP13: -0.0079511464 | BQ13: 0.039575889 | BR13: 0.0052648082 | BS13: 0.024538279 | BT13: -0.03366777 | BU13: -0.074658168 | BV13: 0.031440738 | BW13: 0.086230155 | BX13: 0.0014774348 | BY13: -0.03082776 | BZ13: -0.013759147 | CA13: 0.024012674 | CB13: 0.12042697 | CC13: 0.12011817 | CD13: 0.055256048 | CE13: 0.18382784 | CF13: 0.018228941 | CG13: 0.0075602687 | CH13: -0.025657782 | CI13: -0.0078955344 | CJ13: 0.020881327 | CK13: 0.031859597 | CL13: 0.044000391 | CM13: -0.10145222 | CN13: -0.030131025 | CO13: 0.085566239 | CP13: -0.034377539 | CQ13: 0.067112905 | CR13: 0.064380649 | CS13: 0.0039476507 | CT13: -0.0080707993 | CU13: 0.011031214 | CV13: 0.024318983 | CW13: 0.010456963 | CX13: 0.0049872956 | CY13: 0.064973825 | CZ13: 0.090290205 | DA13: 0.049446034 | DB13: 0.10623532 | DC13: 0.023540999 | DD13: -0.051406654 | DE13: -0.042564179 | DF13: 0.083122187 | DG13: -0.047729084 | DH13: 0.012992245 | DI13: -0.046561457 | DJ13: 0.00028247997 | DK13: -0.019386634 | DL13: 0.027121939 | DM13: 0.00053162261 | DN13: 0.016935235 | DO13: 0.037863465 | DP13: 0.044997151 | DQ13: -0.033966462 | DR13: 0.01516855 | DS13: 0.068596853 | DT13: 0.05083126 | DU13: -0.033006159 | DV13: 0.043254779 | DW13: 0.042028686 | DX13: -0.064641919 | DY13: 0.035306138 | DZ13: 0.018302124 | EA13: 0.062118677 | EB13: 0.00020120622 | EC13: -0.018776004 | ED13: 0.00708472 | EE13: -0.041234384 | EF13: 0.067291157
A14: 50 | B14: 19 | C14: -0.030371566 | D14: 0.083347312 | E14: 0.098768248 | F14: -0.048454143 | G14: -0.041019916 | H14: 0.059587806 | I14: 0.077114962 | J14: -0.10509439 | K14: 0.012451162 | L14: 0.0048471972 | M14: -0.075951543 | N14: 0.20483258 | O14: -0.039642308 | P14: 0.047779764 | Q14: -0.058237946 | R14: -0.014151796 | S14: 0.0385341 | T14: -0.017360731 | U14: 0.11019253 | V14: -0.038375546 | W14: 0.11616579 | X14: -0.053581709 | Y14: -0.016762663 | Z14: 0.021252201 | AA14: -0.0026273998 | AB14: -0.074982913 | AC14: -0.029292084 | AD14: 0.039327892 | AE14: -0.0040189068 | AF14: -0.084317009 | AG14: 0.006390201 | AH14: 0.06341038 | AI14: 0.072072951 | AJ14: 0.10046344 | AK14: 0.066326746 | AL14: 0.018559542 | AM14: 0.0031495064 | AN14: -0.11032368 | AO14: -0.0099986507 | AP14: 0.0070548285 | AQ14: -0.0081284167 | AR14: 0.018170823 | AS14: 0.0092574128 | AT14: -0.018407426 | AU14: 0.13785248 | AV14: 0.0084264533 | AW14: 0.0437293 | AX14: 0.00082158805 | AY14: -0.058839376 | AZ14: 0.025628928 | BA14: 0.096337325 | BB14: 0.10189834 | BC14: -0.0090839235 | BD14: 0.054089653 | BE14: -0.024117018 | BF14: -0.0052428879 | BG14: 0.010496608 | BH14: -0.093750084 | BI14: 0.032270131 | BJ14: 0.013254279 | BK14: 0.033237382 | BL14: 0.010571835 | BM14: -0.021375047 | BN14: -0.045371706 | BO14: 0.014903579 | BP14: 0.050332283 | BQ14: 0.047561132 | BR14: -0.035541214 | BS14: 0.068561655 | BT14: 0.015287928 | BU14: -0.11115945 | BV14: 0.041282489 | BW14: 0.11840804 | BX14: -0.00030713422 | BY14: -0.080399769 | BZ14: 0.050985243 | CA14: 0.033455158 | CB14: 0.1644655 | CC14: 0.12059616 | CD14: 0.047921841 | CE14: 0.1705553 | CF14: -0.020310217 | CG14: 0.13892668 | CH14: 0.0040537141 | CI14: -0.0038293561 | CJ14: 0.020066825 | CK14: -0.00046385957 | CL14: 0.13003287 | CM14: -0.11006897 | CN14: -0.019401547 | CO14: 0.17324915 | CP14: -0.10547972 | CQ14: 0.079536741 | CR14: 0.062640655 | CS14: -0.0038161133 | CT14: -0.019100577 | CU14: 0.074250616 | CV14: 0.039399434 | CW14: 0.0082340019 | CX14: 0.024244256 | CY14: 0.050137743 | CZ14: 0.13617205 | DA14: 0.065393327 | DB14: 0.10460744 | DC14: 0.014753761 | DD14: -0.053899967 | DE14: -0.031057667 | DF14: 0.20156284 | DG14: -0.045583396 | DH14: 0.0047748372 | DI14: -0.053191997 | DJ14: 0.0010237243 | DK14: -0.08162155 | DL14: -0.0092741824 | DM14: -0.0011211497 | DN14: 0.030298833 | DO14: 0.10259219 | DP14: 0.0036178583 | DQ14: -0.056019286 | DR14: 0.0077944218 | DS14: 0.05605182 | DT14: 0.11767251 | DU14: -0.068795273 | DV14: 0.019432944 | DW14: 0.0018093095 | DX14: -0.10216122 | DY14: 0.03799708 | DZ14: 0.035031 | EA14: 0.10752548 | EB14: -0.025109521 | EC14: -0.01929146 | ED14: -0.033597288 | EE14: 0.0033992535 | EF14: 0.066632347
A15: 100 | B15: 10 | C15: -0.096503142 | D15: 0.015948529 | E15: 0.066038487 | F15: -0.10856229 | G15: -0.045422052 | H15: 0.1188437 | I15: 0.12672874 | J15: -0.06452469 | K15: -0.0042103664 | L15: 0.032558505 | M15: -0.18849205 | N15: 0.33030934 | O15: -0.046103493 | P15: 0.052983283 | Q15: -0.10037535 | R15: 0.016755436 | S15: -0.043033934 | T15: -0.049338673 | U15: 0.13696806 | V15: -0.085680882 | W15: 0.10693456 | X15: -0.078436412 | Y15: -0.024188619 | Z15: -0.023656419 | AA15: 0.046586124 | AB15: -0.073995952 | AC15: -0.04005513 | AD15: 0.039690481 | AE15: 0.047286476 | AF15: -0.049772025 | AG15: -0.0097453106 | AH15: -0.014500687 | AI15: 0.05085445 | AJ15: 0.0041844346 | AK15: 0.057495575 | AL15: -0.0068817591 | AM15: 0.0019447115 | AN15: -0.060734932 | AO15: 0.035701843 | AP15: 0.012581945 | AQ15: -0.019750987 | AR15: 0.02455082 | AS15: -0.022430947 | AT15: 0.0068565183 | AU15: 0.16710843 | AV15: 0.033225302 | AW15: 0.088559343 | AX15: 0.0041596917 | AY15: -0.043143498 | AZ15: 0.036847352 | BA15: 0.15768795 | BB15: 0.1087891 | BC15: 0.062155144 | BD15: 0.0096474811 | BE15: -0.046217114 | BF15: -0.056978024 | BG15: 0.01377615 | BH15: -0.054709226 | BI15: 0.026351023 | BJ15: 0.015619103 | BK15: 0.072869419 | BL15: 7.7901404e-05 | BM15: -0.062598395 | BN15: -0.066054035 | BO15: 0.016589444 | BP15: 0.051616854 | BQ15: 0.024671362 | BR15: -0.019422025 | BS15: 0.075076314 | BT15: -0.036633666 | BU15: -0.085545734 | BV15: 0.098057385 | BW15: 0.20414584 | BX15: 0.023949431 | BY15: -0.093338392 | BZ15: 0.067359763 | CA15: 0.029964009 | CB15: 0.1310914 | CC15: 0.17365171 | CD15: 0.08909452 | CE15: 0.07336812 | CF15: -0.0036268169 | CG15: 0.22573123 | CH15: -0.039978225 | CI15: -0.069336845 | CJ15: 0.0073826304 | CK15: 0.034280211 | CL15: 0.21275089 | CM15: -0.10811976 | CN15: 0.00021713491 | CO15: 0.17335999 | CP15: -0.034393215 | CQ15: 0.13960362 | CR15: 0.024374319 | CS15: 0.016910987 | CT15: -0.007394575 | CU15: 0.15386368 | CV15: 0.060444496 | CW15: -0.027257442 | CX15: 0.017868892 | CY15: 0.055732711 | CZ15: 0.11536405 | DA15: 0.088862212 | DB15: 0.097048242 | DC15: 0.076727024 | DD15: -0.067526409 | DE15: -0.065608102 | DF15: 0.30272045 | DG15: -0.047917485 | DH15: -0.018709011 | DI15: -0.011718449 | DJ15: -0.051522811 | DK15: -0.10032893 | DL15: 0.0077378338 | DM15: 0.0017732647 | DN15: -0.067022569 | DO15: 0.15954541 | DP15: -0.040330193 | DQ15: -0.07293808 | DR15: -0.022035265 | DS15: 0.037530144 | DT15: 0.034296399 | DU15: -0.11712765 | DV15: 0.051127 | DW15: -0.060826326 | DX15: -0.11861625 | DY15: 0.10653917 | DZ15: 0.040455653 | EA15: 0.10917693 | EB15: -0.05612648 | EC15: -0.017785518 | ED15: -0.072383319 | EE15: -0.0031907205 | EF15: 0.062208305
A16: 107 | B16: 9 | C16: -0.027383645 | D16: -0.00072024867 | E16: 0.065006577 | F16: -0.099382493 | G16: -0.073696265 | H16: 0.072848056 | I16: 0.1117923 | J16: -0.068694033 | K16: 0.017925105 | L16: 0.0098865346 | M16: -0.1948764 | N16: 0.36698761 | O16: -0.015621092 | P16: 0.061979735 | Q16: -0.096618173 | R16: 0.019182762 | S16: -0.042415183 | T16: -0.023226785 | U16: 0.13006247 | V16: -0.10431618 | W16: 0.078373488 | X16: -0.073678278 | Y16: -0.0042874471 | Z16: -0.020075795 | AA16: 0.050225527 | AB16: -0.071016126 | AC16: -0.041040523 | AD16: 0.034811172 | AE16: 0.051534992 | AF16: -0.015008623 | AG16: -0.0083019076 | AH16: -0.044107019 | AI16: 0.049078043 | AJ16: -0.017629242 | AK16: 0.064421401 | AL16: -0.014472512 | AM16: 0.023733534 | AN16: -0.052712143 | AO16: 0.040042671 | AP16: 0.0052398896 | AQ16: -0.024036054 | AR16: 0.03249276 | AS16: -0.028079705 | AT16: 0.0039394694 | AU16: 0.17023589 | AV16: 0.023608876 | AW16: 0.093057993 | AX16: -0.0068578552 | AY16: -0.034673712 | AZ16: 0.046826876 | BA16: 0.1599907 | BB16: 0.13247474 | BC16: 0.066102245 | BD16: -0.016936218 | BE16: -0.044139137 | BF16: -0.054584963 | BG16: 0.019331207 | BH16: -0.062040026 | BI16: 0.025620094 | BJ16: 0.020503816 | BK16: 0.1047732 | BL16: -0.0084142574 | BM16: -0.069805825 | BN16: -0.06719797 | BO16: 0.015960319 | BP16: 0.057750061 | BQ16: 0.027863423 | BR16: 0.012259349 | BS16: 0.078982187 | BT16: -0.038066078 | BU16: -0.10153657 | BV16: 0.094510468 | BW16: 0.22394491 | BX16: 0.024078272 | BY16: -0.11899471 | BZ16: 0.092629007 | CA16: 0.02743217 | CB16: 0.13930874 | CC16: 0.044388153 | CD16: 0.08775109 | CE16: 0.09361423 | CF16: -0.014696063 | CG16: 0.14619604 | CH16: -0.018520265 | CI16: -0.05834475 | CJ16: 0.027800423 | CK16: 0.070731881 | CL16: 0.24393816 | CM16: -0.11305584 | CN16: 0.0096090478 | CO16: 0.20954752 | CP16: -0.030684439 | CQ16: 0.16844978 | CR16: 0.025228657 | CS16: 0.021807009 | CT16: -0.0050674065 | CU16: 0.15404573 | CV16: 0.059453993 | CW16: -0.031673114 | CX16: 0.0066867777 | CY16: 0.058554306 | CZ16: 0.16621832 | DA16: 0.11818133 | DB16: 0.098017283 | DC16: 0.063740659 | DD16: -0.074371115 | DE16: -0.056325913 | DF16: 0.32557955 | DG16: -0.045676915 | DH16: -0.019129343 | DI16: -0.013233426 | DJ16: -0.036643143 | DK16: -0.096254625 | DL16: 0.0013659721 | DM16: 0.038134996 | DN16: -0.056707577 | DO16: 0.16959095 | DP16: -0.024716583 | DQ16: -0.06756052 | DR16: -0.011178168 | DS16: 0.021440673 | DT16: 0.032059492 | DU16: -0.12277205 | DV16: 0.045148984 | DW16: -0.071302574 | DX16: -0.12528471 | DY16: 0.11635433 | DZ16: 0.058810748 | EA16: 0.13979902 | EB16: -0.070875444 | EC16: -0.024937997 | ED16: -0.080284913 | EE16: -0.0043966753 | EF16: 0.039893907
A17: 120 | B17: 8 | C17: -0.045056429 | D17: -0.017334375 | E17: 0.079589849 | F17: -0.11283752 | G17: -0.078063041 | H17: 0.10499405 | I17: 0.067489655 | J17: -0.11529907 | K17: 0.039444992 | L17: 0.0054577589 | M17: -0.22694064 | N17: 0.40510801 | O17: -0.024632055 | P17: 0.076915604 | Q17: -0.10643025 | R17: 0.0019752513 | S17: -0.055132026 | T17: -0.023507589 | U17: 0.1417559 | V17: -0.1163563 | W17: 0.079141989 | X17: -0.10018597 | Y17: 0.0015005013 | Z17: -0.02160849 | AA17: 0.062254197 | AB17: -0.058334161 | AC17: -0.040799011 | AD17: 0.068619823 | AE17: 0.0594435 | AF17: -0.0084112432 | AG17: -0.0013516708 | AH17: -0.03192145 | AI17: 0.030587709 | AJ17: -0.010272448 | AK17: 0.031812486 | AL17: -0.0099837333 | AM17: 0.027869766 | AN17: -0.049360372 | AO17: 0.030704029 | AP17: 0.0037580716 | AQ17: -0.0092339935 | AR17: 0.034997281 | AS17: -0.02951693 | AT17: 0.001432682 | AU17: 0.17756203 | AV17: 0.027563054 | AW17: 0.11200184 | AX17: 0.010590388 | AY17: -0.037171004 | AZ17: 0.047980434 | BA17: 0.16280641 | BB17: 0.15327128 | BC17: 0.082716572 | BD17: 0.01347483 | BE17: -0.016297389 | BF17: -0.018337155 | BG17: -0.013153311 | BH17: -0.048737994 | BI17: 0.057449624 | BJ17: 0.0098580643 | BK17: 0.11481579 | BL17: 0.0075736051 | BM17: -0.077967326 | BN17: -0.073656768 | BO17: 0.031350299 | BP17: 0.060638147 | BQ17: 0.048642597 | BR17: 0.035003815 | BS17: 0.062448284 | BT17: -0.033647573 | BU17: -0.1045243 | BV17: 0.10664392 | BW17: 0.22723409 | BX17: 0.0072009503 | BY17: -0.095860872 | BZ17: 0.10695139 | CA17: 0.027196784 | CB17: 0.14963316 | CC17: 0.041760252 | CD17: 0.064105945 | CE17: 0.095708074 | CF17: -0.095123349 | CG17: 0.17703461 | CH17: -0.022753339 | CI17: -0.082452914 | CJ17: 0.038321941 | CK17: 0.075742962 | CL17: 0.2871791 | CM17: -0.095493871 | CN17: 0.013630624 | CO17: 0.19808042 | CP17: -0.021609529 | CQ17: 0.17312916 | CR17: 0.02300583 | CS17: 0.011545516 | CT17: -0.049260056 | CU17: 0.051107963 | CV17: 0.067891017 | CW17: -0.023155845 | CX17: 0.024992449 | CY17: 0.059497952 | CZ17: 0.1841332 | DA17: 0.094496399 | DB17: 0.10427163 | DC17: 0.053888322 | DD17: -0.048130589 | DE17: -0.051666263 | DF17: 0.35222555 | DG17: -0.047210988 | DH17: -0.038726651 | DI17: -0.0052932443 | DJ17: -0.045336158 | DK17: -0.10278127 | DL17: -0.0057903457 | DM17: 0.042563609 | DN17: -0.060629183 | DO17: 0.17976293 | DP17: -0.02509743 | DQ17: -0.065244348 | DR17: -0.025726439 | DS17: 0.037354089 | DT17: 0.01674319 | DU17: -0.12949296 | DV17: 0.062269791 | DW17: -0.076598913 | DX17: -0.12953898 | DY17: 0.10312068 | DZ17: 0.049212629 | EA17: 0.16457152 | EB17: -0.07378097 | EC17: -0.020361159 | ED17: -0.082855622 | EE17: 0.00019352115 | EF17: 0.047709767
A18: 137 | B18: 7 | C18: -0.053942228 | D18: 0.016715167 | E18: 0.05343935 | F18: -0.13441437 | G18: -0.080794247 | H18: 0.12853956 | I18: 0.054952663 | J18: -0.12516179 | K18: 0.03158645 | L18: 0.012982487 | M18: -0.25351319 | N18: 0.46182002 | O18: -0.024323875 | P18: 0.054569613 | Q18: -0.12173637 | R18: 0.019326199 | S18: -0.06901334 | T18: -0.0050281402 | U18: 0.13249502 | V18: -0.13125393 | W18: 0.07729628 | X18: -0.12712281 | Y18: 0.024213808 | Z18: -0.016905716 | AA18: 0.054804498 | AB18: -0.061713851 | AC18: -0.074719823 | AD18: 0.096285845 | AE18: 0.077201592 | AF18: 0.0017514919 | AG18: -0.0086183644 | AH18: -0.03591323 | AI18: 0.046855541 | AJ18: -0.0073274439 | AK18: -0.002187481 | AL18: -0.00085555505 | AM18: 0.0098597345 | AN18: -0.053661578 | AO18: 0.046668951 | AP18: 0.0020144314 | AQ18: 0.016785142 | AR18: 0.061694524 | AS18: -0.045375 | AT18: 0.029654326 | AU18: 0.19665973 | AV18: 0.035057688 | AW18: 0.14204195 | AX18: 0.033602068 | AY18: -0.042777608 | AZ18: 0.066341276 | BA18: 0.16410614 | BB18: 0.16725802 | BC18: 0.083201573 | BD18: 0.0038573503 | BE18: -0.022230541 | BF18: -0.038143151 | BG18: -0.0023082369 | BH18: -0.062935384 | BI18: 0.03348758 | BJ18: -0.0059560641 | BK18: 0.073455627 | BL18: 0.026352779 | BM18: -0.069782333 | BN18: -0.078208699 | BO18: 0.0084067313 | BP18: 0.062463432 | BQ18: 0.058284371 | BR18: 0.026286696 | BS18: 0.08173575 | BT18: -0.013299151 | BU18: -0.11146155 | BV18: 0.11550552 | BW18: 0.26103993 | BX18: -0.015811924 | BY18: -0.062686744 | BZ18: 0.10981457 | CA18: 0.033286165 | CB18: 0.10684606 | CC18: 0.10466062 | CD18: 0.050445795 | CE18: 0.077260395 | CF18: -0.10185862 | CG18: 0.22664141 | CH18: -0.025439162 | CI18: -0.11772541 | CJ18: 0.028685007 | CK18: 0.073220034 | CL18: 0.31710861 | CM18: -0.10276961 | CN18: -0.02861759 | CO18: 0.22828209 | CP18: -0.015497672 | CQ18: 0.20974121 | CR18: 0.033743302 | CS18: 0.02812856 | CT18: -0.094951029 | CU18: 0.0047411405 | CV18: 0.06859414 | CW18: -0.028328257 | CX18: -0.014078748 | CY18: 0.071432459 | CZ18: 0.20441034 | DA18: 0.078358631 | DB18: 0.11811472 | DC18: 0.049208867 | DD18: -0.0710713 | DE18: -0.039307075 | DF18: 0.36669201 | DG18: -0.054770484 | DH18: -0.028038013 | DI18: -0.016114629 | DJ18: -0.04520404 | DK18: -0.10652726 | DL18: -0.023410528 | DM18: 0.058457164 | DN18: -0.05687526 | DO18: 0.22032021 | DP18: -0.021510335 | DQ18: -0.061955529 | DR18: -0.010451249 | DS18: 0.011277982 | DT18: -0.00740739 | DU18: -0.15871482 | DV18: 0.085403284 | DW18: -0.06863695 | DX18: -0.15360298 | DY18: 0.097428037 | DZ18: 0.054630374 | EA18: 0.19894575 | EB18: -0.09704269 | EC18: -0.019600516 | ED18: -0.080269196 | EE18: -0.0011112877 | EF18: 0.048955017
A19: 160 | B19: 6 | C19: -0.077959416 | D19: 0.0088822732 | E19: 0.044403932 | F19: -0.038646682 | G19: -0.097512091 | H19: 0.17761032 | I19: 0.047463405 | J19: -0.15623035 | K19: 0.05654097 | L19: 0.044544215 | M19: -0.26154184 | N19: 0.53237404 | O19: 0.019797434 | P19: 0.022785213 | Q19: -0.17046229 | R19: 0.041942629 | S19: -0.078696261 | T19: -0.10952586 | U19: 0.11376447 | V19: -0.11868446 | W19: 0.072415569 | X19: -0.12292315 | Y19: 0.024064305 | Z19: -0.022223239 | AA19: 0.047300122 | AB19: -0.060762351 | AC19: -0.083512867 | AD19: 0.095993378 | AE19: 0.11523187 | AF19: -0.00026256872 | AG19: 0.019297545 | AH19: -0.016089488 | AI19: 0.081770125 | AJ19: 0.012167192 | AK19: 0.0075520425 | AL19: -0.0011362622 | AM19: 0.010533243 | AN19: -0.062111384 | AO19: 0.057746408 | AP19: 0.0097121209 | AQ19: 0.054925492 | AR19: 0.074616898 | AS19: -0.0036882313 | AT19: 0.011184593 | AU19: 0.23884424 | AV19: 0.042677296 | AW19: 0.12486187 | AX19: 0.06406211 | AY19: -0.060853235 | AZ19: 0.084032472 | BA19: 0.18699678 | BB19: 0.20180191 | BC19: 0.064055486 | BD19: -0.014320047 | BE19: -0.030390671 | BF19: -0.049436517 | BG19: 0.00096322011 | BH19: -0.057134461 | BI19: 0.025936795 | BJ19: -0.021707302 | BK19: 0.097038423 | BL19: 0.025996465 | BM19: -0.088156797 | BN19: -0.08141326 | BO19: -0.018562314 | BP19: 0.012410341 | BQ19: -0.021009668 | BR19: 0.024059852 | BS19: 0.10426463 | BT19: 0.013193669 | BU19: -0.12418649 | BV19: 0.10008527 | BW19: 0.2959763 | BX19: -0.03639889 | BY19: -0.027675492 | BZ19: 0.14474202 | CA19: 0.035609795 | CB19: 0.12783821 | CC19: 0.022506233 | CD19: 0.087664948 | CE19: 0.088474859 | CF19: -0.11169849 | CG19: 0.26389313 | CH19: -0.0075587857 | CI19: -0.16520241 | CJ19: -0.0010381871 | CK19: 0.074585989 | CL19: 0.3111517 | CM19: -0.11023588 | CN19: -0.015943691 | CO19: 0.25123563 | CP19: -0.029036522 | CQ19: 0.22201357 | CR19: 0.024299202 | CS19: 0.043774987 | CT19: -0.12262043 | CU19: 0.0071565658 | CV19: 0.076142494 | CW19: -0.032192133 | CX19: 0.0011275946 | CY19: 0.073151337 | CZ19: 0.158012 | DA19: 0.075182477 | DB19: 0.14796185 | DC19: 0.030276457 | DD19: -0.063547464 | DE19: -0.0060057102 | DF19: 0.20550175 | DG19: -0.066374265 | DH19: -0.00015698313 | DI19: 0.0036664244 | DJ19: -0.048514351 | DK19: -0.12144231 | DL19: -0.023313545 | DM19: 0.057300431 | DN19: -0.064294394 | DO19: 0.24926195 | DP19: -0.0040024609 | DQ19: -0.050623171 | DR19: -0.017544799 | DS19: -0.0056773135 | DT19: -0.0030761272 | DU19: -0.15058192 | DV19: 0.038124131 | DW19: -0.10129597 | DX19: -0.13836513 | DY19: 0.070109578 | DZ19: 0.078537948 | EA19: 0.23304583 | EB19: -0.10624586 | EC19: -0.03132511 | ED19: -0.086159551 | EE19: 0.0073065267 | EF19: 0.016977955
A20: 192 | B20: 5 | C20: -0.1393246 | D20: 0.00035171826 | E20: 0.05733635 | F20: -0.091218422 | G20: -0.11160447 | H20: 0.14393228 | I20: 0.027935542 | J20: -0.13320729 | K20: 0.037404685 | L20: 0.095708636 | M20: -0.26869383 | N20: 0.50001148 | O20: 0.11011453 | P20: 0.040028495 | Q20: -0.22482481 | R20: 0.066469633 | S20: -0.057341083 | T20: -0.10084553 | U20: 0.12232904 | V20: -0.13628806 | W20: 0.091084869 | X20: -0.15004231 | Y20: -0.0048557579 | Z20: 0.02915735 | AA20: 0.066961979 | AB20: -0.060423624 | AC20: -0.096309043 | AD20: 0.12984342 | AE20: 0.01731115 | AF20: 0.0064692815 | AG20: -0.0062417404 | AH20: -0.027806702 | AI20: 0.078154545 | AJ20: 0.017241716 | AK20: -0.013595115 | AL20: -0.0056166264 | AM20: 0.032738589 | AN20: 0.032916683 | AO20: 0.068085457 | AP20: 0.012604516 | AQ20: -0.072900746 | AR20: 0.013289273 | AS20: -0.017143829 | AT20: -0.0028495391 | AU20: 0.28169787 | AV20: 0.071473186 | AW20: 0.14631084 | AX20: 0.085886175 | AY20: -0.062285594 | AZ20: 0.099804303 | BA20: 0.15133773 | BB20: 0.23121363 | BC20: 0.070605568 | BD20: -0.011308295 | BE20: -0.038466832 | BF20: -0.0552169 | BG20: -0.051727193 | BH20: -0.051899277 | BI20: 0.023171587 | BJ20: -0.021629512 | BK20: 0.11765037 | BL20: 0.019783342 | BM20: -0.05455591 | BN20: 0.018638027 | BO20: -0.0076105449 | BP20: -0.0072822475 | BQ20: -0.012467091 | BR20: 0.018188121 | BS20: 0.10486012 | BT20: 0.052467623 | BU20: -0.149441 | BV20: 0.13370992 | BW20: 0.34204268 | BX20: -0.052861422 | BY20: -0.043183483 | BZ20: 0.18472509 | CA20: 0.050216826 | CB20: 0.12649505 | CC20: 0.012915147 | CD20: 0.096064648 | CE20: 0.085778173 | CF20: -0.13120856 | CG20: 0.32193852 | CH20: 0.049195224 | CI20: -0.13148573 | CJ20: -0.012323838 | CK20: 0.062276752 | CL20: 0.29793491 | CM20: -0.096775806 | CN20: -0.019347978 | CO20: 0.29657331 | CP20: 0.0074243419 | CQ20: 0.082519806 | CR20: 0.025362553 | CS20: 0.022293038 | CT20: -0.090474037 | CU20: 0.010222896 | CV20: 0.097003954 | CW20: -0.025816403 | CX20: 0.0093861438 | CY20: 0.10873284 | CZ20: 0.1283007 | DA20: 0.077081697 | DB20: 0.07696807 | DC20: 0.028901161 | DD20: -0.068163012 | DE20: -0.030466569 | DF20: 0.24557421 | DG20: -0.052344813 | DH20: -0.010975412 | DI20: -0.007757568 | DJ20: -0.039459946 | DK20: -0.08518754 | DL20: 0.010186969 | DM20: 0.069336107 | DN20: -0.064461202 | DO20: 0.25800136 | DP20: -0.021671262 | DQ20: -0.038540311 | DR20: -0.055557992 | DS20: -0.0074906958 | DT20: 0.0048293442 | DU20: -0.17637517 | DV20: -0.030192896 | DW20: -0.10354617 | DX20: -0.15386633 | DY20: 0.053618609 | DZ20: 0.090199646 | EA20: 0.29368998 | EB20: -0.10631227 | EC20: 0.022976412 | ED20: -0.074625658 | EE20: 0.0017409798 | EF20: 0.020281417
A21: 241 | B21: 4 | C21: -0.19764916 | D21: -0.0003677094 | E21: -0.01369017 | F21: -0.051097484 | G21: -0.007296138 | H21: 0.16216409 | I21: 0.014111278 | J21: -0.13674292 | K21: 0.001470296 | L21: 0.10967961 | M21: -0.19988497 | N21: 0.58489126 | O21: 0.13927749 | P21: 0.045427193 | Q21: -0.27408345 | R21: 0.084905231 | S21: -0.036563292 | T21: -0.13112036 | U21: 0.086278418 | V21: -0.13175049 | W21: 0.12449862 | X21: -0.20780127 | Y21: -0.01014366 | Z21: 0.039457716 | AA21: 0.028033456 | AB21: -0.065287595 | AC21: -0.15954227 | AD21: 0.12882467 | AE21: 0.010311611 | AF21: 0.033566825 | AG21: -0.010570753 | AH21: -0.043406383 | AI21: 0.079594209 | AJ21: 0.0051859256 | AK21: -0.030643434 | AL21: 0.019780814 | AM21: 0.03671097 | AN21: 0.018695533 | AO21: 0.094985152 | AP21: 0.018942379 | AQ21: -0.067199966 | AR21: -0.047988141 | AS21: 0.01704602 | AT21: -0.063444048 | AU21: 0.34648126 | AV21: 0.050897568 | AW21: 0.17294653 | AX21: 0.066006052 | AY21: -0.11887619 | AZ21: 0.10850236 | BA21: 0.13959268 | BB21: 0.29451264 | BC21: 0.038321148 | BD21: -0.030287979 | BE21: -0.040588333 | BF21: -0.062289949 | BG21: -0.078525059 | BH21: -0.067916731 | BI21: 0.046273769 | BJ21: -0.023579026 | BK21: 0.072723115 | BL21: 0.0037527985 | BM21: -0.094970355 | BN21: 0.025790766 | BO21: 0.015004103 | BP21: 0.0041808023 | BQ21: -0.043304437 | BR21: 0.011285398 | BS21: 0.046111557 | BT21: 0.060820743 | BU21: -0.17073851 | BV21: 0.019240488 | BW21: 0.40213092 | BX21: -0.077165003 | BY21: -0.014916379 | BZ21: 0.25140178 | CA21: 0.095059434 | CB21: 0.20786985 | CC21: -0.0080189543 | CD21: 0.084423551 | CE21: 0.061514882 | CF21: -0.12717048 | CG21: 0.32016678 | CH21: -0.071336804 | CI21: -0.12329335 | CJ21: -0.011956467 | CK21: 0.0085636303 | CL21: 0.36208375 | CM21: -0.11623182 | CN21: -0.011281919 | CO21: 0.33548376 | CP21: -0.096253288 | CQ21: -0.059403617 | CR21: 0.011615789 | CS21: 0.030907746 | CT21: -0.082292873 | CU21: 0.001997383 | CV21: 0.13162753 | CW21: -0.030752481 | CX21: 0.013395524 | CY21: 0.10250516 | CZ21: 0.19029339 | DA21: 0.041709064 | DB21: 0.071461214 | DC21: 0.048309147 | DD21: -0.067027496 | DE21: -0.054719268 | DF21: 0.30115021 | DG21: -0.059409519 | DH21: 0.01407682 | DI21: 0.034407478 | DJ21: -0.037911313 | DK21: -0.090895591 | DL21: 0.032208203 | DM21: 0.024988802 | DN21: -0.046874835 | DO21: 0.3316268 | DP21: -0.037108633 | DQ21: -0.028216052 | DR21: -0.05355699 | DS21: -0.0016720947 | DT21: -0.0097086429 | DU21: -0.14861472 | DV21: -0.049664404 | DW21: -0.10353449 | DX21: -0.18596621 | DY21: 0.024595996 | DZ21: 0.098930574 | EA21: 0.26605683 | EB21: -0.10329556 | EC21: 0.027188932 | ED21: -0.082730048 | EE21: -0.021310592 | EF21: -0.0079916029
A22: 321 | B22: 3 | C22: 0.064235718 | D22: -0.044680897 | E22: -0.017355099 | F22: -0.097433996 | G22: -0.032954824 | H22: 0.12417806 | I22: 0.017437343 | J22: -0.1042535 | K22: 0.02865678 | L22: 0.17118336 | M22: -0.18466279 | N22: 0.75614344 | O22: 0.066442332 | P22: 0.090630874 | Q22: -0.12727089 | R22: 0.066698293 | S22: -0.039234144 | T22: -0.10484897 | U22: 0.11059002 | V22: -0.1756249 | W22: 0.15804775 | X22: -0.25720235 | Y22: -0.069853332 | Z22: 0.023866122 | AA22: 0.11812061 | AB22: -0.038274054 | AC22: -0.17721308 | AD22: 0.013572789 | AE22: -0.085147686 | AF22: 0.086404239 | AG22: -0.045973813 | AH22: 0.00048894599 | AI22: 0.094141261 | AJ22: 0.013081542 | AK22: 0.10128856 | AL22: -0.0094397385 | AM22: 0.04147378 | AN22: 0.035264122 | AO22: 0.19067278 | AP22: 0.020492729 | AQ22: -0.11013171 | AR22: -0.067924488 | AS22: 0.16458944 | AT22: 0.0010736947 | AU22: 0.42935378 | AV22: 0.05964614 | AW22: 0.23220959 | AX22: -0.10776064 | AY22: -0.16372433 | AZ22: 0.1551884 | BA22: 0.049774958 | BB22: 0.36955058 | BC22: -0.13083694 | BD22: -0.058336355 | BE22: -0.068483037 | BF22: -0.054886014 | BG22: -0.096178529 | BH22: -0.0079934121 | BI22: 0.082345467 | BJ22: -0.054996415 | BK22: 0.048315241 | BL22: 0.017863882 | BM22: -0.12093964 | BN22: 0.082937899 | BO22: 0.038350063 | BP22: 0.00054100012 | BQ22: -0.082149397 | BR22: 0.019640331 | BS22: 0.051914988 | BT22: -0.088726194 | BU22: -0.10435058 | BV22: 0.00068176017 | BW22: 0.4277165 | BX22: -0.1130289 | BY22: 0.032352876 | BZ22: 0.27962934 | CA22: 0.14407874 | CB22: 0.25473926 | CC22: -0.125104 | CD22: 0.095518543 | CE22: 0.066840146 | CF22: -0.15557257 | CG22: 0.44380082 | CH22: -0.026761118 | CI22: -0.23044917 | CJ22: -0.016242848 | CK22: -0.027152497 | CL22: 0.55395437 | CM22: -0.21983249 | CN22: 0.021850307 | CO22: 0.2720595 | CP22: -0.081323106 | CQ22: -0.07446701 | CR22: -0.028422205 | CS22: 0.024439587 | CT22: -0.058232521 | CU22: 0.026581005 | CV22: 0.1296175 | CW22: -0.013499799 | CX22: 0.047285453 | CY22: 0.10451083 | CZ22: 0.20669386 | DA22: 0.032453995 | DB22: 0.054041622 | DC22: 0.072342034 | DD22: -0.015962578 | DE22: -0.13335614 | DF22: 0.38966763 | DG22: -0.071889499 | DH22: 0.013945346 | DI22: 0.063560999 | DJ22: -0.050246006 | DK22: -0.091428405 | DL22: 0.021680326 | DM22: 0.031884709 | DN22: -0.083173707 | DO22: 0.075715816 | DP22: -0.10509906 | DQ22: -0.051850202 | DR22: -0.0712363 | DS22: -0.036346262 | DT22: -0.043681446 | DU22: -0.16154691 | DV22: 0.053370167 | DW22: -0.081415413 | DX22: -0.22244261 | DY22: -0.0081471166 | DZ22: 0.1108345 | EA22: 0.14035616 | EB22: -0.14292708 | EC22: 0.088085447 | ED22: -0.057499219 | EE22: -0.047636659 | EF22: -0.034790246
A23: 482 | B23: 2 | C23: -0.034987009 | D23: -0.029810668 | E23: 0.13300519 | F23: -0.14166491 | G23: -0.052224174 | H23: -0.018188471 | I23: -0.036386489 | J23: -0.11487751 | K23: -0.059917885 | L23: 0.05404353 | M23: -0.14728697 | N23: 0.97590144 | O23: 0.12289971 | P23: 0.054681526 | Q23: -0.29117349 | R23: 0.062821978 | S23: -0.072572664 | T23: -0.084676176 | U23: 0.093757422 | V23: -0.2324772 | W23: 0.25954732 | X23: -0.19455646 | Y23: -0.067949922 | Z23: 0.041051967 | AA23: 0.15164933 | AB23: -0.047748945 | AC23: -0.23400862 | AD23: 0.071628868 | AE23: -0.22171324 | AF23: 0.025300492 | AG23: -0.0020576771 | AH23: 0.03727949 | AI23: 0.017205917 | AJ23: 0.02358744 | AK23: 0.1141111 | AL23: -0.014066593 | AM23: 0.086692828 | AN23: 0.1276296 | AO23: 0.34648431 | AP23: -0.16526637 | AQ23: -0.099380639 | AR23: -0.14613616 | AS23: 0.032167011 | AT23: 0.016951231 | AU23: 0.60833204 | AV23: -0.09675725 | AW23: 0.32642827 | AX23: 0.065137154 | AY23: -0.16314791 | AZ23: 0.078071577 | BA23: 0.053998339 | BB23: 0.56682653 | BC23: -0.30082825 | BD23: -0.015350669 | BE23: -0.086532395 | BF23: -0.060012944 | BG23: -0.044908675 | BH23: 0.053596864 | BI23: 0.12120552 | BJ23: -0.10400332 | BK23: 0.047849323 | BL23: -0.05343222 | BM23: -0.18414781 | BN23: 0.038453237 | BO23: 0.06181548 | BP23: 0.022475721 | BQ23: -0.12222073 | BR23: 0.0083521863 | BS23: 0.12567016 | BT23: -0.21818668 | BU23: -0.10568527 | BV23: -0.017018951 | BW23: 0.60099753 | BX23: -0.068735089 | BY23: 0.039939449 | BZ23: 0.35239787 | CA23: 0.20637272 | CB23: 0.31616676 | CC23: -0.084544615 | CD23: 0.14124194 | CE23: 0.059602302 | CF23: -0.18343324 | CG23: 0.29290394 | CH23: 0.021950564 | CI23: -0.059122474 | CJ23: 0.038255249 | CK23: -0.056594325 | CL23: 0.82114883 | CM23: -0.23470497 | CN23: 0.049969056 | CO23: 0.26615854 | CP23: -0.11971831 | CQ23: -0.067315098 | CR23: -0.038232839 | CS23: 0.069015371 | CT23: -0.045662542 | CU23: -0.0087742901 | CV23: 0.20185146 | CW23: 0.064165112 | CX23: -0.04425408 | CY23: 0.15375033 | CZ23: 0.16600445 | DA23: 0.064644882 | DB23: 0.018747066 | DC23: 0.072416034 | DD23: -0.018407826 | DE23: -0.1414453 | DF23: 0.40879492 | DG23: -0.067620427 | DH23: 0.055413447 | DI23: 0.053479597 | DJ23: -0.087058008 | DK23: -0.091244989 | DL23: -0.056607334 | DM23: 0.046477316 | DN23: -0.11820475 | DO23: 0.12406844 | DP23: -0.038404396 | DQ23: -0.12113204 | DR23: -0.1024258 | DS23: -0.11657599 | DT23: -0.054250461 | DU23: -0.055639479 | DV23: 0.0081332536 | DW23: 0.023051821 | DX23: -0.31349321 | DY23: 0.16987683 | DZ23: -0.21717399 | EA23: -0.02875878 | EB23: -0.1382255 | EC23: 0.093644533 | ED23: 0.038900423 | EE23: -0.069212076 | EF23: -0.047782279
A24: 964 | B24: 1 | C24: 0.16299314 | D24: -0.10404901 | E24: 0.2845125 | F24: -0.22715955 | G24: 0.22576002 | H24: 0.035855797 | I24: 0.016927089 | J24: -0.1154628 | K24: 0.053732997 | L24: 0.095623251 | M24: -0.21778567 | N24: 1.7690314 | O24: 0.24427786 | P24: 0.0017362889 | Q24: 0.0028471356 | R24: -0.027822824 | S24: -0.01105446 | T24: -0.2878166 | U24: 0.14851867 | V24: -0.098678511 | W24: -0.16456452 | X24: 0.00089887647 | Y24: -0.12031749 | Z24: -0.024394549 | AA24: 0.094359583 | AB24: -0.18425142 | AC24: -0.24616896 | AD24: 0.1011753 | AE24: -0.17526882 | AF24: 0.16570378 | AG24: 0.10590047 | AH24: -0.068613799 | AI24: -0.0088083311 | AJ24: 0.085435202 | AK24: 0.084883953 | AL24: 0.087173701 | AM24: 0.078598498 | AN24: 0.16294174 | AO24: 0.082691716 | AP24: -0.16448669 | AQ24: -0.2171272 | AR24: -0.17083341 | AS24: 0.23783234 | AT24: 0.0059286096 | AU24: 0.47705419 | AV24: -0.019522214 | AW24: 0.12030292 | AX24: -0.025561798 | AY24: -0.44347344 | AZ24: 0.11862373 | BA24: 0.050491305 | BB24: 0.69077653 | BC24: -0.59942164 | BD24: 0.17257014 | BE24: -0.10413112 | BF24: -0.10023171 | BG24: -0.17662354 | BH24: 0.009569451 | BI24: 0.16926892 | BJ24: -0.0033483158 | BK24: 0.034827647 | BL24: -0.030898612 | BM24: -0.37691636 | BN24: 0.10891326 | BO24: -0.0056244216 | BP24: -0.031794104 | BQ24: -0.29185744 | BR24: -0.0096993971 | BS24: 0.038686934 | BT24: -0.27671902 | BU24: -0.0087484923 | BV24: -0.20330415 | BW24: 1.1090121 | BX24: -0.10395503 | BY24: -0.29033687 | BZ24: 0.81395803 | CA24: 0.10002492 | CB24: 0.63969813 | CC24: -0.18246988 | CD24: 0.029953526 | CE24: 0.16556487 | CF24: -0.16513135 | CG24: 0.23727783 | CH24: 0.14564333 | CI24: -0.058508157 | CJ24: 0.05717413 | CK24: 0.031855166 | CL24: 1.14862 | CM24: -0.63643326 | CN24: 0.01491653 | CO24: 0.45247744 | CP24: -0.24933872 | CQ24: -0.17760542 | CR24: -0.096817907 | CS24: -0.026854923 | CT24: -0.096419008 | CU24: -0.0063018776 | CV24: 0.3614803 | CW24: -0.0015881422 | CX24: 0.052765259 | CY24: 0.32114775 | CZ24: 0.32258988 | DA24: 0.033979585 | DB24: -0.016501866 | DC24: 0.17955312 | DD24: 0.049299773 | DE24: -0.30663608 | DF24: 0.52558501 | DG24: -0.11954529 | DH24: 0.09936698 | DI24: 0.14187546 | DJ24: -0.13248861 | DK24: -0.11968018 | DL24: -0.031748698 | DM24: 0.00041344525 | DN24: -0.14903326 | DO24: 0.11561196 | DP24: -0.14433064 | DQ24: -0.05048619 | DR24: -0.023391731 | DS24: -0.067362546 | DT24: -0.074733345 | DU24: 0.021781395 | DV24: 0.098046835 | DW24: 0.1011825 | DX24: -0.31159313 | DY24: 0.34380429 | DZ24: -0.43350658 | EA24: -0.054920184 | EB24: -0.10922877 | EC24: 0.14364347 | ED24: -0.069835154 | EE24: -0.10748066 | EF24: 0.067276677
A25: 大盤 | B25: TWⅡ | C25: -0.017446771 | D25: 0.020701061 | E25: 0.023982129 | F25: -0.006557579 | G25: 0.03184513 | H25: 0.034348533 | I25: -0.0082549328 | J25: 0.012843524 | K25: -0.051018525 | L25: 0.00087394274 | M25: 0.023389576 | N25: 0.012988972 | O25: 0.0058545887 | P25: 0.027413207 | Q25: -0.0037129361 | R25: 0.024076614 | S25: -0.012190025 | T25: -0.039749578 | U25: -0.07315545 | V25: -0.05826023 | W25: 0.00077279757 | X25: 0.044591521 | Y25: -0.02769968 | Z25: 0.0020950059 | AA25: -0.023400551 | AB25: 0.032129371 | AC25: 0.038903273 | AD25: -0.042865382 | AE25: 0.018647195 | AF25: 0.015229768 | AG25: 0.036016604 | AH25: 0.0093546114 | AI25: 0.010748251 | AJ25: 0.013357754 | AK25: -0.0053327473 | AL25: 0.0013831358 | AM25: 0.020795928 | AN25: 0.031517702 | AO25: 0.0062417165 | AP25: 0.0061452617 | AQ25: 0.016946358 | AR25: 0.03468283 | AS25: 0.0030985886 | AT25: 0.015081347 | AU25: -0.019251209 | AV25: 0.038711513 | AW25: -0.021856951 | AX25: 0.0077743007 | AY25: 0.042397247 | AZ25: -0.026308975 | BA25: 0.0095717493 | BB25: -0.024249741 | BC25: 0.020163374 | BD25: -0.0035049988 | BE25: 0.020151935 | BF25: 0.00058133623 | BG25: -0.005219701 | BH25: -0.11587176 | BI25: 0.0087252257 | BJ25: -0.016377261 | BK25: 0.020840372 | BL25: 0.044975872 | BM25: 0.023954306 | BN25: 0.030239101 | BO25: -0.043725888 | BP25: 0.02188947 | BQ25: 0.0086274303 | BR25: -0.019192954 | BS25: 0.01973513 | BT25: 0.047694337 | BU25: 0.011454817 | BV25: 0.043228621 | BW25: -0.04274743 | BX25: -0.017811292 | BY25: -0.1511531 | BZ25: 0.124224 | CA25: -0.0045572538 | CB25: 0.06021124 | CC25: 0.085992033 | CD25: -0.0058084796 | CE25: -0.006041347 | CF25: 0.0024523244 | CG25: 0.089636252 | CH25: 0.070992733 | CI25: 0.027170643 | CJ25: 0.052468428 | CK25: 0.029480661 | CL25: 0.066825081 | CM25: -0.028772229 | CN25: 0.039462516 | CO25: -0.029031087 | CP25: 0.013983883 | CQ25: -0.032276965 | CR25: 0.0031035766 | CS25: 0.025591856 | CT25: 0.044391886 | CU25: -0.030338959 | CV25: -0.0012579765 | CW25: 0.0023363565 | CX25: -0.064264145 | CY25: 0.012909779 | CZ25: -0.12547709 | DA25: 0.011690683 | DB25: 0.0063378437 | DC25: -0.11730536 | DD25: -0.036010872 | DE25: 0.1389113 | DF25: -0.051143506 | DG25: 0.076731447 | DH25: 0.015508782 | DI25: 0.023223774 | DJ25: -0.018372876 | DK25: 0.062199014 | DL25: 0.020098304 | DM25: 0.01349894 | DN25: -0.030252213 | DO25: -0.017022836 | DP25: -0.021788523 | DQ25: 0.085745625 | DR25: 0.028106744 | DS25: -0.0023031598 | DT25: 0.058471198 | DU25: 0.067658949 | DV25: 0.0050207706 | DW25: 0.037416184 | DX25: 0.084111004 | DY25: -0.036832399 | DZ25: 0.0030917028 | EA25: -0.0019576282 | EB25: 0.026459104 | EC25: -0.024752539 | ED25: 0.034115491 | EE25: 0.021061974 | EF25: -0.020277393
C27: 1101 | D27: 2484 | E27: 1233 | F27: 2379 | G27: 2379 | H27: 1233 | I27: 1805 | J27: 1805 | K27: 1233 | L27: 2379 | M27: 1805 | N27: 1805 | O27: 1805 | P27: 4402 | Q27: 5515 | R27: 1805 | S27: 1805 | T27: 5515 | U27: 3024 | V27: 5521 | W27: 5521 | X27: 5521 | Y27: 5521 | Z27: 5521 | AA27: 5521 | AB27: 5521 | AC27: 5521 | AD27: 5521 | AE27: 5521 | AF27: 5521 | AG27: 5521 | AH27: 1464 | AI27: 3033 | AJ27: 4413 | AK27: 2451 | AL27: 4413 | AM27: 2022 | AN27: 2022 | AO27: 1436 | AP27: 1805 | AQ27: 1805 | AR27: 4416 | AS27: 2022 | AT27: 8927 | AU27: 1436 | AV27: 5523 | AW27: 5523 | AX27: 5523 | AY27: 5523 | AZ27: 5523 | BA27: 5523 | BB27: 5523 | BC27: 6186 | BD27: 6196 | BE27: 5523 | BF27: 5523 | BG27: 5523 | BH27: 5523 | BI27: 5523 | BJ27: 6186 | BK27: 2537 | BL27: 2537 | BM27: 8927 | BN27: 8927 | BO27: 8927 | BP27: 4416 | BQ27: 4416 | BR27: 2524 | BS27: 2524 | BT27: 5007 | BU27: 4109 | BV27: 4109 | BW27: 5345 | BX27: 8927 | BY27: 5345 | BZ27: 8927 | CA27: 8927 | CB27: 8927 | CC27: 8927 | CD27: 8927 | CE27: 8927 | CF27: 8927 | CG27: 9904 | CH27: 8927 | CI27: 8927 | CJ27: 6239 | CK27: 6239 | CL27: 6239 | CM27: 4402 | CN27: 4402 | CO27: 1436 | CP27: 8927 | CQ27: 8927 | CR27: 2493 | CS27: 2493 | CT27: 5371 | CU27: 2493 | CV27: 6237 | CW27: 5315 | CX27: 9904 | CY27: 9904 | CZ27: 5007 | DA27: 5007 | DB27: 9904 | DC27: 9904 | DD27: 2538 | DE27: 2538 | DF27: 2538 | DG27: 2538 | DH27: 2493 | DI27: 2493 | DJ27: 2493 | DK27: 2538 | DL27: 2538 | DM27: 2538 | DN27: 2538 | DO27: 2538 | DP27: 2538 | DQ27: 2538 | DR27: 6291 | DS27: 6291 | DT27: 6291 | DU27: 6291 | DV27: 8050 | DW27: 2538 | DX27: 6291 | DY27: 6291 | DZ27: 2538 | EA27: 2538 | EB27: 2538 | EC27: 2538 | ED27: 2538 | EE27: 2538 | EF27: 4402
C28: 台泥 | D28: 希華 | E28: 天仁 | F28: 瑞昱 | G28: 瑞昱 | H28: 天仁 | I28: 寶徠 | J28: 寶徠 | K28: 天仁 | L28: 瑞昱 | M28: 寶徠 | N28: 寶徠 | O28: 寶徠 | P28: 郡都開發 | Q28: 建國 | R28: 寶徠 | S28: 寶徠 | T28: 建國 | U28: 憶聲 | V28: 工信 | W28: 工信 | X28: 工信 | Y28: 工信 | Z28: 工信 | AA28: 工信 | AB28: 工信 | AC28: 工信 | AD28: 工信 | AE28: 工信 | AF28: 工信 | AG28: 工信 | AH28: 得力 | AI28: 威健 | AJ28: 飛寶企業 | AK28: 創見 | AL28: 飛寶企業 | AM28: 聚亨 | AN28: 聚亨 | AO28: 華友聯 | AP28: 寶徠 | AQ28: 寶徠 | AR28: 三圓 | AS28: 聚亨 | AT28: 北基 | AU28: 華友聯 | AV28: 豐謙 | AW28: 豐謙 | AX28: 豐謙 | AY28: 豐謙 | AZ28: 豐謙 | BA28: 豐謙 | BB28: 豐謙 | BC28: 新潤 | BD28: 帆宣 | BE28: 豐謙 | BF28: 豐謙 | BG28: 豐謙 | BH28: 豐謙 | BI28: 豐謙 | BJ28: 新潤 | BK28: 聯上發 | BL28: 聯上發 | BM28: 北基 | BN28: 北基 | BO28: 北基 | BP28: 三圓 | BQ28: 三圓 | BR28: 京城 | BS28: 京城 | BT28: 三星 | BU28: 加捷生醫 | BV28: 加捷生醫 | BW28: 天揚 | BX28: 北基 | BY28: 天揚 | BZ28: 北基 | CA28: 北基 | CB28: 北基 | CC28: 北基 | CD28: 北基 | CE28: 北基 | CF28: 北基 | CG28: 寶成 | CH28: 北基 | CI28: 北基 | CJ28: 力成 | CK28: 力成 | CL28: 力成 | CM28: 郡都開發 | CN28: 郡都開發 | CO28: 華友聯 | CP28: 北基 | CQ28: 北基 | CR28: 揚博 | CS28: 揚博 | CT28: 中光電 | CU28: 揚博 | CV28: 驊訊 | CW28: 光聯 | CX28: 寶成 | CY28: 寶成 | CZ28: 三星 | DA28: 三星 | DB28: 寶成 | DC28: 寶成 | DD28: 基泰 | DE28: 基泰 | DF28: 基泰 | DG28: 基泰 | DH28: 揚博 | DI28: 揚博 | DJ28: 揚博 | DK28: 基泰 | DL28: 基泰 | DM28: 基泰 | DN28: 基泰 | DO28: 基泰 | DP28: 基泰 | DQ28: 基泰 | DR28: 沛亨 | DS28: 沛亨 | DT28: 沛亨 | DU28: 沛亨 | DV28: 廣積 | DW28: 基泰 | DX28: 沛亨 | DY28: 沛亨 | DZ28: 基泰 | EA28: 基泰 | EB28: 基泰 | EC28: 基泰 | ED28: 基泰 | EE28: 基泰 | EF28: 郡都開發
C29: 9951 | D29: 3219 | E29: 2328 | F29: 2002 | G29: 2002 | H29: 2328 | I29: 2328 | J29: 2328 | K29: 2328 | L29: 9904 | M29: 2328 | N29: 2328 | O29: 2328 | P29: 2328 | Q29: 2328 | R29: 2328 | S29: 2328 | T29: 2328 | U29: 2524 | V29: 2328 | W29: 2328 | X29: 2328 | Y29: 2328 | Z29: 2328 | AA29: 2328 | AB29: 2328 | AC29: 2328 | AD29: 2328 | AE29: 2328 | AF29: 2328 | AG29: 2328 | AH29: 2328 | AI29: 2524 | AJ29: 2328 | AK29: 2538 | AL29: 2328 | AM29: 2328 | AN29: 2328 | AO29: 2328 | AP29: 2328 | AQ29: 2328 | AR29: 2328 | AS29: 2328 | AT29: 2328 | AU29: 2328 | AV29: 2328 | AW29: 2328 | AX29: 2328 | AY29: 2328 | AZ29: 2328 | BA29: 2328 | BB29: 2328 | BC29: 2527 | BD29: 5523 | BE29: 2328 | BF29: 2328 | BG29: 2328 | BH29: 2328 | BI29: 2328 | BJ29: 1785 | BK29: 2328 | BL29: 2328 | BM29: 2328 | BN29: 2328 | BO29: 2328 | BP29: 2328 | BQ29: 2328 | BR29: 2328 | BS29: 2328 | BT29: 2328 | BU29: 2328 | BV29: 2328 | BW29: 2328 | BX29: 2328 | BY29: 2328 | BZ29: 2328 | CA29: 2328 | CB29: 2328 | CC29: 2328 | CD29: 2328 | CE29: 2328 | CF29: 2328 | CG29: 2328 | CH29: 2328 | CI29: 2328 | CJ29: 2328 | CK29: 2328 | CL29: 2328 | CM29: 2328 | CN29: 2328 | CO29: 2328 | CP29: 2328 | CQ29: 2328 | CR29: 2328 | CS29: 2328 | CT29: 4205 | CU29: 2328 | CV29: 2328 | CW29: 2328 | CX29: 2328 | CY29: 2328 | CZ29: 2328 | DA29: 2328 | DB29: 2328 | DC29: 2328 | DD29: 2328 | DE29: 2328 | DF29: 2328 | DG29: 2328 | DH29: 4205 | DI29: 5340 | DJ29: 4205 | DK29: 2328 | DL29: 2328 | DM29: 2328 | DN29: 2328 | DO29: 2328 | DP29: 2328 | DQ29: 2328 | DR29: 2328 | DS29: 2328 | DT29: 2328 | DU29: 2328 | DV29: 2328 | DW29: 2328 | DX29: 2434 | DY29: 2434 | DZ29: 2328 | EA29: 2328 | EB29: 2328 | EC29: 2328 | ED29: 2328 | EE29: 2328 | EF29: 1454
C30: 皇田 | D30: 倚強科 | E30: 廣宇 | F30: 中鋼 | G30: 中鋼 | H30: 廣宇 | I30: 廣宇 | J30: 廣宇 | K30: 廣宇 | L30: 寶成 | M30: 廣宇 | N30: 廣宇 | O30: 廣宇 | P30: 廣宇 | Q30: 廣宇 | R30: 廣宇 | S30: 廣宇 | T30: 廣宇 | U30: 京城 | V30: 廣宇 | W30: 廣宇 | X30: 廣宇 | Y30: 廣宇 | Z30: 廣宇 | AA30: 廣宇 | AB30: 廣宇 | AC30: 廣宇 | AD30: 廣宇 | AE30: 廣宇 | AF30: 廣宇 | AG30: 廣宇 | AH30: 廣宇 | AI30: 京城 | AJ30: 廣宇 | AK30: 基泰 | AL30: 廣宇 | AM30: 廣宇 | AN30: 廣宇 | AO30: 廣宇 | AP30: 廣宇 | AQ30: 廣宇 | AR30: 廣宇 | AS30: 廣宇 | AT30: 廣宇 | AU30: 廣宇 | AV30: 廣宇 | AW30: 廣宇 | AX30: 廣宇 | AY30: 廣宇 | AZ30: 廣宇 | BA30: 廣宇 | BB30: 廣宇 | BC30: 宏璟 | BD30: 豐謙 | BE30: 廣宇 | BF30: 廣宇 | BG30: 廣宇 | BH30: 廣宇 | BI30: 廣宇 | BJ30: 光洋科 | BK30: 廣宇 | BL30: 廣宇 | BM30: 廣宇 | BN30: 廣宇 | BO30: 廣宇 | BP30: 廣宇 | BQ30: 廣宇 | BR30: 廣宇 | BS30: 廣宇 | BT30: 廣宇 | BU30: 廣宇 | BV30: 廣宇 | BW30: 廣宇 | BX30: 廣宇 | BY30: 廣宇 | BZ30: 廣宇 | CA30: 廣宇 | CB30: 廣宇 | CC30: 廣宇 | CD30: 廣宇 | CE30: 廣宇 | CF30: 廣宇 | CG30: 廣宇 | CH30: 廣宇 | CI30: 廣宇 | CJ30: 廣宇 | CK30: 廣宇 | CL30: 廣宇 | CM30: 廣宇 | CN30: 廣宇 | CO30: 廣宇 | CP30: 廣宇 | CQ30: 廣宇 | CR30: 廣宇 | CS30: 廣宇 | CT30: 中華食 | CU30: 廣宇 | CV30: 廣宇 | CW30: 廣宇 | CX30: 廣宇 | CY30: 廣宇 | CZ30: 廣宇 | DA30: 廣宇 | DB30: 廣宇 | DC30: 廣宇 | DD30: 廣宇 | DE30: 廣宇 | DF30: 廣宇 | DG30: 廣宇 | DH30: 中華食 | DI30: 建榮 | DJ30: 中華食 | DK30: 廣宇 | DL30: 廣宇 | DM30: 廣宇 | DN30: 廣宇 | DO30: 廣宇 | DP30: 廣宇 | DQ30: 廣宇 | DR30: 廣宇 | DS30: 廣宇 | DT30: 廣宇 | DU30: 廣宇 | DV30: 廣宇 | DW30: 廣宇 | DX30: 統懋 | DY30: 統懋 | DZ30: 廣宇 | EA30: 廣宇 | EB30: 廣宇 | EC30: 廣宇 | ED30: 廣宇 | EE30: 廣宇 | EF30: 台富

Sheet NN3勝率
A1: Predict
B2: Time | C2: 2013/12 | D2: 2014/01 | E2: 2014/02 | F2: 2014/03 | G2: 2014/04 | H2: 2014/05 | I2: 2014/06 | J2: 2014/07 | K2: 2014/08 | L2: 2014/09 | M2: 2014/10 | N2: 2014/11 | O2: 2014/12 | P2: 2015/01 | Q2: 2015/02 | R2: 2015/03 | S2: 2015/04 | T2: 2015/05 | U2: 2015/06 | V2: 2015/07 | W2: 2015/08 | X2: 2015/09 | Y2: 2015/10 | Z2: 2015/11 | AA2: 2015/12 | AB2: 2016/01 | AC2: 2016/02 | AD2: 2016/03 | AE2: 2016/04 | AF2: 2016/05 | AG2: 2016/06 | AH2: 2016/07 | AI2: 2016/08 | AJ2: 2016/09 | AK2: 2016/10 | AL2: 2016/11 | AM2: 2016/12 | AN2: 2017/01 | AO2: 2017/02 | AP2: 2017/03 | AQ2: 2017/04 | AR2: 2017/05 | AS2: 2017/06 | AT2: 2017/07 | AU2: 2017/08 | AV2: 2017/09 | AW2: 2017/10 | AX2: 2017/11 | AY2: 2017/12 | AZ2: 2018/01 | BA2: 2018/02 | BB2: 2018/03 | BC2: 2018/04 | BD2: 2018/05 | BE2: 2018/06 | BF2: 2018/07 | BG2: 2018/08 | BH2: 2018/09 | BI2: 2018/10 | BJ2: 2018/11 | BK2: 2018/12 | BL2: 2019/01 | BM2: 2019/02 | BN2: 2019/03 | BO2: 2019/04 | BP2: 2019/05 | BQ2: 2019/06 | BR2: 2019/07 | BS2: 2019/08 | BT2: 2019/09 | BU2: 2019/10 | BV2: 2019/11 | BW2: 2019/12 | BX2: 2020/01 | BY2: 2020/02 | BZ2: 2020/03 | CA2: 2020/04 | CB2: 2020/05 | CC2: 2020/06 | CD2: 2020/07 | CE2: 2020/08 | CF2: 2020/09 | CG2: 2020/10 | CH2: 2020/11 | CI2: 2020/12 | CJ2: 2021/01 | CK2: 2021/02 | CL2: 2021/03 | CM2: 2021/04 | CN2: 2021/05 | CO2: 2021/06 | CP2: 2021/07 | CQ2: 2021/08 | CR2: 2021/09 | CS2: 2021/10 | CT2: 2021/11 | CU2: 2021/12 | CV2: 2022/01 | CW2: 2022/02 | CX2: 2022/03 | CY2: 2022/04 | CZ2: 2022/05 | DA2: 2022/06 | DB2: 2022/07 | DC2: 2022/08 | DD2: 2022/09 | DE2: 2022/10 | DF2: 2022/11 | DG2: 2022/12 | DH2: 2023/01 | DI2: 2023/02 | DJ2: 2023/03 | DK2: 2023/04 | DL2: 2023/05 | DM2: 2023/06 | DN2: 2023/07 | DO2: 2023/08 | DP2: 2023/09 | DQ2: 2023/10 | DR2: 2023/11 | DS2: 2023/12 | DT2: 2024/01 | DU2: 2024/02 | DV2: 2024/03 | DW2: 2024/04 | DX2: 2024/05 | DY2: 2024/06 | DZ2: 2024/07 | EA2: 2024/08 | EB2: 2024/09 | EC2: 2024/10 | ED2: 2024/11 | EE2: 2024/12 | EF2: 2025/01
B3: bm | C3: 0.052304909 | D3: 0.03197863 | E3: -0.0048667537 | F3: 0.0053071231 | G3: 0.037688632 | H3: 0.039667334 | I3: 0.017071564 | J3: 0.0021743756 | K3: 0.0059795007 | L3: 0.034917016 | M3: 0.045241438 | N3: 0.016509578 | O3: 0.016077537 | P3: 0.040661935 | Q3: 0.015234242 | R3: 0.029051721 | S3: 0.022128195 | T3: 0.14313455 | U3: -0.025749817 | V3: -0.04153556 | W3: -0.042235453 | X3: -0.048919052 | Y3: -0.045889396 | Z3: -0.060612448 | AA3: -0.0064669922 | AB3: -0.025826475 | AC3: 0.003767807 | AD3: -0.033804007 | AE3: -0.025685959 | AF3: 0.023472764 | AG3: -0.061789706 | AH3: 0.016795622 | AI3: 0.021516943 | AJ3: 0.032045864 | AK3: 0.017746732 | AL3: 0.011288077 | AM3: 0.009676246 | AN3: 0.00070392713 | AO3: -0.0012229705 | AP3: 0.014847036 | AQ3: 0.023288013 | AR3: 0.02084453 | AS3: -0.019865287 | AT3: -0.021190565 | AU3: -0.0010853894 | AV3: 0.045508638 | AW3: 0.0044240579 | AX3: 0.012816522 | AY3: -0.028970977 | AZ3: -0.01918673 | BA3: -0.0012269602 | BB3: -0.010593336 | BC3: 0.033841301 | BD3: -0.015364919 | BE3: -0.023330329 | BF3: 0.0019382313 | BG3: 0.022716217 | BH3: 0.082148939 | BI3: 0.011221796 | BJ3: -0.052975208 | BK3: 0.021611605 | BL3: -0.042335488 | BM3: -0.011602506 | BN3: 0.028032843 | BO3: 0.0097576939 | BP3: -0.00030135736 | BQ3: -0.0066817412 | BR3: -0.014895812 | BS3: -0.022420226 | BT3: 0.00042862073 | BU3: -0.0061054006 | BV3: -0.021187678 | BW3: -0.023497343 | BX3: -0.019509999 | BY3: -0.0071709584 | BZ3: -0.022350963 | CA3: -0.031325374 | CB3: -0.033732723 | CC3: -0.0061587058 | CD3: -0.033834446 | CE3: -0.026154175 | CF3: -0.0044702776 | CG3: -0.031256158 | CH3: -0.039542347 | CI3: -0.0039686896 | CJ3: -0.0030254018 | CK3: 0.018421458 | CL3: 0.013292881 | CM3: -0.0092441179 | CN3: 0.0033965372 | CO3: 0.0081307776 | CP3: 0.0095881894 | CQ3: 0.017175786 | CR3: 0.016183008 | CS3: -0.0018845543 | CT3: -0.028323408 | CU3: 0.0011775 | CV3: 0.008874611 | CW3: 0.0046699848 | CX3: 0.026706884 | CY3: 0.0028275265 | CZ3: 0.0001506533 | DA3: 0.035458215 | DB3: 0.030795872 | DC3: 0.001318438 | DD3: 0.023335688 | DE3: 0.022883013 | DF3: 0.027021997 | DG3: -0.015119961 | DH3: 0.043961521 | DI3: 0.034205392 | DJ3: 0.04251143 | DK3: 0.022722345 | DL3: 0.01786611 | DM3: 0.013274463 | DN3: 0.019694868 | DO3: 0.013159478 | DP3: 0.02516125 | DQ3: 0.029319786 | DR3: 0.02167147 | DS3: 0.027862441 | DT3: 0.026521862 | DU3: 0.025616961 | DV3: 0.023667986 | DW3: 0.022538956 | DX3: 0.13691369 | DY3: 0.047148135 | DZ3: 0.026731405 | EA3: 0.023076015 | EB3: 0.0081011178 | EC3: 0.034633365 | ED3: 0.020556079 | EE3: 0.013653721 | EF3: 0.029846946
B4: size | C4: -0.034352373 | D4: -0.026548978 | E4: -0.018907739 | F4: -0.0045866654 | G4: -0.0095442254 | H4: -0.16430983 | I4: -0.13420515 | J4: -0.14633372 | K4: -0.1701232 | L4: 0.024875371 | M4: -0.14957669 | N4: -0.19771439 | O4: 0.051653869 | P4: -0.097081944 | Q4: 0.05451718 | R4: -0.24619386 | S4: -0.058746744 | T4: -0.63268298 | U4: -0.016232638 | V4: -0.19638833 | W4: -0.32617593 | X4: 0.058242414 | Y4: -0.17823386 | Z4: -0.11343512 | AA4: -0.12281855 | AB4: -0.50270134 | AC4: -0.081458621 | AD4: -0.21360238 | AE4: -0.23443323 | AF4: 0.043790124 | AG4: -0.34070927 | AH4: -0.21795848 | AI4: -0.0070834262 | AJ4: -0.088856682 | AK4: -0.0060424311 | AL4: -0.34056509 | AM4: -0.21221222 | AN4: 0.023284167 | AO4: -0.56278938 | AP4: -0.37003818 | AQ4: -0.099072933 | AR4: -0.61260873 | AS4: -0.17240901 | AT4: -0.36033952 | AU4: -0.78736198 | AV4: -0.6417231 | AW4: -0.37366807 | AX4: -0.14079113 | AY4: -0.18377237 | AZ4: -0.29475874 | BA4: -0.010997981 | BB4: -0.028172666 | BC4: -0.018784421 | BD4: -0.0076009361 | BE4: -0.3618173 | BF4: -0.32250628 | BG4: -0.35773814 | BH4: -0.24519409 | BI4: -0.34215391 | BJ4: -0.013776951 | BK4: -0.34501177 | BL4: -0.22643296 | BM4: -0.18416789 | BN4: 0.033640098 | BO4: -0.39542565 | BP4: -0.030634377 | BQ4: -0.030394083 | BR4: -0.036607962 | BS4: -0.52762449 | BT4: -0.69944292 | BU4: -0.0066411202 | BV4: -0.34702149 | BW4: -0.21353447 | BX4: -0.25220078 | BY4: -0.60590631 | BZ4: -0.18989147 | CA4: -0.35801777 | CB4: -0.097108431 | CC4: -0.66838306 | CD4: -0.52947456 | CE4: -0.80371106 | CF4: -0.6658541 | CG4: -0.76167327 | CH4: -0.63561052 | CI4: -0.42814809 | CJ4: -0.7619471 | CK4: -0.34786257 | CL4: -0.73078561 | CM4: -0.43944874 | CN4: -0.58165187 | CO4: -0.32549271 | CP4: -0.56025624 | CQ4: -0.31512845 | CR4: -0.59784997 | CS4: -0.56038266 | CT4: -0.017175484 | CU4: -0.44111374 | CV4: -0.65523714 | CW4: -0.013836976 | CX4: -0.24725761 | CY4: -0.028818123 | CZ4: -0.34892085 | DA4: -0.48169923 | DB4: -0.034901515 | DC4: -0.029690797 | DD4: -0.026214495 | DE4: -0.028104212 | DF4: -0.032618091 | DG4: -0.030513076 | DH4: -0.021018218 | DI4: -0.025611684 | DJ4: -0.030048402 | DK4: -0.027788918 | DL4: -0.029855845 | DM4: -0.040957473 | DN4: -0.14124295 | DO4: -0.77260226 | DP4: -0.025665583 | DQ4: -0.033824652 | DR4: -0.03062172 | DS4: -0.02824147 | DT4: -0.10114846 | DU4: -0.037645414 | DV4: -0.58513993 | DW4: -0.40750265 | DX4: -0.049789175 | DY4: -0.024539409 | DZ4: -0.54621279 | EA4: -0.50962925 | EB4: -0.023904961 | EC4: -0.2832852 | ED4: -0.23830277 | EE4: -0.017258976 | EF4: -0.028098961
B5: mom | C5: -0.0019342813 | D5: -0.005591366 | E5: -0.0047000027 | F5: -0.0044492204 | G5: -0.0047847843 | H5: -0.0056895004 | I5: -0.0057344828 | J5: -0.0058788699 | K5: -0.0064187348 | L5: -0.00763669 | M5: -0.0063628075 | N5: 0.012520282 | O5: 0.023710366 | P5: -0.0032508508 | Q5: 0.0033548183 | R5: -0.0066006449 | S5: -0.00098087778 | T5: 0.005614684 | U5: 0.0040551331 | V5: 0.00068821624 | W5: 0.0015643545 | X5: -0.0024233698 | Y5: -0.011274528 | Z5: -0.0041338606 | AA5: -0.010189745 | AB5: -0.0083795534 | AC5: -0.01633851 | AD5: -0.0099682752 | AE5: -0.0090456754 | AF5: -0.0055251466 | AG5: -0.0066783875 | AH5: -0.00424719 | AI5: -0.0037029481 | AJ5: -0.0030384646 | AK5: -0.0054660309 | AL5: -0.0052682543 | AM5: -0.0080474326 | AN5: 0.0010880417 | AO5: -0.0032179207 | AP5: -0.006351654 | AQ5: -0.0026676608 | AR5: -0.0028271384 | AS5: -0.0025516059 | AT5: 0.014273125 | AU5: -0.012176546 | AV5: 0.009222378 | AW5: -0.01067639 | AX5: -0.011375839 | AY5: -0.00088393904 | AZ5: 0.010078856 | BA5: -0.00088116288 | BB5: -0.0070432471 | BC5: 0.0014851769 | BD5: -0.016594421 | BE5: -0.0062354971 | BF5: 0.00055279839 | BG5: -0.0072649377 | BH5: -0.0044898749 | BI5: 0.00030780616 | BJ5: -0.00041756633 | BK5: -0.0078056832 | BL5: -0.0018677362 | BM5: -0.002997631 | BN5: -0.00077384408 | BO5: -0.0043786252 | BP5: -0.00064804504 | BQ5: 0.00082376448 | BR5: 0.00056453818 | BS5: -0.00071546854 | BT5: 0.00026029395 | BU5: -0.0039243316 | BV5: -0.0016593626 | BW5: -0.0038757331 | BX5: -0.0021954332 | BY5: -0.0025970782 | BZ5: 0.0022350291 | CA5: -0.017381361 | CB5: -0.018622691 | CC5: -0.008898342 | CD5: -0.0060623395 | CE5: 0.0045557618 | CF5: -0.004982926 | CG5: -0.0010759989 | CH5: -0.0026672329 | CI5: -0.0055012191 | CJ5: -0.0087857712 | CK5: -0.0064516114 | CL5: -0.0077363043 | CM5: 0.0044028377 | CN5: -0.0017556917 | CO5: 0.0023476314 | CP5: -0.0029835419 | CQ5: -0.0042504156 | CR5: 0.0015832303 | CS5: -0.0065540611 | CT5: -8.0624595e-05 | CU5: -0.0035778489 | CV5: -0.00051929557 | CW5: -0.0033617057 | CX5: -0.00180537 | CY5: -0.0022017017 | CZ5: 0.00011785247 | DA5: -0.0013087671 | DB5: -0.0031658434 | DC5: -0.0038323824 | DD5: -0.0047087157 | DE5: -0.0045400402 | DF5: -0.023387281 | DG5: -0.0052769957 | DH5: -0.0043179677 | DI5: -0.013284463 | DJ5: 0.006038405 | DK5: -0.008410506 | DL5: -0.0027542445 | DM5: -0.00055476907 | DN5: -0.0030171245 | DO5: 0.001883243 | DP5: -0.0059857122 | DQ5: -0.0043033934 | DR5: -0.007100686 | DS5: -0.0036390731 | DT5: -0.00027030555 | DU5: -0.0056784535 | DV5: -0.0031467511 | DW5: -0.0069762156 | DX5: -0.0066889082 | DY5: -0.0033026417 | DZ5: -0.0019879022 | EA5: -0.0025386016 | EB5: -0.005582171 | EC5: -0.0046097348 | ED5: -0.006402777 | EE5: -0.0059125563 | EF5: -0.006194063
A6: 選絕對值最大 | C6: {=MATCH(MAX(ABS(C3:C5)), ABS(C3:C5), 0)} -> 1 | D6: {=MATCH(MAX(ABS(D3:D5)), ABS(D3:D5), 0)} -> 1 | E6: {=MATCH(MAX(ABS(E3:E5)), ABS(E3:E5), 0)} -> 2 | F6: {=MATCH(MAX(ABS(F3:F5)), ABS(F3:F5), 0)} -> 1 | G6: {=MATCH(MAX(ABS(G3:G5)), ABS(G3:G5), 0)} -> 1 | H6: {=MATCH(MAX(ABS(H3:H5)), ABS(H3:H5), 0)} -> 2 | I6: {=MATCH(MAX(ABS(I3:I5)), ABS(I3:I5), 0)} -> 2 | J6: {=MATCH(MAX(ABS(J3:J5)), ABS(J3:J5), 0)} -> 2 | ... EF6: {=MATCH(MAX(ABS(EF3:EF5)), ABS(EF3:EF5), 0)} -> 1
C7: =IF(C6=1,"bm",IF(C6=2,"size",IF(C6=3,"mom"))) -> bm | D7: =IF(D6=1,"bm",IF(D6=2,"size",IF(D6=3,"mom"))) -> bm | E7: =IF(E6=1,"bm",IF(E6=2,"size",IF(E6=3,"mom"))) -> size | F7: =IF(F6=1,"bm",IF(F6=2,"size",IF(F6=3,"mom"))) -> bm | G7: =IF(G6=1,"bm",IF(G6=2,"size",IF(G6=3,"mom"))) -> bm | H7: =IF(H6=1,"bm",IF(H6=2,"size",IF(H6=3,"mom"))) -> size | I7: =IF(I6=1,"bm",IF(I6=2,"size",IF(I6=3,"mom"))) -> size | J7: =IF(J6=1,"bm",IF(J6=2,"size",IF(J6=3,"mom"))) -> size | ... EF7: =IF(EF6=1,"bm",IF(EF6=2,"size",IF(EF6=3,"mom"))) -> bm
C8: =IF(C6=1,C3,IF(C6=2,C4,IF(C6=3,C5))) -> 0.052304909 | D8: =IF(D6=1,D3,IF(D6=2,D4,IF(D6=3,D5))) -> 0.03197863 | E8: =IF(E6=1,E3,IF(E6=2,E4,IF(E6=3,E5))) -> -0.018907739 | F8: =IF(F6=1,F3,IF(F6=2,F4,IF(F6=3,F5))) -> 0.0053071231 | G8: =IF(G6=1,G3,IF(G6=2,G4,IF(G6=3,G5))) -> 0.037688632 | H8: =IF(H6=1,H3,IF(H6=2,H4,IF(H6=3,H5))) -> -0.16430983 | I8: =IF(I6=1,I3,IF(I6=2,I4,IF(I6=3,I5))) -> -0.13420515 | J8: =IF(J6=1,J3,IF(J6=2,J4,IF(J6=3,J5))) -> -0.14633372 | ... EF8: =IF(EF6=1,EF3,IF(EF6=2,EF4,IF(EF6=3,EF5))) -> 0.029846946
A10: 投資組合 | C10: 公司數 | D10: 964
A11: 等分 | B11: 家數 | C11: 2014/01 | D11: 2014/02 | E11: 2014/03 | F11: 2014/04 | G11: 2014/05 | H11: 2014/06 | I11: 2014/07 | J11: 2014/08 | K11: 2014/09 | L11: 2014/10 | M11: 2014/11 | N11: 2014/12 | O11: 2015/01 | P11: 2015/02 | Q11: 2015/03 | R11: 2015/04 | S11: 2015/05 | T11: 2015/06 | U11: 2015/07 | V11: 2015/08 | W11: 2015/09 | X11: 2015/10 | Y11: 2015/11 | Z11: 2015/12 | AA11: 2016/01 | AB11: 2016/02 | AC11: 2016/03 | AD11: 2016/04 | AE11: 2016/05 | AF11: 2016/06 | AG11: 2016/07 | AH11: 2016/08 | AI11: 2016/09 | AJ11: 2016/10 | AK11: 2016/11 | AL11: 2016/12 | AM11: 2017/01 | AN11: 2017/02 | AO11: 2017/03 | AP11: 2017/04 | AQ11: 2017/05 | AR11: 2017/06 | AS11: 2017/07 | AT11: 2017/08 | AU11: 2017/09 | AV11: 2017/10 | AW11: 2017/11 | AX11: 2017/12 | AY11: 2018/01 | AZ11: 2018/02 | BA11: 2018/03 | BB11: 2018/04 | BC11: 2018/05 | BD11: 2018/06 | BE11: 2018/07 | BF11: 2018/08 | BG11: 2018/09 | BH11: 2018/10 | BI11: 2018/11 | BJ11: 2018/12 | BK11: 2019/01 | BL11: 2019/02 | BM11: 2019/03 | BN11: 2019/04 | BO11: 2019/05 | BP11: 2019/06 | BQ11: 2019/07 | BR11: 2019/08 | BS11: 2019/09 | BT11: 2019/10 | BU11: 2019/11 | BV11: 2019/12 | BW11: 2020/01 | BX11: 2020/02 | BY11: 2020/03 | BZ11: 2020/04 | CA11: 2020/05 | CB11: 2020/06 | CC11: 2020/07 | CD11: 2020/08 | CE11: 2020/09 | CF11: 2020/10 | CG11: 2020/11 | CH11: 2020/12 | CI11: 2021/01 | CJ11: 2021/02 | CK11: 2021/03 | CL11: 2021/04 | CM11: 2021/05 | CN11: 2021/06 | CO11: 2021/07 | CP11: 2021/08 | CQ11: 2021/09 | CR11: 2021/10 | CS11: 2021/11 | CT11: 2021/12 | CU11: 2022/01 | CV11: 2022/02 | CW11: 2022/03 | CX11: 2022/04 | CY11: 2022/05 | CZ11: 2022/06 | DA11: 2022/07 | DB11: 2022/08 | DC11: 2022/09 | DD11: 2022/10 | DE11: 2022/11 | DF11: 2022/12 | DG11: 2023/01 | DH11: 2023/02 | DI11: 2023/03 | DJ11: 2023/04 | DK11: 2023/05 | DL11: 2023/06 | DM11: 2023/07 | DN11: 2023/08 | DO11: 2023/09 | DP11: 2023/10 | DQ11: 2023/11 | DR11: 2023/12 | DS11: 2024/01 | DT11: 2024/02 | DU11: 2024/03 | DV11: 2024/04 | DW11: 2024/05 | DX11: 2024/06 | DY11: 2024/07 | DZ11: 2024/08 | EA11: 2024/09 | EB11: 2024/10 | EC11: 2024/11 | ED11: 2024/12 | EE11: 2025/01 | EF11: 2025/02 | EG11: SUM | EH11: 勝率
A12: 10 | B12: 96 | C12: =IF(預測IC!C12>預測IC!C$25,1,0) -> 1 | D12: =IF(預測IC!D12>預測IC!D$25,1,0) -> 0 | E12: =IF(預測IC!E12>預測IC!E$25,1,0) -> 1 | F12: =IF(預測IC!F12>預測IC!F$25,1,0) -> 0 | G12: =IF(預測IC!G12>預測IC!G$25,1,0) -> 0 | H12: =IF(預測IC!H12>預測IC!H$25,1,0) -> 1 | I12: =IF(預測IC!I12>預測IC!I$25,1,0) -> 1 | J12: =IF(預測IC!J12>預測IC!J$25,1,0) -> 0 | ... EF12: =IF(預測IC!EF12>預測IC!EF$25,1,0) -> 1 | EG12: =SUM(C12:EF12) -> 67 | EH12: =SUM(C12:EF12)/134 -> 0.5
A13: 20 | B13: 48 | C13: =IF(預測IC!C13>預測IC!C$25,1,0) -> 1 | D13: =IF(預測IC!D13>預測IC!D$25,1,0) -> 1 | E13: =IF(預測IC!E13>預測IC!E$25,1,0) -> 1 | F13: =IF(預測IC!F13>預測IC!F$25,1,0) -> 0 | G13: =IF(預測IC!G13>預測IC!G$25,1,0) -> 0 | H13: =IF(預測IC!H13>預測IC!H$25,1,0) -> 0 | I13: =IF(預測IC!I13>預測IC!I$25,1,0) -> 1 | J13: =IF(預測IC!J13>預測IC!J$25,1,0) -> 0 | ... EF13: =IF(預測IC!EF13>預測IC!EF$25,1,0) -> 1 | EG13: =SUM(C13:EF13) -> 70 | EH13: =SUM(C13:EF13)/134 -> 0.52238806
A14: 50 | B14: 19 | C14: =IF(預測IC!C14>預測IC!C$25,1,0) -> 0 | D14: =IF(預測IC!D14>預測IC!D$25,1,0) -> 1 | E14: =IF(預測IC!E14>預測IC!E$25,1,0) -> 1 | F14: =IF(預測IC!F14>預測IC!F$25,1,0) -> 0 | G14: =IF(預測IC!G14>預測IC!G$25,1,0) -> 0 | H14: =IF(預測IC!H14>預測IC!H$25,1,0) -> 1 | I14: =IF(預測IC!I14>預測IC!I$25,1,0) -> 1 | J14: =IF(預測IC!J14>預測IC!J$25,1,0) -> 0 | ... EF14: =IF(預測IC!EF14>預測IC!EF$25,1,0) -> 1 | EG14: =SUM(C14:EF14) -> 74 | EH14: =SUM(C14:EF14)/134 -> 0.55223881
A15: 100 | B15: 10 | C15: =IF(預測IC!C15>預測IC!C$25,1,0) -> 0 | D15: =IF(預測IC!D15>預測IC!D$25,1,0) -> 0 | E15: =IF(預測IC!E15>預測IC!E$25,1,0) -> 1 | F15: =IF(預測IC!F15>預測IC!F$25,1,0) -> 0 | G15: =IF(預測IC!G15>預測IC!G$25,1,0) -> 0 | H15: =IF(預測IC!H15>預測IC!H$25,1,0) -> 1 | I15: =IF(預測IC!I15>預測IC!I$25,1,0) -> 1 | J15: =IF(預測IC!J15>預測IC!J$25,1,0) -> 0 | ... EF15: =IF(預測IC!EF15>預測IC!EF$25,1,0) -> 1 | EG15: =SUM(C15:EF15) -> 65 | EH15: =SUM(C15:EF15)/134 -> 0.48507463
A16: 107 | B16: 9 | C16: =IF(預測IC!C16>預測IC!C$25,1,0) -> 0 | D16: =IF(預測IC!D16>預測IC!D$25,1,0) -> 0 | E16: =IF(預測IC!E16>預測IC!E$25,1,0) -> 1 | F16: =IF(預測IC!F16>預測IC!F$25,1,0) -> 0 | G16: =IF(預測IC!G16>預測IC!G$25,1,0) -> 0 | H16: =IF(預測IC!H16>預測IC!H$25,1,0) -> 1 | I16: =IF(預測IC!I16>預測IC!I$25,1,0) -> 1 | J16: =IF(預測IC!J16>預測IC!J$25,1,0) -> 0 | ... EF16: =IF(預測IC!EF16>預測IC!EF$25,1,0) -> 1 | EG16: =SUM(C16:EF16) -> 65 | EH16: =SUM(C16:EF16)/134 -> 0.48507463
A17: 120 | B17: 8 | C17: =IF(預測IC!C17>預測IC!C$25,1,0) -> 0 | D17: =IF(預測IC!D17>預測IC!D$25,1,0) -> 0 | E17: =IF(預測IC!E17>預測IC!E$25,1,0) -> 1 | F17: =IF(預測IC!F17>預測IC!F$25,1,0) -> 0 | G17: =IF(預測IC!G17>預測IC!G$25,1,0) -> 0 | H17: =IF(預測IC!H17>預測IC!H$25,1,0) -> 1 | I17: =IF(預測IC!I17>預測IC!I$25,1,0) -> 1 | J17: =IF(預測IC!J17>預測IC!J$25,1,0) -> 0 | ... EF17: =IF(預測IC!EF17>預測IC!EF$25,1,0) -> 1 | EG17: =SUM(C17:EF17) -> 68 | EH17: =SUM(C17:EF17)/134 -> 0.50746269
A18: 137 | B18: 7 | C18: =IF(預測IC!C18>預測IC!C$25,1,0) -> 0 | D18: =IF(預測IC!D18>預測IC!D$25,1,0) -> 0 | E18: =IF(預測IC!E18>預測IC!E$25,1,0) -> 1 | F18: =IF(預測IC!F18>預測IC!F$25,1,0) -> 0 | G18: =IF(預測IC!G18>預測IC!G$25,1,0) -> 0 | H18: =IF(預測IC!H18>預測IC!H$25,1,0) -> 1 | I18: =IF(預測IC!I18>預測IC!I$25,1,0) -> 1 | J18: =IF(預測IC!J18>預測IC!J$25,1,0) -> 0 | ... EF18: =IF(預測IC!EF18>預測IC!EF$25,1,0) -> 1 | EG18: =SUM(C18:EF18) -> 72 | EH18: =SUM(C18:EF18)/134 -> 0.53731343
A19: 160 | B19: 6 | C19: =IF(預測IC!C19>預測IC!C$25,1,0) -> 0 | D19: =IF(預測IC!D19>預測IC!D$25,1,0) -> 0 | E19: =IF(預測IC!E19>預測IC!E$25,1,0) -> 1 | F19: =IF(預測IC!F19>預測IC!F$25,1,0) -> 0 | G19: =IF(預測IC!G19>預測IC!G$25,1,0) -> 0 | H19: =IF(預測IC!H19>預測IC!H$25,1,0) -> 1 | I19: =IF(預測IC!I19>預測IC!I$25,1,0) -> 1 | J19: =IF(預測IC!J19>預測IC!J$25,1,0) -> 0 | ... EF19: =IF(預測IC!EF19>預測IC!EF$25,1,0) -> 1 | EG19: =SUM(C19:EF19) -> 67 | EH19: =SUM(C19:EF19)/134 -> 0.5
A20: 192 | B20: 5 | C20: =IF(預測IC!C20>預測IC!C$25,1,0) -> 0 | D20: =IF(預測IC!D20>預測IC!D$25,1,0) -> 0 | E20: =IF(預測IC!E20>預測IC!E$25,1,0) -> 1 | F20: =IF(預測IC!F20>預測IC!F$25,1,0) -> 0 | G20: =IF(預測IC!G20>預測IC!G$25,1,0) -> 0 | H20: =IF(預測IC!H20>預測IC!H$25,1,0) -> 1 | I20: =IF(預測IC!I20>預測IC!I$25,1,0) -> 1 | J20: =IF(預測IC!J20>預測IC!J$25,1,0) -> 0 | ... EF20: =IF(預測IC!EF20>預測IC!EF$25,1,0) -> 1 | EG20: =SUM(C20:EF20) -> 67 | EH20: =SUM(C20:EF20)/134 -> 0.5
A21: 241 | B21: 4 | C21: =IF(預測IC!C21>預測IC!C$25,1,0) -> 0 | D21: =IF(預測IC!D21>預測IC!D$25,1,0) -> 0 | E21: =IF(預測IC!E21>預測IC!E$25,1,0) -> 0 | F21: =IF(預測IC!F21>預測IC!F$25,1,0) -> 0 | G21: =IF(預測IC!G21>預測IC!G$25,1,0) -> 0 | H21: =IF(預測IC!H21>預測IC!H$25,1,0) -> 1 | I21: =IF(預測IC!I21>預測IC!I$25,1,0) -> 1 | J21: =IF(預測IC!J21>預測IC!J$25,1,0) -> 0 | ... EF21: =IF(預測IC!EF21>預測IC!EF$25,1,0) -> 1 | EG21: =SUM(C21:EF21) -> 67 | EH21: =SUM(C21:EF21)/134 -> 0.5
A22: 321 | B22: 3 | C22: =IF(預測IC!C22>預測IC!C$25,1,0) -> 1 | D22: =IF(預測IC!D22>預測IC!D$25,1,0) -> 0 | E22: =IF(預測IC!E22>預測IC!E$25,1,0) -> 0 | F22: =IF(預測IC!F22>預測IC!F$25,1,0) -> 0 | G22: =IF(預測IC!G22>預測IC!G$25,1,0) -> 0 | H22: =IF(預測IC!H22>預測IC!H$25,1,0) -> 1 | I22: =IF(預測IC!I22>預測IC!I$25,1,0) -> 1 | J22: =IF(預測IC!J22>預測IC!J$25,1,0) -> 0 | ... EF22: =IF(預測IC!EF22>預測IC!EF$25,1,0) -> 0 | EG22: =SUM(C22:EF22) -> 64 | EH22: =SUM(C22:EF22)/134 -> 0.47761194
A23: 482 | B23: 2 | C23: =IF(預測IC!C23>預測IC!C$25,1,0) -> 0 | D23: =IF(預測IC!D23>預測IC!D$25,1,0) -> 0 | E23: =IF(預測IC!E23>預測IC!E$25,1,0) -> 1 | F23: =IF(預測IC!F23>預測IC!F$25,1,0) -> 0 | G23: =IF(預測IC!G23>預測IC!G$25,1,0) -> 0 | H23: =IF(預測IC!H23>預測IC!H$25,1,0) -> 0 | I23: =IF(預測IC!I23>預測IC!I$25,1,0) -> 0 | J23: =IF(預測IC!J23>預測IC!J$25,1,0) -> 0 | ... EF23: =IF(預測IC!EF23>預測IC!EF$25,1,0) -> 0 | EG23: =SUM(C23:EF23) -> 66 | EH23: =SUM(C23:EF23)/134 -> 0.49253731
A24: 964 | B24: 1 | C24: =IF(預測IC!C24>預測IC!C$25,1,0) -> 1 | D24: =IF(預測IC!D24>預測IC!D$25,1,0) -> 0 | E24: =IF(預測IC!E24>預測IC!E$25,1,0) -> 1 | F24: =IF(預測IC!F24>預測IC!F$25,1,0) -> 0 | G24: =IF(預測IC!G24>預測IC!G$25,1,0) -> 1 | H24: =IF(預測IC!H24>預測IC!H$25,1,0) -> 1 | I24: =IF(預測IC!I24>預測IC!I$25,1,0) -> 1 | J24: =IF(預測IC!J24>預測IC!J$25,1,0) -> 0 | ... EF24: =IF(預測IC!EF24>預測IC!EF$25,1,0) -> 1 | EG24: =SUM(C24:EF24) -> 66 | EH24: =SUM(C24:EF24)/134 -> 0.49253731
A25: 大盤 | B25: TWⅡ | C25: -0.017446771 | D25: 0.020701061 | E25: 0.023982129 | F25: -0.006557579 | G25: 0.03184513 | H25: 0.034348533 | I25: -0.0082549328 | J25: 0.012843524 | K25: -0.051018525 | L25: 0.00087394274 | M25: 0.023389576 | N25: 0.012988972 | O25: 0.0058545887 | P25: 0.027413207 | Q25: -0.0037129361 | R25: 0.024076614 | S25: -0.012190025 | T25: -0.039749578 | U25: -0.07315545 | V25: -0.05826023 | W25: 0.00077279757 | X25: 0.044591521 | Y25: -0.02769968 | Z25: 0.0020950059 | AA25: -0.023400551 | AB25: 0.032129371 | AC25: 0.038903273 | AD25: -0.042865382 | AE25: 0.018647195 | AF25: 0.015229768 | AG25: 0.036016604 | AH25: 0.0093546114 | AI25: 0.010748251 | AJ25: 0.013357754 | AK25: -0.0053327473 | AL25: 0.0013831358 | AM25: 0.020795928 | AN25: 0.031517702 | AO25: 0.0062417165 | AP25: 0.0061452617 | AQ25: 0.016946358 | AR25: 0.03468283 | AS25: 0.0030985886 | AT25: 0.015081347 | AU25: -0.019251209 | AV25: 0.038711513 | AW25: -0.021856951 | AX25: 0.0077743007 | AY25: 0.042397247 | AZ25: -0.026308975 | BA25: 0.0095717493 | BB25: -0.024249741 | BC25: 0.020163374 | BD25: -0.0035049988 | BE25: 0.020151935 | BF25: 0.00058133623 | BG25: -0.005219701 | BH25: -0.11587176 | BI25: 0.0087252257 | BJ25: -0.016377261 | BK25: 0.020840372 | BL25: 0.044975872 | BM25: 0.023954306 | BN25: 0.030239101 | BO25: -0.043725888 | BP25: 0.02188947 | BQ25: 0.0086274303 | BR25: -0.019192954 | BS25: 0.01973513 | BT25: 0.047694337 | BU25: 0.011454817 | BV25: 0.043228621 | BW25: -0.04274743 | BX25: -0.017811292 | BY25: -0.1511531 | BZ25: 0.124224 | CA25: -0.0045572538 | CB25: 0.06021124 | CC25: 0.085992033 | CD25: -0.0058084796 | CE25: -0.006041347 | CF25: 0.0024523244 | CG25: 0.089636252 | CH25: 0.070992733 | CI25: 0.027170643 | CJ25: 0.052468428 | CK25: 0.029480661 | CL25: 0.066825081 | CM25: -0.028772229 | CN25: 0.039462516 | CO25: -0.029031087 | CP25: 0.013983883 | CQ25: -0.032276965 | CR25: 0.0031035766 | CS25: 0.025591856 | CT25: 0.044391886 | CU25: -0.030338959 | CV25: -0.0012579765 | CW25: 0.0023363565 | CX25: -0.064264145 | CY25: 0.012909779 | CZ25: -0.12547709 | DA25: 0.011690683 | DB25: 0.0063378437 | DC25: -0.11730536 | DD25: -0.036010872 | DE25: 0.1389113 | DF25: -0.051143506 | DG25: 0.076731447 | DH25: 0.015508782 | DI25: 0.023223774 | DJ25: -0.018372876 | DK25: 0.062199014 | DL25: 0.020098304 | DM25: 0.01349894 | DN25: -0.030252213 | DO25: -0.017022836 | DP25: -0.021788523 | DQ25: 0.085745625 | DR25: 0.028106744 | DS25: -0.0023031598 | DT25: 0.058471198 | DU25: 0.067658949 | DV25: 0.0050207706 | DW25: 0.037416184 | DX25: 0.084111004 | DY25: -0.036832399 | DZ25: 0.0030917028 | EA25: -0.0019576282 | EB25: 0.026459104 | EC25: -0.024752539 | ED25: 0.034115491 | EE25: 0.021061974 | EF25: -0.020277393

Sheet NN3累積報酬 
A1: Predict
B2: Time | C2: 2013/12 | D2: 2014/01 | E2: 2014/02 | F2: 2014/03 | G2: 2014/04 | H2: 2014/05 | I2: 2014/06 | J2: 2014/07 | K2: 2014/08 | L2: 2014/09 | M2: 2014/10 | N2: 2014/11 | O2: 2014/12 | P2: 2015/01 | Q2: 2015/02 | R2: 2015/03 | S2: 2015/04 | T2: 2015/05 | U2: 2015/06 | V2: 2015/07 | W2: 2015/08 | X2: 2015/09 | Y2: 2015/10 | Z2: 2015/11 | AA2: 2015/12 | AB2: 2016/01 | AC2: 2016/02 | AD2: 2016/03 | AE2: 2016/04 | AF2: 2016/05 | AG2: 2016/06 | AH2: 2016/07 | AI2: 2016/08 | AJ2: 2016/09 | AK2: 2016/10 | AL2: 2016/11 | AM2: 2016/12 | AN2: 2017/01 | AO2: 2017/02 | AP2: 2017/03 | AQ2: 2017/04 | AR2: 2017/05 | AS2: 2017/06 | AT2: 2017/07 | AU2: 2017/08 | AV2: 2017/09 | AW2: 2017/10 | AX2: 2017/11 | AY2: 2017/12 | AZ2: 2018/01 | BA2: 2018/02 | BB2: 2018/03 | BC2: 2018/04 | BD2: 2018/05 | BE2: 2018/06 | BF2: 2018/07 | BG2: 2018/08 | BH2: 2018/09 | BI2: 2018/10 | BJ2: 2018/11 | BK2: 2018/12 | BL2: 2019/01 | BM2: 2019/02 | BN2: 2019/03 | BO2: 2019/04 | BP2: 2019/05 | BQ2: 2019/06 | BR2: 2019/07 | BS2: 2019/08 | BT2: 2019/09 | BU2: 2019/10 | BV2: 2019/11 | BW2: 2019/12 | BX2: 2020/01 | BY2: 2020/02 | BZ2: 2020/03 | CA2: 2020/04 | CB2: 2020/05 | CC2: 2020/06 | CD2: 2020/07 | CE2: 2020/08 | CF2: 2020/09 | CG2: 2020/10 | CH2: 2020/11 | CI2: 2020/12 | CJ2: 2021/01 | CK2: 2021/02 | CL2: 2021/03 | CM2: 2021/04 | CN2: 2021/05 | CO2: 2021/06 | CP2: 2021/07 | CQ2: 2021/08 | CR2: 2021/09 | CS2: 2021/10 | CT2: 2021/11 | CU2: 2021/12 | CV2: 2022/01 | CW2: 2022/02 | CX2: 2022/03 | CY2: 2022/04 | CZ2: 2022/05 | DA2: 2022/06 | DB2: 2022/07 | DC2: 2022/08 | DD2: 2022/09 | DE2: 2022/10 | DF2: 2022/11 | DG2: 2022/12 | DH2: 2023/01 | DI2: 2023/02 | DJ2: 2023/03 | DK2: 2023/04 | DL2: 2023/05 | DM2: 2023/06 | DN2: 2023/07 | DO2: 2023/08 | DP2: 2023/09 | DQ2: 2023/10 | DR2: 2023/11 | DS2: 2023/12 | DT2: 2024/01 | DU2: 2024/02 | DV2: 2024/03 | DW2: 2024/04 | DX2: 2024/05 | DY2: 2024/06 | DZ2: 2024/07 | EA2: 2024/08 | EB2: 2024/09 | EC2: 2024/10 | ED2: 2024/11 | EE2: 2024/12 | EF2: 2025/01
B3: bm | C3: 0.052304909 | D3: 0.03197863 | E3: -0.0048667537 | F3: 0.0053071231 | G3: 0.037688632 | H3: 0.039667334 | I3: 0.017071564 | J3: 0.0021743756 | K3: 0.0059795007 | L3: 0.034917016 | M3: 0.045241438 | N3: 0.016509578 | O3: 0.016077537 | P3: 0.040661935 | Q3: 0.015234242 | R3: 0.029051721 | S3: 0.022128195 | T3: 0.14313455 | U3: -0.025749817 | V3: -0.04153556 | W3: -0.042235453 | X3: -0.048919052 | Y3: -0.045889396 | Z3: -0.060612448 | AA3: -0.0064669922 | AB3: -0.025826475 | AC3: 0.003767807 | AD3: -0.033804007 | AE3: -0.025685959 | AF3: 0.023472764 | AG3: -0.061789706 | AH3: 0.016795622 | AI3: 0.021516943 | AJ3: 0.032045864 | AK3: 0.017746732 | AL3: 0.011288077 | AM3: 0.009676246 | AN3: 0.00070392713 | AO3: -0.0012229705 | AP3: 0.014847036 | AQ3: 0.023288013 | AR3: 0.02084453 | AS3: -0.019865287 | AT3: -0.021190565 | AU3: -0.0010853894 | AV3: 0.045508638 | AW3: 0.0044240579 | AX3: 0.012816522 | AY3: -0.028970977 | AZ3: -0.01918673 | BA3: -0.0012269602 | BB3: -0.010593336 | BC3: 0.033841301 | BD3: -0.015364919 | BE3: -0.023330329 | BF3: 0.0019382313 | BG3: 0.022716217 | BH3: 0.082148939 | BI3: 0.011221796 | BJ3: -0.052975208 | BK3: 0.021611605 | BL3: -0.042335488 | BM3: -0.011602506 | BN3: 0.028032843 | BO3: 0.0097576939 | BP3: -0.00030135736 | BQ3: -0.0066817412 | BR3: -0.014895812 | BS3: -0.022420226 | BT3: 0.00042862073 | BU3: -0.0061054006 | BV3: -0.021187678 | BW3: -0.023497343 | BX3: -0.019509999 | BY3: -0.0071709584 | BZ3: -0.022350963 | CA3: -0.031325374 | CB3: -0.033732723 | CC3: -0.0061587058 | CD3: -0.033834446 | CE3: -0.026154175 | CF3: -0.0044702776 | CG3: -0.031256158 | CH3: -0.039542347 | CI3: -0.0039686896 | CJ3: -0.0030254018 | CK3: 0.018421458 | CL3: 0.013292881 | CM3: -0.0092441179 | CN3: 0.0033965372 | CO3: 0.0081307776 | CP3: 0.0095881894 | CQ3: 0.017175786 | CR3: 0.016183008 | CS3: -0.0018845543 | CT3: -0.028323408 | CU3: 0.0011775 | CV3: 0.008874611 | CW3: 0.0046699848 | CX3: 0.026706884 | CY3: 0.0028275265 | CZ3: 0.0001506533 | DA3: 0.035458215 | DB3: 0.030795872 | DC3: 0.001318438 | DD3: 0.023335688 | DE3: 0.022883013 | DF3: 0.027021997 | DG3: -0.015119961 | DH3: 0.043961521 | DI3: 0.034205392 | DJ3: 0.04251143 | DK3: 0.022722345 | DL3: 0.01786611 | DM3: 0.013274463 | DN3: 0.019694868 | DO3: 0.013159478 | DP3: 0.02516125 | DQ3: 0.029319786 | DR3: 0.02167147 | DS3: 0.027862441 | DT3: 0.026521862 | DU3: 0.025616961 | DV3: 0.023667986 | DW3: 0.022538956 | DX3: 0.13691369 | DY3: 0.047148135 | DZ3: 0.026731405 | EA3: 0.023076015 | EB3: 0.0081011178 | EC3: 0.034633365 | ED3: 0.020556079 | EE3: 0.013653721 | EF3: 0.029846946
B4: size | C4: -0.034352373 | D4: -0.026548978 | E4: -0.018907739 | F4: -0.0045866654 | G4: -0.0095442254 | H4: -0.16430983 | I4: -0.13420515 | J4: -0.14633372 | K4: -0.1701232 | L4: 0.024875371 | M4: -0.14957669 | N4: -0.19771439 | O4: 0.051653869 | P4: -0.097081944 | Q4: 0.05451718 | R4: -0.24619386 | S4: -0.058746744 | T4: -0.63268298 | U4: -0.016232638 | V4: -0.19638833 | W4: -0.32617593 | X4: 0.058242414 | Y4: -0.17823386 | Z4: -0.11343512 | AA4: -0.12281855 | AB4: -0.50270134 | AC4: -0.081458621 | AD4: -0.21360238 | AE4: -0.23443323 | AF4: 0.043790124 | AG4: -0.34070927 | AH4: -0.21795848 | AI4: -0.0070834262 | AJ4: -0.088856682 | AK4: -0.0060424311 | AL4: -0.34056509 | AM4: -0.21221222 | AN4: 0.023284167 | AO4: -0.56278938 | AP4: -0.37003818 | AQ4: -0.099072933 | AR4: -0.61260873 | AS4: -0.17240901 | AT4: -0.36033952 | AU4: -0.78736198 | AV4: -0.6417231 | AW4: -0.37366807 | AX4: -0.14079113 | AY4: -0.18377237 | AZ4: -0.29475874 | BA4: -0.010997981 | BB4: -0.028172666 | BC4: -0.018784421 | BD4: -0.0076009361 | BE4: -0.3618173 | BF4: -0.32250628 | BG4: -0.35773814 | BH4: -0.24519409 | BI4: -0.34215391 | BJ4: -0.013776951 | BK4: -0.34501177 | BL4: -0.22643296 | BM4: -0.18416789 | BN4: 0.033640098 | BO4: -0.39542565 | BP4: -0.030634377 | BQ4: -0.030394083 | BR4: -0.036607962 | BS4: -0.52762449 | BT4: -0.69944292 | BU4: -0.0066411202 | BV4: -0.34702149 | BW4: -0.21353447 | BX4: -0.25220078 | BY4: -0.60590631 | BZ4: -0.18989147 | CA4: -0.35801777 | CB4: -0.097108431 | CC4: -0.66838306 | CD4: -0.52947456 | CE4: -0.80371106 | CF4: -0.6658541 | CG4: -0.76167327 | CH4: -0.63561052 | CI4: -0.42814809 | CJ4: -0.7619471 | CK4: -0.34786257 | CL4: -0.73078561 | CM4: -0.43944874 | CN4: -0.58165187 | CO4: -0.32549271 | CP4: -0.56025624 | CQ4: -0.31512845 | CR4: -0.59784997 | CS4: -0.56038266 | CT4: -0.017175484 | CU4: -0.44111374 | CV4: -0.65523714 | CW4: -0.013836976 | CX4: -0.24725761 | CY4: -0.028818123 | CZ4: -0.34892085 | DA4: -0.48169923 | DB4: -0.034901515 | DC4: -0.029690797 | DD4: -0.026214495 | DE4: -0.028104212 | DF4: -0.032618091 | DG4: -0.030513076 | DH4: -0.021018218 | DI4: -0.025611684 | DJ4: -0.030048402 | DK4: -0.027788918 | DL4: -0.029855845 | DM4: -0.040957473 | DN4: -0.14124295 | DO4: -0.77260226 | DP4: -0.025665583 | DQ4: -0.033824652 | DR4: -0.03062172 | DS4: -0.02824147 | DT4: -0.10114846 | DU4: -0.037645414 | DV4: -0.58513993 | DW4: -0.40750265 | DX4: -0.049789175 | DY4: -0.024539409 | DZ4: -0.54621279 | EA4: -0.50962925 | EB4: -0.023904961 | EC4: -0.2832852 | ED4: -0.23830277 | EE4: -0.017258976 | EF4: -0.028098961
B5: mom | C5: -0.0019342813 | D5: -0.005591366 | E5: -0.0047000027 | F5: -0.0044492204 | G5: -0.0047847843 | H5: -0.0056895004 | I5: -0.0057344828 | J5: -0.0058788699 | K5: -0.0064187348 | L5: -0.00763669 | M5: -0.0063628075 | N5: 0.012520282 | O5: 0.023710366 | P5: -0.0032508508 | Q5: 0.0033548183 | R5: -0.0066006449 | S5: -0.00098087778 | T5: 0.005614684 | U5: 0.0040551331 | V5: 0.00068821624 | W5: 0.0015643545 | X5: -0.0024233698 | Y5: -0.011274528 | Z5: -0.0041338606 | AA5: -0.010189745 | AB5: -0.0083795534 | AC5: -0.01633851 | AD5: -0.0099682752 | AE5: -0.0090456754 | AF5: -0.0055251466 | AG5: -0.0066783875 | AH5: -0.00424719 | AI5: -0.0037029481 | AJ5: -0.0030384646 | AK5: -0.0054660309 | AL5: -0.0052682543 | AM5: -0.0080474326 | AN5: 0.0010880417 | AO5: -0.0032179207 | AP5: -0.006351654 | AQ5: -0.0026676608 | AR5: -0.0028271384 | AS5: -0.0025516059 | AT5: 0.014273125 | AU5: -0.012176546 | AV5: 0.009222378 | AW5: -0.01067639 | AX5: -0.011375839 | AY5: -0.00088393904 | AZ5: 0.010078856 | BA5: -0.00088116288 | BB5: -0.0070432471 | BC5: 0.0014851769 | BD5: -0.016594421 | BE5: -0.0062354971 | BF5: 0.00055279839 | BG5: -0.0072649377 | BH5: -0.0044898749 | BI5: 0.00030780616 | BJ5: -0.00041756633 | BK5: -0.0078056832 | BL5: -0.0018677362 | BM5: -0.002997631 | BN5: -0.00077384408 | BO5: -0.0043786252 | BP5: -0.00064804504 | BQ5: 0.00082376448 | BR5: 0.00056453818 | BS5: -0.00071546854 | BT5: 0.00026029395 | BU5: -0.0039243316 | BV5: -0.0016593626 | BW5: -0.0038757331 | BX5: -0.0021954332 | BY5: -0.0025970782 | BZ5: 0.0022350291 | CA5: -0.017381361 | CB5: -0.018622691 | CC5: -0.008898342 | CD5: -0.0060623395 | CE5: 0.0045557618 | CF5: -0.004982926 | CG5: -0.0010759989 | CH5: -0.0026672329 | CI5: -0.0055012191 | CJ5: -0.0087857712 | CK5: -0.0064516114 | CL5: -0.0077363043 | CM5: 0.0044028377 | CN5: -0.0017556917 | CO5: 0.0023476314 | CP5: -0.0029835419 | CQ5: -0.0042504156 | CR5: 0.0015832303 | CS5: -0.0065540611 | CT5: -8.0624595e-05 | CU5: -0.0035778489 | CV5: -0.00051929557 | CW5: -0.0033617057 | CX5: -0.00180537 | CY5: -0.0022017017 | CZ5: 0.00011785247 | DA5: -0.0013087671 | DB5: -0.0031658434 | DC5: -0.0038323824 | DD5: -0.0047087157 | DE5: -0.0045400402 | DF5: -0.023387281 | DG5: -0.0052769957 | DH5: -0.0043179677 | DI5: -0.013284463 | DJ5: 0.006038405 | DK5: -0.008410506 | DL5: -0.0027542445 | DM5: -0.00055476907 | DN5: -0.0030171245 | DO5: 0.001883243 | DP5: -0.0059857122 | DQ5: -0.0043033934 | DR5: -0.007100686 | DS5: -0.0036390731 | DT5: -0.00027030555 | DU5: -0.0056784535 | DV5: -0.0031467511 | DW5: -0.0069762156 | DX5: -0.0066889082 | DY5: -0.0033026417 | DZ5: -0.0019879022 | EA5: -0.0025386016 | EB5: -0.005582171 | EC5: -0.0046097348 | ED5: -0.006402777 | EE5: -0.0059125563 | EF5: -0.006194063
A6: 選絕對值最大 | C6: {=MATCH(MAX(ABS(C3:C5)), ABS(C3:C5), 0)} -> 1 | D6: {=MATCH(MAX(ABS(D3:D5)), ABS(D3:D5), 0)} -> 1 | E6: {=MATCH(MAX(ABS(E3:E5)), ABS(E3:E5), 0)} -> 2 | F6: {=MATCH(MAX(ABS(F3:F5)), ABS(F3:F5), 0)} -> 1 | G6: {=MATCH(MAX(ABS(G3:G5)), ABS(G3:G5), 0)} -> 1 | H6: {=MATCH(MAX(ABS(H3:H5)), ABS(H3:H5), 0)} -> 2 | I6: {=MATCH(MAX(ABS(I3:I5)), ABS(I3:I5), 0)} -> 2 | J6: {=MATCH(MAX(ABS(J3:J5)), ABS(J3:J5), 0)} -> 2 | ... EF6: {=MATCH(MAX(ABS(EF3:EF5)), ABS(EF3:EF5), 0)} -> 1
C7: =IF(C6=1,"bm",IF(C6=2,"size",IF(C6=3,"mom"))) -> bm | D7: =IF(D6=1,"bm",IF(D6=2,"size",IF(D6=3,"mom"))) -> bm | E7: =IF(E6=1,"bm",IF(E6=2,"size",IF(E6=3,"mom"))) -> size | F7: =IF(F6=1,"bm",IF(F6=2,"size",IF(F6=3,"mom"))) -> bm | G7: =IF(G6=1,"bm",IF(G6=2,"size",IF(G6=3,"mom"))) -> bm | H7: =IF(H6=1,"bm",IF(H6=2,"size",IF(H6=3,"mom"))) -> size | I7: =IF(I6=1,"bm",IF(I6=2,"size",IF(I6=3,"mom"))) -> size | J7: =IF(J6=1,"bm",IF(J6=2,"size",IF(J6=3,"mom"))) -> size | ... EF7: =IF(EF6=1,"bm",IF(EF6=2,"size",IF(EF6=3,"mom"))) -> bm
C8: =IF(C6=1,C3,IF(C6=2,C4,IF(C6=3,C5))) -> 0.052304909 | D8: =IF(D6=1,D3,IF(D6=2,D4,IF(D6=3,D5))) -> 0.03197863 | E8: =IF(E6=1,E3,IF(E6=2,E4,IF(E6=3,E5))) -> -0.018907739 | F8: =IF(F6=1,F3,IF(F6=2,F4,IF(F6=3,F5))) -> 0.0053071231 | G8: =IF(G6=1,G3,IF(G6=2,G4,IF(G6=3,G5))) -> 0.037688632 | H8: =IF(H6=1,H3,IF(H6=2,H4,IF(H6=3,H5))) -> -0.16430983 | I8: =IF(I6=1,I3,IF(I6=2,I4,IF(I6=3,I5))) -> -0.13420515 | J8: =IF(J6=1,J3,IF(J6=2,J4,IF(J6=3,J5))) -> -0.14633372 | ... EF8: =IF(EF6=1,EF3,IF(EF6=2,EF4,IF(EF6=3,EF5))) -> 0.029846946
A10: 投資組合 | C10: 公司數 | D10: 964
A11: 時間 | B11: 2014/01 | C11: 2014/02 | D11: 2014/03 | E11: 2014/04 | F11: 2014/05 | G11: 2014/06 | H11: 2014/07 | I11: 2014/08 | J11: 2014/09 | K11: 2014/10 | L11: 2014/11 | M11: 2014/12 | N11: 2015/01 | O11: 2015/02 | P11: 2015/03 | Q11: 2015/04 | R11: 2015/05 | S11: 2015/06 | T11: 2015/07 | U11: 2015/08 | V11: 2015/09 | W11: 2015/10 | X11: 2015/11 | Y11: 2015/12 | Z11: 2016/01 | AA11: 2016/02 | AB11: 2016/03 | AC11: 2016/04 | AD11: 2016/05 | AE11: 2016/06 | AF11: 2016/07 | AG11: 2016/08 | AH11: 2016/09 | AI11: 2016/10 | AJ11: 2016/11 | AK11: 2016/12 | AL11: 2017/01 | AM11: 2017/02 | AN11: 2017/03 | AO11: 2017/04 | AP11: 2017/05 | AQ11: 2017/06 | AR11: 2017/07 | AS11: 2017/08 | AT11: 2017/09 | AU11: 2017/10 | AV11: 2017/11 | AW11: 2017/12 | AX11: 2018/01 | AY11: 2018/02 | AZ11: 2018/03 | BA11: 2018/04 | BB11: 2018/05 | BC11: 2018/06 | BD11: 2018/07 | BE11: 2018/08 | BF11: 2018/09 | BG11: 2018/10 | BH11: 2018/11 | BI11: 2018/12 | BJ11: 2019/01 | BK11: 2019/02 | BL11: 2019/03 | BM11: 2019/04 | BN11: 2019/05 | BO11: 2019/06 | BP11: 2019/07 | BQ11: 2019/08 | BR11: 2019/09 | BS11: 2019/10 | BT11: 2019/11 | BU11: 2019/12 | BV11: 2020/01 | BW11: 2020/02 | BX11: 2020/03 | BY11: 2020/04 | BZ11: 2020/05 | CA11: 2020/06 | CB11: 2020/07 | CC11: 2020/08 | CD11: 2020/09 | CE11: 2020/10 | CF11: 2020/11 | CG11: 2020/12 | CH11: 2021/01 | CI11: 2021/02 | CJ11: 2021/03 | CK11: 2021/04 | CL11: 2021/05 | CM11: 2021/06 | CN11: 2021/07 | CO11: 2021/08 | CP11: 2021/09 | CQ11: 2021/10 | CR11: 2021/11 | CS11: 2021/12 | CT11: 2022/01 | CU11: 2022/02 | CV11: 2022/03 | CW11: 2022/04 | CX11: 2022/05 | CY11: 2022/06 | CZ11: 2022/07 | DA11: 2022/08 | DB11: 2022/09 | DC11: 2022/10 | DD11: 2022/11 | DE11: 2022/12 | DF11: 2023/01 | DG11: 2023/02 | DH11: 2023/03 | DI11: 2023/04 | DJ11: 2023/05 | DK11: 2023/06 | DL11: 2023/07 | DM11: 2023/08 | DN11: 2023/09 | DO11: 2023/10 | DP11: 2023/11 | DQ11: 2023/12 | DR11: 2024/01 | DS11: 2024/02 | DT11: 2024/03 | DU11: 2024/04 | DV11: 2024/05 | DW11: 2024/06 | DX11: 2024/07 | DY11: 2024/08 | DZ11: 2024/09 | EA11: 2024/10 | EB11: 2024/11 | EC11: 2024/12 | ED11: 2025/01 | EE11: 2025/02
A12: 10等分 | B12: 0.046867683 | C12: =B12+預測IC!D12 -> 0.06749722 | D12: =C12+預測IC!E12 -> 0.11552404 | E12: =D12+預測IC!F12 -> 0.096706328 | F12: =E12+預測IC!G12 -> 0.10530353 | G12: =F12+預測IC!H12 -> 0.14383404 | H12: =G12+預測IC!I12 -> 0.15664383 | I12: =H12+預測IC!J12 -> 0.12723571 | J12: =I12+預測IC!K12 -> 0.14601009 | ... ED12: =EC12+預測IC!EE12 -> 1.188423 | EE12: =ED12+[1]預測IC!EF12 -> 1.2276563
A13: 20等分 | B13: 0.054209043 | C13: =B13+預測IC!D13 -> 0.082221134 | D13: =C13+預測IC!E13 -> 0.15208269 | E13: =D13+預測IC!F13 -> 0.11716053 | F13: =E13+預測IC!G13 -> 0.10225255 | G13: =F13+預測IC!H13 -> 0.13224219 | H13: =G13+預測IC!I13 -> 0.16137278 | I13: =H13+預測IC!J13 -> 0.11747355 | J13: =I13+預測IC!K13 -> 0.11610625 | ... ED13: =EC13+預測IC!EE13 -> 1.5101772 | EE13: =ED13+[1]預測IC!EF13 -> 1.5774683
A14: 50等分 | B14: -0.030371566 | C14: =B14+預測IC!D14 -> 0.052975745 | D14: =C14+預測IC!E14 -> 0.15174399 | E14: =D14+預測IC!F14 -> 0.10328985 | F14: =E14+預測IC!G14 -> 0.062269934 | G14: =F14+預測IC!H14 -> 0.12185774 | H14: =G14+預測IC!I14 -> 0.1989727 | I14: =H14+預測IC!J14 -> 0.093878316 | J14: =I14+預測IC!K14 -> 0.10632948 | ... ED14: =EC14+預測IC!EE14 -> 2.4187887 | EE14: =ED14+[1]預測IC!EF14 -> 2.485421
A15: 100等分 | B15: -0.096503142 | C15: =B15+預測IC!D15 -> -0.080554613 | D15: =C15+預測IC!E15 -> -0.014516126 | E15: =D15+預測IC!F15 -> -0.12307842 | F15: =E15+預測IC!G15 -> -0.16850047 | G15: =F15+預測IC!H15 -> -0.049656768 | H15: =G15+預測IC!I15 -> 0.077071973 | I15: =H15+預測IC!J15 -> 0.012547283 | J15: =I15+預測IC!K15 -> 0.0083369162 | ... ED15: =EC15+預測IC!EE15 -> 2.4158795 | EE15: =ED15+[1]預測IC!EF15 -> 2.4780878
A16: 107等分 | B16: -0.027383645 | C16: =B16+預測IC!D16 -> -0.028103893 | D16: =C16+預測IC!E16 -> 0.036902684 | E16: =D16+預測IC!F16 -> -0.062479809 | F16: =E16+預測IC!G16 -> -0.13617607 | G16: =F16+預測IC!H16 -> -0.063328018 | H16: =G16+預測IC!I16 -> 0.048464284 | I16: =H16+預測IC!J16 -> -0.020229749 | J16: =I16+預測IC!K16 -> -0.0023046446 | ... ED16: =EC16+預測IC!EE16 -> 2.710717 | EE16: =ED16+[1]預測IC!EF16 -> 2.7506109
A17: 120等分 | B17: -0.045056429 | C17: =B17+預測IC!D17 -> -0.062390804 | D17: =C17+預測IC!E17 -> 0.017199045 | E17: =D17+預測IC!F17 -> -0.09563847 | F17: =E17+預測IC!G17 -> -0.17370151 | G17: =F17+預測IC!H17 -> -0.068707457 | H17: =G17+預測IC!I17 -> -0.0012178021 | I17: =H17+預測IC!J17 -> -0.11651688 | J17: =I17+預測IC!K17 -> -0.077071883 | ... ED17: =EC17+預測IC!EE17 -> 2.8069685 | EE17: =ED17+[1]預測IC!EF17 -> 2.8546782
A18: 137等分 | B18: -0.053942228 | C18: =B18+預測IC!D18 -> -0.037227062 | D18: =C18+預測IC!E18 -> 0.016212289 | E18: =D18+預測IC!F18 -> -0.11820209 | F18: =E18+預測IC!G18 -> -0.19899633 | G18: =F18+預測IC!H18 -> -0.070456771 | H18: =G18+預測IC!I18 -> -0.015504108 | I18: =H18+預測IC!J18 -> -0.1406659 | J18: =I18+預測IC!K18 -> -0.10907945 | ... ED18: =EC18+預測IC!EE18 -> 2.8564645 | EE18: =ED18+[1]預測IC!EF18 -> 2.9054195
A19: 160等分 | B19: -0.077959416 | C19: =B19+預測IC!D19 -> -0.069077143 | D19: =C19+預測IC!E19 -> -0.024673211 | E19: =D19+預測IC!F19 -> -0.063319893 | F19: =E19+預測IC!G19 -> -0.16083198 | G19: =F19+預測IC!H19 -> 0.016778335 | H19: =G19+預測IC!I19 -> 0.064241741 | I19: =H19+預測IC!J19 -> -0.091988612 | J19: =I19+預測IC!K19 -> -0.035447643 | ... ED19: =EC19+預測IC!EE19 -> 2.9242456 | EE19: =ED19+[1]預測IC!EF19 -> 2.9412236
A20: 192等分 | B20: -0.1393246 | C20: =B20+預測IC!D20 -> -0.13897289 | D20: =C20+預測IC!E20 -> -0.081636535 | E20: =D20+預測IC!F20 -> -0.17285496 | F20: =E20+預測IC!G20 -> -0.28445943 | G20: =F20+預測IC!H20 -> -0.14052715 | H20: =G20+預測IC!I20 -> -0.11259161 | I20: =H20+預測IC!J20 -> -0.2457989 | J20: =I20+預測IC!K20 -> -0.20839422 | ... ED20: =EC20+預測IC!EE20 -> 3.0992911 | EE20: =ED20+[1]預測IC!EF20 -> 3.1195726
A21: 241等分 | B21: -0.19764916 | C21: =B21+預測IC!D21 -> -0.19801687 | D21: =C21+預測IC!E21 -> -0.21170704 | E21: =D21+預測IC!F21 -> -0.26280453 | F21: =E21+預測IC!G21 -> -0.27010067 | G21: =F21+預測IC!H21 -> -0.10793658 | H21: =G21+預測IC!I21 -> -0.0938253 | I21: =H21+預測IC!J21 -> -0.23056821 | J21: =I21+預測IC!K21 -> -0.22909792 | ... ED21: =EC21+預測IC!EE21 -> 2.7043934 | EE21: =ED21+[1]預測IC!EF21 -> 2.6964017
A22: 321等分 | B22: 0.064235718 | C22: =B22+預測IC!D22 -> 0.019554821 | D22: =C22+預測IC!E22 -> 0.0021997218 | E22: =D22+預測IC!F22 -> -0.095234274 | F22: =E22+預測IC!G22 -> -0.1281891 | G22: =F22+預測IC!H22 -> -0.0040110351 | H22: =G22+預測IC!I22 -> 0.013426308 | I22: =H22+預測IC!J22 -> -0.090827195 | J22: =I22+預測IC!K22 -> -0.062170414 | ... ED22: =EC22+預測IC!EE22 -> 2.9018815 | EE22: =ED22+[1]預測IC!EF22 -> 2.8670912
A23: 482等分 | B23: -0.034987009 | C23: =B23+預測IC!D23 -> -0.064797677 | D23: =C23+預測IC!E23 -> 0.068207517 | E23: =D23+預測IC!F23 -> -0.073457392 | F23: =E23+預測IC!G23 -> -0.12568157 | G23: =F23+預測IC!H23 -> -0.14387004 | H23: =G23+預測IC!I23 -> -0.18025653 | I23: =H23+預測IC!J23 -> -0.29513403 | J23: =I23+預測IC!K23 -> -0.35505192 | ... ED23: =EC23+預測IC!EE23 -> 3.1378166 | EE23: =ED23+[1]預測IC!EF23 -> 3.0900343
A24: 964等分 | B24: 0.16299314 | C24: =B24+預測IC!D24 -> 0.058944127 | D24: =C24+預測IC!E24 -> 0.34345662 | E24: =D24+預測IC!F24 -> 0.11629708 | F24: =E24+預測IC!G24 -> 0.3420571 | G24: =F24+預測IC!H24 -> 0.3779129 | H24: =G24+預測IC!I24 -> 0.39483999 | I24: =H24+預測IC!J24 -> 0.27937719 | J24: =I24+預測IC!K24 -> 0.33311019 | ... ED24: =EC24+預測IC!EE24 -> 4.4279241 | EE24: =ED24+[1]預測IC!EF24 -> 4.4952008
A25: 大盤 | B25: -0.017446771 | C25: =B25+預測IC!D25 -> 0.00325429 | D25: =C25+預測IC!E25 -> 0.027236419 | E25: =D25+預測IC!F25 -> 0.02067884 | F25: =E25+預測IC!G25 -> 0.05252397 | G25: =F25+預測IC!H25 -> 0.086872503 | H25: =G25+預測IC!I25 -> 0.07861757 | I25: =H25+預測IC!J25 -> 0.091461094 | J25: =I25+預測IC!K25 -> 0.04044257 | ... ED25: =EC25+預測IC!EE25 -> 1.0049814 | EE25: -0.017446771

Sheet NN3再投資累積報酬
C3: 投資組合 | D3: 964
C4: 等分 | D4: 2014/01 | E4: 2014/02 | F4: 2014/03 | G4: 2014/04 | H4: 2014/05 | I4: 2014/06 | J4: 2014/07 | K4: 2014/08 | L4: 2014/09 | M4: 2014/10 | N4: 2014/11 | O4: 2014/12 | P4: 2015/01 | Q4: 2015/02 | R4: 2015/03 | S4: 2015/04 | T4: 2015/05 | U4: 2015/06 | V4: 2015/07 | W4: 2015/08 | X4: 2015/09 | Y4: 2015/10 | Z4: 2015/11 | AA4: 2015/12 | AB4: 2016/01 | AC4: 2016/02 | AD4: 2016/03 | AE4: 2016/04 | AF4: 2016/05 | AG4: 2016/06 | AH4: 2016/07 | AI4: 2016/08 | AJ4: 2016/09 | AK4: 2016/10 | AL4: 2016/11 | AM4: 2016/12 | AN4: 2017/01 | AO4: 2017/02 | AP4: 2017/03 | AQ4: 2017/04 | AR4: 2017/05 | AS4: 2017/06 | AT4: 2017/07 | AU4: 2017/08 | AV4: 2017/09 | AW4: 2017/10 | AX4: 2017/11 | AY4: 2017/12 | AZ4: 2018/01 | BA4: 2018/02 | BB4: 2018/03 | BC4: 2018/04 | BD4: 2018/05 | BE4: 2018/06 | BF4: 2018/07 | BG4: 2018/08 | BH4: 2018/09 | BI4: 2018/10 | BJ4: 2018/11 | BK4: 2018/12 | BL4: 2019/01 | BM4: 2019/02 | BN4: 2019/03 | BO4: 2019/04 | BP4: 2019/05 | BQ4: 2019/06 | BR4: 2019/07 | BS4: 2019/08 | BT4: 2019/09 | BU4: 2019/10 | BV4: 2019/11 | BW4: 2019/12 | BX4: 2020/01 | BY4: 2020/02 | BZ4: 2020/03 | CA4: 2020/04 | CB4: 2020/05 | CC4: 2020/06 | CD4: 2020/07 | CE4: 2020/08 | CF4: 2020/09 | CG4: 2020/10 | CH4: 2020/11 | CI4: 2020/12 | CJ4: 2021/01 | CK4: 2021/02 | CL4: 2021/03 | CM4: 2021/04 | CN4: 2021/05 | CO4: 2021/06 | CP4: 2021/07 | CQ4: 2021/08 | CR4: 2021/09 | CS4: 2021/10 | CT4: 2021/11 | CU4: 2021/12 | CV4: 2022/01 | CW4: 2022/02 | CX4: 2022/03 | CY4: 2022/04 | CZ4: 2022/05 | DA4: 2022/06 | DB4: 2022/07 | DC4: 2022/08 | DD4: 2022/09 | DE4: 2022/10 | DF4: 2022/11 | DG4: 2022/12 | DH4: 2023/01 | DI4: 2023/02 | DJ4: 2023/03 | DK4: 2023/04 | DL4: 2023/05 | DM4: 2023/06 | DN4: 2023/07 | DO4: 2023/08 | DP4: 2023/09 | DQ4: 2023/10 | DR4: 2023/11 | DS4: 2023/12 | DT4: 2024/01 | DU4: 2024/02 | DV4: 2024/03 | DW4: 2024/04 | DX4: 2024/05 | DY4: 2024/06 | DZ4: 2024/07 | EA4: 2024/08 | EB4: 2024/09 | EC4: 2024/10 | ED4: 2024/11 | EE4: 2024/12 | EF4: 2025/01 | EG4: 2025/02
C5: 10 | D5: {=PRODUCT(1 + 預測IC!$C12:C12) -1} -> 0.046867683 | E5: {=PRODUCT(1 + 預測IC!$C12:D12) -1} -> 0.068464079 | F5: {=PRODUCT(1 + 預測IC!$C12:E12) -1} -> 0.11977901 | G5: {=PRODUCT(1 + 預測IC!$C12:F12) -1} -> 0.098707331 | H5: {=PRODUCT(1 + 預測IC!$C12:G12) -1} -> 0.10815314 | I5: {=PRODUCT(1 + 預測IC!$C12:H12) -1} -> 0.15085085 | J5: {=PRODUCT(1 + 預測IC!$C12:I12) -1} -> 0.16559301 | K5: {=PRODUCT(1 + 預測IC!$C12:J12) -1} -> 0.1313151 | ... EG5: {=PRODUCT(1 + 預測IC!$C12:EF12) -1} -> 2.1218129
C6: 20 | D6: {=PRODUCT(1 + 預測IC!$C13:C13) -1} -> 0.054209043 | E6: {=PRODUCT(1 + 預測IC!$C13:D13) -1} -> 0.083739642 | F6: {=PRODUCT(1 + 預測IC!$C13:E13) -1} -> 0.15945138 | G6: {=PRODUCT(1 + 預測IC!$C13:F13) -1} -> 0.11896084 | H6: {=PRODUCT(1 + 預測IC!$C13:G13) -1} -> 0.10227939 | I6: {=PRODUCT(1 + 預測IC!$C13:H13) -1} -> 0.13533635 | J6: {=PRODUCT(1 + 預測IC!$C13:I13) -1} -> 0.16840937 | K6: {=PRODUCT(1 + 預測IC!$C13:J13) -1} -> 0.1171171 | ... EG6: {=PRODUCT(1 + 預測IC!$C13:EF13) -1} -> 3.2167413
C7: 50 | D7: {=PRODUCT(1 + 預測IC!$C14:C14) -1} -> -0.030371566 | E7: {=PRODUCT(1 + 預測IC!$C14:D14) -1} -> 0.050444357 | F7: {=PRODUCT(1 + 預測IC!$C14:E14) -1} -> 0.15419491 | G7: {=PRODUCT(1 + 預測IC!$C14:F14) -1} -> 0.098269381 | H7: {=PRODUCT(1 + 預測IC!$C14:G14) -1} -> 0.053218463 | I7: {=PRODUCT(1 + 預測IC!$C14:H14) -1} -> 0.11597744 | J7: {=PRODUCT(1 + 預測IC!$C14:I14) -1} -> 0.202036 | K7: {=PRODUCT(1 + 預測IC!$C14:J14) -1} -> 0.075708763 | ... EG7: {=PRODUCT(1 + 預測IC!$C14:EF14) -1} -> 7.8568939
C8: 100 | D8: {=PRODUCT(1 + 預測IC!$C15:C15) -1} -> -0.096503142 | E8: {=PRODUCT(1 + 預測IC!$C15:D15) -1} -> -0.082093697 | F8: {=PRODUCT(1 + 預測IC!$C15:E15) -1} -> -0.021476553 | G8: {=PRODUCT(1 + 預測IC!$C15:F15) -1} -> -0.1277073 | H8: {=PRODUCT(1 + 預測IC!$C15:G15) -1} -> -0.16732863 | I8: {=PRODUCT(1 + 預測IC!$C15:H15) -1} -> -0.068370877 | J8: {=PRODUCT(1 + 預測IC!$C15:I15) -1} -> 0.049693309 | K8: {=PRODUCT(1 + 預測IC!$C15:J15) -1} -> -0.018037827 | ... EG8: {=PRODUCT(1 + 預測IC!$C15:EF15) -1} -> 6.4270626
C9: 107 | D9: {=PRODUCT(1 + 預測IC!$C16:C16) -1} -> -0.027383645 | E9: {=PRODUCT(1 + 預測IC!$C16:D16) -1} -> -0.02808417 | F9: {=PRODUCT(1 + 預測IC!$C16:E16) -1} -> 0.035096751 | G9: {=PRODUCT(1 + 預測IC!$C16:F16) -1} -> -0.067773744 | H9: {=PRODUCT(1 + 預測IC!$C16:G16) -1} -> -0.13647534 | I9: {=PRODUCT(1 + 預測IC!$C16:H16) -1} -> -0.073569244 | J9: {=PRODUCT(1 + 預測IC!$C16:I16) -1} -> 0.029998582 | K9: {=PRODUCT(1 + 預測IC!$C16:J16) -1} -> -0.040756175 | ... EG9: {=PRODUCT(1 + 預測IC!$C16:EF16) -1} -> 8.4603775
C10: 120 | D10: {=PRODUCT(1 + 預測IC!$C17:C17) -1} -> -0.045056429 | E10: {=PRODUCT(1 + 預測IC!$C17:D17) -1} -> -0.061609779 | F10: {=PRODUCT(1 + 預測IC!$C17:E17) -1} -> 0.013076557 | G10: {=PRODUCT(1 + 預測IC!$C17:F17) -1} -> -0.10123648 | H10: {=PRODUCT(1 + 預測IC!$C17:G17) -1} -> -0.1713967 | I10: {=PRODUCT(1 + 預測IC!$C17:H17) -1} -> -0.084398278 | J10: {=PRODUCT(1 + 預測IC!$C17:I17) -1} -> -0.022604633 | K10: {=PRODUCT(1 + 預測IC!$C17:J17) -1} -> -0.13529741 | ... EG10: {=PRODUCT(1 + 預測IC!$C17:EF17) -1} -> 8.8370353
C11: 137 | D11: {=PRODUCT(1 + 預測IC!$C18:C18) -1} -> -0.053942228 | E11: {=PRODUCT(1 + 預測IC!$C18:D18) -1} -> -0.038128715 | F11: {=PRODUCT(1 + 預測IC!$C18:E18) -1} -> 0.013273062 | G11: {=PRODUCT(1 + 預測IC!$C18:F18) -1} -> -0.1229254 | H11: {=PRODUCT(1 + 預測IC!$C18:G18) -1} -> -0.19378798 | I11: {=PRODUCT(1 + 預測IC!$C18:H18) -1} -> -0.090157846 | J11: {=PRODUCT(1 + 預測IC!$C18:I18) -1} -> -0.040159596 | K11: {=PRODUCT(1 + 預測IC!$C18:J18) -1} -> -0.16029494 | ... EG11: {=PRODUCT(1 + 預測IC!$C18:EF18) -1} -> 8.1534877
C12: 160 | D12: {=PRODUCT(1 + 預測IC!$C19:C19) -1} -> -0.077959416 | E12: {=PRODUCT(1 + 預測IC!$C19:D19) -1} -> -0.0697696 | F12: {=PRODUCT(1 + 預測IC!$C19:E19) -1} -> -0.028463712 | G12: {=PRODUCT(1 + 預測IC!$C19:F19) -1} -> -0.066010366 | H12: {=PRODUCT(1 + 預測IC!$C19:G19) -1} -> -0.15708565 | I12: {=PRODUCT(1 + 預測IC!$C19:H19) -1} -> -0.0073753612 | J12: {=PRODUCT(1 + 預測IC!$C19:I19) -1} -> 0.039737984 | K12: {=PRODUCT(1 + 預測IC!$C19:J19) -1} -> -0.12270065 | ... EG12: {=PRODUCT(1 + 預測IC!$C19:EF19) -1} -> 7.7909222
C13: 192 | D13: {=PRODUCT(1 + 預測IC!$C20:C20) -1} -> -0.1393246 | E13: {=PRODUCT(1 + 預測IC!$C20:D20) -1} -> -0.13902189 | F13: {=PRODUCT(1 + 預測IC!$C20:E20) -1} -> -0.089656546 | G13: {=PRODUCT(1 + 預測IC!$C20:F20) -1} -> -0.17269664 | H13: {=PRODUCT(1 + 預測IC!$C20:G20) -1} -> -0.2650274 | I13: {=PRODUCT(1 + 預測IC!$C20:H20) -1} -> -0.15924111 | J13: {=PRODUCT(1 + 預測IC!$C20:I20) -1} -> -0.13575406 | K13: {=PRODUCT(1 + 預測IC!$C20:J20) -1} -> -0.25087792 | ... EG13: {=PRODUCT(1 + 預測IC!$C20:EF20) -1} -> 8.7377713
C14: 241 | D14: {=PRODUCT(1 + 預測IC!$C21:C21) -1} -> -0.19764916 | E14: {=PRODUCT(1 + 預測IC!$C21:D21) -1} -> -0.1979442 | F14: {=PRODUCT(1 + 預測IC!$C21:E21) -1} -> -0.20892448 | G14: {=PRODUCT(1 + 預測IC!$C21:F21) -1} -> -0.24934645 | H14: {=PRODUCT(1 + 預測IC!$C21:G21) -1} -> -0.25482332 | I14: {=PRODUCT(1 + 預測IC!$C21:H21) -1} -> -0.13398242 | J14: {=PRODUCT(1 + 預測IC!$C21:I21) -1} -> -0.12176181 | K14: {=PRODUCT(1 + 預測IC!$C21:J21) -1} -> -0.24185466 | ... EG14: {=PRODUCT(1 + 預測IC!$C21:EF21) -1} -> 4.2405541
C15: 321 | D15: {=PRODUCT(1 + 預測IC!$C22:C22) -1} -> 0.064235718 | E15: {=PRODUCT(1 + 預測IC!$C22:D22) -1} -> 0.016684711 | F15: {=PRODUCT(1 + 預測IC!$C22:E22) -1} -> -0.00095995248 | G15: {=PRODUCT(1 + 預測IC!$C22:F22) -1} -> -0.098300416 | H15: {=PRODUCT(1 + 預測IC!$C22:G22) -1} -> -0.12801577 | I15: {=PRODUCT(1 + 預測IC!$C22:H22) -1} -> -0.019734454 | J15: {=PRODUCT(1 + 預測IC!$C22:I22) -1} -> -0.0026412277 | K15: {=PRODUCT(1 + 預測IC!$C22:J22) -1} -> -0.10661937 | ... EG15: {=PRODUCT(1 + 預測IC!$C22:EF22) -1} -> 3.5217323
C16: 482 | D16: {=PRODUCT(1 + 預測IC!$C23:C23) -1} -> -0.034987009 | E16: {=PRODUCT(1 + 預測IC!$C23:D23) -1} -> -0.063754691 | F16: {=PRODUCT(1 + 預測IC!$C23:E23) -1} -> 0.060770798 | G16: {=PRODUCT(1 + 預測IC!$C23:F23) -1} -> -0.0895032 | H16: {=PRODUCT(1 + 預測IC!$C23:G23) -1} -> -0.13705314 | I16: {=PRODUCT(1 + 預測IC!$C23:H23) -1} -> -0.15274883 | J16: {=PRODUCT(1 + 預測IC!$C23:I23) -1} -> -0.18357732 | K16: {=PRODUCT(1 + 預測IC!$C23:J23) -1} -> -0.27736592 | ... EG16: {=PRODUCT(1 + 預測IC!$C23:EF23) -1} -> 1.7627414
C17: 964 | D17: {=PRODUCT(1 + 預測IC!$C24:C24) -1} -> 0.16299314 | E17: {=PRODUCT(1 + 預測IC!$C24:D24) -1} -> 0.041984852 | F17: {=PRODUCT(1 + 預測IC!$C24:E24) -1} -> 0.33844257 | G17: {=PRODUCT(1 + 預測IC!$C24:F24) -1} -> 0.034402559 | H17: {=PRODUCT(1 + 預測IC!$C24:G24) -1} -> 0.2679293 | I17: {=PRODUCT(1 + 預測IC!$C24:H24) -1} -> 0.31339192 | J17: {=PRODUCT(1 + 預測IC!$C24:I24) -1} -> 0.33562382 | K17: {=PRODUCT(1 + 預測IC!$C24:J24) -1} -> 0.18140896 | ... EG17: {=PRODUCT(1 + 預測IC!$C24:EF24) -1} -> -0.18078365
C18: 大盤 | D18: {=PRODUCT(1 + 預測IC!$C25:C25) -1} -> -0.017446771 | E18: {=PRODUCT(1 + 預測IC!$C25:D25) -1} -> 0.0028931233 | F18: {=PRODUCT(1 + 預測IC!$C25:E25) -1} -> 0.026944636 | G18: {=PRODUCT(1 + 預測IC!$C25:F25) -1} -> 0.020210365 | H18: {=PRODUCT(1 + 預測IC!$C25:G25) -1} -> 0.052699097 | I18: {=PRODUCT(1 + 預測IC!$C25:H25) -1} -> 0.088857766 | J18: {=PRODUCT(1 + 預測IC!$C25:I25) -1} -> 0.079869319 | K18: {=PRODUCT(1 + 預測IC!$C25:J25) -1} -> 0.093738646 | ... EG18: {=PRODUCT(1 + 預測IC!$C25:EF25) -1} -> 1.3673442
C22: 等分 | D22: 2014/01 | E22: 2014/02 | F22: 2014/03 | G22: 2014/04 | H22: 2014/05 | I22: 2014/06 | J22: 2014/07 | K22: 2014/08 | L22: 2014/09 | M22: 2014/10 | N22: 2014/11 | O22: 2014/12 | P22: 2015/01 | Q22: 2015/02 | R22: 2015/03 | S22: 2015/04 | T22: 2015/05 | U22: 2015/06 | V22: 2015/07 | W22: 2015/08 | X22: 2015/09 | Y22: 2015/10 | Z22: 2015/11 | AA22: 2015/12 | AB22: 2016/01 | AC22: 2016/02 | AD22: 2016/03 | AE22: 2016/04 | AF22: 2016/05 | AG22: 2016/06 | AH22: 2016/07 | AI22: 2016/08 | AJ22: 2016/09 | AK22: 2016/10 | AL22: 2016/11 | AM22: 2016/12 | AN22: 2017/01 | AO22: 2017/02 | AP22: 2017/03 | AQ22: 2017/04 | AR22: 2017/05 | AS22: 2017/06 | AT22: 2017/07 | AU22: 2017/08 | AV22: 2017/09 | AW22: 2017/10 | AX22: 2017/11 | AY22: 2017/12 | AZ22: 2018/01 | BA22: 2018/02 | BB22: 2018/03 | BC22: 2018/04 | BD22: 2018/05 | BE22: 2018/06 | BF22: 2018/07 | BG22: 2018/08 | BH22: 2018/09 | BI22: 2018/10 | BJ22: 2018/11 | BK22: 2018/12 | BL22: 2019/01 | BM22: 2019/02 | BN22: 2019/03 | BO22: 2019/04 | BP22: 2019/05 | BQ22: 2019/06 | BR22: 2019/07 | BS22: 2019/08 | BT22: 2019/09 | BU22: 2019/10 | BV22: 2019/11 | BW22: 2019/12 | BX22: 2020/01 | BY22: 2020/02 | BZ22: 2020/03 | CA22: 2020/04 | CB22: 2020/05 | CC22: 2020/06 | CD22: 2020/07 | CE22: 2020/08 | CF22: 2020/09 | CG22: 2020/10 | CH22: 2020/11 | CI22: 2020/12 | CJ22: 2021/01 | CK22: 2021/02 | CL22: 2021/03 | CM22: 2021/04 | CN22: 2021/05 | CO22: 2021/06 | CP22: 2021/07 | CQ22: 2021/08 | CR22: 2021/09 | CS22: 2021/10 | CT22: 2021/11 | CU22: 2021/12 | CV22: 2022/01 | CW22: 2022/02 | CX22: 2022/03 | CY22: 2022/04 | CZ22: 2022/05 | DA22: 2022/06 | DB22: 2022/07 | DC22: 2022/08 | DD22: 2022/09 | DE22: 2022/10 | DF22: 2022/11 | DG22: 2022/12 | DH22: 2023/01 | DI22: 2023/02 | DJ22: 2023/03 | DK22: 2023/04 | DL22: 2023/05 | DM22: 2023/06 | DN22: 2023/07 | DO22: 2023/08 | DP22: 2023/09 | DQ22: 2023/10 | DR22: 2023/11 | DS22: 2023/12 | DT22: 2024/01 | DU22: 2024/02 | DV22: 2024/03 | DW22: 2024/04 | DX22: 2024/05 | DY22: 2024/06 | DZ22: 2024/07 | EA22: 2024/08 | EB22: 2024/09 | EC22: 2024/10 | ED22: 2024/11 | EE22: 2024/12 | EF22: 2025/01 | EG22: 2025/02
C23: 10 | D23: 0.046867683 | E23: 0.068464079 | F23: 0.11977901 | G23: 0.098707331 | H23: 0.10815314 | I23: 0.15085085 | J23: 0.16559301 | K23: 0.1313151 | L23: 0.15255484 | M23: 0.1510798 | N23: 0.15062343 | O23: 0.23039268 | P23: 0.2091798 | Q23: 0.20873716 | R23: 0.16610514 | S23: 0.17387476 | T23: 0.15453823 | U23: 0.14560234 | V23: 0.16874444 | W23: 0.17599588 | X23: 0.25130596 | Y23: 0.2190853 | Z23: 0.23790843 | AA23: 0.24430335 | AB23: 0.22947519 | AC23: 0.22491209 | AD23: 0.23124168 | AE23: 0.2450695 | AF23: 0.17246083 | AG23: 0.11831482 | AH23: 0.13182309 | AI23: 0.15456522 | AJ23: 0.17650711 | AK23: 0.20128701 | AL23: 0.25817355 | AM23: 0.30108434 | AN23: 0.32737446 | AO23: 0.25153719 | AP23: 0.26618524 | AQ23: 0.26031782 | AR23: 0.25189594 | AS23: 0.24250118 | AT23: 0.23524098 | AU23: 0.20769923 | AV23: 0.28427976 | AW23: 0.25629543 | AX23: 0.25333416 | AY23: 0.24248269 | AZ23: 0.23289799 | BA23: 0.31496437 | BB23: 0.40868997 | BC23: 0.4168398 | BD23: 0.43523828 | BE23: 0.44703821 | BF23: 0.38105537 | BG23: 0.348461 | BH23: 0.36195109 | BI23: 0.32800834 | BJ23: 0.35568106 | BK23: 0.35676018 | BL23: 0.32952233 | BM23: 0.34422734 | BN23: 0.30366943 | BO23: 0.3290943 | BP23: 0.35157429 | BQ23: 0.31586305 | BR23: 0.32694612 | BS23: 0.35329075 | BT23: 0.38788219 | BU23: 0.35833682 | BV23: 0.2930234 | BW23: 0.33446898 | BX23: 0.4085154 | BY23: 0.43102933 | BZ23: 0.36546531 | CA23: 0.37062287 | CB23: 0.39060731 | CC23: 0.49139279 | CD23: 0.58917837 | CE23: 0.659513 | CF23: 0.91508964 | CG23: 0.92289918 | CH23: 0.92349268 | CI23: 0.90530987 | CJ23: 0.85893177 | CK23: 0.86556533 | CL23: 0.92995486 | CM23: 0.99390201 | CN23: 0.85092251 | CO23: 0.80778206 | CP23: 0.93666289 | CQ23: 0.91188105 | CR23: 1.0456683 | CS23: 1.1441603 | CT23: 1.1130493 | CU23: 1.1150813 | CV23: 1.1446239 | CW23: 1.1538957 | CX23: 1.2179907 | CY23: 1.3212325 | CZ23: 1.4281786 | DA23: 1.6432223 | DB23: 1.7409651 | DC23: 1.9848611 | DD23: 2.0147909 | DE23: 1.8969367 | DF23: 1.7890677 | DG23: 1.9438211 | DH23: 1.8071989 | DI23: 1.7924271 | DJ23: 1.6403985 | DK23: 1.6616869 | DL23: 1.5767041 | DM23: 1.5846638 | DN23: 1.5349408 | DO23: 1.5904984 | DP23: 1.6696562 | DQ23: 1.7923363 | DR23: 1.6977819 | DS23: 1.7438195 | DT23: 1.934928 | DU23: 2.0086464 | DV23: 1.8364607 | DW23: 1.92025 | DX23: 2.0515673 | DY23: 1.9001509 | DZ23: 1.9501645 | EA23: 1.968413 | EB23: 2.1200919 | EC23: 2.1381446 | ED23: 2.1073708 | EE23: 2.0857513 | EF23: 2.0039576 | EG23: 2.1218129
C24: 20 | D24: 0.054209043 | E24: 0.083739642 | F24: 0.15945138 | G24: 0.11896084 | H24: 0.10227939 | I24: 0.13533635 | J24: 0.16840937 | K24: 0.1171171 | L24: 0.11558966 | M24: 0.080677325 | N24: 0.10843679 | O24: 0.21906645 | P24: 0.17056066 | Q24: 0.19021628 | R24: 0.10306345 | S24: 0.11868276 | T24: 0.10498598 | U24: 0.081081156 | V24: 0.14157572 | W24: 0.11863653 | X24: 0.20306737 | Y24: 0.13897167 | Z24: 0.15482729 | AA24: 0.17859798 | AB24: 0.1592211 | AC24: 0.14063171 | AD24: 0.14979263 | AE24: 0.1745634 | AF24: 0.097371822 | AG24: 0.040379204 | AH24: 0.043794052 | AI24: 0.077065524 | AJ24: 0.090063067 | AK24: 0.11174041 | AL24: 0.18510184 | AM24: 0.21182631 | AN24: 0.20906063 | AO24: 0.12292084 | AP24: 0.12631252 | AQ24: 0.11889238 | AR24: 0.10649171 | AS24: 0.11672757 | AT24: 0.1145649 | AU24: 0.11644848 | AV24: 0.20217423 | AW24: 0.18899971 | AX24: 0.21945714 | AY24: 0.20496881 | AZ24: 0.17644405 | BA24: 0.24167761 | BB24: 0.34079964 | BC24: 0.37572257 | BD24: 0.39364353 | BE24: 0.40892109 | BF24: 0.34404273 | BG24: 0.30869051 | BH24: 0.3195933 | BI24: 0.27480069 | BJ24: 0.30773181 | BK24: 0.33081865 | BL24: 0.2973808 | BM24: 0.31505006 | BN24: 0.27927562 | BO24: 0.27402862 | BP24: 0.27836887 | BQ24: 0.26820437 | BR24: 0.31839469 | BS24: 0.32533578 | BT24: 0.35785724 | BU24: 0.31214122 | BV24: 0.21417916 | BW24: 0.25235385 | BX24: 0.36034451 | BY24: 0.36235434 | BZ24: 0.320356 | CA24: 0.30218903 | CB24: 0.33345807 | CC24: 0.49404239 | CD24: 0.67350403 | CE24: 0.76597525 | CF24: 1.0906107 | CG24: 1.1287203 | CH24: 1.144814 | CI24: 1.0897828 | CJ24: 1.0732829 | CK24: 1.1165758 | CL24: 1.184009 | CM24: 1.2801063 | CN24: 1.0487844 | CO24: 0.98705244 | CP24: 1.157077 | CQ24: 1.082922 | CR24: 1.222713 | CS24: 1.3658127 | CT24: 1.3751521 | CU24: 1.3559827 | CV24: 1.3819721 | CW24: 1.4398992 | CX24: 1.4654131 | CY24: 1.4777089 | CZ24: 1.6386951 | DA24: 1.8769434 | DB24: 2.0191969 | DC24: 2.3399422 | DD24: 2.4185678 | DE24: 2.2428307 | DF24: 2.1048023 | DG24: 2.3628802 | DH24: 2.202373 | DI24: 2.243979 | DJ24: 2.0929346 | DK24: 2.0938083 | DL24: 2.0338298 | DM24: 2.1161132 | DN24: 2.1177697 | DO24: 2.1705699 | DP24: 2.2906187 | DQ24: 2.4386871 | DR24: 2.3218871 | DS24: 2.3722753 | DT24: 2.6036028 | DU24: 2.7867785 | DV24: 2.6617914 | DW24: 2.8201814 | DX24: 2.9807386 | DY24: 2.723416 | DZ24: 2.8548755 | EA24: 2.9254279 | EB24: 3.1692703 | EC24: 3.1701092 | ED24: 3.0918112 | EE24: 3.1208005 | EF24: 2.9508818 | EG24: 3.2167413
C25: 50 | D25: -0.030371566 | E25: 0.050444357 | F25: 0.15419491 | G25: 0.098269381 | H25: 0.053218463 | I25: 0.11597744 | J25: 0.202036 | K25: 0.075708763 | L25: 0.089102586 | M25: 0.094381681 | N25: 0.011261704 | O25: 0.21840104 | P25: 0.17010081 | Q25: 0.22600795 | R25: 0.15460777 | S25: 0.138268 | T25: 0.18213013 | U25: 0.16160748 | V25: 0.28960795 | W25: 0.24011854 | X25: 0.38417789 | Y25: 0.31001127 | Z25: 0.288052 | AA25: 0.31542594 | AB25: 0.31196979 | AC25: 0.21359447 | AD25: 0.17804576 | AE25: 0.22437582 | AF25: 0.21945516 | AG25: 0.11663435 | AH25: 0.12376987 | AI25: 0.19502854 | AJ25: 0.28115778 | AK25: 0.40986729 | AL25: 0.5033792 | AM25: 0.53128123 | AN25: 0.53610401 | AO25: 0.36663536 | AP25: 0.35297085 | AQ25: 0.36251583 | AR25: 0.35144073 | AS25: 0.37599752 | AT25: 0.3887357 | AU25: 0.36317265 | AV25: 0.55108937 | AW25: 0.56415955 | AX25: 0.63255916 | AY25: 0.63390045 | AZ25: 0.53776276 | BA25: 0.57717398 | BB25: 0.7291147 | BC25: 0.90530862 | BD25: 0.88800094 | BE25: 0.99012225 | BF25: 0.94212644 | BG25: 0.93194409 | BH25: 0.95222295 | BI25: 0.76920188 | BJ25: 0.82629426 | BK25: 0.85050047 | BL25: 0.91200626 | BM25: 0.93221967 | BN25: 0.89091839 | BO25: 0.8051242 | BP25: 0.83202701 | BQ25: 0.92423711 | BR25: 1.015756 | BS25: 0.94411359 | BT25: 1.0774052 | BU25: 1.1091645 | BV25: 0.87471088 | BW25: 0.95210362 | BX25: 1.1832484 | BY25: 1.1825778 | BZ25: 1.0070991 | CA25: 1.1094315 | CB25: 1.1800029 | CC25: 1.5385381 | CD25: 1.8446761 | CE25: 1.9809982 | CF25: 2.4894233 | CG25: 2.4185523 | CH25: 2.8934804 | CI25: 2.9092635 | CJ25: 2.8942935 | CK25: 2.9724396 | CL25: 2.970597 | CM25: 3.4869051 | CN25: 2.9930361 | CO25: 2.915565 | CP25: 3.5939333 | CQ25: 3.1093665 | CR25: 3.4362121 | CS25: 3.7140993 | CT25: 3.6961098 | CU25: 3.6064114 | CV25: 3.9484403 | CW25: 4.143406 | CX25: 4.1857568 | CY25: 4.3114816 | CZ25: 4.5777874 | DA25: 5.3373261 | DB25: 5.7517449 | DC25: 6.4580277 | DD25: 6.5680616 | DE25: 6.1601434 | DF25: 5.937766 | DG25: 7.3361618 | DH25: 6.9561713 | DI25: 6.9941607 | DJ25: 6.5689353 | DK25: 6.5766838 | DL25: 5.9582631 | DM25: 5.8937309 | DN25: 5.886002 | DO25: 6.0946399 | DP25: 6.8224945 | DQ25: 6.8507952 | DR25: 6.4109992 | DS25: 6.4687637 | DT25: 6.8874015 | DU25: 7.8155318 | DV25: 7.2090649 | DW25: 7.3685912 | DX25: 7.3837326 | DY25: 6.5272402 | DZ25: 6.8132534 | EA25: 7.0869595 | EB25: 7.9565137 | EC25: 7.7316199 | ED25: 7.5631742 | EE25: 7.2754748 | EF25: 7.3036052 | EG25: 7.8568939
C26: 100 | D26: -0.096503142 | E26: -0.082093697 | F26: -0.021476553 | G26: -0.1277073 | H26: -0.16732863 | I26: -0.068370877 | J26: 0.049693309 | K26: -0.018037827 | L26: -0.022172247 | M26: 0.0096643627 | N26: -0.18064934 | O26: 0.08998983 | P26: 0.039737491 | Q26: 0.094826197 | R26: -0.015067365 | S26: 0.0014356107 | T26: -0.041660103 | U26: -0.088943322 | V26: 0.035842346 | W26: -0.05290954 | X26: 0.048367157 | Y26: -0.033863002 | Z26: -0.057232521 | AA26: -0.079535023 | AB26: -0.036654128 | AC26: -0.10793782 | AD26: -0.14366949 | AE26: -0.10968132 | AF26: -0.067581285 | AG26: -0.11398965 | AH26: -0.1226241 | AI26: -0.13534665 | AJ26: -0.091375182 | AK26: -0.087573101 | AL26: -0.035112591 | AM26: -0.041752714 | AN26: -0.039889199 | AO26: -0.098201463 | AP26: -0.066005594 | AQ26: -0.054254128 | AR26: -0.072933542 | AS26: -0.050173301 | AT26: -0.071478813 | AU26: -0.06511239 | AV26: 0.091115211 | AW26: 0.12736784 | AX26: 0.2272068 | AY26: 0.2323116 | AZ26: 0.17914537 | BA26: 0.22259375 | BB26: 0.41538205 | BC26: 0.56936019 | BD26: 0.666904 | BE26: 0.68298543 | BF26: 0.6052027 | BG26: 0.51374142 | BH26: 0.53459495 | BI26: 0.45063845 | BJ26: 0.48886425 | BK26: 0.51211898 | BL26: 0.62230621 | BM26: 0.62243259 | BN26: 0.52087091 | BO26: 0.42041125 | BP26: 0.44397508 | BQ26: 0.51850854 | BR26: 0.55597221 | BS26: 0.52575208 | BT26: 0.64029992 | BU26: 0.58020972 | BV26: 0.44502952 | BW26: 0.58672534 | BX26: 0.91064872 | BY26: 0.95640767 | BZ26: 0.77379972 | CA26: 0.89328245 | CB26: 0.95001278 | CC26: 1.2056427 | CD26: 1.5886563 | CE26: 1.8192914 | CF26: 2.0261375 | CG26: 2.0151623 | CH26: 2.6957785 | CI26: 2.5480279 | CJ26: 2.3020188 | CK26: 2.3263964 | CL26: 2.440426 | CM26: 3.1723797 | CN26: 2.721263 | CO26: 2.722071 | CP26: 3.3673292 | CQ26: 3.2171227 | CR26: 3.8058483 | CS26: 3.9229876 | CT26: 4.0062401 | CU26: 3.9692211 | CV26: 4.7338038 | CW26: 5.0803806 | CX26: 4.914645 | CY26: 5.0203332 | CZ26: 5.3558626 | DA26: 6.0891007 | DB26: 6.7190538 | DC26: 7.4681744 | DD26: 8.1179123 | DE26: 7.5022124 | DF26: 6.9443984 | DG26: 9.3493302 | DH26: 8.8534163 | DI26: 8.6690687 | DJ26: 8.5557622 | DK26: 8.0634225 | DL26: 7.154099 | DM26: 7.2171941 | DN26: 7.2317653 | DO26: 6.6800513 | DP26: 7.9053682 | DQ26: 7.546213 | DR26: 6.9228686 | DS26: 6.7482861 | DT26: 7.0390804 | DU26: 7.3147919 | DV26: 6.3408999 | DW26: 6.716218 | DX26: 6.2468688 | DY26: 5.3872724 | DZ26: 6.0677671 | EA26: 6.3536982 | EB26: 7.1565525 | EC26: 6.6987539 | ED26: 6.5618276 | EE26: 6.0144774 | EF26: 5.9920961 | EG26: 6.4270626
C27: 192 | D27: -0.1393246 | E27: -0.13902189 | F27: -0.089656546 | G27: -0.17269664 | H27: -0.2650274 | I27: -0.15924111 | J27: -0.13575406 | K27: -0.25087792 | L27: -0.22285724 | M27: -0.14847797 | N27: -0.37727668 | O27: -0.065907875 | P27: 0.036949236 | Q27: 0.078456753 | R27: -0.16400708 | S27: -0.10843894 | T27: -0.15956202 | U27: -0.24431643 | V27: -0.15187439 | W27: -0.26746379 | X27: -0.20074082 | Y27: -0.32066352 | Z27: -0.32396221 | AA27: -0.30425074 | AB27: -0.25766199 | AC27: -0.30251675 | AD27: -0.36969069 | AE27: -0.28784918 | AF27: -0.27552103 | AG27: -0.27083417 | AH27: -0.27538543 | AI27: -0.29553457 | AJ27: -0.2404774 | AK27: -0.22738193 | AL27: -0.23788576 | AM27: -0.24216627 | AN27: -0.21735586 | AO27: -0.19159381 | AP27: -0.13655311 | AQ27: -0.12566978 | AR27: -0.1894091 | AS27: -0.17863694 | AT27: -0.19271825 | AU27: -0.19501863 | AV27: 0.031742913 | AW27: 0.10548487 | AX27: 0.26722929 | AY27: 0.37606677 | AZ27: 0.29035763 | BA27: 0.41914087 | BB27: 0.63391043 | BC27: 1.0116928 | BD27: 1.1537295 | BE27: 1.1293745 | BF27: 1.0474642 | BG27: 0.93440957 | BH27: 0.83434799 | BI27: 0.73914665 | BJ27: 0.77944544 | BK27: 0.7409569 | BL27: 0.94578113 | BM27: 0.98427519 | BN27: 0.87602125 | BO27: 0.91098658 | BP27: 0.89644293 | BQ27: 0.88263257 | BR27: 0.85916161 | BS27: 0.89297627 | BT27: 1.091474 | BU27: 1.2012087 | BV27: 0.87225783 | BW27: 1.1225973 | BX27: 1.8486161 | BY27: 1.6980342 | BZ27: 1.5815237 | CA27: 2.0583959 | CB27: 2.2119789 | CC27: 2.6182783 | CD27: 2.6650089 | CE27: 3.0170867 | CF27: 3.361665 | CG27: 2.7893772 | CH27: 4.0093237 | CI27: 4.2557586 | CJ27: 3.5647013 | CK27: 3.5084466 | CL27: 3.789218 | CM27: 5.2160933 | CN27: 4.6145259 | CO27: 4.5058961 | CP27: 6.138798 | CQ27: 6.1917988 | CR27: 6.7852647 | CS27: 6.9827189 | CT27: 7.1606779 | CU27: 6.4223484 | CV27: 6.4982263 | CW27: 7.2255839 | CX27: 7.013229 | CY27: 7.0884423 | CZ27: 7.9679216 | DA27: 9.1185122 | DB27: 9.8984643 | DC27: 10.737298 | DD27: 11.07652 | DE27: 10.253348 | DF27: 9.9104967 | DG27: 12.589833 | DH27: 11.878476 | DI27: 11.737129 | DJ27: 11.63832 | DK27: 11.139613 | DL27: 10.105469 | DM27: 10.2186 | DN27: 10.996454 | DO27: 10.223148 | DP27: 13.118736 | DQ27: 12.812765 | DR27: 12.280417 | DS27: 11.542584 | DT27: 11.448631 | DU27: 11.50875 | DV27: 9.3025168 | DW27: 8.991454 | DX27: 7.9568772 | DY27: 6.5787154 | DZ27: 6.9850755 | EA27: 7.7053265 | EB27: 10.261994 | EC27: 9.0647057 | ED27: 9.2959565 | EE27: 8.527614 | EF27: 8.5442013 | EG27: 8.7377713
C28: 964 | D28: 0.16299314 | E28: 0.041984852 | F28: 0.33844257 | G28: 0.034402559 | H28: 0.2679293 | I28: 0.31339192 | J28: 0.33562382 | K28: 0.18140896 | L28: 0.2448896 | M28: 0.36392999 | N28: 0.066885581 | O28: 1.9542396 | P28: 2.675895 | Q28: 2.6822774 | R28: 2.6927613 | S28: 2.5900183 | T28: 2.5503326 | U28: 1.5284879 | V28: 1.9040156 | W28: 1.6174517 | X28: 1.186712 | Y28: 1.1886776 | Z28: 0.92534137 | AA28: 0.87837354 | AB28: 1.0556161 | AC28: 0.67686589 | AD28: 0.26407356 | AE28: 0.39196658 | AF28: 0.14799825 | AG28: 0.3382259 | AH28: 0.47994465 | AI28: 0.37840003 | AJ28: 0.36625862 | AK28: 0.48298521 | AL28: 0.60886685 | AM28: 0.74911773 | AN28: 0.88659576 | AO28: 1.194001 | AP28: 1.3754267 | AQ28: 0.98470059 | AR28: 0.55376811 | AS28: 0.28833261 | AT28: 0.59473977 | AU28: 0.60419436 | AV28: 1.369482 | AW28: 1.3232245 | AX28: 1.6027152 | AY28: 1.5361851 | AZ28: 0.41145435 | BA28: 0.57888632 | BB28: 0.65860636 | BC28: 1.8043327 | BD28: 0.12335499 | BE28: 0.31721252 | BF28: 0.1800497 | BG28: 0.061771306 | BH28: -0.1257625 | BI28: -0.11739652 | BJ28: 0.032000818 | BK28: 0.028545354 | BL28: 0.064367168 | BM28: 0.031479701 | BN28: -0.35730187 | BO28: -0.28730352 | BP28: -0.29131203 | BQ28: -0.31384413 | BR28: -0.51410383 | BS28: -0.51881673 | BT28: -0.50020122 | BU28: -0.63850505 | BV28: -0.64166758 | BW28: -0.71451805 | BX28: -0.39791512 | BY28: -0.46050488 | BZ28: -0.61714021 | CA28: -0.3055084 | CB28: -0.23604194 | CC28: 0.25266061 | CD28: 0.024087776 | CE28: 0.054762816 | CF28: 0.22939449 | CG28: 0.026382913 | CH28: 0.26992083 | CI28: 0.45487633 | CJ28: 0.3697542 | CK28: 0.4480687 | CL28: 0.49419717 | CM28: 2.210462 | CN28: 0.16721718 | CO28: 0.18462801 | CP28: 0.72064546 | CQ28: 0.29162193 | CR28: 0.062222871 | CS28: -0.040619324 | CT28: -0.066383418 | CU28: -0.1564018 | CV28: -0.16171806 | CW28: 0.14130435 | CX28: 0.1394918 | CY28: 0.19961738 | CZ28: 0.5848718 | DA28: 1.0961354 | DB28: 1.1673612 | DC28: 1.1315957 | DD28: 1.5143304 | DE28: 1.6382863 | DF28: 0.82929251 | DG28: 1.7907412 | DH28: 1.4571213 | DI28: 1.701278 | DJ28: 2.084523 | DK28: 1.6758589 | DL28: 1.3556116 | DM28: 1.280824 | DN28: 1.281767 | DO28: 0.94170782 | DP28: 1.1661925 | DQ28: 0.85354451 | DR28: 0.75996611 | DS28: 0.71879746 | DT28: 0.60301488 | DU28: 0.48321622 | DV28: 0.51552274 | DW28: 0.66411495 | DX28: 0.83249425 | DY28: 0.26150164 | DZ28: 0.69521131 | EA28: -0.039673947 | EB28: -0.092415231 | EC28: -0.1915496 | ED28: -0.075420977 | EE28: -0.1399891 | EF28: -0.23242363 | EG28: -0.18078365
C29: 大盤 | D29: -0.017446771 | E29: 0.0028931233 | F29: 0.026944636 | G29: 0.020210365 | H29: 0.052699097 | I29: 0.088857766 | J29: 0.079869319 | K29: 0.093738646 | L29: 0.037937714 | M29: 0.038844813 | N29: 0.063142952 | O29: 0.076952086 | P29: 0.083257197 | Q29: 0.11295275 | R29: 0.10882043 | S29: 0.13551707 | T29: 0.12167509 | U29: 0.077088976 | V29: -0.0017059521 | W29: -0.059866793 | X29: -0.05914026 | Y29: -0.017185893 | Z29: -0.04440953 | AA29: -0.042407562 | AB29: -0.064815753 | AC29: -0.034768871 | AD29: 0.0027817794 | AE29: -0.040202845 | AF29: -0.02230532 | AG29: -0.007415257 | AH29: 0.028334274 | AI29: 0.037953942 | AJ29: 0.049110132 | AK29: 0.063123887 | AL29: 0.057454516 | AM29: 0.058917119 | AN29: 0.080938284 | AO29: 0.11500697 | AP29: 0.12196653 | AQ29: 0.12886131 | AR29: 0.1479914 | AS29: 0.18780699 | AT29: 0.19148751 | AU29: 0.20945675 | AV29: 0.18617325 | AW29: 0.23209181 | AX29: 0.20516204 | AY29: 0.21453133 | AZ29: 0.26602411 | BA29: 0.23271632 | BB29: 0.24451557 | BC29: 0.21433639 | BD29: 0.23882151 | BE29: 0.23447944 | BF29: 0.25935659 | BG29: 0.2600887 | BH29: 0.25351141 | BI29: 0.10826484 | BJ29: 0.1179347 | BK29: 0.099625989 | BL29: 0.1225426 | BM29: 0.17302994 | BN29: 0.20112905 | BO29: 0.23745012 | BP29: 0.18334151 | BQ29: 0.20924423 | BR29: 0.2196769 | BS29: 0.1962677 | BT29: 0.2198762 | BU29: 0.27805738 | BV29: 0.2926973 | BW29: 0.34857882 | BX29: 0.29093054 | BY29: 0.2679374 | BZ29: 0.076284733 | CA29: 0.20998513 | CB29: 0.20447092 | CC29: 0.27699361 | CD29: 0.38680489 | CE29: 0.37874966 | CF29: 0.37042015 | CG29: 0.37378087 | CH29: 0.49692144 | CI29: 0.60319198 | CJ29: 0.64675174 | CK29: 0.73315421 | CL29: 0.78424874 | CM29: 0.90348131 | CN29: 0.84871391 | CO29: 0.92166881 | CP29: 0.86588068 | CQ29: 0.89197294 | CR29: 0.83090579 | CS29: 0.83658815 | CT29: 0.88358985 | CU29: 0.96720595 | CV29: 0.90752297 | CW29: 0.90512335 | CX29: 0.9095744 | CY29: 0.78685724 | CZ29: 0.80992517 | DA29: 0.58282102 | DB29: 0.60132527 | DC29: 0.61147422 | DD29: 0.42243967 | DE29: 0.37121637 | DF29: 0.56169383 | DG29: 0.48182333 | DH29: 0.59552578 | DI29: 0.62027044 | DJ29: 0.65789923 | DK29: 0.62743886 | DL29: 0.72866395 | DM29: 0.76340716 | DN29: 0.78721129 | DO29: 0.73314419 | DP29: 0.70364117 | DQ29: 0.66652134 | DR29: 0.80941825 | DS29: 0.86027511 | DT29: 0.8559906 | DU29: 0.96451259 | DV29: 1.0974294 | DW29: 1.1079602 | DX29: 1.186832 | DY29: 1.3707686 | DZ29: 1.2834475 | EA29: 1.2905073 | EB29: 1.2860233 | EC29: 1.3465094 | ED29: 1.2884274 | EE29: 1.3664982 | EF29: 1.4163413 | EG29: 1.3673442

Sheet NN3夏普比率
A1: Predict
B2: Time | C2: 2013/12 | D2: 2014/01 | E2: 2014/02 | F2: 2014/03 | G2: 2014/04 | H2: 2014/05 | I2: 2014/06 | J2: 2014/07 | K2: 2014/08 | L2: 2014/09 | M2: 2014/10 | N2: 2014/11 | O2: 2014/12 | P2: 2015/01 | Q2: 2015/02 | R2: 2015/03 | S2: 2015/04 | T2: 2015/05 | U2: 2015/06 | V2: 2015/07 | W2: 2015/08 | X2: 2015/09 | Y2: 2015/10 | Z2: 2015/11 | AA2: 2015/12 | AB2: 2016/01 | AC2: 2016/02 | AD2: 2016/03 | AE2: 2016/04 | AF2: 2016/05 | AG2: 2016/06 | AH2: 2016/07 | AI2: 2016/08 | AJ2: 2016/09 | AK2: 2016/10 | AL2: 2016/11 | AM2: 2016/12 | AN2: 2017/01 | AO2: 2017/02 | AP2: 2017/03 | AQ2: 2017/04 | AR2: 2017/05 | AS2: 2017/06 | AT2: 2017/07 | AU2: 2017/08 | AV2: 2017/09 | AW2: 2017/10 | AX2: 2017/11 | AY2: 2017/12 | AZ2: 2018/01 | BA2: 2018/02 | BB2: 2018/03 | BC2: 2018/04 | BD2: 2018/05 | BE2: 2018/06 | BF2: 2018/07 | BG2: 2018/08 | BH2: 2018/09 | BI2: 2018/10 | BJ2: 2018/11 | BK2: 2018/12 | BL2: 2019/01 | BM2: 2019/02 | BN2: 2019/03 | BO2: 2019/04 | BP2: 2019/05 | BQ2: 2019/06 | BR2: 2019/07 | BS2: 2019/08 | BT2: 2019/09 | BU2: 2019/10 | BV2: 2019/11 | BW2: 2019/12 | BX2: 2020/01 | BY2: 2020/02 | BZ2: 2020/03 | CA2: 2020/04 | CB2: 2020/05 | CC2: 2020/06 | CD2: 2020/07 | CE2: 2020/08 | CF2: 2020/09 | CG2: 2020/10 | CH2: 2020/11 | CI2: 2020/12 | CJ2: 2021/01 | CK2: 2021/02 | CL2: 2021/03 | CM2: 2021/04 | CN2: 2021/05 | CO2: 2021/06 | CP2: 2021/07 | CQ2: 2021/08 | CR2: 2021/09 | CS2: 2021/10 | CT2: 2021/11 | CU2: 2021/12 | CV2: 2022/01 | CW2: 2022/02 | CX2: 2022/03 | CY2: 2022/04 | CZ2: 2022/05 | DA2: 2022/06 | DB2: 2022/07 | DC2: 2022/08 | DD2: 2022/09 | DE2: 2022/10 | DF2: 2022/11 | DG2: 2022/12 | DH2: 2023/01 | DI2: 2023/02 | DJ2: 2023/03 | DK2: 2023/04 | DL2: 2023/05 | DM2: 2023/06 | DN2: 2023/07 | DO2: 2023/08 | DP2: 2023/09 | DQ2: 2023/10 | DR2: 2023/11 | DS2: 2023/12 | DT2: 2024/01 | DU2: 2024/02 | DV2: 2024/03 | DW2: 2024/04 | DX2: 2024/05 | DY2: 2024/06 | DZ2: 2024/07 | EA2: 2024/08 | EB2: 2024/09 | EC2: 2024/10 | ED2: 2024/11 | EE2: 2024/12 | EF2: 2025/01
B3: bm | C3: 0.052304909 | D3: 0.03197863 | E3: -0.0048667537 | F3: 0.0053071231 | G3: 0.037688632 | H3: 0.039667334 | I3: 0.017071564 | J3: 0.0021743756 | K3: 0.0059795007 | L3: 0.034917016 | M3: 0.045241438 | N3: 0.016509578 | O3: 0.016077537 | P3: 0.040661935 | Q3: 0.015234242 | R3: 0.029051721 | S3: 0.022128195 | T3: 0.14313455 | U3: -0.025749817 | V3: -0.04153556 | W3: -0.042235453 | X3: -0.048919052 | Y3: -0.045889396 | Z3: -0.060612448 | AA3: -0.0064669922 | AB3: -0.025826475 | AC3: 0.003767807 | AD3: -0.033804007 | AE3: -0.025685959 | AF3: 0.023472764 | AG3: -0.061789706 | AH3: 0.016795622 | AI3: 0.021516943 | AJ3: 0.032045864 | AK3: 0.017746732 | AL3: 0.011288077 | AM3: 0.009676246 | AN3: 0.00070392713 | AO3: -0.0012229705 | AP3: 0.014847036 | AQ3: 0.023288013 | AR3: 0.02084453 | AS3: -0.019865287 | AT3: -0.021190565 | AU3: -0.0010853894 | AV3: 0.045508638 | AW3: 0.0044240579 | AX3: 0.012816522 | AY3: -0.028970977 | AZ3: -0.01918673 | BA3: -0.0012269602 | BB3: -0.010593336 | BC3: 0.033841301 | BD3: -0.015364919 | BE3: -0.023330329 | BF3: 0.0019382313 | BG3: 0.022716217 | BH3: 0.082148939 | BI3: 0.011221796 | BJ3: -0.052975208 | BK3: 0.021611605 | BL3: -0.042335488 | BM3: -0.011602506 | BN3: 0.028032843 | BO3: 0.0097576939 | BP3: -0.00030135736 | BQ3: -0.0066817412 | BR3: -0.014895812 | BS3: -0.022420226 | BT3: 0.00042862073 | BU3: -0.0061054006 | BV3: -0.021187678 | BW3: -0.023497343 | BX3: -0.019509999 | BY3: -0.0071709584 | BZ3: -0.022350963 | CA3: -0.031325374 | CB3: -0.033732723 | CC3: -0.0061587058 | CD3: -0.033834446 | CE3: -0.026154175 | CF3: -0.0044702776 | CG3: -0.031256158 | CH3: -0.039542347 | CI3: -0.0039686896 | CJ3: -0.0030254018 | CK3: 0.018421458 | CL3: 0.013292881 | CM3: -0.0092441179 | CN3: 0.0033965372 | CO3: 0.0081307776 | CP3: 0.0095881894 | CQ3: 0.017175786 | CR3: 0.016183008 | CS3: -0.0018845543 | CT3: -0.028323408 | CU3: 0.0011775 | CV3: 0.008874611 | CW3: 0.0046699848 | CX3: 0.026706884 | CY3: 0.0028275265 | CZ3: 0.0001506533 | DA3: 0.035458215 | DB3: 0.030795872 | DC3: 0.001318438 | DD3: 0.023335688 | DE3: 0.022883013 | DF3: 0.027021997 | DG3: -0.015119961 | DH3: 0.043961521 | DI3: 0.034205392 | DJ3: 0.04251143 | DK3: 0.022722345 | DL3: 0.01786611 | DM3: 0.013274463 | DN3: 0.019694868 | DO3: 0.013159478 | DP3: 0.02516125 | DQ3: 0.029319786 | DR3: 0.02167147 | DS3: 0.027862441 | DT3: 0.026521862 | DU3: 0.025616961 | DV3: 0.023667986 | DW3: 0.022538956 | DX3: 0.13691369 | DY3: 0.047148135 | DZ3: 0.026731405 | EA3: 0.023076015 | EB3: 0.0081011178 | EC3: 0.034633365 | ED3: 0.020556079 | EE3: 0.013653721 | EF3: 0.029846946
B4: size | C4: -0.034352373 | D4: -0.026548978 | E4: -0.018907739 | F4: -0.0045866654 | G4: -0.0095442254 | H4: -0.16430983 | I4: -0.13420515 | J4: -0.14633372 | K4: -0.1701232 | L4: 0.024875371 | M4: -0.14957669 | N4: -0.19771439 | O4: 0.051653869 | P4: -0.097081944 | Q4: 0.05451718 | R4: -0.24619386 | S4: -0.058746744 | T4: -0.63268298 | U4: -0.016232638 | V4: -0.19638833 | W4: -0.32617593 | X4: 0.058242414 | Y4: -0.17823386 | Z4: -0.11343512 | AA4: -0.12281855 | AB4: -0.50270134 | AC4: -0.081458621 | AD4: -0.21360238 | AE4: -0.23443323 | AF4: 0.043790124 | AG4: -0.34070927 | AH4: -0.21795848 | AI4: -0.0070834262 | AJ4: -0.088856682 | AK4: -0.0060424311 | AL4: -0.34056509 | AM4: -0.21221222 | AN4: 0.023284167 | AO4: -0.56278938 | AP4: -0.37003818 | AQ4: -0.099072933 | AR4: -0.61260873 | AS4: -0.17240901 | AT4: -0.36033952 | AU4: -0.78736198 | AV4: -0.6417231 | AW4: -0.37366807 | AX4: -0.14079113 | AY4: -0.18377237 | AZ4: -0.29475874 | BA4: -0.010997981 | BB4: -0.028172666 | BC4: -0.018784421 | BD4: -0.0076009361 | BE4: -0.3618173 | BF4: -0.32250628 | BG4: -0.35773814 | BH4: -0.24519409 | BI4: -0.34215391 | BJ4: -0.013776951 | BK4: -0.34501177 | BL4: -0.22643296 | BM4: -0.18416789 | BN4: 0.033640098 | BO4: -0.39542565 | BP4: -0.030634377 | BQ4: -0.030394083 | BR4: -0.036607962 | BS4: -0.52762449 | BT4: -0.69944292 | BU4: -0.0066411202 | BV4: -0.34702149 | BW4: -0.21353447 | BX4: -0.25220078 | BY4: -0.60590631 | BZ4: -0.18989147 | CA4: -0.35801777 | CB4: -0.097108431 | CC4: -0.66838306 | CD4: -0.52947456 | CE4: -0.80371106 | CF4: -0.6658541 | CG4: -0.76167327 | CH4: -0.63561052 | CI4: -0.42814809 | CJ4: -0.7619471 | CK4: -0.34786257 | CL4: -0.73078561 | CM4: -0.43944874 | CN4: -0.58165187 | CO4: -0.32549271 | CP4: -0.56025624 | CQ4: -0.31512845 | CR4: -0.59784997 | CS4: -0.56038266 | CT4: -0.017175484 | CU4: -0.44111374 | CV4: -0.65523714 | CW4: -0.013836976 | CX4: -0.24725761 | CY4: -0.028818123 | CZ4: -0.34892085 | DA4: -0.48169923 | DB4: -0.034901515 | DC4: -0.029690797 | DD4: -0.026214495 | DE4: -0.028104212 | DF4: -0.032618091 | DG4: -0.030513076 | DH4: -0.021018218 | DI4: -0.025611684 | DJ4: -0.030048402 | DK4: -0.027788918 | DL4: -0.029855845 | DM4: -0.040957473 | DN4: -0.14124295 | DO4: -0.77260226 | DP4: -0.025665583 | DQ4: -0.033824652 | DR4: -0.03062172 | DS4: -0.02824147 | DT4: -0.10114846 | DU4: -0.037645414 | DV4: -0.58513993 | DW4: -0.40750265 | DX4: -0.049789175 | DY4: -0.024539409 | DZ4: -0.54621279 | EA4: -0.50962925 | EB4: -0.023904961 | EC4: -0.2832852 | ED4: -0.23830277 | EE4: -0.017258976 | EF4: -0.028098961
B5: mom | C5: -0.0019342813 | D5: -0.005591366 | E5: -0.0047000027 | F5: -0.0044492204 | G5: -0.0047847843 | H5: -0.0056895004 | I5: -0.0057344828 | J5: -0.0058788699 | K5: -0.0064187348 | L5: -0.00763669 | M5: -0.0063628075 | N5: 0.012520282 | O5: 0.023710366 | P5: -0.0032508508 | Q5: 0.0033548183 | R5: -0.0066006449 | S5: -0.00098087778 | T5: 0.005614684 | U5: 0.0040551331 | V5: 0.00068821624 | W5: 0.0015643545 | X5: -0.0024233698 | Y5: -0.011274528 | Z5: -0.0041338606 | AA5: -0.010189745 | AB5: -0.0083795534 | AC5: -0.01633851 | AD5: -0.0099682752 | AE5: -0.0090456754 | AF5: -0.0055251466 | AG5: -0.0066783875 | AH5: -0.00424719 | AI5: -0.0037029481 | AJ5: -0.0030384646 | AK5: -0.0054660309 | AL5: -0.0052682543 | AM5: -0.0080474326 | AN5: 0.0010880417 | AO5: -0.0032179207 | AP5: -0.006351654 | AQ5: -0.0026676608 | AR5: -0.0028271384 | AS5: -0.0025516059 | AT5: 0.014273125 | AU5: -0.012176546 | AV5: 0.009222378 | AW5: -0.01067639 | AX5: -0.011375839 | AY5: -0.00088393904 | AZ5: 0.010078856 | BA5: -0.00088116288 | BB5: -0.0070432471 | BC5: 0.0014851769 | BD5: -0.016594421 | BE5: -0.0062354971 | BF5: 0.00055279839 | BG5: -0.0072649377 | BH5: -0.0044898749 | BI5: 0.00030780616 | BJ5: -0.00041756633 | BK5: -0.0078056832 | BL5: -0.0018677362 | BM5: -0.002997631 | BN5: -0.00077384408 | BO5: -0.0043786252 | BP5: -0.00064804504 | BQ5: 0.00082376448 | BR5: 0.00056453818 | BS5: -0.00071546854 | BT5: 0.00026029395 | BU5: -0.0039243316 | BV5: -0.0016593626 | BW5: -0.0038757331 | BX5: -0.0021954332 | BY5: -0.0025970782 | BZ5: 0.0022350291 | CA5: -0.017381361 | CB5: -0.018622691 | CC5: -0.008898342 | CD5: -0.0060623395 | CE5: 0.0045557618 | CF5: -0.004982926 | CG5: -0.0010759989 | CH5: -0.0026672329 | CI5: -0.0055012191 | CJ5: -0.0087857712 | CK5: -0.0064516114 | CL5: -0.0077363043 | CM5: 0.0044028377 | CN5: -0.0017556917 | CO5: 0.0023476314 | CP5: -0.0029835419 | CQ5: -0.0042504156 | CR5: 0.0015832303 | CS5: -0.0065540611 | CT5: -8.0624595e-05 | CU5: -0.0035778489 | CV5: -0.00051929557 | CW5: -0.0033617057 | CX5: -0.00180537 | CY5: -0.0022017017 | CZ5: 0.00011785247 | DA5: -0.0013087671 | DB5: -0.0031658434 | DC5: -0.0038323824 | DD5: -0.0047087157 | DE5: -0.0045400402 | DF5: -0.023387281 | DG5: -0.0052769957 | DH5: -0.0043179677 | DI5: -0.013284463 | DJ5: 0.006038405 | DK5: -0.008410506 | DL5: -0.0027542445 | DM5: -0.00055476907 | DN5: -0.0030171245 | DO5: 0.001883243 | DP5: -0.0059857122 | DQ5: -0.0043033934 | DR5: -0.007100686 | DS5: -0.0036390731 | DT5: -0.00027030555 | DU5: -0.0056784535 | DV5: -0.0031467511 | DW5: -0.0069762156 | DX5: -0.0066889082 | DY5: -0.0033026417 | DZ5: -0.0019879022 | EA5: -0.0025386016 | EB5: -0.005582171 | EC5: -0.0046097348 | ED5: -0.006402777 | EE5: -0.0059125563 | EF5: -0.006194063
A6: 選絕對值最大 | C6: {=MATCH(MAX(ABS(C3:C5)), ABS(C3:C5), 0)} -> 1 | D6: {=MATCH(MAX(ABS(D3:D5)), ABS(D3:D5), 0)} -> 1 | E6: {=MATCH(MAX(ABS(E3:E5)), ABS(E3:E5), 0)} -> 2 | F6: {=MATCH(MAX(ABS(F3:F5)), ABS(F3:F5), 0)} -> 1 | G6: {=MATCH(MAX(ABS(G3:G5)), ABS(G3:G5), 0)} -> 1 | H6: {=MATCH(MAX(ABS(H3:H5)), ABS(H3:H5), 0)} -> 2 | I6: {=MATCH(MAX(ABS(I3:I5)), ABS(I3:I5), 0)} -> 2 | J6: {=MATCH(MAX(ABS(J3:J5)), ABS(J3:J5), 0)} -> 2 | ... EF6: {=MATCH(MAX(ABS(EF3:EF5)), ABS(EF3:EF5), 0)} -> 1
C7: =IF(C6=1,"bm",IF(C6=2,"size",IF(C6=3,"mom"))) -> bm | D7: =IF(D6=1,"bm",IF(D6=2,"size",IF(D6=3,"mom"))) -> bm | E7: =IF(E6=1,"bm",IF(E6=2,"size",IF(E6=3,"mom"))) -> size | F7: =IF(F6=1,"bm",IF(F6=2,"size",IF(F6=3,"mom"))) -> bm | G7: =IF(G6=1,"bm",IF(G6=2,"size",IF(G6=3,"mom"))) -> bm | H7: =IF(H6=1,"bm",IF(H6=2,"size",IF(H6=3,"mom"))) -> size | I7: =IF(I6=1,"bm",IF(I6=2,"size",IF(I6=3,"mom"))) -> size | J7: =IF(J6=1,"bm",IF(J6=2,"size",IF(J6=3,"mom"))) -> size | ... EF7: =IF(EF6=1,"bm",IF(EF6=2,"size",IF(EF6=3,"mom"))) -> bm
C8: =IF(C6=1,C3,IF(C6=2,C4,IF(C6=3,C5))) -> 0.052304909 | D8: =IF(D6=1,D3,IF(D6=2,D4,IF(D6=3,D5))) -> 0.03197863 | E8: =IF(E6=1,E3,IF(E6=2,E4,IF(E6=3,E5))) -> -0.018907739 | F8: =IF(F6=1,F3,IF(F6=2,F4,IF(F6=3,F5))) -> 0.0053071231 | G8: =IF(G6=1,G3,IF(G6=2,G4,IF(G6=3,G5))) -> 0.037688632 | H8: =IF(H6=1,H3,IF(H6=2,H4,IF(H6=3,H5))) -> -0.16430983 | I8: =IF(I6=1,I3,IF(I6=2,I4,IF(I6=3,I5))) -> -0.13420515 | J8: =IF(J6=1,J3,IF(J6=2,J4,IF(J6=3,J5))) -> -0.14633372 | ... EF8: =IF(EF6=1,EF3,IF(EF6=2,EF4,IF(EF6=3,EF5))) -> 0.029846946
A10: 投資組合 | C10: 公司數 | D10: 964
A11: 等分 | B11: 家數 | C11: 2014/01 | D11: 2014/02 | E11: 2014/03 | F11: 2014/04 | G11: 2014/05 | H11: 2014/06 | I11: 2014/07 | J11: 2014/08 | K11: 2014/09 | L11: 2014/10 | M11: 2014/11 | N11: 2014/12 | O11: 2015/01 | P11: 2015/02 | Q11: 2015/03 | R11: 2015/04 | S11: 2015/05 | T11: 2015/06 | U11: 2015/07 | V11: 2015/08 | W11: 2015/09 | X11: 2015/10 | Y11: 2015/11 | Z11: 2015/12 | AA11: 2016/01 | AB11: 2016/02 | AC11: 2016/03 | AD11: 2016/04 | AE11: 2016/05 | AF11: 2016/06 | AG11: 2016/07 | AH11: 2016/08 | AI11: 2016/09 | AJ11: 2016/10 | AK11: 2016/11 | AL11: 2016/12 | AM11: 2017/01 | AN11: 2017/02 | AO11: 2017/03 | AP11: 2017/04 | AQ11: 2017/05 | AR11: 2017/06 | AS11: 2017/07 | AT11: 2017/08 | AU11: 2017/09 | AV11: 2017/10 | AW11: 2017/11 | AX11: 2017/12 | AY11: 2018/01 | AZ11: 2018/02 | BA11: 2018/03 | BB11: 2018/04 | BC11: 2018/05 | BD11: 2018/06 | BE11: 2018/07 | BF11: 2018/08 | BG11: 2018/09 | BH11: 2018/10 | BI11: 2018/11 | BJ11: 2018/12 | BK11: 2019/01 | BL11: 2019/02 | BM11: 2019/03 | BN11: 2019/04 | BO11: 2019/05 | BP11: 2019/06 | BQ11: 2019/07 | BR11: 2019/08 | BS11: 2019/09 | BT11: 2019/10 | BU11: 2019/11 | BV11: 2019/12 | BW11: 2020/01 | BX11: 2020/02 | BY11: 2020/03 | BZ11: 2020/04 | CA11: 2020/05 | CB11: 2020/06 | CC11: 2020/07 | CD11: 2020/08 | CE11: 2020/09 | CF11: 2020/10 | CG11: 2020/11 | CH11: 2020/12 | CI11: 2021/01 | CJ11: 2021/02 | CK11: 2021/03 | CL11: 2021/04 | CM11: 2021/05 | CN11: 2021/06 | CO11: 2021/07 | CP11: 2021/08 | CQ11: 2021/09 | CR11: 2021/10 | CS11: 2021/11 | CT11: 2021/12 | CU11: 2022/01 | CV11: 2022/02 | CW11: 2022/03 | CX11: 2022/04 | CY11: 2022/05 | CZ11: 2022/06 | DA11: 2022/07 | DB11: 2022/08 | DC11: 2022/09 | DD11: 2022/10 | DE11: 2022/11 | DF11: 2022/12 | DG11: 2023/01 | DH11: 2023/02 | DI11: 2023/03 | DJ11: 2023/04 | DK11: 2023/05 | DL11: 2023/06 | DM11: 2023/07 | DN11: 2023/08 | DO11: 2023/09 | DP11: 2023/10 | DQ11: 2023/11 | DR11: 2023/12 | DS11: 2024/01 | DT11: 2024/02 | DU11: 2024/03 | DV11: 2024/04 | DW11: 2024/05 | DX11: 2024/06 | DY11: 2024/07 | DZ11: 2024/08 | EA11: 2024/09 | EB11: 2024/10 | EC11: 2024/11 | ED11: 2024/12 | EE11: 2025/01 | EF11: 2025/02 | EG11: 平均值 | EH11: 標準差 | EI11: 夏普比率
A12: 10 | B12: 96 | C12: 0.046867683 | D12: 0.020629537 | E12: 0.048026823 | F12: -0.018817716 | G12: 0.0085972029 | H12: 0.038530512 | I12: 0.012809789 | J12: -0.029408123 | K12: 0.01877438 | L12: -0.0012798005 | M12: -0.00039647701 | N12: 0.069326987 | O12: -0.017240739 | P12: -0.00036607013 | Q12: -0.035269885 | R12: 0.0066628838 | S12: -0.016472395 | T12: -0.0077398001 | U12: 0.020200814 | V12: 0.0062044701 | W12: 0.064039415 | X12: -0.025749625 | Y12: 0.015440368 | Z12: 0.0051659076 | AA12: -0.01191684 | AB12: -0.0037114184 | AC12: 0.0051673798 | AD12: 0.011230799 | AE12: -0.058316963 | AF12: -0.046181509 | AG12: 0.012079128 | AH12: 0.020093358 | AI12: 0.019004465 | AJ12: 0.021062263 | AK12: 0.047354662 | AL12: 0.034105621 | AM12: 0.020206316 | AN12: -0.05713329 | AO12: 0.011704043 | AP12: -0.0046339365 | AQ12: -0.0066823428 | AR12: -0.0075044281 | AS12: -0.0058432128 | AT12: -0.022296661 | AU12: 0.063410262 | AV12: -0.021789895 | AW12: -0.0023571473 | AX12: -0.0086580852 | AY12: -0.0077141493 | AZ12: 0.066563803 | BA12: 0.071276156 | BB12: 0.0057853949 | BC12: 0.012985576 | BD12: 0.0082215801 | BE12: -0.045598545 | BF12: -0.02360106 | BG12: 0.010004059 | BH12: -0.024922145 | BI12: 0.020837761 | BJ12: 0.00079599332 | BK12: -0.020075652 | BL12: 0.011060369 | BM12: -0.030171909 | BN12: 0.019502538 | BO12: 0.016913769 | BP12: -0.026421957 | BQ12: 0.0084226585 | BR12: 0.019853578 | BS12: 0.025560981 | BT12: -0.021288097 | BU12: -0.04808337 | BV12: 0.032053226 | BW12: 0.05548756 | BX12: 0.015984152 | BY12: -0.045815986 | BZ12: 0.0037771442 | CA12: 0.014580558 | CB12: 0.072475876 | CC12: 0.065566613 | CD12: 0.044258489 | CE12: 0.15400701 | CF12: 0.0040778953 | CG12: 0.0003086485 | CH12: -0.009453016 | CI12: -0.024341498 | CJ12: 0.0035684802 | CK12: 0.034514755 | CL12: 0.03313401 | CM12: -0.071708388 | CN12: -0.023307541 | CO12: 0.071292243 | CP12: -0.012796158 | CQ12: 0.069976747 | CR12: 0.048146625 | CS12: -0.01450965 | CT12: 0.0009616462 | CU12: 0.013967627 | CV12: 0.0043232554 | CW12: 0.029757689 | CX12: 0.046547458 | CY12: 0.046072978 | CZ12: 0.088561726 | DA12: 0.036978661 | DB12: 0.088981816 | DC12: 0.010027183 | DD12: -0.039091997 | DE12: -0.037235545 | DF12: 0.055485734 | DG12: -0.046409818 | DH12: -0.0052621438 | DI12: -0.054443173 | DJ12: 0.0080625983 | DK12: -0.031928199 | DL12: 0.0030891115 | DM12: -0.019237694 | DN12: 0.021916732 | DO12: 0.030556942 | DP12: 0.045953548 | DQ12: -0.03386212 | DR12: 0.017064979 | DS12: 0.069650552 | DT12: 0.025117616 | DU12: -0.057230283 | DV12: 0.029540061 | DW12: 0.044967834 | DX12: -0.049619207 | DY12: 0.017245148 | DZ12: 0.0061855961 | EA12: 0.051097633 | EB12: 0.0057859706 | EC12: -0.0098063813 | ED12: -0.0069574815 | EE12: -0.026506892 | EF12: 0.039233348 | EG12: =AVERAGE(C12:EF12) -> 0.0091616145 | EH12: =STDEV(C12:EF12) -> 0.035969304 | EI12: =EG12/EH12 -> 0.25470647
A13: 20 | B13: 48 | C13: 0.054209043 | D13: 0.028012091 | E13: 0.069861556 | F13: -0.034922156 | G13: -0.01490798 | H13: 0.029989632 | I13: 0.029130595 | J13: -0.043899227 | K13: -0.0013673068 | L13: -0.03129496 | M13: 0.025687102 | N13: 0.099806917 | O13: -0.039789292 | P13: 0.016791628 | Q13: -0.073224368 | R13: 0.014159944 | S13: -0.012243671 | T13: -0.021633598 | U13: 0.055957471 | V13: -0.020094328 | W13: 0.075476562 | X13: -0.053276895 | Y13: 0.013920993 | Z13: 0.020583761 | AA13: -0.016440619 | AB13: -0.016036099 | AC13: 0.0080314398 | AD13: 0.02154369 | AE13: -0.065719382 | AF13: -0.051935558 | AG13: 0.0032823102 | AH13: 0.031875515 | AI13: 0.01206755 | AJ13: 0.019886324 | AK13: 0.065987913 | AL13: 0.022550358 | AM13: -0.0022822435 | AN13: -0.07124522 | AO13: 0.0030204089 | AP13: -0.0065879899 | AQ13: -0.011082994 | AR13: 0.0092507325 | AS13: -0.0019366057 | AT13: 0.0016899629 | AU13: 0.076784334 | AV13: -0.01095891 | AW13: 0.025616009 | AX13: -0.011880968 | AY13: -0.023672609 | AZ13: 0.055449776 | BA13: 0.07982912 | BB13: 0.026046346 | BC13: 0.01302658 | BD13: 0.010962313 | BE13: -0.046048257 | BF13: -0.026302897 | BG13: 0.0083310656 | BH13: -0.033944255 | BI13: 0.02583237 | BJ13: 0.017654109 | BK13: -0.025125773 | BL13: 0.013619178 | BM13: -0.027203867 | BN13: -0.0041015372 | BO13: 0.0034067145 | BP13: -0.0079511464 | BQ13: 0.039575889 | BR13: 0.0052648082 | BS13: 0.024538279 | BT13: -0.03366777 | BU13: -0.074658168 | BV13: 0.031440738 | BW13: 0.086230155 | BX13: 0.0014774348 | BY13: -0.03082776 | BZ13: -0.013759147 | CA13: 0.024012674 | CB13: 0.12042697 | CC13: 0.12011817 | CD13: 0.055256048 | CE13: 0.18382784 | CF13: 0.018228941 | CG13: 0.0075602687 | CH13: -0.025657782 | CI13: -0.0078955344 | CJ13: 0.020881327 | CK13: 0.031859597 | CL13: 0.044000391 | CM13: -0.10145222 | CN13: -0.030131025 | CO13: 0.085566239 | CP13: -0.034377539 | CQ13: 0.067112905 | CR13: 0.064380649 | CS13: 0.0039476507 | CT13: -0.0080707993 | CU13: 0.011031214 | CV13: 0.024318983 | CW13: 0.010456963 | CX13: 0.0049872956 | CY13: 0.064973825 | CZ13: 0.090290205 | DA13: 0.049446034 | DB13: 0.10623532 | DC13: 0.023540999 | DD13: -0.051406654 | DE13: -0.042564179 | DF13: 0.083122187 | DG13: -0.047729084 | DH13: 0.012992245 | DI13: -0.046561457 | DJ13: 0.00028247997 | DK13: -0.019386634 | DL13: 0.027121939 | DM13: 0.00053162261 | DN13: 0.016935235 | DO13: 0.037863465 | DP13: 0.044997151 | DQ13: -0.033966462 | DR13: 0.01516855 | DS13: 0.068596853 | DT13: 0.05083126 | DU13: -0.033006159 | DV13: 0.043254779 | DW13: 0.042028686 | DX13: -0.064641919 | DY13: 0.035306138 | DZ13: 0.018302124 | EA13: 0.062118677 | EB13: 0.00020120622 | EC13: -0.018776004 | ED13: 0.00708472 | EE13: -0.041234384 | EF13: 0.067291157 | EG13: =AVERAGE(C13:EF13) -> 0.011772152 | EH13: =STDEV(C13:EF13) -> 0.044850139 | EI13: =EG13/EH13 -> 0.26247748
