Workbook

Sheet 真實IC
A1: Real
B2: Time | C2: 2013/12 | D2: 2014/01 | E2: 2014/02 | F2: 2014/03 | G2: 2014/04 | H2: 2014/05 | I2: 2014/06 | J2: 2014/07 | K2: 2014/08 | L2: 2014/09 | M2: 2014/10 | N2: 2014/11 | O2: 2014/12 | P2: 2015/01 | Q2: 2015/02 | R2: 2015/03 | S2: 2015/04 | T2: 2015/05 | U2: 2015/06 | V2: 2015/07 | W2: 2015/08 | X2: 2015/09 | Y2: 2015/10 | Z2: 2015/11 | AA2: 2015/12 | AB2: 2016/01 | AC2: 2016/02 | AD2: 2016/03 | AE2: 2016/04 | AF2: 2016/05 | AG2: 2016/06 | AH2: 2016/07 | AI2: 2016/08 | AJ2: 2016/09 | AK2: 2016/10 | AL2: 2016/11 | AM2: 2016/12 | AN2: 2017/01 | AO2: 2017/02 | AP2: 2017/03 | AQ2: 2017/04 | AR2: 2017/05 | AS2: 2017/06 | AT2: 2017/07 | AU2: 2017/08 | AV2: 2017/09 | AW2: 2017/10 | AX2: 2017/11 | AY2: 2017/12 | AZ2: 2018/01 | BA2: 2018/02 | BB2: 2018/03 | BC2: 2018/04 | BD2: 2018/05 | BE2: 2018/06 | BF2: 2018/07 | BG2: 2018/08 | BH2: 2018/09 | BI2: 2018/10 | BJ2: 2018/11 | BK2: 2018/12 | BL2: 2019/01 | BM2: 2019/02 | BN2: 2019/03 | BO2: 2019/04 | BP2: 2019/05 | BQ2: 2019/06 | BR2: 2019/07 | BS2: 2019/08 | BT2: 2019/09 | BU2: 2019/10 | BV2: 2019/11 | BW2: 2019/12 | BX2: 2020/01 | BY2: 2020/02 | BZ2: 2020/03 | CA2: 2020/04 | CB2: 2020/05 | CC2: 2020/06 | CD2: 2020/07 | CE2: 2020/08 | CF2: 2020/09 | CG2: 2020/10 | CH2: 2020/11 | CI2: 2020/12 | CJ2: 2021/01 | CK2: 2021/02 | CL2: 2021/03 | CM2: 2021/04 | CN2: 2021/05 | CO2: 2021/06 | CP2: 2021/07 | CQ2: 2021/08 | CR2: 2021/09 | CS2: 2021/10 | CT2: 2021/11 | CU2: 2021/12 | CV2: 2022/01 | CW2: 2022/02 | CX2: 2022/03 | CY2: 2022/04 | CZ2: 2022/05 | DA2: 2022/06 | DB2: 2022/07 | DC2: 2022/08 | DD2: 2022/09 | DE2: 2022/10 | DF2: 2022/11 | DG2: 2022/12 | DH2: 2023/01 | DI2: 2023/02 | DJ2: 2023/03 | DK2: 2023/04 | DL2: 2023/05 | DM2: 2023/06 | DN2: 2023/07 | DO2: 2023/08 | DP2: 2023/09 | DQ2: 2023/10 | DR2: 2023/11 | DS2: 2023/12 | DT2: 2024/01 | DU2: 2024/02 | DV2: 2024/03 | DW2: 2024/04 | DX2: 2024/05 | DY2: 2024/06 | DZ2: 2024/07 | EA2: 2024/08 | EB2: 2024/09 | EC2: 2024/10 | ED2: 2024/11 | EE2: 2024/12 | EF2: 2025/01
B3: bm | C3: 0.10910583 | D3: 0.014576583 | E3: -0.036154357 | F3: -0.004742601 | G3: -0.0057477531 | H3: 0.049378023 | I3: 0.18325177 | J3: 0.11648631 | K3: -0.030594946 | L3: 0.019828051 | M3: -0.020999006 | N3: 0.14977942 | O3: 0.015463406 | P3: -0.091792321 | Q3: -0.077409013 | R3: 0.054776596 | S3: -0.12533439 | T3: -0.11905342 | U3: -0.037770051 | V3: 0.081183823 | W3: 0.084008968 | X3: 0.14701136 | Y3: -0.12536054 | Z3: 0.19195355 | AA3: -0.084370782 | AB3: 0.072897614 | AC3: 0.10260456 | AD3: 0.015770167 | AE3: -0.15200716 | AF3: 0.059250252 | AG3: 0.13005884 | AH3: 0.1152564 | AI3: 0.032606622 | AJ3: 0.027999115 | AK3: 0.14657042 | AL3: 0.040841921 | AM3: 0.13137637 | AN3: 0.22143296 | AO3: -0.020941039 | AP3: -0.13715995 | AQ3: -0.024882855 | AR3: 0.015513971 | AS3: 0.034373037 | AT3: 0.063095686 | AU3: 0.043237695 | AV3: -0.074230367 | AW3: 0.027994827 | AX3: 0.11986442 | AY3: 0.076559571 | AZ3: -0.021730386 | BA3: -0.0012464633 | BB3: 0.10099582 | BC3: 0.02982693 | BD3: 0.0086757684 | BE3: 0.068557206 | BF3: 0.1569126 | BG3: 0.15920373 | BH3: 0.061121668 | BI3: 0.096912851 | BJ3: -0.054746248 | BK3: -0.087492963 | BL3: 0.094426746 | BM3: -0.022191059 | BN3: 0.015628612 | BO3: 0.08141824 | BP3: -0.018508942 | BQ3: 0.068729568 | BR3: 0.0031023605 | BS3: 0.074964418 | BT3: 0.045201588 | BU3: 0.025677329 | BV3: 0.091804031 | BW3: -0.026353999 | BX3: 0.019394832 | BY3: -0.076838899 | BZ3: 0.11330931 | CA3: -0.10735493 | CB3: 0.040844789 | CC3: -0.019801709 | CD3: 0.18837709 | CE3: 0.055574906 | CF3: 0.074872074 | CG3: 0.10000019 | CH3: 0.13602172 | CI3: -0.093741015 | CJ3: 0.0039305991 | CK3: 0.056507777 | CL3: 0.26354578 | CM3: -0.0095554349 | CN3: -0.0315119 | CO3: -0.022619032 | CP3: 0.13265561 | CQ3: 0.13307278 | CR3: -0.014956408 | CS3: -0.033419938 | CT3: 0.012281209 | CU3: 0.11681498 | CV3: -0.0031589454 | CW3: 0.038217758 | CX3: 0.13917409 | CY3: -0.023712288 | CZ3: 0.21835291 | DA3: -0.057967362 | DB3: -0.014104219 | DC3: 0.11395608 | DD3: 0.074472262 | DE3: -0.00089969275 | DF3: 0.0009770718 | DG3: -0.072980095 | DH3: -0.023845287 | DI3: -0.10153067 | DJ3: 0.027692536 | DK3: -0.049335153 | DL3: -0.0056993576 | DM3: -0.03698176 | DN3: 0.10981299 | DO3: 0.042036825 | DP3: 0.084566668 | DQ3: -0.11027981 | DR3: 0.094328709 | DS3: -0.071906913 | DT3: -0.09623643 | DU3: 0.0023455494 | DV3: 0.13401742 | DW3: 0.094732519 | DX3: -0.1037732 | DY3: 0.075762154 | DZ3: -0.03182972 | EA3: 0.16130802 | EB3: 0.010203533 | EC3: 0.073988425 | ED3: -0.15737687 | EE3: 0.079137553 | EF3: -0.021049125
B4: size | C4: -0.24758871 | D4: -0.2746933 | E4: -0.084648385 | F4: 0.022644631 | G4: -0.049680001 | H4: -0.10075963 | I4: -0.012522721 | J4: 0.07873655 | K4: -0.0341851 | L4: 0.088406798 | M4: -0.0030634546 | N4: -0.21221799 | O4: -0.036805389 | P4: 0.071033119 | Q4: -0.071261133 | R4: 0.021560447 | S4: 0.10111126 | T4: 0.04322474 | U4: 0.01488195 | V4: 0.0063260243 | W4: -0.14355298 | X4: -0.064282172 | Y4: -0.019034203 | Z4: -0.020644556 | AA4: 0.03305954 | AB4: -0.019418227 | AC4: -0.063126839 | AD4: -0.065629712 | AE4: 0.13799569 | AF4: -0.10056792 | AG4: -0.037969091 | AH4: -0.045839538 | AI4: -0.051034096 | AJ4: -0.0032204409 | AK4: 0.00048952959 | AL4: -0.10644675 | AM4: -0.013723974 | AN4: -0.12196471 | AO4: -0.048589666 | AP4: -0.0019031504 | AQ4: 0.029067485 | AR4: 0.052635777 | AS4: -0.012893259 | AT4: -0.0021311348 | AU4: -0.15538438 | AV4: 0.012681784 | AW4: -0.011942322 | AX4: -0.0042537915 | AY4: 0.029300872 | AZ4: -0.1341275 | BA4: -0.13711153 | BB4: 0.0017546605 | BC4: 0.025117126 | BD4: -0.11960191 | BE4: 0.13576165 | BF4: 0.047091162 | BG4: -0.026050044 | BH4: 0.043752774 | BI4: -0.081391828 | BJ4: -0.10060082 | BK4: 0.090490079 | BL4: -0.030898459 | BM4: 0.058814187 | BN4: 0.081345639 | BO4: -0.0077164169 | BP4: 0.10673487 | BQ4: -0.027156341 | BR4: -0.054431019 | BS4: -0.068229278 | BT4: 0.098612223 | BU4: 0.12839854 | BV4: -0.078402519 | BW4: -0.11913372 | BX4: -0.046890096 | BY4: 0.10169834 | BZ4: -0.025680084 | CA4: -0.08330179 | CB4: -0.15782765 | CC4: -0.071052572 | CD4: -0.073875492 | CE4: -0.23678647 | CF4: 0.032627706 | CG4: 0.013423085 | CH4: -0.0027966659 | CI4: 0.0479257 | CJ4: -0.0032520193 | CK4: -0.07570819 | CL4: -0.044397256 | CM4: 0.17898858 | CN4: 0.057994266 | CO4: -0.13939019 | CP4: 0.064714671 | CQ4: -0.18118789 | CR4: -0.088633532 | CS4: -0.025321775 | CT4: -0.11307907 | CU4: 0.0080959573 | CV4: -0.045200208 | CW4: -0.058941225 | CX4: -0.1077283 | CY4: -0.096503499 | CZ4: -0.21035435 | DA4: -0.10996114 | DB4: -0.19082047 | DC4: -0.020727272 | DD4: 0.087029095 | DE4: 0.082024593 | DF4: -0.16687666 | DG4: 0.22243809 | DH4: -0.14429775 | DI4: -0.11961995 | DJ4: -0.10159274 | DK4: 0.092855059 | DL4: -0.04263049 | DM4: 0.082732073 | DN4: -0.031049452 | DO4: -0.09814199 | DP4: -0.13058888 | DQ4: 0.048655718 | DR4: -0.03925191 | DS4: -0.1610302 | DT4: -0.078883966 | DU4: 0.16407716 | DV4: 0.0075052515 | DW4: -0.10164525 | DX4: -0.056040292 | DY4: -0.10665664 | DZ4: -0.069186576 | EA4: -0.12618866 | EB4: -0.064737118 | EC4: 0.051426073 | ED4: 0.034496728 | EE4: 0.1576776 | EF4: 0.24308194
B5: mom | C5: -0.054244781 | D5: 0.045377022 | E5: -0.017752273 | F5: -0.087687354 | G5: 0.10275926 | H5: 0.0025113717 | I5: -0.018303552 | J5: 0.022110525 | K5: 0.077258046 | L5: 0.0093440784 | M5: 0.053602181 | N5: -0.067877357 | O5: 0.064929886 | P5: 0.0048806818 | Q5: 0.019197818 | R5: -0.0054653492 | S5: 0.036551467 | T5: 0.12918507 | U5: 0.013692408 | V5: 0.015295252 | W5: -0.10468572 | X5: -0.29384805 | Y5: 0.059212485 | Z5: -0.18494831 | AA5: 0.098247439 | AB5: -0.00065734107 | AC5: -0.10368612 | AD5: 0.0035450938 | AE5: 0.17560149 | AF5: -0.1550331 | AG5: -0.026328625 | AH5: -0.0049988102 | AI5: 0.028067715 | AJ5: -0.022384194 | AK5: -0.047020825 | AL5: -0.10156151 | AM5: 0.023525149 | AN5: 0.05252523 | AO5: 0.058502894 | AP5: 0.033447356 | AQ5: 0.014300365 | AR5: 0.035903595 | AS5: 0.039782285 | AT5: 0.1484562 | AU5: -0.040787295 | AV5: 0.13895895 | AW5: 0.059863283 | AX5: -0.14978981 | AY5: 0.061595851 | AZ5: -0.061949751 | BA5: -0.0023892644 | BB5: -0.1488703 | BC5: 0.060350518 | BD5: -0.014685753 | BE5: -0.1465153 | BF5: -0.20876265 | BG5: -0.20144326 | BH5: -0.11804992 | BI5: -0.077026576 | BJ5: -0.036220317 | BK5: -0.018907269 | BL5: -0.17125564 | BM5: 0.1329175 | BN5: -0.035907702 | BO5: 0.021344518 | BP5: 0.049634823 | BQ5: -0.017211216 | BR5: 0.18982724 | BS5: -0.097605037 | BT5: 0.037831444 | BU5: 0.056008305 | BV5: -0.11673704 | BW5: -0.14132299 | BX5: -0.0033770259 | BY5: 0.13033606 | BZ5: 0.031697731 | CA5: 0.040555037 | CB5: -0.042037331 | CC5: 0.050013723 | CD5: -0.068456279 | CE5: -0.08083209 | CF5: -0.0019483108 | CG5: -0.118209 | CH5: -0.036719886 | CI5: -0.083332793 | CJ5: 0.23067287 | CK5: 0.13277852 | CL5: 0.14128732 | CM5: -0.11268939 | CN5: 0.22348856 | CO5: -0.10441917 | CP5: -0.014428224 | CQ5: -0.20723337 | CR5: -0.13486387 | CS5: 0.073007739 | CT5: -0.030218378 | CU5: -0.28688917 | CV5: 0.23073054 | CW5: 0.091075699 | CX5: -0.12248573 | CY5: 0.078381925 | CZ5: -0.045950104 | DA5: 0.082670165 | DB5: 0.14934927 | DC5: -0.047798705 | DD5: -0.16451346 | DE5: -0.11056835 | DF5: 0.057416867 | DG5: -0.21489022 | DH5: 0.062997155 | DI5: 0.067721109 | DJ5: 0.11880208 | DK5: 0.0072827306 | DL5: 0.071320599 | DM5: 0.021021901 | DN5: -0.030403224 | DO5: -0.096949657 | DP5: -0.23067649 | DQ5: 0.23818431 | DR5: 0.0035748752 | DS5: 0.13395562 | DT5: 0.1151061 | DU5: 0.10407979 | DV5: -0.054611063 | DW5: -0.033290194 | DX5: 0.055094917 | DY5: 0.068793773 | DZ5: 0.014480773 | EA5: -0.29313654 | EB5: -0.14097502 | EC5: -0.012209362 | ED5: 0.058167688 | EE5: -0.14440301 | EF5: 0.0067710154
A6: 選絕對值最大 | C6: {=MATCH(MAX(ABS(C3:C5)), ABS(C3:C5), 0)} -> 2 | D6: {=MATCH(MAX(ABS(D3:D5)), ABS(D3:D5), 0)} -> 2 | E6: {=MATCH(MAX(ABS(E3:E5)), ABS(E3:E5), 0)} -> 2 | F6: {=MATCH(MAX(ABS(F3:F5)), ABS(F3:F5), 0)} -> 3 | G6: {=MATCH(MAX(ABS(G3:G5)), ABS(G3:G5), 0)} -> 3 | H6: {=MATCH(MAX(ABS(H3:H5)), ABS(H3:H5), 0)} -> 2 | I6: {=MATCH(MAX(ABS(I3:I5)), ABS(I3:I5), 0)} -> 1 | J6: {=MATCH(MAX(ABS(J3:J5)), ABS(J3:J5), 0)} -> 1 | ... EE6: {=MATCH(MAX(ABS(EE3:EE5)), ABS(EE3:EE5), 0)} -> 2 | EF6: 2
C7: =IF(C6=1,"bm",IF(C6=2,"size",IF(C6=3,"mom"))) -> size | D7: =IF(D6=1,"bm",IF(D6=2,"size",IF(D6=3,"mom"))) -> size | E7: =IF(E6=1,"bm",IF(E6=2,"size",IF(E6=3,"mom"))) -> size | F7: =IF(F6=1,"bm",IF(F6=2,"size",IF(F6=3,"mom"))) -> mom | G7: =IF(G6=1,"bm",IF(G6=2,"size",IF(G6=3,"mom"))) -> mom | H7: =IF(H6=1,"bm",IF(H6=2,"size",IF(H6=3,"mom"))) -> size | I7: =IF(I6=1,"bm",IF(I6=2,"size",IF(I6=3,"mom"))) -> bm | J7: =IF(J6=1,"bm",IF(J6=2,"size",IF(J6=3,"mom"))) -> bm | ... EF7: =IF(EF6=1,"bm",IF(EF6=2,"size",IF(EF6=3,"mom"))) -> size
C8: =IF(C6=1,C3,IF(C6=2,C4,IF(C6=3,C5))) -> -0.24758871 | D8: =IF(D6=1,D3,IF(D6=2,D4,IF(D6=3,D5))) -> -0.2746933 | E8: =IF(E6=1,E3,IF(E6=2,E4,IF(E6=3,E5))) -> -0.084648385 | F8: =IF(F6=1,F3,IF(F6=2,F4,IF(F6=3,F5))) -> -0.087687354 | G8: =IF(G6=1,G3,IF(G6=2,G4,IF(G6=3,G5))) -> 0.10275926 | H8: =IF(H6=1,H3,IF(H6=2,H4,IF(H6=3,H5))) -> -0.10075963 | I8: =IF(I6=1,I3,IF(I6=2,I4,IF(I6=3,I5))) -> 0.18325177 | J8: =IF(J6=1,J3,IF(J6=2,J4,IF(J6=3,J5))) -> 0.11648631 | ... EE8: =IF(EE6=1,EE3,IF(EE6=2,EE4,IF(EE6=3,EE5))) -> 0.1576776 | EF8: 0.24308
A10: 投資組合 | C10: 公司數 | D10: 964
A11: 等分 | B11: 家數 | C11: 2014/01 | D11: 2014/02 | E11: 2014/03 | F11: 2014/04 | G11: 2014/05 | H11: 2014/06 | I11: 2014/07 | J11: 2014/08 | K11: 2014/09 | L11: 2014/10 | M11: 2014/11 | N11: 2014/12 | O11: 2015/01 | P11: 2015/02 | Q11: 2015/03 | R11: 2015/04 | S11: 2015/05 | T11: 2015/06 | U11: 2015/07 | V11: 2015/08 | W11: 2015/09 | X11: 2015/10 | Y11: 2015/11 | Z11: 2015/12 | AA11: 2016/01 | AB11: 2016/02 | AC11: 2016/03 | AD11: 2016/04 | AE11: 2016/05 | AF11: 2016/06 | AG11: 2016/07 | AH11: 2016/08 | AI11: 2016/09 | AJ11: 2016/10 | AK11: 2016/11 | AL11: 2016/12 | AM11: 2017/01 | AN11: 2017/02 | AO11: 2017/03 | AP11: 2017/04 | AQ11: 2017/05 | AR11: 2017/06 | AS11: 2017/07 | AT11: 2017/08 | AU11: 2017/09 | AV11: 2017/10 | AW11: 2017/11 | AX11: 2017/12 | AY11: 2018/01 | AZ11: 2018/02 | BA11: 2018/03 | BB11: 2018/04 | BC11: 2018/05 | BD11: 2018/06 | BE11: 2018/07 | BF11: 2018/08 | BG11: 2018/09 | BH11: 2018/10 | BI11: 2018/11 | BJ11: 2018/12 | BK11: 2019/01 | BL11: 2019/02 | BM11: 2019/03 | BN11: 2019/04 | BO11: 2019/05 | BP11: 2019/06 | BQ11: 2019/07 | BR11: 2019/08 | BS11: 2019/09 | BT11: 2019/10 | BU11: 2019/11 | BV11: 2019/12 | BW11: 2020/01 | BX11: 2020/02 | BY11: 2020/03 | BZ11: 2020/04 | CA11: 2020/05 | CB11: 2020/06 | CC11: 2020/07 | CD11: 2020/08 | CE11: 2020/09 | CF11: 2020/10 | CG11: 2020/11 | CH11: 2020/12 | CI11: 2021/01 | CJ11: 2021/02 | CK11: 2021/03 | CL11: 2021/04 | CM11: 2021/05 | CN11: 2021/06 | CO11: 2021/07 | CP11: 2021/08 | CQ11: 2021/09 | CR11: 2021/10 | CS11: 2021/11 | CT11: 2021/12 | CU11: 2022/01 | CV11: 2022/02 | CW11: 2022/03 | CX11: 2022/04 | CY11: 2022/05 | CZ11: 2022/06 | DA11: 2022/07 | DB11: 2022/08 | DC11: 2022/09 | DD11: 2022/10 | DE11: 2022/11 | DF11: 2022/12 | DG11: 2023/01 | DH11: 2023/02 | DI11: 2023/03 | DJ11: 2023/04 | DK11: 2023/05 | DL11: 2023/06 | DM11: 2023/07 | DN11: 2023/08 | DO11: 2023/09 | DP11: 2023/10 | DQ11: 2023/11 | DR11: 2023/12 | DS11: 2024/01 | DT11: 2024/02 | DU11: 2024/03 | DV11: 2024/04 | DW11: 2024/05 | DX11: 2024/06 | DY11: 2024/07 | DZ11: 2024/08 | EA11: 2024/09 | EB11: 2024/10 | EC11: 2024/11 | ED11: 2024/12 | EE11: 2025/01 | EF11: 2025/02
A12: 10 | B12: 96 | C12: 0.084653347 | D12: 0.11468863 | E12: 0.048026823 | F12: 0.055959385 | G12: 0.031947449 | H12: 0.038530512 | I12: 0.038097115 | J12: 0.043784579 | K12: 0.029187998 | L12: 0.041890941 | M12: 0.026889174 | N12: 0.069326987 | O12: 0.027914759 | P12: 0.019809765 | Q12: 0.033792784 | R12: 0.012898174 | S12: 0.075752807 | T12: 0.047867716 | U12: 0.020200814 | V12: 0.044098373 | W12: 0.064039415 | X12: 0.10964075 | Y12: 0.016788377 | Z12: 0.064919358 | AA12: 0.026918479 | AB12: 0.03460426 | AC12: 0.046772946 | AD12: 0.011230799 | AE12: 0.046437717 | AF12: 0.052012103 | AG12: 0.03061844 | AH12: 0.01309686 | AI12: 0.023246459 | AJ12: 0.0074902167 | AK12: 0.047354662 | AL12: 0.034105621 | AM12: 0.032204354 | AN12: 0.070370866 | AO12: 0.014995471 | AP12: 0.033728996 | AQ12: 0.0066823428 | AR12: 0.0075044281 | AS12: 0.019976273 | AT12: 0.072195382 | AU12: 0.063410262 | AV12: 0.053715631 | AW12: 0.017169705 | AX12: 0.044696012 | AY12: 0.024483354 | AZ12: 0.066563803 | BA12: 0.071276156 | BB12: 0.029036655 | BC12: 0.026690966 | BD12: 0.049233622 | BE12: 0.035368545 | BF12: 0.067616949 | BG12: 0.046757754 | BH12: 0.035079589 | BI12: 0.051439927 | BJ12: 0.043422499 | BK12: 0.020075652 | BL12: 0.032129098 | BM12: 0.050305685 | BN12: 0.019502538 | BO12: 0.02424631 | BP12: 0.026421957 | BQ12: 0.01520658 | BR12: 0.068693615 | BS12: 0.032642855 | BT12: 0.021288097 | BU12: 0.04808337 | BV12: 0.042282389 | BW12: 0.044477004 | BX12: 0.015984152 | BY12: 0.058929916 | BZ12: 0.045004028 | CA12: 0.030447774 | CB12: 0.072475876 | CC12: 0.065566613 | CD12: 0.11093363 | CE12: 0.15400701 | CF12: 0.026993353 | CG12: 0.04927796 | CH12: 0.06440264 | CI12: 0.035807413 | CJ12: 0.054120067 | CK12: 0.056101441 | CL12: 0.11801561 | CM12: 0.071708388 | CN12: 0.078465204 | CO12: 0.071292243 | CP12: 0.045040196 | CQ12: 0.062684347 | CR12: 0.057159987 | CS12: 0.00097857359 | CT12: 0.032114011 | CU12: 0.074779529 | CV12: 0.065033306 | CW12: 0.013036669 | CX12: 0.060989883 | CY12: 0.046072978 | CZ12: 0.079607283 | DA12: 0.036978661 | DB12: 0.088981816 | DC12: 0.033044377 | DD12: 0.069960546 | DE12: 0.024737644 | DF12: 0.055485734 | DG12: 0.046409818 | DH12: 0.061195155 | DI12: 0.059749068 | DJ12: 0.041378043 | DK12: 0.031928199 | DL12: 0.018669833 | DM12: 0.019237694 | DN12: 0.039228343 | DO12: 0.030556942 | DP12: 0.059408695 | DQ12: 0.074540647 | DR12: 0.018778943 | DS12: 0.069650552 | DT12: 0.024813842 | DU12: 0.057230283 | DV12: 0.052173184 | DW12: 0.044967834 | DX12: 0.049619207 | DY12: 0.053145311 | DZ12: 0.0061855961 | EA12: 0.11312704 | EB12: 0.030525777 | EC12: 0.02665151 | ED12: 0.056628036 | EE12: 0.026506892 | EF12: -0.039233348
A13: 20 | B13: 48 | C13: 0.10411275 | D13: 0.12374503 | E13: 0.069861556 | F13: 0.059986527 | G13: 0.012047404 | H13: 0.029989632 | I13: 0.037315684 | J13: 0.036406901 | K13: 0.060326139 | L13: 0.0060251613 | M13: 0.0032797582 | N13: 0.099806917 | O13: 0.017422699 | P13: 0.021104073 | Q13: 0.040198198 | R13: 0.016841702 | S13: 0.1229153 | T13: 0.074234082 | U13: 0.055957471 | V13: 0.05398777 | W13: 0.075476562 | X13: 0.12112777 | Y13: 0.023265061 | Z13: 0.073529553 | AA13: 0.047712648 | AB13: 0.04678235 | AC13: 0.0667717 | AD13: 0.02154369 | AE13: 0.077071417 | AF13: 0.073281161 | AG13: 0.031681783 | AH13: 0.011340352 | AI13: 0.01990991 | AJ13: -0.018507844 | AK13: 0.065987913 | AL13: 0.022550358 | AM13: 0.045764675 | AN13: 0.10533024 | AO13: -0.0017088467 | AP13: 0.05953822 | AQ13: 0.011082994 | AR13: -0.0092507325 | AS13: 0.023404964 | AT13: 0.086422915 | AU13: 0.076784334 | AV13: 0.079665976 | AW13: 0.026821238 | AX13: 0.032799832 | AY13: 0.015767643 | AZ13: 0.055449776 | BA13: 0.07982912 | BB13: 0.022547401 | BC13: 0.019110867 | BD13: 0.041676314 | BE13: 0.043773789 | BF13: 0.12165714 | BG13: 0.088397546 | BH13: 0.041023656 | BI13: 0.05278812 | BJ13: 0.051451919 | BK13: 0.025125773 | BL13: 0.03446004 | BM13: 0.053371769 | BN13: -0.0041015372 | BO13: 0.031735312 | BP13: 0.0079511464 | BQ13: 0.040819097 | BR13: 0.079831457 | BS13: 0.040180514 | BT13: 0.03366777 | BU13: 0.074658168 | BV13: 0.079930834 | BW13: 0.075714006 | BX13: 0.0014774348 | BY13: 0.039201957 | BZ13: 0.076927871 | CA13: 0.033531566 | CB13: 0.12042697 | CC13: 0.12011817 | CD13: 0.10549188 | CE13: 0.18382784 | CF13: 0.046939453 | CG13: 0.058014968 | CH13: 0.058334612 | CI13: 0.051853509 | CJ13: 0.054810181 | CK13: 0.065687126 | CL13: 0.084304391 | CM13: 0.10145222 | CN13: 0.10099417 | CO13: 0.085566239 | CP13: 0.070797472 | CQ13: 0.071178865 | CR13: 0.11164489 | CS13: 0.0095676537 | CT13: 0.043462268 | CU13: 0.10709096 | CV13: 0.077656051 | CW13: 0.03630912 | CX13: 0.060643762 | CY13: 0.064973825 | CZ13: 0.05722422 | DA13: 0.049446034 | DB13: 0.10623532 | DC13: 0.029740185 | DD13: 0.068977059 | DE13: 0.022441996 | DF13: 0.083122187 | DG13: 0.047729084 | DH13: 0.088720601 | DI13: 0.089748564 | DJ13: 0.0070211236 | DK13: 0.019386634 | DL13: 0.022050691 | DM13: -0.00053162261 | DN13: 0.014839798 | DO13: 0.037863465 | DP13: 0.058032309 | DQ13: 0.085310357 | DR13: 0.013771209 | DS13: 0.068596853 | DT13: 0.029845809 | DU13: 0.033006159 | DV13: 0.079620144 | DW13: 0.042028686 | DX13: 0.064641919 | DY13: 0.056981339 | DZ13: 0.018302124 | EA13: 0.12446896 | EB13: 0.057205293 | EC13: 0.041659753 | ED13: 0.065682094 | EE13: 0.041234384 | EF13: -0.067291157
A14: 50 | B14: 19 | C14: 0.11994149 | D14: 0.22230845 | E14: 0.098768248 | F14: 0.060341905 | G14: 0.05365663 | H14: 0.059587806 | I14: 0.04378736 | J14: 0.018612181 | K14: 0.050827466 | L14: 0.0084804476 | M14: -0.019021714 | N14: 0.20483258 | O14: 0.0014944079 | P14: 0.058345922 | Q14: 0.12456768 | R14: -0.015941187 | S14: 0.16589323 | T14: 0.035019555 | U14: 0.11019253 | V14: 0.024435027 | W14: 0.11616579 | X14: 0.1866857 | Y14: 0.0017560181 | Z14: 0.038511926 | AA14: 0.099905879 | AB14: 0.067753923 | AC14: -0.0030865623 | AD14: 0.039327892 | AE14: 0.11683692 | AF14: 0.096080095 | AG14: 0.01849082 | AH14: -0.0033462742 | AI14: 0.010964571 | AJ14: 0.015059036 | AK14: 0.066326746 | AL14: 0.018559542 | AM14: 0.068283273 | AN14: 0.092260489 | AO14: -0.038044353 | AP14: 0.069976525 | AQ14: 0.0081284167 | AR14: -0.018170823 | AS14: -0.0066693384 | AT14: 0.07940348 | AU14: 0.13785248 | AV14: 0.066258749 | AW14: 0.053928681 | AX14: 0.019370213 | AY14: 0.015068119 | AZ14: 0.025628928 | BA14: 0.096337325 | BB14: 0.11031125 | BC14: -0.028505683 | BD14: 0.043496923 | BE14: 0.07008177 | BF14: 0.15382926 | BG14: 0.12530531 | BH14: 0.073413464 | BI14: 0.052014236 | BJ14: 0.024016934 | BK14: -0.033237382 | BL14: 0.059996896 | BM14: 0.046278325 | BN14: -0.045371706 | BO14: 0.033609046 | BP14: -0.050332283 | BQ14: 0.012049423 | BR14: 0.10005242 | BS14: 0.030332724 | BT14: -0.015287928 | BU14: 0.11115945 | BV14: 0.10798163 | BW14: 0.13089751 | BX14: -0.00030713422 | BY14: -0.04260449 | BZ14: 0.11178052 | CA14: 0.024465266 | CB14: 0.1644655 | CC14: 0.12059616 | CD14: 0.09801671 | CE14: 0.1705553 | CF14: 0.095391142 | CG14: 0.057320664 | CH14: 0.064661392 | CI14: 0.10588478 | CJ14: 0.017796116 | CK14: 0.053792087 | CL14: 0.062269955 | CM14: 0.11006897 | CN14: 0.17459567 | CO14: 0.17324915 | CP14: 0.099809331 | CQ14: 0.0322279 | CR14: 0.20771971 | CS14: -0.0044126335 | CT14: 0.061872352 | CU14: 0.101545 | CV14: 0.15139684 | CW14: 0.044763884 | CX14: 0.032764329 | CY14: 0.050137743 | CZ14: 0.064063563 | DA14: 0.065393327 | DB14: 0.10460744 | DC14: 0.027534093 | DD14: 0.079205352 | DE14: 0.062526924 | DF14: 0.20156284 | DG14: 0.045583396 | DH14: 0.058741194 | DI14: 0.086646448 | DJ14: 0.0087940294 | DK14: 0.08162155 | DL14: 0.040754872 | DM14: 0.0011211497 | DN14: 0.039851708 | DO14: 0.10259219 | DP14: 0.062914808 | DQ14: 0.071172565 | DR14: 0.052622519 | DS14: 0.05605182 | DT14: 0.0077542903 | DU14: 0.068795273 | DV14: 0.10826235 | DW14: 0.0018093095 | DX14: 0.10216122 | DY14: 0.0742587 | DZ14: 0.035031 | EA14: 0.062912685 | EB14: 0.078179831 | EC14: 0.0060793821 | ED14: 0.10262971 | EE14: -0.0033992535 | EF14: -0.066632347
A15: 100 | B15: 10 | C15: 0.22764466 | D15: 0.37270922 | E15: 0.066038487 | F15: -0.034921437 | G15: 0.034403921 | H15: 0.1188437 | I15: 0.058431444 | J15: 0.049961465 | K15: 0.094514798 | L15: -0.012967085 | M15: -0.0021330164 | N15: 0.33030934 | O15: -0.012270796 | P15: 0.064116183 | Q15: 0.15553684 | R15: -0.05212969 | S15: 0.27023205 | T15: 0.045891077 | U15: 0.13696806 | V15: -0.017131853 | W15: 0.10693456 | X15: 0.21118633 | Y15: -0.011689718 | Z15: 0.046719972 | AA15: 0.16085038 | AB15: 0.066775214 | AC15: 0.0043176688 | AD15: 0.039690481 | AE15: 0.21179264 | AF15: 0.13772629 | AG15: 0.010123478 | AH15: -0.033604373 | AI15: 0.07427696 | AJ15: 0.00946486 | AK15: 0.057495575 | AL15: -0.0068817591 | AM15: 0.055122622 | AN15: 0.092861913 | AO15: -0.05138452 | AP15: 0.086457767 | AQ15: 0.019750987 | AR15: -0.02455082 | AS15: -0.048733221 | AT15: 0.070989813 | AU15: 0.16710843 | AV15: 0.037297929 | AW15: 0.091727473 | AX15: 0.081360566 | AY15: 0.028109416 | AZ15: 0.036847352 | BA15: 0.15768795 | BB15: 0.19771315 | BC15: -0.030936692 | BD15: 0.007362916 | BE15: 0.041397971 | BF15: 0.21087209 | BG15: 0.16605122 | BH15: 0.098649046 | BI15: 0.068586659 | BJ15: 0.075153898 | BK15: -0.072869419 | BL15: 0.059755421 | BM15: 0.048219004 | BN15: -0.066054035 | BO15: 0.027734476 | BP15: -0.051616854 | BQ15: 0.012802931 | BR15: 0.12376214 | BS15: 0.011865911 | BT15: 0.036633666 | BU15: 0.085545734 | BV15: 0.10464004 | BW15: 0.29887899 | BX15: 0.023949431 | BY15: -0.12602357 | BZ15: 0.10290647 | CA15: 0.018592021 | CB15: 0.1310914 | CC15: 0.17365171 | CD15: 0.12015208 | CE15: 0.07336812 | CF15: 0.098469994 | CG15: 0.085886022 | CH15: 0.062885958 | CI15: 0.027803072 | CJ15: 0.040671717 | CK15: 0.095640748 | CL15: 0.031421975 | CM15: 0.10811976 | CN15: 0.14314982 | CO15: 0.17335999 | CP15: 0.12753584 | CQ15: -0.02496336 | CR15: 0.18148893 | CS15: 0.0064830511 | CT15: 0.032216556 | CU15: 0.12404993 | CV15: 0.18261155 | CW15: 0.026072091 | CX15: 0.024039607 | CY15: 0.055732711 | CZ15: 0.077145074 | DA15: 0.088862212 | DB15: 0.097048242 | DC15: 0.024821107 | DD15: 0.014506726 | DE15: 0.057163635 | DF15: 0.30272045 | DG15: 0.047917485 | DH15: 0.12962194 | DI15: 0.042811767 | DJ15: 0.060023777 | DK15: 0.10032893 | DL15: -0.0003039932 | DM15: -0.0017732647 | DN15: 0.043996497 | DO15: 0.15954541 | DP15: 0.13430495 | DQ15: 0.037038689 | DR15: 0.039785608 | DS15: 0.037530144 | DT15: 0.05271879 | DU15: 0.11712765 | DV15: 0.13976836 | DW15: -0.060826326 | DX15: 0.11861625 | DY15: 0.14360957 | DZ15: 0.040455653 | EA15: 0.04345122 | EB15: 0.08808745 | EC15: 0.050736499 | ED15: 0.11335706 | EE15: 0.0031907205 | EF15: -0.062208305
A16: 107 | B16: 9 | C16: 0.20787478 | D16: 0.40819498 | E16: 0.065006577 | F16: -0.078715472 | G16: 0.0081465507 | H16: 0.072848056 | I16: 0.057530619 | J16: 0.046709926 | K16: 0.086420892 | L16: -0.031027151 | M16: -0.013987436 | N16: 0.36698761 | O16: -0.028587077 | P16: 0.061045232 | Q16: 0.15790307 | R16: -0.048990978 | S16: 0.2854546 | T16: 0.038406673 | U16: 0.13006247 | V16: -0.0060221453 | W16: 0.078373488 | X16: 0.24053196 | Y16: -0.020180588 | Z16: 0.043057931 | AA16: 0.16615889 | AB16: 0.074985042 | AC16: -0.012765448 | AD16: 0.034811172 | AE16: 0.20962824 | AF16: 0.14791561 | AG16: 0.013290753 | AH16: -0.0317654 | AI16: 0.090522649 | AJ16: -0.0070259661 | AK16: 0.064421401 | AL16: -0.014472512 | AM16: 0.066076731 | AN16: 0.1064562 | AO16: -0.041090153 | AP16: 0.077798368 | AQ16: 0.024036054 | AR16: -0.03249276 | AS16: -0.052642718 | AT16: 0.12256404 | AU16: 0.17023589 | AV16: 0.052080835 | AW16: 0.10898494 | AX16: 0.10062133 | AY16: 0.03381259 | AZ16: 0.046826876 | BA16: 0.1599907 | BB16: 0.22547356 | BC16: -0.038999392 | BD16: 0.0062821844 | BE16: 0.061197644 | BF16: 0.24778686 | BG16: 0.16122957 | BH16: 0.096162035 | BI16: 0.05233576 | BJ16: 0.081428119 | BK16: -0.1047732 | BL16: 0.061173599 | BM16: 0.039497985 | BN16: -0.06719797 | BO16: 0.02189036 | BP16: -0.057750061 | BQ16: 0.013312454 | BR16: 0.13058297 | BS16: 0.032006987 | BT16: 0.038066078 | BU16: 0.10153657 | BV16: 0.036585638 | BW16: 0.31797083 | BX16: 0.024078272 | BY16: -0.13255841 | BZ16: 0.11152585 | CA16: 0.017116104 | CB16: 0.13930874 | CC16: 0.044388153 | CD16: 0.15507127 | CE16: 0.09361423 | CF16: 0.10520126 | CG16: 0.061727878 | CH16: 0.041697415 | CI16: 0.038709882 | CJ16: 0.029703385 | CK16: 0.08842269 | CL16: 0.019995369 | CM16: 0.11305584 | CN16: 0.16035992 | CO16: 0.20954752 | CP16: 0.13761382 | CQ16: -0.02033378 | CR16: 0.18928653 | CS16: 0.040852188 | CT16: 0.048903526 | CU16: 0.1354717 | CV16: 0.17225152 | CW16: 0.047341659 | CX16: 0.012240285 | CY16: 0.058554306 | CZ16: 0.10263326 | DA16: 0.11818133 | DB16: 0.098017283 | DC16: 0.035357719 | DD16: 0.03174371 | DE16: 0.0345524 | DF16: 0.32557955 | DG16: 0.045676915 | DH16: 0.13714776 | DI16: 0.058505683 | DJ16: 0.070955052 | DK16: 0.096254625 | DL16: -0.021872874 | DM16: -0.038134996 | DN16: 0.042437853 | DO16: 0.16959095 | DP16: 0.16033399 | DQ16: 0.047070156 | DR16: 0.055191252 | DS16: 0.021440673 | DT16: 0.059112975 | DU16: 0.12277205 | DV16: 0.13695373 | DW16: -0.071302574 | DX16: 0.12528471 | DY16: 0.15757213 | DZ16: 0.058810748 | EA16: 0.00042051524 | EB16: 0.1006791 | EC16: 0.051117652 | ED16: 0.11541675 | EE16: 0.0043966753 | EF16: -0.039893907
A17: 120 | B17: 8 | C17: 0.20609219 | D17: 0.43958849 | E17: 0.079589849 | F17: -0.080752164 | G17: 0.10538707 | H17: 0.10499405 | I17: 0.11372503 | J17: 0.041858395 | K17: 0.10156008 | L17: -0.03377593 | M17: 0.014659142 | N17: 0.40510801 | O17: -0.011306676 | P17: 0.068410774 | Q17: 0.16180129 | R17: -0.052057609 | S17: 0.31065343 | T17: 0.023342586 | U17: 0.1417559 | V17: 0.0040111898 | W17: 0.079141989 | X17: 0.23798943 | Y17: -0.022928011 | Z17: 0.053763711 | AA17: 0.19128344 | AB17: 0.084852063 | AC17: -0.020086255 | AD17: 0.068619823 | AE17: 0.2221227 | AF17: 0.12028632 | AG17: 0.031873573 | AH17: -0.049437542 | AI17: 0.11486445 | AJ17: -0.042602631 | AK17: 0.031812486 | AL17: -0.0099837333 | AM17: 0.075369368 | AN17: 0.11328712 | AO17: -0.076694528 | AP17: 0.077242814 | AQ17: 0.0092339935 | AR17: -0.034997281 | AS17: -0.058802957 | AT17: 0.12707179 | AU17: 0.17756203 | AV17: 0.058529449 | AW17: 0.07618961 | AX17: 0.097619105 | AY17: 0.027423697 | AZ17: 0.047980434 | BA17: 0.16280641 | BB17: 0.23044204 | BC17: -0.027292824 | BD17: 0.019411872 | BE17: 0.044110253 | BF17: 0.14777683 | BG17: 0.18575158 | BH17: 0.13319111 | BI17: 0.099365392 | BJ17: 0.089191478 | BK17: -0.11481579 | BL17: 0.034152447 | BM17: 0.029059011 | BN17: -0.073656768 | BO17: 0.019886081 | BP17: -0.060638147 | BQ17: 0.01137651 | BR17: 0.11502235 | BS17: 0.020906018 | BT17: 0.033647573 | BU17: 0.1045243 | BV17: 0.038240957 | BW17: 0.20833683 | BX17: 0.0072009503 | BY17: -0.14247738 | BZ17: 0.12057816 | CA17: 0.027934832 | CB17: 0.14963316 | CC17: 0.041760252 | CD17: 0.17295974 | CE17: 0.095708074 | CF17: 0.098746197 | CG17: 0.074714989 | CH17: 0.058636447 | CI17: 0.014531185 | CJ17: 0.020950827 | CK17: 0.083955848 | CL17: -0.0094263448 | CM17: 0.095493871 | CN17: 0.17653128 | CO17: 0.19808042 | CP17: 0.14815927 | CQ17: 0.051907103 | CR17: 0.19640263 | CS17: 0.031345818 | CT17: 0.058653797 | CU17: 0.15535189 | CV17: 0.15147138 | CW17: 0.063393219 | CX17: 0.010772395 | CY17: 0.059497952 | CZ17: 0.12424884 | DA17: 0.094496399 | DB17: 0.10427163 | DC17: 0.043363469 | DD17: 0.029155421 | DE17: 0.024124863 | DF17: 0.35222555 | DG17: 0.047210988 | DH17: 0.1634318 | DI17: 0.07018239 | DJ17: 0.12892506 | DK17: 0.10278127 | DL17: -0.0039297317 | DM17: -0.042563609 | DN17: 0.035489033 | DO17: 0.17976293 | DP17: 0.14203416 | DQ17: 0.072654005 | DR17: 0.055884815 | DS17: 0.037354089 | DT17: 0.059811935 | DU17: 0.12949296 | DV17: 0.1177654 | DW17: -0.076598913 | DX17: 0.12953898 | DY17: 0.1072829 | DZ17: 0.049212629 | EA17: -0.0046325242 | EB17: 0.10728533 | EC17: 0.016425217 | ED17: 0.12832444 | EE17: -0.00019352115 | EF17: -0.047709767
A18: 137 | B18: 7 | C18: 0.18975112 | D18: 0.40188368 | E18: 0.05343935 | F18: -0.11938296 | G18: 0.10831637 | H18: 0.12853956 | I18: 0.13550018 | J18: 0.043411516 | K18: 0.13564789 | L18: -0.04667272 | M18: 0.029051464 | N18: 0.46182002 | O18: 0.031737941 | P18: 0.080174184 | Q18: 0.18897542 | R18: -0.069734027 | S18: 0.38373263 | T18: 0.052309698 | U18: 0.13249502 | V18: 0.012895135 | W18: 0.07729628 | X18: 0.21512106 | Y18: -0.019232334 | Z18: 0.089234363 | AA18: 0.17257066 | AB18: 0.088397637 | AC18: 0.0013654205 | AD18: 0.096285845 | AE18: 0.25839135 | AF18: 0.15054364 | AG18: 0.01574367 | AH18: -0.040197461 | AI18: 0.11808573 | AJ18: -0.047393756 | AK18: -0.002187481 | AL18: -0.00085555505 | AM18: 0.066643405 | AN18: 0.07929464 | AO18: 0.02458428 | AP18: 0.078278592 | AQ18: -0.016785142 | AR18: -0.061694524 | AS18: -0.083253128 | AT18: 0.16638581 | AU18: 0.19665973 | AV18: 0.060235665 | AW18: 0.097766862 | AX18: 0.12606434 | AY18: 0.034783279 | AZ18: 0.066341276 | BA18: 0.16410614 | BB18: 0.31745743 | BC18: 0.027942051 | BD18: 0.02027514 | BE18: 0.091172853 | BF18: 0.16498649 | BG18: 0.14671397 | BH18: 0.13789827 | BI18: 0.10900001 | BJ18: 0.099531519 | BK18: -0.073455627 | BL18: 0.055787881 | BM18: 0.028081356 | BN18: -0.078208699 | BO18: 0.020227496 | BP18: -0.062463432 | BQ18: 0.0019167841 | BR18: 0.12096182 | BS18: 0.032873257 | BT18: 0.013299151 | BU18: 0.11146155 | BV18: 0.039624426 | BW18: 0.2183755 | BX18: -0.015811924 | BY18: -0.087465268 | BZ18: 0.15331999 | CA18: 0.016076544 | CB18: 0.10684606 | CC18: 0.10466062 | CD18: 0.19371682 | CE18: 0.077260395 | CF18: 0.069437751 | CG18: 0.091609256 | CH18: 0.16265705 | CI18: 0.044565986 | CJ18: -0.0037723665 | CK18: 0.096058032 | CL18: -0.030989545 | CM18: 0.10276961 | CN18: 0.12094313 | CO18: 0.22828209 | CP18: 0.16283911 | CQ18: 0.038242676 | CR18: 0.19372241 | CS18: 0.057690649 | CT18: 0.076870227 | CU18: 0.14456482 | CV18: 0.12702227 | CW18: 0.066558574 | CX18: 0.061560186 | CY18: 0.071432459 | CZ18: 0.13284286 | DA18: 0.078358631 | DB18: 0.11811472 | DC18: 0.036408781 | DD18: 0.041014187 | DE18: 0.038420587 | DF18: 0.36669201 | DG18: 0.054770484 | DH18: 0.19240138 | DI18: 0.097963127 | DJ18: 0.14619608 | DK18: 0.10652726 | DL18: -0.0038302741 | DM18: -0.058457164 | DN18: -0.016722064 | DO18: 0.22032021 | DP18: 0.13348647 | DQ18: 0.065749458 | DR18: 0.076840655 | DS18: 0.011277982 | DT18: 0.022601035 | DU18: 0.15871482 | DV18: 0.10564061 | DW18: -0.06863695 | DX18: 0.15360298 | DY18: 0.13683311 | DZ18: 0.054630374 | EA18: -0.0047382972 | EB18: 0.10996435 | EC18: 0.0058228475 | ED18: 0.12007743 | EE18: 0.0011112877 | EF18: -0.048955017
A19: 160 | B19: 6 | C19: 0.19660027 | D19: 0.40752071 | E19: 0.044403932 | F19: -0.17768866 | G19: 0.096065972 | H19: 0.17761032 | I19: 0.13465433 | J19: 0.035429585 | K19: 0.23878941 | L19: -0.030362833 | M19: -0.043690236 | N19: 0.53237404 | O19: 0.031561874 | P19: 0.092534186 | Q19: 0.19013406 | R19: -0.090299091 | S19: 0.16657057 | T19: 0.051464717 | U19: 0.11376447 | V19: 0.036618688 | W19: 0.072415569 | X19: 0.14939987 | Y19: -0.029467236 | Z19: 0.091619111 | AA19: 0.1318329 | AB19: 0.099241927 | AC19: 0.014141543 | AD19: 0.095993378 | AE19: 0.30849286 | AF19: 0.16883058 | AG19: 0.027942319 | AH19: -0.042845934 | AI19: 0.091548663 | AJ19: -0.05154529 | AK19: 0.0075520425 | AL19: -0.0011362622 | AM19: 0.031311425 | AN19: 0.083568294 | AO19: 0.055890126 | AP19: 0.08757412 | AQ19: -0.054925492 | AR19: -0.074616898 | AS19: -0.10919888 | AT19: 0.18459366 | AU19: 0.23884424 | AV19: -0.0030326096 | AW19: 0.1366934 | AX19: 0.2241238 | AY19: 0.02952897 | AZ19: 0.084032472 | BA19: 0.18699678 | BB19: 0.36416093 | BC19: 0.18457179 | BD19: -7.3706968e-05 | BE19: 0.089480722 | BF19: 0.14180943 | BG19: 0.15330875 | BH19: 0.14049691 | BI19: 0.12779863 | BJ19: 0.051819308 | BK19: -0.097038423 | BL19: 0.063164534 | BM19: 0.031786265 | BN19: -0.08141326 | BO19: 0.025728961 | BP19: -0.012410341 | BQ19: 0.0099340445 | BR19: 0.13683924 | BS19: -0.0034999319 | BT19: -0.013193669 | BU19: 0.12418649 | BV19: 0.030350792 | BW19: 0.30745301 | BX19: -0.03639889 | BY19: -0.079866927 | BZ19: 0.063815394 | CA19: 0.02154569 | CB19: 0.12783821 | CC19: 0.022506233 | CD19: 0.2070858 | CE19: 0.088474859 | CF19: 0.084971509 | CG19: 0.057117625 | CH19: 0.15288987 | CI19: 0.037066946 | CJ19: -0.011811923 | CK19: 0.11879726 | CL19: -0.04324028 | CM19: 0.11023588 | CN19: 0.14319321 | CO19: 0.25123563 | CP19: 0.1590326 | CQ19: 0.032394608 | CR19: 0.17630672 | CS19: 0.05425045 | CT19: 0.026421201 | CU19: 0.14660754 | CV19: 0.094553008 | CW19: 0.060515879 | CX19: 0.093549718 | CY19: 0.073151337 | CZ19: 0.10046473 | DA19: 0.075182477 | DB19: 0.14796185 | DC19: -0.0351794 | DD19: 0.0062011253 | DE19: 0.033018415 | DF19: 0.20550175 | DG19: 0.066374265 | DH19: 0.22458978 | DI19: 0.10846144 | DJ19: 0.16525047 | DK19: 0.12144231 | DL19: -0.011982786 | DM19: -0.057300431 | DN19: -0.0041776448 | DO19: 0.24926195 | DP19: 0.17026813 | DQ19: 0.080374172 | DR19: 0.075962353 | DS19: -0.0056773135 | DT19: 0.0050332465 | DU19: 0.15058192 | DV19: 0.11953184 | DW19: -0.10129597 | DX19: 0.13836513 | DY19: 0.13924868 | DZ19: 0.078537948 | EA19: 0.032919727 | EB19: 0.10875351 | EC19: -0.0086215225 | ED19: 0.15093532 | EE19: -0.0073065267 | EF19: -0.016977955
A20: 192 | B20: 5 | C20: 0.20155105 | D20: 0.38202502 | E20: 0.05733635 | F20: -0.20553126 | G20: 0.11718314 | H20: 0.14393228 | I20: 0.15814956 | J20: 0.06672115 | K20: 0.2147245 | L20: -0.030695483 | M20: -0.077718228 | N20: 0.50001148 | O20: 0.049864886 | P20: 0.091169928 | Q20: 0.20756771 | R20: -0.10925306 | S20: 0.16233623 | T20: 0.085465456 | U20: 0.12232904 | V20: 0.012644103 | W20: 0.091084869 | X20: 0.21038641 | Y20: -0.04206749 | Z20: 0.10561696 | AA20: 0.13048337 | AB20: 0.084759841 | AC20: 0.047248263 | AD20: 0.12984342 | AE20: 0.16122121 | AF20: 0.22349782 | AG20: 0.027659219 | AH20: -0.090178201 | AI20: 0.11633676 | AJ20: -0.061990035 | AK20: -0.013595115 | AL20: -0.0056166264 | AM20: 0.033095981 | AN20: 0.075470194 | AO20: 0.049108295 | AP20: 0.13173046 | AQ20: 0.072900746 | AR20: -0.013289273 | AS20: -0.042291716 | AT20: 0.23912375 | AU20: 0.28169787 | AV20: -0.032246613 | AW20: 0.22499784 | AX20: 0.20433922 | AY20: 0.038674698 | AZ20: 0.099804303 | BA20: 0.15133773 | BB20: 0.37844679 | BC20: 0.24014067 | BD20: 0.0083601734 | BE20: 0.098278375 | BF20: 0.13797126 | BG20: 0.094062056 | BH20: 0.1500573 | BI20: 0.13174527 | BJ20: 0.055155921 | BK20: -0.11765037 | BL20: 0.069859442 | BM20: 0.047468551 | BN20: 0.018638027 | BO20: -0.038461718 | BP20: 0.0072822475 | BQ20: 0.015451707 | BR20: 0.18112708 | BS20: -0.032536198 | BT20: -0.052467623 | BU20: 0.149441 | BV20: -0.081543442 | BW20: 0.35182955 | BX20: -0.052861422 | BY20: -0.0046393591 | BZ20: 0.090271404 | CA20: 0.0019938221 | CB20: 0.12649505 | CC20: 0.012915147 | CD20: 0.1810275 | CE20: 0.085778173 | CF20: 0.080957937 | CG20: 0.075970241 | CH20: 0.071864026 | CI20: 0.030394674 | CJ20: -0.041509985 | CK20: 0.080589624 | CL20: -0.092184934 | CM20: 0.096775806 | CN20: 0.20489183 | CO20: 0.29657331 | CP20: 0.19203121 | CQ20: 0.023118045 | CR20: 0.19548611 | CS20: 0.097137099 | CT20: 0.028414407 | CU20: 0.14672801 | CV20: 0.11921413 | CW20: 0.067903708 | CX20: 0.090298551 | CY20: 0.10873284 | CZ20: 0.15516165 | DA20: 0.077081697 | DB20: 0.07696807 | DC20: -0.047084133 | DD20: 0.0035971848 | DE20: 0.010418722 | DF20: 0.24557421 | DG20: 0.052344813 | DH20: 0.27829885 | DI20: 0.13759576 | DJ20: 0.13655809 | DK20: 0.08518754 | DL20: -0.019465373 | DM20: -0.069336107 | DN20: 0.058019207 | DO20: 0.25800136 | DP20: 0.20015543 | DQ20: 0.057460182 | DR20: 0.07851266 | DS20: -0.0074906958 | DT20: -0.029685339 | DU20: 0.17637517 | DV20: 0.12934547 | DW20: -0.10354617 | DX20: 0.15386633 | DY20: 0.12159146 | DZ20: 0.090199646 | EA20: -0.0059255993 | EB20: 0.082407142 | EC20: 0.034049581 | ED20: 0.17691886 | EE20: -0.0017409798 | EF20: -0.020281417
A21: 241 | B21: 4 | C21: 0.21462958 | D21: 0.12638792 | E21: -0.01369017 | F21: -0.18403858 | G21: 0.14384215 | H21: 0.16216409 | I21: 0.14725561 | J21: 0.060435326 | K21: 0.20688003 | L21: 0.0050291533 | M21: -0.099684593 | N21: 0.58489126 | O21: 0.034351989 | P21: 0.1447726 | Q21: 0.25731007 | R21: -0.10583571 | S21: 0.12859029 | T21: 0.098461673 | U21: 0.086278418 | V21: 0.053557619 | W21: 0.12449862 | X21: 0.21363094 | Y21: -0.020833083 | Z21: 0.11787203 | AA21: 0.11063591 | AB21: 0.12814324 | AC21: 0.018827737 | AD21: 0.12882467 | AE21: 0.12810498 | AF21: 0.29514426 | AG21: 0.044302778 | AH21: -0.10758136 | AI21: 0.10212368 | AJ21: -0.070405342 | AK21: -0.030643434 | AL21: 0.019780814 | AM21: 0.064856978 | AN21: 0.11195606 | AO21: 0.085567775 | AP21: 0.062390554 | AQ21: 0.067199966 | AR21: 0.047988141 | AS21: -0.045406682 | AT21: 0.26483826 | AU21: 0.34648126 | AV21: -0.068713913 | AW21: 0.26325492 | AX21: 0.2177183 | AY21: 0.047021291 | AZ21: 0.10850236 | BA21: 0.13959268 | BB21: 0.40443143 | BC21: 0.16446053 | BD21: 0.038219147 | BE21: 0.13674536 | BF21: 0.19911722 | BG21: 0.092285572 | BH21: 0.10684211 | BI21: 0.1659696 | BJ21: 0.022394062 | BK21: -0.072723115 | BL21: 0.08734079 | BM21: 0.040795286 | BN21: 0.025790766 | BO21: -0.010668392 | BP21: -0.0041808023 | BQ21: 0.054542231 | BR21: 0.14206146 | BS21: -0.065741821 | BT21: -0.060820743 | BU21: 0.17073851 | BV21: -0.04433998 | BW21: 0.18446067 | BX21: -0.077165003 | BY21: -0.055666292 | BZ21: 0.09815671 | CA21: 0.024556069 | CB21: 0.20786985 | CC21: -0.0080189543 | CD21: 0.28805606 | CE21: 0.061514882 | CF21: 0.13126568 | CG21: 0.085085335 | CH21: 0.080100321 | CI21: 0.080499616 | CJ21: -0.055140849 | CK21: 0.06715963 | CL21: -0.21045238 | CM21: 0.11623182 | CN21: 0.080851509 | CO21: 0.33548376 | CP21: 0.22270006 | CQ21: 0.022912194 | CR21: 0.23905997 | CS21: 0.061269036 | CT21: 0.047993104 | CU21: 0.15891662 | CV21: 0.15433184 | CW21: 0.038345517 | CX21: 0.10212218 | CY21: 0.10250516 | CZ21: 0.23745137 | DA21: 0.041709064 | DB21: 0.071461214 | DC21: -0.038546271 | DD21: 0.0028187944 | DE21: 0.028977737 | DF21: 0.30115021 | DG21: 0.059409519 | DH21: 0.081436188 | DI21: 0.17983983 | DJ21: 0.15660572 | DK21: 0.090895591 | DL21: -0.012736992 | DM21: -0.024988802 | DN21: 0.061960781 | DO21: 0.3316268 | DP21: 0.22901989 | DQ21: 0.070422699 | DR21: 0.050170859 | DS21: -0.0016720947 | DT21: -0.0052151903 | DU21: 0.14861472 | DV21: 0.14027598 | DW21: -0.10353449 | DX21: 0.18596621 | DY21: 0.16673097 | DZ21: 0.098930574 | EA21: -0.035066457 | EB21: 0.026302194 | EC21: 0.0030649685 | ED21: 0.054498856 | EE21: 0.021310592 | EF21: 0.0079916029
A22: 321 | B22: 3 | C22: 0.2052803 | D22: 0.14242785 | E22: -0.017355099 | F22: -0.067831061 | G22: 0.10388436 | H22: 0.12417806 | I22: 0.12349317 | J22: 0.052598589 | K22: 0.24536591 | L22: -0.014273209 | M22: -0.074100059 | N22: 0.75614344 | O22: -0.0067158783 | P22: 0.072782884 | Q22: 0.27677689 | R22: -0.036628434 | S22: 0.16964656 | T22: 0.12881242 | U22: 0.11059002 | V22: 0.038286777 | W22: 0.15804775 | X22: 0.22178676 | Y22: -0.015732208 | Z22: 0.075548269 | AA22: 0.082524426 | AB22: 0.13443621 | AC22: 0.085776461 | AD22: 0.013572789 | AE22: 0.13082384 | AF22: 0.42991677 | AG22: 0.05284154 | AH22: -0.10586596 | AI22: 0.11100371 | AJ22: -0.031699849 | AK22: 0.10128856 | AL22: -0.0094397385 | AM22: 0.084088903 | AN22: 0.11113281 | AO22: 0.15815288 | AP22: 0.062536354 | AQ22: 0.11013171 | AR22: 0.067924488 | AS22: 0.073843703 | AT22: 0.017728371 | AU22: 0.42935378 | AV22: -0.089753982 | AW22: 0.37079928 | AX22: -0.009875186 | AY22: 0.071733385 | AZ22: 0.1551884 | BA22: 0.049774958 | BB22: 0.51826405 | BC22: 0.19562604 | BD22: 0.079259545 | BE22: 0.12806788 | BF22: 0.19910245 | BG22: -0.041231469 | BH22: 0.12770701 | BI22: 0.11108872 | BJ22: 0.040890332 | BK22: -0.048315241 | BL22: 0.13947139 | BM22: 0.0024304832 | BN22: 0.082937899 | BO22: -0.097012896 | BP22: -0.00054100012 | BQ22: 0.027830097 | BR22: 0.10656678 | BS22: -0.09704759 | BT22: 0.088726194 | BU22: 0.10435058 | BV22: -0.048603535 | BW22: 0.13217179 | BX22: -0.1130289 | BY22: -0.05559705 | BZ22: 0.047257736 | CA22: 0.027490078 | CB22: 0.25473926 | CC22: -0.125104 | CD22: 0.33387804 | CE22: 0.066840146 | CF22: 0.18879979 | CG22: 0.20708533 | CH22: 0.11591877 | CI22: 0.11777975 | CJ22: -0.12632536 | CK22: 0.11092354 | CL22: -0.2406518 | CM22: 0.21983249 | CN22: 0.15280392 | CO22: 0.2720595 | CP22: 0.25940856 | CQ22: 0.017159616 | CR22: 0.24677277 | CS22: 0.084781936 | CT22: 0.038262615 | CU22: 0.16735391 | CV22: 0.16622268 | CW22: 0.022884042 | CX22: 0.0037495933 | CY22: 0.10451083 | CZ22: 0.26292048 | DA22: 0.032453995 | DB22: 0.054041622 | DC22: -0.03949433 | DD22: 0.031710169 | DE22: -0.017756504 | DF22: 0.38966763 | DG22: 0.071889499 | DH22: 0.081454382 | DI22: 0.060122111 | DJ22: 0.15369976 | DK22: 0.091428405 | DL22: -0.0032133307 | DM22: -0.031884709 | DN22: 0.046763328 | DO22: 0.075715816 | DP22: 0.16956243 | DQ22: 0.16540417 | DR22: -0.0060925526 | DS22: -0.036346262 | DT22: 0.027128754 | DU22: 0.16154691 | DV22: 0.12570512 | DW22: -0.081415413 | DX22: 0.22244261 | DY22: 0.11995602 | DZ22: 0.1108345 | EA22: -0.034191242 | EB22: 0.12976595 | EC22: 0.021495102 | ED22: 0.077413567 | EE22: 0.047636659 | EF22: 0.034790246
A23: 482 | B23: 2 | C23: 0.28298927 | D23: 0.25409263 | E23: 0.13300519 | F23: -0.18239608 | G23: -0.026971569 | H23: -0.018188471 | I23: 0.14815203 | J23: -0.098162291 | K23: 0.14260758 | L23: -0.050770834 | M23: -0.25844992 | N23: 0.97590144 | O23: -0.019407711 | P23: 0.090401711 | Q23: -0.059568017 | R23: -0.024313795 | S23: 0.11372453 | T23: 0.15460269 | U23: 0.093757422 | V23: -0.023029457 | W23: 0.25954732 | X23: 0.18178119 | Y23: -0.014659802 | Z23: 0.033032515 | AA23: -0.056748446 | AB23: 0.06403978 | AC23: 0.1687548 | AD23: 0.071628868 | AE23: 0.13721199 | AF23: 0.32465933 | AG23: 0.091873658 | AH23: -0.084171585 | AI23: 0.2091516 | AJ23: 0.0481956 | AK23: 0.1141111 | AL23: -0.014066593 | AM23: 0.007769489 | AN23: 0.2423147 | AO23: 0.09078248 | AP23: -0.0031210994 | AQ23: 0.099380639 | AR23: 0.14613616 | AS23: 0.081663621 | AT23: 0.1095059 | AU23: 0.60833204 | AV23: -0.049150067 | AW23: 0.58225997 | AX23: -0.014812779 | AY23: 0.17023398 | AZ23: 0.078071577 | BA23: 0.053998339 | BB23: 0.68602333 | BC23: 0.25286918 | BD23: 0.12597278 | BE23: 0.12429214 | BF23: 0.21000911 | BG23: 0.038322827 | BH23: 0.063365196 | BI23: 0.19111208 | BJ23: 0.057493861 | BK23: -0.047849323 | BL23: 0.11436629 | BM23: -0.069495462 | BN23: 0.038453237 | BO23: -0.16631017 | BP23: -0.022475721 | BQ23: 0.049611841 | BR23: 0.10282259 | BS23: -0.22056709 | BT23: 0.21818668 | BU23: 0.10568527 | BV23: -0.053269051 | BW23: 0.015362515 | BX23: -0.068735089 | BY23: 0.11824923 | BZ23: 0.0076697624 | CA23: 0.0756532 | CB23: 0.31616676 | CC23: -0.084544615 | CD23: 0.19167646 | CE23: 0.059602302 | CF23: 0.15713491 | CG23: 0.21663724 | CH23: 0.18019645 | CI23: 0.30989942 | CJ23: -0.1565159 | CK23: 0.071856391 | CL23: -0.40866101 | CM23: 0.23470497 | CN23: 0.27710426 | CO23: 0.26615854 | CP23: 0.31136074 | CQ23: -0.02470227 | CR23: 0.15099817 | CS23: 0.065159884 | CT23: 0.065390215 | CU23: 0.20210388 | CV23: 0.15333097 | CW23: -0.024186288 | CX23: -0.088716994 | CY23: 0.15375033 | CZ23: 0.18199879 | DA23: 0.064644882 | DB23: 0.018747066 | DC23: 0.11919049 | DD23: 0.092798675 | DE23: -0.060085948 | DF23: 0.40879492 | DG23: 0.067620427 | DH23: 0.13922689 | DI23: 0.096040551 | DJ23: 0.12003258 | DK23: 0.091244989 | DL23: 0.026242652 | DM23: -0.046477316 | DN23: 0.006497196 | DO23: 0.12406844 | DP23: 0.17683962 | DQ23: 0.24594611 | DR23: -0.089886003 | DS23: -0.11657599 | DT23: -0.022296457 | DU23: 0.055639479 | DV23: 0.27627161 | DW23: 0.023051821 | DX23: 0.31349321 | DY23: -0.053926225 | DZ23: -0.21717399 | EA23: -0.093362079 | EB23: 0.24428466 | EC23: -0.036584316 | ED23: 0.091425905 | EE23: 0.069212076 | EF23: 0.047782279
A24: 964 | B24: 1 | C24: 0.099113364 | D24: 0.10060991 | E24: 0.2845125 | F24: -0.20154572 | G24: -0.022622389 | H24: 0.035855797 | I24: -0.0021119332 | J24: -0.099972193 | K24: 0.050444336 | L24: -0.093799693 | M24: -0.14681934 | N24: 1.7690314 | O24: 0.036648791 | P24: 0.10424841 | Q24: -0.060964962 | R24: -0.24569737 | S24: 0.35251446 | T24: -0.27048671 | U24: 0.14851867 | V24: -0.067139303 | W24: -0.16456452 | X24: -0.036157896 | Y24: -0.0094770149 | Z24: 0.10584233 | AA24: 0.21854458 | AB24: 0.19533962 | AC24: 0.40174733 | AD24: 0.1011753 | AE24: 0.19314179 | AF24: 0.49538941 | AG24: 0.13873572 | AH24: -0.05669736 | AI24: 0.31041424 | AJ24: -0.080891244 | AK24: 0.084883953 | AL24: 0.087173701 | AM24: -0.018919281 | AN24: 0.22118947 | AO24: 0.1029057 | AP24: 0.022851715 | AQ24: 0.2171272 | AR24: 0.17083341 | AS24: 0.0032867737 | AT24: 0.15076898 | AU24: 0.47705419 | AV24: 0.24768466 | AW24: -0.14871096 | AX24: 0.11149134 | AY24: 0.16812729 | AZ24: 0.11862373 | BA24: 0.050491305 | BB24: 0.87270315 | BC24: -0.0043668696 | BD24: 0.018631034 | BE24: -0.057380538 | BF24: -0.064370421 | BG24: -0.090984228 | BH24: 0.14767357 | BI24: 0.22362911 | BJ24: 0.19964003 | BK24: -0.034827647 | BL24: 0.10610692 | BM24: 0.08478294 | BN24: 0.10891326 | BO24: -0.16110969 | BP24: 0.031794104 | BQ24: -0.064169633 | BR24: 0.098920889 | BS24: -0.12162104 | BT24: 0.27671902 | BU24: 0.0087484923 | BV24: -0.046258706 | BW24: 0.15102745 | BX24: -0.10395503 | BY24: 0.11840823 | BZ24: 0.2588929 | CA24: 0.11522168 | CB24: 0.63969813 | CC24: -0.18246988 | CD24: 0.032392267 | CE24: 0.16556487 | CF24: 0.22172136 | CG24: 0.51996897 | CH24: 0.3542773 | CI24: -0.32845182 | CJ24: -0.30018689 | CK24: 0.32305927 | CL24: 0.14175533 | CM24: 0.63643326 | CN24: 0.6096772 | CO24: 0.45247744 | CP24: 0.28781577 | CQ24: -0.16018965 | CR24: 0.13778746 | CS24: 0.10797424 | CT24: -0.11954439 | CU24: 0.052729045 | CV24: 0.18286409 | CW24: -0.23499322 | CX24: 0.055207194 | CY24: 0.32114775 | CZ24: 0.11220663 | DA24: 0.033979585 | DB24: -0.016501866 | DC24: 0.1944536 | DD24: -0.19584472 | DE24: 0.13158559 | DF24: 0.52558501 | DG24: 0.11954529 | DH24: 0.26580268 | DI24: 0.037184908 | DJ24: 0.22936987 | DK24: 0.11968018 | DL24: 0.061360513 | DM24: -0.00041344525 | DN24: 0.23333457 | DO24: 0.11561196 | DP24: 0.22357182 | DQ24: 0.3590713 | DR24: -0.02051563 | DS24: -0.067362546 | DT24: -0.029435726 | DU24: -0.021781395 | DV24: 0.1582247 | DW24: 0.1011825 | DX24: 0.31159313 | DY24: -0.0032398766 | DZ24: -0.43350658 | EA24: -0.023171502 | EB24: 0.58969792 | EC24: -0.014309919 | ED24: 0.056172845 | EE24: 0.10748066 | EF24: -0.067276677
A25: 大盤 | B25: TWⅡ | C25: -0.017446771 | D25: 0.020701061 | E25: 0.023982129 | F25: -0.006557579 | G25: 0.03184513 | H25: 0.034348533 | I25: -0.0082549328 | J25: 0.012843524 | K25: -0.051018525 | L25: 0.00087394274 | M25: 0.023389576 | N25: 0.012988972 | O25: 0.0058545887 | P25: 0.027413207 | Q25: -0.0037129361 | R25: 0.024076614 | S25: -0.012190025 | T25: -0.039749578 | U25: -0.07315545 | V25: -0.05826023 | W25: 0.00077279757 | X25: 0.044591521 | Y25: -0.02769968 | Z25: 0.0020950059 | AA25: -0.023400551 | AB25: 0.032129371 | AC25: 0.038903273 | AD25: -0.042865382 | AE25: 0.018647195 | AF25: 0.015229768 | AG25: 0.036016604 | AH25: 0.0093546114 | AI25: 0.010748251 | AJ25: 0.013357754 | AK25: -0.0053327473 | AL25: 0.0013831358 | AM25: 0.020795928 | AN25: 0.031517702 | AO25: 0.0062417165 | AP25: 0.0061452617 | AQ25: 0.016946358 | AR25: 0.03468283 | AS25: 0.0030985886 | AT25: 0.015081347 | AU25: -0.019251209 | AV25: 0.038711513 | AW25: -0.021856951 | AX25: 0.0077743007 | AY25: 0.042397247 | AZ25: -0.026308975 | BA25: 0.0095717493 | BB25: -0.024249741 | BC25: 0.020163374 | BD25: -0.0035049988 | BE25: 0.020151935 | BF25: 0.00058133623 | BG25: -0.005219701 | BH25: -0.11587176 | BI25: 0.0087252257 | BJ25: -0.016377261 | BK25: 0.020840372 | BL25: 0.044975872 | BM25: 0.023954306 | BN25: 0.030239101 | BO25: -0.043725888 | BP25: 0.02188947 | BQ25: 0.0086274303 | BR25: -0.019192954 | BS25: 0.01973513 | BT25: 0.047694337 | BU25: 0.011454817 | BV25: 0.043228621 | BW25: -0.04274743 | BX25: -0.017811292 | BY25: -0.1511531 | BZ25: 0.124224 | CA25: -0.0045572538 | CB25: 0.06021124 | CC25: 0.085992033 | CD25: -0.0058084796 | CE25: -0.006041347 | CF25: 0.0024523244 | CG25: 0.089636252 | CH25: 0.070992733 | CI25: 0.027170643 | CJ25: 0.052468428 | CK25: 0.029480661 | CL25: 0.066825081 | CM25: -0.028772229 | CN25: 0.039462516 | CO25: -0.029031087 | CP25: 0.013983883 | CQ25: -0.032276965 | CR25: 0.0031035766 | CS25: 0.025591856 | CT25: 0.044391886 | CU25: -0.030338959 | CV25: -0.0012579765 | CW25: 0.0023363565 | CX25: -0.064264145 | CY25: 0.012909779 | CZ25: -0.12547709 | DA25: 0.011690683 | DB25: 0.0063378437 | DC25: -0.11730536 | DD25: -0.036010872 | DE25: 0.1389113 | DF25: -0.051143506 | DG25: 0.076731447 | DH25: 0.015508782 | DI25: 0.023223774 | DJ25: -0.018372876 | DK25: 0.062199014 | DL25: 0.020098304 | DM25: 0.01349894 | DN25: -0.030252213 | DO25: -0.017022836 | DP25: -0.021788523 | DQ25: 0.085745625 | DR25: 0.028106744 | DS25: -0.0023031598 | DT25: 0.058471198 | DU25: 0.067658949 | DV25: 0.0050207706 | DW25: 0.037416184 | DX25: 0.084111004 | DY25: -0.036832399 | DZ25: 0.0030917028 | EA25: -0.0019576282 | EB25: 0.026459104 | EC25: -0.024752539 | ED25: 0.034115491 | EE25: 0.021061974 | EF25: -0.020277393

Sheet 預測IC
A1: Predict
B2: Time | C2: 2013/12 | D2: 2014/01 | E2: 2014/02 | F2: 2014/03 | G2: 2014/04 | H2: 2014/05 | I2: 2014/06 | J2: 2014/07 | K2: 2014/08 | L2: 2014/09 | M2: 2014/10 | N2: 2014/11 | O2: 2014/12 | P2: 2015/01 | Q2: 2015/02 | R2: 2015/03 | S2: 2015/04 | T2: 2015/05 | U2: 2015/06 | V2: 2015/07 | W2: 2015/08 | X2: 2015/09 | Y2: 2015/10 | Z2: 2015/11 | AA2: 2015/12 | AB2: 2016/01 | AC2: 2016/02 | AD2: 2016/03 | AE2: 2016/04 | AF2: 2016/05 | AG2: 2016/06 | AH2: 2016/07 | AI2: 2016/08 | AJ2: 2016/09 | AK2: 2016/10 | AL2: 2016/11 | AM2: 2016/12 | AN2: 2017/01 | AO2: 2017/02 | AP2: 2017/03 | AQ2: 2017/04 | AR2: 2017/05 | AS2: 2017/06 | AT2: 2017/07 | AU2: 2017/08 | AV2: 2017/09 | AW2: 2017/10 | AX2: 2017/11 | AY2: 2017/12 | AZ2: 2018/01 | BA2: 2018/02 | BB2: 2018/03 | BC2: 2018/04 | BD2: 2018/05 | BE2: 2018/06 | BF2: 2018/07 | BG2: 2018/08 | BH2: 2018/09 | BI2: 2018/10 | BJ2: 2018/11 | BK2: 2018/12 | BL2: 2019/01 | BM2: 2019/02 | BN2: 2019/03 | BO2: 2019/04 | BP2: 2019/05 | BQ2: 2019/06 | BR2: 2019/07 | BS2: 2019/08 | BT2: 2019/09 | BU2: 2019/10 | BV2: 2019/11 | BW2: 2019/12 | BX2: 2020/01 | BY2: 2020/02 | BZ2: 2020/03 | CA2: 2020/04 | CB2: 2020/05 | CC2: 2020/06 | CD2: 2020/07 | CE2: 2020/08 | CF2: 2020/09 | CG2: 2020/10 | CH2: 2020/11 | CI2: 2020/12 | CJ2: 2021/01 | CK2: 2021/02 | CL2: 2021/03 | CM2: 2021/04 | CN2: 2021/05 | CO2: 2021/06 | CP2: 2021/07 | CQ2: 2021/08 | CR2: 2021/09 | CS2: 2021/10 | CT2: 2021/11 | CU2: 2021/12 | CV2: 2022/01 | CW2: 2022/02 | CX2: 2022/03 | CY2: 2022/04 | CZ2: 2022/05 | DA2: 2022/06 | DB2: 2022/07 | DC2: 2022/08 | DD2: 2022/09 | DE2: 2022/10 | DF2: 2022/11 | DG2: 2022/12 | DH2: 2023/01 | DI2: 2023/02 | DJ2: 2023/03 | DK2: 2023/04 | DL2: 2023/05 | DM2: 2023/06 | DN2: 2023/07 | DO2: 2023/08 | DP2: 2023/09 | DQ2: 2023/10 | DR2: 2023/11 | DS2: 2023/12 | DT2: 2024/01 | DU2: 2024/02 | DV2: 2024/03 | DW2: 2024/04 | DX2: 2024/05 | DY2: 2024/06 | DZ2: 2024/07 | EA2: 2024/08 | EB2: 2024/09 | EC2: 2024/10 | ED2: 2024/11 | EE2: 2024/12 | EF2: 2025/01
B3: bm | C3: 0.073912658 | D3: 0.075634934 | E3: 0.053515486 | F3: 0.061629988 | G3: 0.050796419 | H3: 0.035059132 | I3: 0.090367138 | J3: 0.065266319 | K3: -0.012474539 | L3: 0.07754764 | M3: 0.064441182 | N3: 0.04651219 | O3: 0.067610271 | P3: -0.025644939 | Q3: 0.033374421 | R3: 0.057588164 | S3: -0.03419546 | T3: 0.058177851 | U3: 0.038116455 | V3: -0.0055063977 | W3: 0.058136616 | X3: 0.05687042 | Y3: 0.059794772 | Z3: 0.01319172 | AA3: 0.066306375 | AB3: 0.058820508 | AC3: 0.057617776 | AD3: 0.036969934 | AE3: 0.078433976 | AF3: 0.043248169 | AG3: 0.055671927 | AH3: 0.016907433 | AI3: 0.037138056 | AJ3: 0.039113328 | AK3: 0.042720824 | AL3: 0.027467238 | AM3: 0.053318277 | AN3: 0.1098325 | AO3: 0.019733673 | AP3: 0.036758669 | AQ3: 0.05132718 | AR3: 0.053256318 | AS3: 0.054331318 | AT3: 0.043143794 | AU3: 0.038841631 | AV3: 0.055265516 | AW3: 0.050267205 | AX3: -0.060497068 | AY3: 0.056344893 | AZ3: 0.044756263 | BA3: 0.049546454 | BB3: 0.065231696 | BC3: 0.052208934 | BD3: 0.050287269 | BE3: 0.053227734 | BF3: 0.052831601 | BG3: -0.022505151 | BH3: 0.053355973 | BI3: -0.042333741 | BJ3: -0.041621774 | BK3: 0.0527323 | BL3: 0.052711453 | BM3: 0.05278958 | BN3: 0.057516374 | BO3: -0.042583652 | BP3: 0.039963931 | BQ3: 0.052070383 | BR3: 0.050181154 | BS3: 0.054154158 | BT3: 0.049134161 | BU3: 0.055349864 | BV3: 0.052839477 | BW3: 0.029234827 | BX3: 0.047284011 | BY3: -0.0042058714 | BZ3: 0.053063441 | CA3: 0.039631478 | CB3: 0.046001714 | CC3: 0.051699594 | CD3: 0.052426741 | CE3: 0.047352515 | CF3: 0.021231763 | CG3: 0.045137141 | CH3: -0.049076565 | CI3: 0.020267023 | CJ3: 0.057584956 | CK3: 0.06919612 | CL3: 0.042080969 | CM3: 0.049845971 | CN3: -0.048408799 | CO3: 0.048292059 | CP3: 0.039594132 | CQ3: 0.048842102 | CR3: 0.049500272 | CS3: 0.047897454 | CT3: 0.028369874 | CU3: 0.044375256 | CV3: 0.050530951 | CW3: 0.043176312 | CX3: 0.052143924 | CY3: 0.050900701 | CZ3: 0.042558175 | DA3: 0.044029783 | DB3: -0.04391953 | DC3: 0.051982991 | DD3: -0.0084397029 | DE3: 0.052998926 | DF3: 0.04483768 | DG3: 0.043406125 | DH3: 0.047541145 | DI3: 0.048345033 | DJ3: 0.052155863 | DK3: 0.089188196 | DL3: -0.026696257 | DM3: 0.048457604 | DN3: 0.046465918 | DO3: -0.029918596 | DP3: 0.047435947 | DQ3: 0.038500402 | DR3: 0.049186587 | DS3: 0.047889348 | DT3: 0.031652723 | DU3: 0.061842099 | DV3: 0.046563607 | DW3: 0.03281489 | DX3: 0.048260111 | DY3: -0.056952421 | DZ3: 0.033931814 | EA3: 0.048233494 | EB3: 0.0097889202 | EC3: 0.036156386 | ED3: 0.040190533 | EE3: 0.047531653 | EF3: 0.05033059
B4: size | C4: 0.010975275 | D4: -0.048196077 | E4: 0.082988262 | F4: 0.038252771 | G4: 0.050002195 | H4: 0.013410039 | I4: -0.026064049 | J4: -0.030217964 | K4: -0.033898376 | L4: -0.039842829 | M4: -0.043122668 | N4: 0.04201898 | O4: -0.034795396 | P4: -0.046467673 | Q4: -0.061648782 | R4: -0.034485668 | S4: -0.02517182 | T4: -0.037345178 | U4: 0.083096556 | V4: 0.089860611 | W4: -0.027928695 | X4: 0.082243979 | Y4: -0.07178916 | Z4: -0.030311709 | AA4: 0.036390048 | AB4: 0.038148783 | AC4: -0.024738373 | AD4: -0.09873803 | AE4: -0.044849236 | AF4: -0.044075444 | AG4: -0.029871419 | AH4: 0.016651396 | AI4: 0.027999543 | AJ4: -0.015782923 | AK4: -0.093165159 | AL4: 0.05696046 | AM4: -0.029802304 | AN4: -0.037541721 | AO4: 0.01405663 | AP4: 0.02808417 | AQ4: -0.020956615 | AR4: -0.033249192 | AS4: 0.029234178 | AT4: -0.038568161 | AU4: -0.030528501 | AV4: -0.032747496 | AW4: 0.04592634 | AX4: -0.034888666 | AY4: -0.034154564 | AZ4: 0.025950408 | BA4: -0.031192672 | BB4: -0.087475844 | BC4: 0.035330057 | BD4: -0.031129116 | BE4: -0.054915816 | BF4: -0.031478297 | BG4: -0.040066577 | BH4: 0.030623695 | BI4: -0.031123528 | BJ4: -0.030040134 | BK4: -0.041486956 | BL4: 0.039935578 | BM4: 0.018027246 | BN4: -0.10439561 | BO4: 0.0069876933 | BP4: 0.0046952195 | BQ4: 0.015195244 | BR4: -0.0073001925 | BS4: -0.043473393 | BT4: 0.0499168 | BU4: 0.034368545 | BV4: -0.042206816 | BW4: 0.040576939 | BX4: 0.11351513 | BY4: -0.060964067 | BZ4: 0.0074336347 | CA4: -0.03416634 | CB4: -0.042827509 | CC4: -0.040521652 | CD4: -0.02672508 | CE4: -0.048888609 | CF4: 0.045108072 | CG4: 0.032500137 | CH4: 0.033603519 | CI4: -0.059029229 | CJ4: -0.033231545 | CK4: 0.033614956 | CL4: -0.087717965 | CM4: -0.0078791035 | CN4: -0.031603437 | CO4: -0.024560306 | CP4: -0.024266617 | CQ4: 0.0098067364 | CR4: 0.076525658 | CS4: 0.021581039 | CT4: 0.021532454 | CU4: 0.034501176 | CV4: -0.062654153 | CW4: -0.045586068 | CX4: -0.065642618 | CY4: 0.063649572 | CZ4: -0.078583814 | DA4: -0.028124524 | DB4: -0.058803976 | DC4: -0.03196235 | DD4: -0.038284682 | DE4: 0.048030544 | DF4: -0.029363507 | DG4: 0.060822789 | DH4: -0.028199369 | DI4: -0.029792106 | DJ4: -0.030000817 | DK4: 0.01032027 | DL4: -0.042281743 | DM4: -0.048086602 | DN4: -0.019423993 | DO4: -0.040470425 | DP4: -0.034404326 | DQ4: -0.027822113 | DR4: -0.028454494 | DS4: -0.069464684 | DT4: -0.028235232 | DU4: 0.053089391 | DV4: -0.027063906 | DW4: -0.024401028 | DX4: 0.0027264939 | DY4: 0.043977614 | DZ4: -0.024560714 | EA4: -0.047766272 | EB4: -0.041742835 | EC4: -0.028310522 | ED4: -0.024022842 | EE4: 0.11009948 | EF4: -0.029047638
B5: mom | C5: -0.0024425527 | D5: -0.021626282 | E5: -0.0053863544 | F5: -0.0053014285 | G5: 0.031814873 | H5: 0.057366848 | I5: -0.066244856 | J5: 0.036245558 | K5: -0.0071708038 | L5: -0.0079015763 | M5: 0.0071032248 | N5: -0.037834208 | O5: 0.020873982 | P5: 0.0014444387 | Q5: 0.0030378168 | R5: -0.0044238023 | S5: 0.039379157 | T5: 0.00082508498 | U5: 0.037100088 | V5: 0.018653225 | W5: -0.0064136605 | X5: -0.0036916751 | Y5: -0.03855931 | Z5: -0.0087653529 | AA5: -0.010008228 | AB5: -0.0081863869 | AC5: -0.043017767 | AD5: -0.011843434 | AE5: -0.03274307 | AF5: -0.014333235 | AG5: -0.0060717119 | AH5: 0.0071172384 | AI5: -0.0037492709 | AJ5: -0.003687632 | AK5: -0.0052553779 | AL5: -0.0050698724 | AM5: -0.0065165474 | AN5: -0.0031071184 | AO5: 0.010161978 | AP5: -0.0051280106 | AQ5: -0.014931954 | AR5: -0.040432394 | AS5: 0.044245671 | AT5: -0.016279602 | AU5: -0.011777605 | AV5: 0.03321078 | AW5: -0.011548122 | AX5: 0.011358917 | AY5: -0.0013871735 | AZ5: 0.026015019 | BA5: -0.0002783761 | BB5: -0.0073484578 | BC5: 0.0021762042 | BD5: -0.015472923 | BE5: -0.0065566744 | BF5: 0.00018655456 | BG5: 0.12311092 | BH5: 0.015679149 | BI5: -0.040477633 | BJ5: -0.00022815017 | BK5: -0.0071884273 | BL5: -0.0018430699 | BM5: -0.0039120745 | BN5: -0.00035538641 | BO5: -0.0038149823 | BP5: 0.031992119 | BQ5: 0.00088122237 | BR5: 0.00082531711 | BS5: 0.011597894 | BT5: -0.00018043554 | BU5: -0.0036622095 | BV5: -0.0015918857 | BW5: 0.011063156 | BX5: -0.002237746 | BY5: -0.00268884 | BZ5: 0.019596629 | CA5: -0.017089618 | CB5: -0.017864417 | CC5: -0.06238376 | CD5: -0.0063154018 | CE5: 0.0047826809 | CF5: -0.0044821594 | CG5: 0.012144087 | CH5: 0.05563201 | CI5: -0.0060893372 | CJ5: 0.0041742204 | CK5: -0.053255923 | CL5: -0.0035227751 | CM5: -0.010564735 | CN5: -0.0014071956 | CO5: 0.002154151 | CP5: -0.041955963 | CQ5: -0.0043455614 | CR5: 0.00055619609 | CS5: -0.0046609323 | CT5: -0.00054603722 | CU5: 0.022855889 | CV5: 0.013625186 | CW5: -0.0034695868 | CX5: -0.0019505729 | CY5: -0.0024859204 | CZ5: -0.001005491 | DA5: 0.012646312 | DB5: -0.0031459662 | DC5: -0.0038975955 | DD5: -0.0046709622 | DE5: 0.022379272 | DF5: -0.022962656 | DG5: -0.005475522 | DH5: -0.0043155677 | DI5: -0.016300755 | DJ5: 0.0067051458 | DK5: -0.0082752258 | DL5: 0.030191973 | DM5: -0.00050713518 | DN5: -0.0039516981 | DO5: 0.0029903806 | DP5: -0.0063493387 | DQ5: -0.0040843049 | DR5: -0.022978853 | DS5: 0.0013683438 | DT5: -0.00034443522 | DU5: -0.0067529222 | DV5: -0.012841428 | DW5: -0.0088949446 | DX5: -0.0067950469 | DY5: -0.0029764331 | DZ5: -0.0022764786 | EA5: -0.0032696472 | EB5: -0.0055572023 | EC5: -0.004431623 | ED5: -0.0061979257 | EE5: -0.0062301061 | EF5: -0.0060357368
A6: 選絕對值最大 | C6: {=MATCH(MAX(ABS(C3:C5)), ABS(C3:C5), 0)} -> 1 | D6: {=MATCH(MAX(ABS(D3:D5)), ABS(D3:D5), 0)} -> 1 | E6: {=MATCH(MAX(ABS(E3:E5)), ABS(E3:E5), 0)} -> 2 | F6: {=MATCH(MAX(ABS(F3:F5)), ABS(F3:F5), 0)} -> 1 | G6: {=MATCH(MAX(ABS(G3:G5)), ABS(G3:G5), 0)} -> 1 | H6: {=MATCH(MAX(ABS(H3:H5)), ABS(H3:H5), 0)} -> 3 | I6: {=MATCH(MAX(ABS(I3:I5)), ABS(I3:I5), 0)} -> 1 | J6: {=MATCH(MAX(ABS(J3:J5)), ABS(J3:J5), 0)} -> 1 | ... EF6: {=MATCH(MAX(ABS(EF3:EF5)), ABS(EF3:EF5), 0)} -> 1
C7: =IF(C6=1,"bm",IF(C6=2,"size",IF(C6=3,"mom"))) -> bm | D7: =IF(D6=1,"bm",IF(D6=2,"size",IF(D6=3,"mom"))) -> bm | E7: =IF(E6=1,"bm",IF(E6=2,"size",IF(E6=3,"mom"))) -> size | F7: =IF(F6=1,"bm",IF(F6=2,"size",IF(F6=3,"mom"))) -> bm | G7: =IF(G6=1,"bm",IF(G6=2,"size",IF(G6=3,"mom"))) -> bm | H7: =IF(H6=1,"bm",IF(H6=2,"size",IF(H6=3,"mom"))) -> mom | I7: =IF(I6=1,"bm",IF(I6=2,"size",IF(I6=3,"mom"))) -> bm | J7: =IF(J6=1,"bm",IF(J6=2,"size",IF(J6=3,"mom"))) -> bm | ... EF7: =IF(EF6=1,"bm",IF(EF6=2,"size",IF(EF6=3,"mom"))) -> bm
C8: =IF(C6=1,C3,IF(C6=2,C4,IF(C6=3,C5))) -> 0.073912658 | D8: =IF(D6=1,D3,IF(D6=2,D4,IF(D6=3,D5))) -> 0.075634934 | E8: =IF(E6=1,E3,IF(E6=2,E4,IF(E6=3,E5))) -> 0.082988262 | F8: =IF(F6=1,F3,IF(F6=2,F4,IF(F6=3,F5))) -> 0.061629988 | G8: =IF(G6=1,G3,IF(G6=2,G4,IF(G6=3,G5))) -> 0.050796419 | H8: =IF(H6=1,H3,IF(H6=2,H4,IF(H6=3,H5))) -> 0.057366848 | I8: =IF(I6=1,I3,IF(I6=2,I4,IF(I6=3,I5))) -> 0.090367138 | J8: =IF(J6=1,J3,IF(J6=2,J4,IF(J6=3,J5))) -> 0.065266319 | ... EF8: =IF(EF6=1,EF3,IF(EF6=2,EF4,IF(EF6=3,EF5))) -> 0.05033059
A10: 投資組合 | C10: 公司數 | D10: 964
A11: 等分 | B11: 家數 | C11: 2014/01 | D11: 2014/02 | E11: 2014/03 | F11: 2014/04 | G11: 2014/05 | H11: 2014/06 | I11: 2014/07 | J11: 2014/08 | K11: 2014/09 | L11: 2014/10 | M11: 2014/11 | N11: 2014/12 | O11: 2015/01 | P11: 2015/02 | Q11: 2015/03 | R11: 2015/04 | S11: 2015/05 | T11: 2015/06 | U11: 2015/07 | V11: 2015/08 | W11: 2015/09 | X11: 2015/10 | Y11: 2015/11 | Z11: 2015/12 | AA11: 2016/01 | AB11: 2016/02 | AC11: 2016/03 | AD11: 2016/04 | AE11: 2016/05 | AF11: 2016/06 | AG11: 2016/07 | AH11: 2016/08 | AI11: 2016/09 | AJ11: 2016/10 | AK11: 2016/11 | AL11: 2016/12 | AM11: 2017/01 | AN11: 2017/02 | AO11: 2017/03 | AP11: 2017/04 | AQ11: 2017/05 | AR11: 2017/06 | AS11: 2017/07 | AT11: 2017/08 | AU11: 2017/09 | AV11: 2017/10 | AW11: 2017/11 | AX11: 2017/12 | AY11: 2018/01 | AZ11: 2018/02 | BA11: 2018/03 | BB11: 2018/04 | BC11: 2018/05 | BD11: 2018/06 | BE11: 2018/07 | BF11: 2018/08 | BG11: 2018/09 | BH11: 2018/10 | BI11: 2018/11 | BJ11: 2018/12 | BK11: 2019/01 | BL11: 2019/02 | BM11: 2019/03 | BN11: 2019/04 | BO11: 2019/05 | BP11: 2019/06 | BQ11: 2019/07 | BR11: 2019/08 | BS11: 2019/09 | BT11: 2019/10 | BU11: 2019/11 | BV11: 2019/12 | BW11: 2020/01 | BX11: 2020/02 | BY11: 2020/03 | BZ11: 2020/04 | CA11: 2020/05 | CB11: 2020/06 | CC11: 2020/07 | CD11: 2020/08 | CE11: 2020/09 | CF11: 2020/10 | CG11: 2020/11 | CH11: 2020/12 | CI11: 2021/01 | CJ11: 2021/02 | CK11: 2021/03 | CL11: 2021/04 | CM11: 2021/05 | CN11: 2021/06 | CO11: 2021/07 | CP11: 2021/08 | CQ11: 2021/09 | CR11: 2021/10 | CS11: 2021/11 | CT11: 2021/12 | CU11: 2022/01 | CV11: 2022/02 | CW11: 2022/03 | CX11: 2022/04 | CY11: 2022/05 | CZ11: 2022/06 | DA11: 2022/07 | DB11: 2022/08 | DC11: 2022/09 | DD11: 2022/10 | DE11: 2022/11 | DF11: 2022/12 | DG11: 2023/01 | DH11: 2023/02 | DI11: 2023/03 | DJ11: 2023/04 | DK11: 2023/05 | DL11: 2023/06 | DM11: 2023/07 | DN11: 2023/08 | DO11: 2023/09 | DP11: 2023/10 | DQ11: 2023/11 | DR11: 2023/12 | DS11: 2024/01 | DT11: 2024/02 | DU11: 2024/03 | DV11: 2024/04 | DW11: 2024/05 | DX11: 2024/06 | DY11: 2024/07 | DZ11: 2024/08 | EA11: 2024/09 | EB11: 2024/10 | EC11: 2024/11 | ED11: 2024/12 | EE11: 2025/01 | EF11: 2025/02
A12: 10 | B12: 96 | C12: 0.046867683 | D12: 0.020629537 | E12: -0.048026823 | F12: -0.018817716 | G12: 0.0085972029 | H12: 0.0095992584 | I12: 0.038097115 | J12: 0.043784579 | K12: 0.01877438 | L12: -0.0012798005 | M12: -0.015551804 | N12: 0.052394332 | O12: 0.018106785 | P12: -0.00036607013 | Q12: 0.035269885 | R12: 0.012898174 | S12: 0.01105503 | T12: -0.042663291 | U12: 0.016178599 | V12: -0.0062044701 | W12: 0.019277946 | X12: -0.025749625 | Y12: 0.015440368 | Z12: 0.0051659076 | AA12: -0.038366022 | AB12: 0.03460426 | AC12: 0.03723542 | AD12: 0.011230799 | AE12: -0.037521221 | AF12: 0.046181509 | AG12: 0.03061844 | AH12: 0.01309686 | AI12: 0.019004465 | AJ12: 0.0074902167 | AK12: 0.010179284 | AL12: -0.034105621 | AM12: 0.032204354 | AN12: 0.070370866 | AO12: 0.0021386049 | AP12: -0.033728996 | AQ12: -0.0071760162 | AR12: 0.012850813 | AS12: 0.019726131 | AT12: 0.013068927 | AU12: 0.01997465 | AV12: -0.041126071 | AW12: 0.00092954754 | AX12: -0.04302046 | AY12: 0.024483354 | AZ12: -0.0030582149 | BA12: 0.0041573906 | BB12: 0.0057853949 | BC12: 0.012985576 | BD12: 0.011431424 | BE12: -0.045598545 | BF12: 0.068729809 | BG12: -0.046757754 | BH12: 0.011148916 | BI12: -0.051439927 | BJ12: 0.00079599332 | BK12: -0.021696474 | BL12: 0.024709246 | BM12: -0.0019252831 | BN12: -0.019502538 | BO12: -0.02424631 | BP12: -0.010576816 | BQ12: 0.01520658 | BR12: -0.0015066644 | BS12: 0.017696907 | BT12: 0.021288097 | BU12: 0.010209501 | BV12: 0.030223813 | BW12: -0.05548756 | BX12: -0.015984152 | BY12: -0.045815986 | BZ12: 0.045004028 | CA12: -0.030447774 | CB12: 0.0016648876 | CC12: -0.016121181 | CD12: 0.11093363 | CE12: 0.15400701 | CF12: -0.0040778953 | CG12: 0.041309333 | CH12: -0.016463112 | CI12: -0.024341498 | CJ12: 0.01761385 | CK12: 0.011994068 | CL12: 0.03313401 | CM12: -0.014382691 | CN12: 0.025586963 | CO12: -0.026747945 | CP12: 0.001005022 | CQ12: 0.037258661 | CR12: -0.048146625 | CS12: -0.015201648 | CT12: -0.0009616462 | CU12: 0.032036179 | CV12: 0.0043232554 | CW12: 0.029757689 | CX12: 0.046547458 | CY12: -0.046072978 | CZ12: 0.088561726 | DA12: 0.003403208 | DB12: 0.088981816 | DC12: 0.033044377 | DD12: -0.039091997 | DE12: -0.00018474425 | DF12: -0.0068330162 | DG12: 0.046409818 | DH12: -0.0052621438 | DI12: -0.054443173 | DJ12: 0.0080625983 | DK12: -0.015264403 | DL12: 0.0030891115 | DM12: -0.0057147714 | DN12: 0.039228343 | DO12: 0.030556942 | DP12: 0.03258445 | DQ12: -0.023448391 | DR12: 0.018778943 | DS12: 0.069650552 | DT12: -0.044221205 | DU12: 0.013752648 | DV12: 0.052173184 | DW12: 0.039694302 | DX12: -0.049619207 | DY12: -0.017245148 | DZ12: -0.0047575251 | EA12: 0.064003941 | EB12: 0.0057859706 | EC12: 0.02665151 | ED12: -0.056628036 | EE12: 0.026506892 | EF12: 0.039233348
A13: 20 | B13: 48 | C13: 0.054209043 | D13: 0.028012091 | E13: -0.069861556 | F13: -0.034922156 | G13: -0.01490798 | H13: 0.017388387 | I13: 0.037315684 | J13: 0.036406901 | K13: -0.0013673068 | L13: -0.03129496 | M13: 0.0077086563 | N13: 0.04397851 | O13: 0.036901341 | P13: 0.016791628 | Q13: 0.073224368 | R13: 0.016841702 | S13: -0.006013803 | T13: -0.050251897 | U13: -0.0015970162 | V13: 0.020094328 | W13: 0.031103088 | X13: -0.053276895 | Y13: 0.013920993 | Z13: 0.020583761 | AA13: -0.031285864 | AB13: 0.04678235 | AC13: 0.021349037 | AD13: 0.02154369 | AE13: -0.046284109 | AF13: 0.051935558 | AG13: 0.031681783 | AH13: 0.011340352 | AI13: 0.01206755 | AJ13: -0.018507844 | AK13: 0.0033184448 | AL13: -0.022550358 | AM13: 0.045764675 | AN13: 0.10533024 | AO13: 0.015714424 | AP13: -0.05953822 | AQ13: -0.0035494868 | AR13: 0.014371063 | AS13: 0.039777953 | AT13: 0.040463088 | AU13: 0.042460982 | AV13: -0.009000778 | AW13: 0.0032682708 | AX13: -0.065349021 | AY13: 0.015767643 | AZ13: -0.0089977639 | BA13: 0.0078944526 | BB13: 0.026046346 | BC13: 0.01302658 | BD13: 0.0056020821 | BE13: -0.046048257 | BF13: 0.083929415 | BG13: -0.088397546 | BH13: 0.0069762719 | BI13: -0.05278812 | BJ13: 0.017654109 | BK13: -0.018391025 | BL13: 0.03696261 | BM13: 0.01505625 | BN13: 0.0041015372 | BO13: -0.031735312 | BP13: 0.0076519468 | BQ13: 0.040819097 | BR13: -0.0070713815 | BS13: 0.0072582425 | BT13: 0.03366777 | BU13: 0.016526995 | BV13: 0.020643875 | BW13: -0.086230155 | BX13: -0.0014774348 | BY13: -0.03082776 | BZ13: 0.076927871 | CA13: -0.033531566 | CB13: -0.0071318694 | CC13: 0.0082248094 | CD13: 0.10549188 | CE13: 0.18382784 | CF13: -0.018228941 | CG13: 0.037015272 | CH13: -0.0040295061 | CI13: -0.0078955344 | CJ13: -0.0038766003 | CK13: 0.032045269 | CL13: 0.044000391 | CM13: -0.010296804 | CN13: 0.026887566 | CO13: -0.013457459 | CP13: -0.020576996 | CQ13: 0.037948965 | CR13: -0.064380649 | CS13: 0.01207816 | CT13: 0.0080707993 | CU13: 0.036006916 | CV13: 0.024318983 | CW13: 0.010456963 | CX13: 0.0049872956 | CY13: -0.064973825 | CZ13: 0.090290205 | DA13: -0.007096531 | DB13: 0.10623532 | DC13: 0.029740185 | DD13: -0.051406654 | DE13: 0.0051676529 | DF13: -0.028518797 | DG13: 0.047729084 | DH13: 0.012992245 | DI13: -0.046561457 | DJ13: 0.00028247997 | DK13: 0.01202679 | DL13: 0.027121939 | DM13: -0.006658869 | DN13: 0.014839798 | DO13: 0.037863465 | DP13: 0.047238153 | DQ13: -0.026430081 | DR13: 0.013771209 | DS13: 0.068596853 | DT13: -0.035426301 | DU13: 0.020848415 | DV13: 0.079620144 | DW13: 0.045686979 | DX13: -0.064641919 | DY13: -0.035306138 | DZ13: -0.011770466 | EA13: 0.076590366 | EB13: 0.00020120622 | EC13: 0.041659753 | ED13: -0.065682094 | EE13: 0.041234384 | EF13: 0.067291157
A14: 50 | B14: 19 | C14: -0.030371566 | D14: 0.083347312 | E14: -0.098768248 | F14: -0.048454143 | G14: -0.041019916 | H14: -0.011508261 | I14: 0.04378736 | J14: 0.018612181 | K14: 0.012451162 | L14: 0.0048471972 | M14: 0.0056961928 | N14: 0.082693467 | O14: 0.037475787 | P14: 0.047779764 | Q14: 0.058237946 | R14: -0.015941187 | S14: -0.024806746 | T14: -0.06984148 | U14: -0.03657913 | V14: 0.038375546 | W14: 0.074008159 | X14: -0.053581709 | Y14: -0.016762663 | Z14: 0.021252201 | AA14: -0.03945018 | AB14: 0.067753923 | AC14: -0.012246685 | AD14: 0.039327892 | AE14: -0.10743434 | AF14: 0.084317009 | AG14: 0.01849082 | AH14: -0.0033462742 | AI14: 0.072072951 | AJ14: 0.015059036 | AK14: -0.011509463 | AL14: -0.018559542 | AM14: 0.068283273 | AN14: 0.092260489 | AO14: 0.060905705 | AP14: -0.069976525 | AQ14: -0.00087938603 | AR14: 0.03764584 | AS14: 0.082332976 | AT14: 0.040924566 | AU14: 0.047021354 | AV14: -0.022684786 | AW14: -0.015421378 | AX14: -0.13695103 | AY14: 0.015068119 | AZ14: -0.053158248 | BA14: 0.020125911 | BB14: 0.10189834 | BC14: -0.0090839235 | BD14: 0.043327782 | BE14: -0.024117018 | BF14: 0.040770522 | BG14: -0.12530531 | BH14: -0.00028344417 | BI14: -0.052014236 | BJ14: 0.013254279 | BK14: -8.732528e-05 | BL14: 0.059737767 | BM14: 0.032002837 | BN14: 0.045371706 | BO14: -0.033609046 | BP14: 0.012822667 | BQ14: 0.012049423 | BR14: -0.02792943 | BS14: -0.038629204 | BT14: -0.015287928 | BU14: -0.0088548354 | BV14: 0.028891422 | BW14: -0.11840804 | BX14: 0.00030713422 | BY14: -0.080399769 | BZ14: 0.11178052 | CA14: -0.024465266 | CB14: 0.022127617 | CC14: 0.028975681 | CD14: 0.09801671 | CE14: 0.1705553 | CF14: 0.020310217 | CG14: 0.053067028 | CH14: -0.04887967 | CI14: -0.0038293561 | CJ14: -0.032530407 | CK14: 0.014016364 | CL14: 0.13003287 | CM14: 0.03204001 | CN14: 0.020479398 | CO14: -0.07358772 | CP14: -0.093659358 | CQ14: 0.053211628 | CR14: -0.062640655 | CS14: 0.05902712 | CT14: 0.019100577 | CU14: -0.044544442 | CV14: 0.039399434 | CW14: 0.0082340019 | CX14: 0.024244256 | CY14: -0.050137743 | CZ14: 0.13617205 | DA14: -0.024304289 | DB14: 0.10460744 | DC14: 0.027534093 | DD14: -0.053899967 | DE14: 0.0053842996 | DF14: -0.03977046 | DG14: 0.045583396 | DH14: 0.0047748372 | DI14: -0.053191997 | DJ14: 0.0010237243 | DK14: 0.018317376 | DL14: -0.0092741824 | DM14: 0.0055042691 | DN14: 0.039851708 | DO14: 0.10259219 | DP14: 0.040532228 | DQ14: -0.08936786 | DR14: 0.052622519 | DS14: 0.05605182 | DT14: -0.044433184 | DU14: -0.044914949 | DV14: 0.10826235 | DW14: 0.091809329 | DX14: -0.10216122 | DY14: -0.03799708 | DZ14: -0.0043403396 | EA14: 0.078105266 | EB14: -0.025109521 | EC14: 0.0060793821 | ED14: -0.10262971 | EE14: -0.0033992535 | EF14: 0.066632347
A15: 100 | B15: 10 | C15: -0.096503142 | D15: 0.015948529 | E15: -0.066038487 | F15: -0.10856229 | G15: -0.045422052 | H15: -0.0012437261 | I15: 0.058431444 | J15: 0.049961465 | K15: -0.0042103664 | L15: 0.032558505 | M15: 0.025497709 | N15: 0.11648181 | O15: 0.070841604 | P15: 0.052983283 | Q15: 0.10037535 | R15: -0.05212969 | S15: 0.08548789 | T15: -0.066800125 | U15: -0.046790243 | V15: 0.085680882 | W15: 0.10254359 | X15: -0.078436412 | Y15: -0.024188619 | Z15: -0.023656419 | AA15: -0.051268006 | AB15: 0.066775214 | AC15: 0.016480966 | AD15: 0.039690481 | AE15: -0.10131332 | AF15: 0.049772025 | AG15: 0.010123478 | AH15: -0.033604373 | AI15: 0.05085445 | AJ15: 0.00946486 | AK15: -0.036999312 | AL15: 0.0068817591 | AM15: 0.055122622 | AN15: 0.092861913 | AO15: 0.063369812 | AP15: -0.086457767 | AQ15: -0.032597542 | AR15: 0.078517257 | AS15: 0.053821179 | AT15: 0.065254991 | AU15: 0.039943261 | AV15: -0.047226818 | AW15: 0.015659939 | AX15: -0.12523398 | AY15: 0.028109416 | AZ15: -0.09132328 | BA15: 0.010613515 | BB15: 0.1087891 | BC15: 0.062155144 | BD15: 0.04294982 | BE15: -0.046217114 | BF15: 0.051177887 | BG15: -0.16605122 | BH15: 0.033556537 | BI15: -0.068586659 | BJ15: 0.015619103 | BK15: -0.011156368 | BL15: 0.062748176 | BM15: 0.065206883 | BN15: 0.066054035 | BO15: -0.027734476 | BP15: 0.014184221 | BQ15: 0.012802931 | BR15: -0.050157429 | BS15: -0.016823777 | BT15: 0.036633666 | BU15: 0.01947642 | BV15: 0.059228937 | BW15: -0.20414584 | BX15: -0.023949431 | BY15: -0.093338392 | BZ15: 0.10290647 | CA15: -0.018592021 | CB15: 0.015056894 | CC15: -0.035358543 | CD15: 0.12015208 | CE15: 0.07336812 | CF15: 0.0036268169 | CG15: -0.0042988793 | CH15: -0.081342608 | CI15: -0.069336845 | CJ15: -0.087044356 | CK15: 0.056672646 | CL15: 0.21275089 | CM15: 0.074631116 | CN15: 0.042634116 | CO15: -0.12944902 | CP15: -0.13009875 | CQ15: 0.036876324 | CR15: -0.024374319 | CS15: 0.060185172 | CT15: 0.007394575 | CU15: -0.06317866 | CV15: 0.060444496 | CW15: -0.027257442 | CX15: 0.017868892 | CY15: -0.055732711 | CZ15: 0.11536405 | DA15: -0.026375835 | DB15: 0.097048242 | DC15: 0.024821107 | DD15: -0.067526409 | DE15: 0.024948715 | DF15: -0.042391306 | DG15: 0.047917485 | DH15: -0.018709011 | DI15: -0.011718449 | DJ15: -0.051522811 | DK15: 0.10177483 | DL15: 0.0077378338 | DM15: -0.023808547 | DN15: 0.043996497 | DO15: 0.15954541 | DP15: 0.023735602 | DQ15: -0.099672215 | DR15: 0.039785608 | DS15: 0.037530144 | DT15: -0.072163632 | DU15: -0.045770729 | DV15: 0.13976836 | DW15: 0.025538627 | DX15: -0.11861625 | DY15: -0.10653917 | DZ15: -0.018920244 | EA15: 0.032239691 | EB15: -0.05612648 | EC15: 0.050736499 | ED15: -0.11335706 | EE15: 0.0031907205 | EF15: 0.062208305
A16: 107 | B16: 9 | C16: -0.027383645 | D16: -0.00072024867 | E16: -0.065006577 | F16: -0.099382493 | G16: -0.073696265 | H16: -0.00064934946 | I16: 0.057530619 | J16: 0.046709926 | K16: 0.017925105 | L16: 0.0098865346 | M16: 0.040334455 | N16: 0.12064831 | O16: 0.080984388 | P16: 0.061979735 | Q16: 0.096618173 | R16: -0.048990978 | S16: 0.10985904 | T16: -0.06721906 | U16: -0.048651516 | V16: 0.10431618 | W16: 0.10842474 | X16: -0.073678278 | Y16: -0.0042874471 | Z16: -0.020075795 | AA16: -0.043487636 | AB16: 0.074985042 | AC16: 0.045629503 | AD16: 0.034811172 | AE16: -0.09650236 | AF16: 0.015008623 | AG16: 0.013290753 | AH16: -0.0317654 | AI16: 0.049078043 | AJ16: -0.0070259661 | AK16: -0.0079871677 | AL16: 0.014472512 | AM16: 0.066076731 | AN16: 0.1064562 | AO16: 0.058795252 | AP16: -0.077798368 | AQ16: -0.0384662 | AR16: 0.10329118 | AS16: 0.065068225 | AT16: 0.059867139 | AU16: 0.041826838 | AV16: -0.0090725068 | AW16: 0.03925293 | AX16: -0.10082977 | AY16: 0.03381259 | AZ16: -0.10490964 | BA16: 0.0098081985 | BB16: 0.13247474 | BC16: 0.066102245 | BD16: 0.035936712 | BE16: -0.044139137 | BF16: 0.064268054 | BG16: -0.16122957 | BH16: -0.0054124801 | BI16: -0.05233576 | BJ16: 0.020503816 | BK16: -0.0021229518 | BL16: 0.070623566 | BM16: 0.091107172 | BN16: 0.06719797 | BO16: -0.02189036 | BP16: 0.011747198 | BQ16: 0.013312454 | BR16: -0.026296848 | BS16: -0.013191573 | BT16: 0.038066078 | BU16: 0.05776511 | BV16: 0.063782488 | BW16: -0.22394491 | BX16: -0.024078272 | BY16: -0.11899471 | BZ16: 0.11152585 | CA16: -0.017116104 | CB16: -0.001428045 | CC16: -0.020683161 | CD16: 0.15507127 | CE16: 0.09361423 | CF16: 0.014696063 | CG16: 0.0064480215 | CH16: -0.050448725 | CI16: -0.05834475 | CJ16: -0.045523551 | CK16: 0.076472984 | CL16: 0.24393816 | CM16: 0.088988628 | CN16: 0.033057515 | CO16: -0.17087869 | CP16: -0.11115145 | CQ16: 0.040878176 | CR16: -0.025228657 | CS16: 0.064948402 | CT16: 0.0050674065 | CU16: -0.064113369 | CV16: 0.059453993 | CW16: -0.031673114 | CX16: 0.0066867777 | CY16: -0.058554306 | CZ16: 0.16621832 | DA16: -0.029804794 | DB16: 0.098017283 | DC16: 0.035357719 | DD16: -0.074371115 | DE16: -0.031193128 | DF16: -0.023146433 | DG16: 0.045676915 | DH16: -0.019129343 | DI16: -0.013233426 | DJ16: -0.036643143 | DK16: 0.13359436 | DL16: 0.0013659721 | DM16: -0.03033095 | DN16: 0.042437853 | DO16: 0.16959095 | DP16: 0.019841949 | DQ16: -0.083033658 | DR16: 0.055191252 | DS16: 0.021440673 | DT16: -0.10069332 | DU16: -0.064473734 | DV16: 0.13695373 | DW16: 0.04091773 | DX16: -0.12528471 | DY16: -0.11635433 | DZ16: -0.03127708 | EA16: 0.046661372 | EB16: -0.070875444 | EC16: 0.051117652 | ED16: -0.11541675 | EE16: 0.0043966753 | EF16: 0.039893907
A17: 120 | B17: 8 | C17: -0.045056429 | D17: -0.017334375 | E17: -0.079589849 | F17: -0.11283752 | G17: -0.078063041 | H17: 0.0079428568 | I17: 0.11372503 | J17: 0.041858395 | K17: 0.039444992 | L17: 0.0054577589 | M17: 0.064932035 | N17: 0.13594843 | O17: 0.082517108 | P17: 0.076915604 | Q17: 0.10643025 | R17: -0.052057609 | S17: 0.11905439 | T17: -0.071202015 | U17: -0.052290234 | V17: 0.1163563 | W17: 0.1235009 | X17: -0.10018597 | Y17: 0.0015005013 | Z17: -0.02160849 | AA17: -0.037262612 | AB17: 0.084852063 | AC17: 0.05872869 | AD17: 0.068619823 | AE17: -0.12715842 | AF17: 0.0084112432 | AG17: 0.031873573 | AH17: -0.049437542 | AI17: 0.030587709 | AJ17: -0.042602631 | AK17: -0.013325713 | AL17: 0.0099837333 | AM17: 0.075369368 | AN17: 0.11328712 | AO17: 0.012632335 | AP17: -0.077242814 | AQ17: -0.060527137 | AR17: 0.11644965 | AS17: 0.056323562 | AT17: 0.052267806 | AU17: 0.052648231 | AV17: -0.021508363 | AW17: 0.019163974 | AX17: -0.096240559 | AY17: 0.027423697 | AZ17: -0.12511082 | BA17: 0.0098251791 | BB17: 0.15327128 | BC17: 0.082716572 | BD17: 0.022356482 | BE17: -0.016297389 | BF17: 0.055197497 | BG17: -0.18575158 | BH17: -0.0017313848 | BI17: -0.099365392 | BJ17: 0.0098580643 | BK17: -0.013822952 | BL17: 0.073931305 | BM17: 0.07599777 | BN17: 0.073656768 | BO17: -0.019886081 | BP17: 0.026837501 | BQ17: 0.01137651 | BR17: -0.00091794541 | BS17: -0.0041034691 | BT17: 0.033647573 | BU17: 0.071127819 | BV17: 0.074446901 | BW17: -0.22723409 | BX17: -0.0072009503 | BY17: -0.095860872 | BZ17: 0.12057816 | CA17: -0.027934832 | CB17: -0.0013353103 | CC17: -0.11468085 | CD17: 0.17295974 | CE17: 0.095708074 | CF17: 0.095123349 | CG17: -0.0022222469 | CH17: -0.032969072 | CI17: -0.082452914 | CJ17: -0.050742321 | CK17: 0.091738573 | CL17: 0.2871791 | CM17: 0.13456934 | CN17: 0.026718061 | CO17: -0.20253863 | CP17: -0.10822138 | CQ17: 0.041087933 | CR17: -0.02300583 | CS17: 0.093039921 | CT17: 0.049260056 | CU17: -0.074408308 | CV17: 0.067891017 | CW17: -0.023155845 | CX17: 0.024992449 | CY17: -0.059497952 | CZ17: 0.1841332 | DA17: -0.043895859 | DB17: 0.10427163 | DC17: 0.043363469 | DD17: -0.048130589 | DE17: -0.033180931 | DF17: -0.01123137 | DG17: 0.047210988 | DH17: -0.038726651 | DI17: -0.0052932443 | DJ17: -0.045336158 | DK17: 0.15603643 | DL17: -0.0057903457 | DM17: -0.052252911 | DN17: 0.035489033 | DO17: 0.17976293 | DP17: -0.016878609 | DQ17: -0.10770247 | DR17: 0.055884815 | DS17: 0.037354089 | DT17: -0.093980212 | DU17: -0.071730706 | DV17: 0.1177654 | DW17: 0.048681483 | DX17: -0.12953898 | DY17: -0.10312068 | DZ17: -0.048145299 | EA17: 0.011817924 | EB17: -0.07378097 | EC17: 0.016425217 | ED17: -0.12832444 | EE17: -0.00019352115 | EF17: 0.047709767
A18: 137 | B18: 7 | C18: -0.053942228 | D18: 0.016715167 | E18: -0.05343935 | F18: -0.13441437 | G18: -0.080794247 | H18: 0.0086222278 | I18: 0.13550018 | J18: 0.043411516 | K18: 0.03158645 | L18: 0.012982487 | M18: 0.069806304 | N18: 0.14299243 | O18: 0.08079977 | P18: 0.054569613 | Q18: 0.12173637 | R18: -0.069734027 | S18: 0.14380523 | T18: -0.057206382 | U18: -0.028135528 | V18: 0.13125393 | W18: 0.13791724 | X18: -0.12712281 | Y18: 0.024213808 | Z18: -0.016905716 | AA18: -0.041705245 | AB18: 0.088397637 | AC18: 0.02036897 | AD18: 0.096285845 | AE18: -0.14352924 | AF18: -0.0017514919 | AG18: 0.01574367 | AH18: -0.040197461 | AI18: 0.046855541 | AJ18: -0.047393756 | AK18: 0.027289927 | AL18: 0.00085555505 | AM18: 0.066643405 | AN18: 0.07929464 | AO18: 0.005427535 | AP18: -0.078278592 | AQ18: -0.076230845 | AR18: 0.13823324 | AS18: 0.085826552 | AT18: 0.04332565 | AU18: 0.06831534 | AV18: -0.028768756 | AW18: 0.024538034 | AX18: -0.10756087 | AY18: 0.034783279 | AZ18: -0.14840908 | BA18: -0.00051212561 | BB18: 0.16725802 | BC18: 0.083201573 | BD18: -0.024016272 | BE18: -0.022230541 | BF18: 0.045884536 | BG18: -0.14671397 | BH18: 0.030015992 | BI18: -0.10900001 | BJ18: -0.0059560641 | BK18: -0.050745051 | BL18: 0.081157674 | BM18: 0.10277394 | BN18: 0.078208699 | BO18: -0.020227496 | BP18: 0.04685754 | BQ18: 0.0019167841 | BR18: -0.0057481936 | BS18: -0.021497201 | BT18: 0.013299151 | BU18: 0.080677444 | BV18: 0.080923395 | BW18: -0.26103993 | BX18: 0.015811924 | BY18: -0.062686744 | BZ18: 0.15331999 | CA18: -0.016076544 | CB18: -0.024577357 | CC18: -0.10559806 | CD18: 0.19371682 | CE18: 0.077260395 | CF18: 0.10185862 | CG18: -0.0028013589 | CH18: -0.045365649 | CI18: -0.11772541 | CJ18: -0.062313678 | CK18: 0.090667784 | CL18: 0.31710861 | CM18: 0.1596358 | CN18: 0.037997037 | CO18: -0.23157388 | CP18: -0.11627032 | CQ18: 0.047976536 | CR18: -0.033743302 | CS18: 0.087017131 | CT18: 0.094951029 | CU18: -0.071648691 | CV18: 0.06859414 | CW18: -0.028328257 | CX18: -0.014078748 | CY18: -0.071432459 | CZ18: 0.20441034 | DA18: -0.04738094 | DB18: 0.11811472 | DC18: 0.036408781 | DD18: -0.0710713 | DE18: -0.034801348 | DF18: -0.035042779 | DG18: 0.054770484 | DH18: -0.028038013 | DI18: -0.016114629 | DJ18: -0.04520404 | DK18: 0.15851363 | DL18: -0.023410528 | DM18: -0.066508141 | DN18: -0.016722064 | DO18: 0.22032021 | DP18: -0.020604686 | DQ18: -0.10072728 | DR18: 0.076840655 | DS18: 0.011277982 | DT18: -0.11601739 | DU18: -0.096895186 | DV18: 0.10564061 | DW18: 0.081908692 | DX18: -0.15360298 | DY18: -0.097428037 | DZ18: -0.075516359 | EA18: -0.0063615627 | EB18: -0.09704269 | EC18: 0.0058228475 | ED18: -0.12007743 | EE18: 0.0011112877 | EF18: 0.048955017
A19: 160 | B19: 6 | C19: -0.077959416 | D19: 0.0088822732 | E19: -0.044403932 | F19: -0.038646682 | G19: -0.097512091 | H19: -0.012068788 | I19: 0.13465433 | J19: 0.035429585 | K19: 0.05654097 | L19: 0.044544215 | M19: 0.085793574 | N19: 0.095347886 | O19: 0.092221383 | P19: 0.022785213 | Q19: 0.17046229 | R19: -0.090299091 | S19: 0.12269188 | T19: -0.027154278 | U19: -0.044186858 | V19: 0.11868446 | W19: 0.14662099 | X19: -0.12292315 | Y19: 0.024064305 | Z19: -0.022223239 | AA19: -0.03298543 | AB19: 0.099241927 | AC19: 0.028452835 | AD19: 0.095993378 | AE19: -0.16941606 | AF19: 0.00026256872 | AG19: 0.027942319 | AH19: -0.042845934 | AI19: 0.081770125 | AJ19: -0.05154529 | AK19: 0.049058785 | AL19: 0.0011362622 | AM19: 0.031311425 | AN19: 0.083568294 | AO19: 0.025892903 | AP19: -0.08757412 | AQ19: -0.088252757 | AR19: 0.16303313 | AS19: 0.097796955 | AT19: 0.049294982 | AU19: 0.076428716 | AV19: -0.048463102 | AW19: 0.022356168 | AX19: -0.080206414 | AY19: 0.02952897 | AZ19: -0.18687962 | BA19: -0.034363884 | BB19: 0.20180191 | BC19: 0.064055486 | BD19: -0.0032343926 | BE19: -0.030390671 | BF19: 0.013570974 | BG19: -0.15330875 | BH19: 0.0020182017 | BI19: -0.12779863 | BJ19: -0.021707302 | BK19: -0.051749526 | BL19: 0.079964658 | BM19: 0.1142506 | BN19: 0.08141326 | BO19: -0.025728961 | BP19: 0.037426263 | BQ19: 0.0099340445 | BR19: 0.006675246 | BS19: -0.024256339 | BT19: -0.013193669 | BU19: 0.075936251 | BV19: 0.093655241 | BW19: -0.2959763 | BX19: 0.03639889 | BY19: -0.027675492 | BZ19: 0.063815394 | CA19: -0.02154569 | CB19: -0.048041169 | CC19: -0.10541676 | CD19: 0.2070858 | CE19: 0.088474859 | CF19: 0.11169849 | CG19: -0.05063353 | CH19: -0.042715044 | CI19: -0.16520241 | CJ19: -0.0619405 | CK19: 0.10396772 | CL19: 0.3111517 | CM19: 0.17534764 | CN19: 0.076932655 | CO19: -0.2724544 | CP19: -0.13741472 | CQ19: -0.0027299082 | CR19: -0.024299202 | CS19: 0.060700851 | CT19: 0.12262043 | CU19: -0.083436397 | CV19: 0.076142494 | CW19: -0.032192133 | CX19: 0.0011275946 | CY19: -0.073151337 | CZ19: 0.158012 | DA19: -0.058223877 | DB19: 0.14796185 | DC19: -0.0351794 | DD19: -0.063547464 | DE19: -0.043945636 | DF19: -0.069693047 | DG19: 0.066374265 | DH19: -0.00015698313 | DI19: 0.0036664244 | DJ19: -0.048514351 | DK19: 0.12414459 | DL19: -0.023313545 | DM19: -0.081952255 | DN19: -0.0041776448 | DO19: 0.24926195 | DP19: 0.027165443 | DQ19: -0.12048938 | DR19: 0.075962353 | DS19: -0.0056773135 | DT19: -0.1331285 | DU19: -0.1428307 | DV19: 0.11953184 | DW19: 0.060609139 | DX19: -0.13836513 | DY19: -0.070109578 | DZ19: -0.11192083 | EA19: -0.028079353 | EB19: -0.10624586 | EC19: -0.0086215225 | ED19: -0.15093532 | EE19: -0.0073065267 | EF19: 0.016977955
A20: 192 | B20: 5 | C20: -0.1393246 | D20: 0.00035171826 | E20: -0.05733635 | F20: -0.091218422 | G20: -0.11160447 | H20: 0.011583026 | I20: 0.15814956 | J20: 0.06672115 | K20: 0.037404685 | L20: 0.095708636 | M20: 0.10013341 | N20: 0.10192493 | O20: 0.099101484 | P20: 0.040028495 | Q20: 0.22482481 | R20: -0.10925306 | S20: 0.082562611 | T20: 0.015662911 | U20: -0.032237658 | V20: 0.13628806 | W20: 0.17308538 | X20: -0.15004231 | Y20: -0.0048557579 | Z20: 0.02915735 | AA20: -0.0091431785 | AB20: 0.084759841 | AC20: 0.056443346 | AD20: 0.12984342 | AE20: -0.17528151 | AF20: -0.0064692815 | AG20: 0.027659219 | AH20: -0.090178201 | AI20: 0.078154545 | AJ20: -0.061990035 | AK20: 0.066966361 | AL20: 0.0056166264 | AM20: 0.033095981 | AN20: 0.075470194 | AO20: 0.021987304 | AP20: -0.13173046 | AQ20: 0.027452485 | AR20: 0.18146769 | AS20: 0.11209581 | AT20: 0.0058587738 | AU20: 0.072899818 | AV20: -0.054625714 | AW20: 0.0068652682 | AX20: -0.11073255 | AY20: 0.038674698 | AZ20: -0.21380243 | BA20: -0.054045134 | BB20: 0.23121363 | BC20: 0.070605568 | BD20: -0.053429813 | BE20: -0.038466832 | BF20: 0.0056885823 | BG20: -0.094062056 | BH20: -0.071606447 | BI20: -0.13174527 | BJ20: -0.021629512 | BK20: -0.059233168 | BL20: 0.086292231 | BM20: 0.13691766 | BN20: -0.018638027 | BO20: 0.038461718 | BP20: 0.060407521 | BQ20: 0.015451707 | BR20: 0.0082000826 | BS20: -0.0021226836 | BT20: -0.052467623 | BU20: 0.098754949 | BV20: 0.11591833 | BW20: -0.34204268 | BX20: 0.052861422 | BY20: -0.043183483 | BZ20: 0.090271404 | CA20: -0.0019938221 | CB20: -0.03825195 | CC20: -0.10142938 | CD20: 0.1810275 | CE20: 0.085778173 | CF20: 0.13120856 | CG20: -0.099052889 | CH20: -0.022195229 | CI20: -0.13148573 | CJ20: -0.12344032 | CK20: 0.090978397 | CL20: 0.29793491 | CM20: 0.18905117 | CN20: -0.022159411 | CO20: -0.41597134 | CP20: -0.15666076 | CQ20: 0.0061113579 | CR20: -0.025362553 | CS20: 0.088364277 | CT20: 0.090474037 | CU20: -0.1041009 | CV20: 0.097003954 | CW20: -0.025816403 | CX20: 0.0093861438 | CY20: -0.10873284 | CZ20: 0.1283007 | DA20: -0.047471893 | DB20: 0.07696807 | DC20: -0.047084133 | DD20: -0.068163012 | DE20: -0.026749864 | DF20: 0.00085912153 | DG20: 0.052344813 | DH20: -0.010975412 | DI20: -0.007757568 | DJ20: -0.039459946 | DK20: 0.084953981 | DL20: 0.010186969 | DM20: 0.0092836503 | DN20: 0.058019207 | DO20: 0.25800136 | DP20: 0.0098305314 | DQ20: -0.19132954 | DR20: 0.07851266 | DS20: -0.0074906958 | DT20: -0.1272747 | DU20: -0.17206911 | DV20: 0.12934547 | DW20: 0.069060204 | DX20: -0.15386633 | DY20: -0.053618609 | DZ20: -0.084474578 | EA20: 0.013808726 | EB20: -0.10631227 | EC20: 0.034049581 | ED20: -0.17691886 | EE20: -0.0017409798 | EF20: 0.020281417
A21: 241 | B21: 4 | C21: -0.19764916 | D21: -0.0003677094 | E21: 0.01369017 | F21: -0.051097484 | G21: -0.007296138 | H21: -0.037844077 | I21: 0.14725561 | J21: 0.060435326 | K21: 0.001470296 | L21: 0.10967961 | M21: -0.1958705 | N21: 0.099587412 | O21: 0.11215927 | P21: 0.045427193 | Q21: 0.27408345 | R21: -0.10583571 | S21: 0.20915948 | T21: -0.014040364 | U21: 0.0098246407 | V21: 0.13175049 | W21: 0.16036516 | X21: -0.20780127 | Y21: -0.01014366 | Z21: 0.039457716 | AA21: 0.019491044 | AB21: 0.12814324 | AC21: 0.07430113 | AD21: 0.12882467 | AE21: -0.24045611 | AF21: -0.033566825 | AG21: 0.044302778 | AH21: -0.10758136 | AI21: 0.079594209 | AJ21: -0.070405342 | AK21: 0.10498861 | AL21: -0.019780814 | AM21: 0.064856978 | AN21: 0.11195606 | AO21: 0.047726396 | AP21: -0.062390554 | AQ21: 0.02459114 | AR21: 0.20518228 | AS21: 0.064455869 | AT21: -0.0024929113 | AU21: 0.047809632 | AV21: -0.05552078 | AW21: 0.00979103 | AX21: -0.14314769 | AY21: 0.047021291 | AZ21: -0.25491127 | BA21: -0.071032182 | BB21: 0.29451264 | BC21: 0.038321148 | BD21: -0.021750863 | BE21: -0.040588333 | BF21: 0.0035771002 | BG21: -0.092285572 | BH21: -0.076321363 | BI21: -0.1659696 | BJ21: -0.023579026 | BK21: -0.06844988 | BL21: 0.14272109 | BM21: 0.15512 | BN21: -0.025790766 | BO21: 0.010668392 | BP21: 0.10450913 | BQ21: 0.054542231 | BR21: 0.013963257 | BS21: -0.025079854 | BT21: -0.060820743 | BU21: 0.12082094 | BV21: 0.142143 | BW21: -0.40213092 | BX21: 0.077165003 | BY21: -0.014916379 | BZ21: 0.09815671 | CA21: -0.024556069 | CB21: -0.11224361 | CC21: -0.053307578 | CD21: 0.28805606 | CE21: 0.061514882 | CF21: 0.12717048 | CG21: -0.14375119 | CH21: -0.15662644 | CI21: -0.12329335 | CJ21: -0.071754662 | CK21: 0.12705055 | CL21: 0.36208375 | CM21: 0.22550299 | CN21: -0.03053889 | CO21: -0.51486525 | CP21: -0.098307306 | CQ21: 0.0032880917 | CR21: -0.011615789 | CS21: 0.069646396 | CT21: 0.082292873 | CU21: -0.06267356 | CV21: 0.13162753 | CW21: -0.030752481 | CX21: 0.013395524 | CY21: -0.10250516 | CZ21: 0.19029339 | DA21: 0.0011922565 | DB21: 0.071461214 | DC21: -0.038546271 | DD21: -0.067027496 | DE21: 0.012238109 | DF21: 0.0077285593 | DG21: 0.059409519 | DH21: 0.01407682 | DI21: 0.034407478 | DJ21: -0.037911313 | DK21: 0.13950271 | DL21: 0.032208203 | DM21: -0.02983412 | DN21: 0.061960781 | DO21: 0.3316268 | DP21: 0.024266155 | DQ21: -0.12775339 | DR21: 0.050170859 | DS21: -0.0016720947 | DT21: -0.1705708 | DU21: -0.028090294 | DV21: 0.14027598 | DW21: 0.11934722 | DX21: -0.18596621 | DY21: -0.024595996 | DZ21: -0.052844067 | EA21: -0.026250896 | EB21: -0.10329556 | EC21: 0.0030649685 | ED21: -0.054498856 | EE21: 0.021310592 | EF21: -0.0079916029
A22: 321 | B22: 3 | C22: 0.064235718 | D22: -0.044680897 | E22: 0.017355099 | F22: -0.097433996 | G22: -0.032954824 | H22: -0.22980554 | I22: 0.12349317 | J22: 0.052598589 | K22: 0.02865678 | L22: 0.17118336 | M22: -0.22515861 | N22: 0.13328042 | O22: 0.14348035 | P22: 0.090630874 | Q22: 0.12727089 | R22: -0.036628434 | S22: 0.24705663 | T22: -0.0716519 | U22: -0.052488906 | V22: 0.1756249 | W22: 0.20748027 | X22: -0.25720235 | Y22: -0.069853332 | Z22: 0.023866122 | AA22: 0.0070480169 | AB22: 0.13443621 | AC22: 0.074420381 | AD22: 0.013572789 | AE22: -0.26268572 | AF22: -0.086404239 | AG22: 0.05284154 | AH22: -0.10586596 | AI22: 0.094141261 | AJ22: -0.031699849 | AK22: -0.068269328 | AL22: 0.0094397385 | AM22: 0.084088903 | AN22: 0.11113281 | AO22: 0.074717373 | AP22: -0.062536354 | AQ22: 0.014495984 | AR22: 0.23790114 | AS22: 0.082810439 | AT22: 0.0065803903 | AU22: 0.053142792 | AV22: -0.059813177 | AW22: -0.030149389 | AX22: -0.1737634 | AY22: 0.071733385 | AZ22: -0.15490378 | BA22: -0.045598425 | BB22: 0.36955058 | BC22: -0.13083694 | BD22: 0.01294739 | BE22: -0.068483037 | BF22: 0.013638817 | BG22: 0.041231469 | BH22: -0.12796054 | BI22: -0.11108872 | BJ22: -0.054996415 | BK22: -0.041839636 | BL22: 0.16178034 | BM22: 0.10560448 | BN22: -0.082937899 | BO22: 0.097012896 | BP22: 0.07483555 | BQ22: 0.027830097 | BR22: 0.020813609 | BS22: -0.016372782 | BT22: 0.088726194 | BU22: 0.21294877 | BV22: 0.15854397 | BW22: -0.4277165 | BX22: 0.1130289 | BY22: 0.032352876 | BZ22: 0.047257736 | CA22: -0.027490078 | CB22: -0.14899328 | CC22: 0.022431466 | CD22: 0.33387804 | CE22: 0.066840146 | CF22: 0.15557257 | CG22: -0.20326309 | CH22: -0.15360628 | CI22: -0.23044917 | CJ22: -0.10337951 | CK22: 0.036163343 | CL22: 0.55395437 | CM22: 0.30176026 | CN22: 0.0085467718 | CO22: -0.64995647 | CP22: -0.17184373 | CQ22: -0.012333779 | CR22: 0.028422205 | CS22: -0.015202184 | CT22: 0.058232521 | CU22: -0.11084142 | CV22: 0.1296175 | CW22: -0.013499799 | CX22: 0.047285453 | CY22: -0.10451083 | CZ22: 0.20669386 | DA22: -0.0039917539 | DB22: 0.054041622 | DC22: -0.03949433 | DD22: -0.015962578 | DE22: -0.005491758 | DF22: 0.017031775 | DG22: 0.071889499 | DH22: 0.013945346 | DI22: 0.063560999 | DJ22: -0.050246006 | DK22: 0.17913471 | DL22: 0.021680326 | DM22: -0.063466051 | DN22: 0.046763328 | DO22: 0.075715816 | DP22: 0.0021723233 | DQ22: -0.131031 | DR22: -0.0060925526 | DS22: -0.036346262 | DT22: -0.026376356 | DU22: -0.057495391 | DV22: 0.12570512 | DW22: 0.10950307 | DX22: -0.22244261 | DY22: 0.0081471166 | DZ22: -0.10374798 | EA22: -0.070548649 | EB22: -0.14292708 | EC22: 0.021495102 | ED22: -0.077413567 | EE22: 0.047636659 | EF22: -0.034790246
A23: 482 | B23: 2 | C23: -0.034987009 | D23: -0.029810668 | E23: -0.13300519 | F23: -0.14166491 | G23: -0.052224174 | H23: -0.26281024 | I23: 0.14815203 | J23: -0.098162291 | K23: -0.059917885 | L23: 0.05404353 | M23: -0.26736657 | N23: 0.15641924 | O23: 0.20456438 | P23: 0.054681526 | Q23: 0.29117349 | R23: -0.024313795 | S23: 0.169295 | T23: -0.00037336921 | U23: -0.059241789 | V23: 0.2324772 | W23: 0.33161915 | X23: -0.19455646 | Y23: -0.067949922 | Z23: 0.041051967 | AA23: 0.006606292 | AB23: 0.06403978 | AC23: 0.076346338 | AD23: 0.071628868 | AE23: -0.36197538 | AF23: -0.025300492 | AG23: 0.091873658 | AH23: -0.084171585 | AI23: 0.017205917 | AJ23: 0.0481956 | AK23: 0.018557731 | AL23: 0.014066593 | AM23: 0.007769489 | AN23: 0.2423147 | AO23: -0.0053369522 | AP23: 0.0031210994 | AQ23: 0.089424992 | AR23: 0.33674404 | AS23: -0.014706888 | AT23: -0.041427722 | AU23: 0.033145526 | AV23: -0.027638994 | AW23: -0.05202691 | AX23: -0.069838154 | AY23: 0.17023398 | AZ23: -0.063753617 | BA23: 0.0096467801 | BB23: 0.56682653 | BC23: -0.30082825 | BD23: 0.094830881 | BE23: -0.086532395 | BF23: -0.022846991 | BG23: -0.038322827 | BH23: -0.20348398 | BI23: -0.19111208 | BJ23: -0.10400332 | BK23: 0.0046869777 | BL23: 0.1495343 | BM23: 0.18918069 | BN23: -0.038453237 | BO23: 0.16631017 | BP23: 0.098266399 | BQ23: 0.049611841 | BR23: 0.017844321 | BS23: -0.073275389 | BT23: 0.21818668 | BU23: 0.20568774 | BV23: 0.11346757 | BW23: -0.60099753 | BX23: 0.068735089 | BY23: 0.039939449 | BZ23: 0.0076697624 | CA23: -0.0756532 | CB23: -0.2176142 | CC23: 0.083555909 | CD23: 0.19167646 | CE23: 0.059602302 | CF23: 0.18343324 | CG23: -0.39324379 | CH23: -0.16212257 | CI23: -0.059122474 | CJ23: -0.019875368 | CK23: 0.096116995 | CL23: 0.82114883 | CM23: 0.38673295 | CN23: 0.053005178 | CO23: -0.90892329 | CP23: -0.24610177 | CQ23: -0.0091837445 | CR23: 0.038232839 | CS23: -0.036974219 | CT23: 0.045662542 | CU23: -0.021056596 | CV23: 0.20185146 | CW23: 0.064165112 | CX23: -0.04425408 | CY23: -0.15375033 | CZ23: 0.16600445 | DA23: -0.030982136 | DB23: 0.018747066 | DC23: 0.11919049 | DD23: -0.018407826 | DE23: -0.009395226 | DF23: 0.061942127 | DG23: 0.067620427 | DH23: 0.055413447 | DI23: 0.053479597 | DJ23: -0.087058008 | DK23: 0.27783322 | DL23: -0.056607334 | DM23: -0.019497305 | DN23: 0.006497196 | DO23: 0.12406844 | DP23: 0.047088233 | DQ23: -0.170211 | DR23: -0.089886003 | DS23: -0.11657599 | DT23: -0.12395522 | DU23: 0.034287185 | DV23: 0.27627161 | DW23: 0.14122823 | DX23: -0.31349321 | DY23: -0.16987683 | DZ23: -0.085690902 | EA23: -0.023448908 | EB23: -0.1382255 | EC23: -0.036584316 | ED23: -0.091425905 | EE23: 0.069212076 | EF23: -0.047782279
A24: 964 | B24: 1 | C24: 0.16299314 | D24: -0.10404901 | E24: -0.2845125 | F24: -0.22715955 | G24: 0.22576002 | H24: -0.35082219 | I24: -0.0021119332 | J24: -0.099972193 | K24: 0.053732997 | L24: 0.095623251 | M24: -0.46302754 | N24: 0.14413045 | O24: 0.23530919 | P24: 0.0017362889 | Q24: -0.0028471356 | R24: -0.24569737 | S24: 0.1398838 | T24: 0.12369104 | U24: -0.28585629 | V24: 0.098678511 | W24: 0.49571199 | X24: 0.00089887647 | Y24: -0.12031749 | Z24: -0.024394549 | AA24: 0.013547768 | AB24: 0.19533962 | AC24: 0.12538038 | AD24: 0.1011753 | AE24: -0.54125812 | AF24: -0.16570378 | AG24: 0.13873572 | AH24: -0.05669736 | AI24: -0.0088083311 | AJ24: -0.080891244 | AK24: 0.0014409771 | AL24: -0.087173701 | AM24: -0.018919281 | AN24: 0.22118947 | AO24: 0.066090112 | AP24: -0.022851715 | AQ24: 0.047076973 | AR24: 0.0096392566 | AS24: -0.027956077 | AT24: 0.030459207 | AU24: 0.04409532 | AV24: -0.087151952 | AW24: 0.0049875415 | AX24: -0.028306187 | AY24: 0.16812729 | AZ24: 0.037867074 | BA24: -0.053794732 | BB24: 0.69077653 | BC24: -0.59942164 | BD24: 0.18559522 | BE24: -0.10413112 | BF24: 0.087651336 | BG24: 0.090984228 | BH24: -0.38625534 | BI24: -0.22362911 | BJ24: -0.0033483158 | BK24: 0.0040235469 | BL24: 0.31716429 | BM24: 0.011473019 | BN24: -0.10891326 | BO24: 0.16110969 | BP24: 0.12335118 | BQ24: -0.064169633 | BR24: 0.042356223 | BS24: -0.0012847175 | BT24: 0.27671902 | BU24: 0.22832663 | BV24: 0.10772845 | BW24: -1.1090121 | BX24: 0.10395503 | BY24: -0.29033687 | BZ24: 0.2588929 | CA24: -0.11522168 | CB24: 0.20876197 | CC24: 0.21983119 | CD24: 0.032392267 | CE24: 0.16556487 | CF24: 0.16513135 | CG24: -0.32381798 | CH24: -0.21297288 | CI24: -0.058508157 | CJ24: 0.013109485 | CK24: 0.093530079 | CL24: 1.14862 | CM24: 0.54958711 | CN24: 0.10773877 | CO24: -0.77665322 | CP24: -0.19806735 | CQ24: 0.11468717 | CR24: 0.096817907 | CS24: -0.085895233 | CT24: 0.096419008 | CU24: -0.072751348 | CV24: 0.3614803 | CW24: -0.0015881422 | CX24: 0.052765259 | CY24: -0.32114775 | CZ24: 0.32258988 | DA24: 0.024511204 | DB24: -0.016501866 | DC24: 0.1944536 | DD24: 0.049299773 | DE24: -0.17606276 | DF24: -0.10466498 | DG24: 0.11954529 | DH24: 0.09936698 | DI24: 0.14187546 | DJ24: -0.13248861 | DK24: 0.33950921 | DL24: -0.031748698 | DM24: -0.14143953 | DN24: 0.23333457 | DO24: 0.11561196 | DP24: 0.11437343 | DQ24: -0.13297735 | DR24: -0.02051563 | DS24: -0.067362546 | DT24: -0.038362866 | DU24: -0.047638587 | DV24: 0.1582247 | DW24: 0.10885709 | DX24: -0.31159313 | DY24: -0.34380429 | DZ24: -0.050469182 | EA24: 0.077350922 | EB24: -0.10922877 | EC24: -0.014309919 | ED24: -0.056172845 | EE24: 0.10748066 | EF24: 0.067276677
A25: 大盤 | B25: TWⅡ | C25: -0.017446771 | D25: 0.020701061 | E25: 0.023982129 | F25: -0.006557579 | G25: 0.03184513 | H25: 0.034348533 | I25: -0.0082549328 | J25: 0.012843524 | K25: -0.051018525 | L25: 0.00087394274 | M25: 0.023389576 | N25: 0.012988972 | O25: 0.0058545887 | P25: 0.027413207 | Q25: -0.0037129361 | R25: 0.024076614 | S25: -0.012190025 | T25: -0.039749578 | U25: -0.07315545 | V25: -0.05826023 | W25: 0.00077279757 | X25: 0.044591521 | Y25: -0.02769968 | Z25: 0.0020950059 | AA25: -0.023400551 | AB25: 0.032129371 | AC25: 0.038903273 | AD25: -0.042865382 | AE25: 0.018647195 | AF25: 0.015229768 | AG25: 0.036016604 | AH25: 0.0093546114 | AI25: 0.010748251 | AJ25: 0.013357754 | AK25: -0.0053327473 | AL25: 0.0013831358 | AM25: 0.020795928 | AN25: 0.031517702 | AO25: 0.0062417165 | AP25: 0.0061452617 | AQ25: 0.016946358 | AR25: 0.03468283 | AS25: 0.0030985886 | AT25: 0.015081347 | AU25: -0.019251209 | AV25: 0.038711513 | AW25: -0.021856951 | AX25: 0.0077743007 | AY25: 0.042397247 | AZ25: -0.026308975 | BA25: 0.0095717493 | BB25: -0.024249741 | BC25: 0.020163374 | BD25: -0.0035049988 | BE25: 0.020151935 | BF25: 0.00058133623 | BG25: -0.005219701 | BH25: -0.11587176 | BI25: 0.0087252257 | BJ25: -0.016377261 | BK25: 0.020840372 | BL25: 0.044975872 | BM25: 0.023954306 | BN25: 0.030239101 | BO25: -0.043725888 | BP25: 0.02188947 | BQ25: 0.0086274303 | BR25: -0.019192954 | BS25: 0.01973513 | BT25: 0.047694337 | BU25: 0.011454817 | BV25: 0.043228621 | BW25: -0.04274743 | BX25: -0.017811292 | BY25: -0.1511531 | BZ25: 0.124224 | CA25: -0.0045572538 | CB25: 0.06021124 | CC25: 0.085992033 | CD25: -0.0058084796 | CE25: -0.006041347 | CF25: 0.0024523244 | CG25: 0.089636252 | CH25: 0.070992733 | CI25: 0.027170643 | CJ25: 0.052468428 | CK25: 0.029480661 | CL25: 0.066825081 | CM25: -0.028772229 | CN25: 0.039462516 | CO25: -0.029031087 | CP25: 0.013983883 | CQ25: -0.032276965 | CR25: 0.0031035766 | CS25: 0.025591856 | CT25: 0.044391886 | CU25: -0.030338959 | CV25: -0.0012579765 | CW25: 0.0023363565 | CX25: -0.064264145 | CY25: 0.012909779 | CZ25: -0.12547709 | DA25: 0.011690683 | DB25: 0.0063378437 | DC25: -0.11730536 | DD25: -0.036010872 | DE25: 0.1389113 | DF25: -0.051143506 | DG25: 0.076731447 | DH25: 0.015508782 | DI25: 0.023223774 | DJ25: -0.018372876 | DK25: 0.062199014 | DL25: 0.020098304 | DM25: 0.01349894 | DN25: -0.030252213 | DO25: -0.017022836 | DP25: -0.021788523 | DQ25: 0.085745625 | DR25: 0.028106744 | DS25: -0.0023031598 | DT25: 0.058471198 | DU25: 0.067658949 | DV25: 0.0050207706 | DW25: 0.037416184 | DX25: 0.084111004 | DY25: -0.036832399 | DZ25: 0.0030917028 | EA25: -0.0019576282 | EB25: 0.026459104 | EC25: -0.024752539 | ED25: 0.034115491 | EE25: 0.021061974 | EF25: -0.020277393
C27: 1101 | D27: 2484 | E27: 1233 | F27: 2379 | G27: 2379 | H27: 2611 | I27: 2379 | J27: 2379 | K27: 1233 | L27: 2379 | M27: 2379 | N27: 2329 | O27: 3033 | P27: 4402 | Q27: 5515 | R27: 3024 | S27: 2464 | T27: 3024 | U27: 1233 | V27: 5521 | W27: 3024 | X27: 5521 | Y27: 5521 | Z27: 5521 | AA27: 5201 | AB27: 5201 | AC27: 5201 | AD27: 5521 | AE27: 3017 | AF27: 5521 | AG27: 3017 | AH27: 3033 | AI27: 3033 | AJ27: 2451 | AK27: 4413 | AL27: 4413 | AM27: 2451 | AN27: 2451 | AO27: 2451 | AP27: 2451 | AQ27: 2451 | AR27: 2451 | AS27: 2451 | AT27: 6101 | AU27: 6021 | AV27: 6186 | AW27: 6186 | AX27: 6186 | AY27: 6186 | AZ27: 6186 | BA27: 6186 | BB27: 5523 | BC27: 6186 | BD27: 8938 | BE27: 5523 | BF27: 6186 | BG27: 3051 | BH27: 6186 | BI27: 6186 | BJ27: 6186 | BK27: 6186 | BL27: 3005 | BM27: 2537 | BN27: 8927 | BO27: 2537 | BP27: 2537 | BQ27: 2537 | BR27: 6261 | BS27: 6261 | BT27: 5007 | BU27: 6242 | BV27: 6242 | BW27: 5345 | BX27: 8927 | BY27: 5345 | BZ27: 6242 | CA27: 6242 | CB27: 6242 | CC27: 1737 | CD27: 6242 | CE27: 8927 | CF27: 8927 | CG27: 6242 | CH27: 8074 | CI27: 8927 | CJ27: 6242 | CK27: 6242 | CL27: 6239 | CM27: 6242 | CN27: 6242 | CO27: 6242 | CP27: 3016 | CQ27: 6242 | CR27: 2493 | CS27: 6242 | CT27: 5371 | CU27: 5371 | CV27: 6237 | CW27: 5315 | CX27: 9904 | CY27: 9904 | CZ27: 5007 | DA27: 8072 | DB27: 9904 | DC27: 8072 | DD27: 2538 | DE27: 5371 | DF27: 8072 | DG27: 2538 | DH27: 2493 | DI27: 2493 | DJ27: 2493 | DK27: 2493 | DL27: 2538 | DM27: 2493 | DN27: 4402 | DO27: 2538 | DP27: 4402 | DQ27: 4402 | DR27: 4402 | DS27: 6291 | DT27: 3232 | DU27: 3232 | DV27: 3232 | DW27: 3232 | DX27: 6291 | DY27: 6291 | DZ27: 3232 | EA27: 3232 | EB27: 2538 | EC27: 3232 | ED27: 4402 | EE27: 2538 | EF27: 4402
C28: 台泥 | D28: 希華 | E28: 天仁 | F28: 瑞昱 | G28: 瑞昱 | H28: 志信 | I28: 瑞昱 | J28: 瑞昱 | K28: 天仁 | L28: 瑞昱 | M28: 瑞昱 | N28: 華泰 | O28: 威健 | P28: 郡都開發 | Q28: 建國 | R28: 憶聲 | S28: 盟立 | T28: 憶聲 | U28: 天仁 | V28: 工信 | W28: 憶聲 | X28: 工信 | Y28: 工信 | Z28: 工信 | AA28: 凱衛 | AB28: 凱衛 | AC28: 凱衛 | AD28: 工信 | AE28: 奇鋐 | AF28: 工信 | AG28: 奇鋐 | AH28: 威健 | AI28: 威健 | AJ28: 創見 | AK28: 飛寶企業 | AL28: 飛寶企業 | AM28: 創見 | AN28: 創見 | AO28: 創見 | AP28: 創見 | AQ28: 創見 | AR28: 創見 | AS28: 創見 | AT28: 寬魚國際 | AU28: 美好證 | AV28: 新潤 | AW28: 新潤 | AX28: 新潤 | AY28: 新潤 | AZ28: 新潤 | BA28: 新潤 | BB28: 豐謙 | BC28: 新潤 | BD28: 明安 | BE28: 豐謙 | BF28: 新潤 | BG28: 力特 | BH28: 新潤 | BI28: 新潤 | BJ28: 新潤 | BK28: 新潤 | BL28: 神基 | BM28: 聯上發 | BN28: 北基 | BO28: 聯上發 | BP28: 聯上發 | BQ28: 聯上發 | BR28: 久元 | BS28: 久元 | BT28: 三星 | BU28: 立康 | BV28: 立康 | BW28: 天揚 | BX28: 北基 | BY28: 天揚 | BZ28: 立康 | CA28: 立康 | CB28: 立康 | CC28: 臺鹽 | CD28: 立康 | CE28: 北基 | CF28: 北基 | CG28: 立康 | CH28: 鉅橡 | CI28: 北基 | CJ28: 立康 | CK28: 立康 | CL28: 力成 | CM28: 立康 | CN28: 立康 | CO28: 立康 | CP28: 嘉晶 | CQ28: 立康 | CR28: 揚博 | CS28: 立康 | CT28: 中光電 | CU28: 中光電 | CV28: 驊訊 | CW28: 光聯 | CX28: 寶成 | CY28: 寶成 | CZ28: 三星 | DA28: 陞泰 | DB28: 寶成 | DC28: 陞泰 | DD28: 基泰 | DE28: 中光電 | DF28: 陞泰 | DG28: 基泰 | DH28: 揚博 | DI28: 揚博 | DJ28: 揚博 | DK28: 揚博 | DL28: 基泰 | DM28: 揚博 | DN28: 郡都開發 | DO28: 基泰 | DP28: 郡都開發 | DQ28: 郡都開發 | DR28: 郡都開發 | DS28: 沛亨 | DT28: 昱捷 | DU28: 昱捷 | DV28: 昱捷 | DW28: 昱捷 | DX28: 沛亨 | DY28: 沛亨 | DZ28: 昱捷 | EA28: 昱捷 | EB28: 基泰 | EC28: 昱捷 | ED28: 郡都開發 | EE28: 基泰 | EF28: 郡都開發
C29: 9951 | D29: 3219 | E29: 2328 | F29: 2002 | G29: 2002 | H29: 2489 | I29: 1805 | J29: 1440 | K29: 2328 | L29: 9904 | M29: 9904 | N29: 9904 | O29: 2524 | P29: 2328 | Q29: 2328 | R29: 2524 | S29: 1473 | T29: 2524 | U29: 2328 | V29: 2328 | W29: 2524 | X29: 2328 | Y29: 2328 | Z29: 2328 | AA29: 2524 | AB29: 2524 | AC29: 2524 | AD29: 2328 | AE29: 2524 | AF29: 2328 | AG29: 2524 | AH29: 2527 | AI29: 2524 | AJ29: 2002 | AK29: 2328 | AL29: 2328 | AM29: 2538 | AN29: 2022 | AO29: 2023 | AP29: 2023 | AQ29: 2023 | AR29: 2023 | AS29: 2022 | AT29: 2538 | AU29: 2538 | AV29: 2538 | AW29: 2527 | AX29: 2527 | AY29: 2527 | AZ29: 2527 | BA29: 2527 | BB29: 2328 | BC29: 2527 | BD29: 2527 | BE29: 2328 | BF29: 2524 | BG29: 5523 | BH29: 1785 | BI29: 1785 | BJ29: 1785 | BK29: 1785 | BL29: 1785 | BM29: 1785 | BN29: 2328 | BO29: 1785 | BP29: 1785 | BQ29: 1785 | BR29: 1785 | BS29: 1785 | BT29: 2328 | BU29: 2488 | BV29: 2488 | BW29: 2328 | BX29: 2328 | BY29: 2328 | BZ29: 2504 | CA29: 4205 | CB29: 4205 | CC29: 5345 | CD29: 4205 | CE29: 2328 | CF29: 2328 | CG29: 5315 | CH29: 8066 | CI29: 2328 | CJ29: 5315 | CK29: 4205 | CL29: 2328 | CM29: 4205 | CN29: 4205 | CO29: 1436 | CP29: 6128 | CQ29: 4207 | CR29: 2328 | CS29: 4205 | CT29: 4205 | CU29: 4205 | CV29: 2328 | CW29: 2328 | CX29: 2328 | CY29: 2328 | CZ29: 2328 | DA29: 2809 | DB29: 2328 | DC29: 4205 | DD29: 2328 | DE29: 5306 | DF29: 8074 | DG29: 2328 | DH29: 4205 | DI29: 5340 | DJ29: 4205 | DK29: 4205 | DL29: 2328 | DM29: 3232 | DN29: 8074 | DO29: 2328 | DP29: 8074 | DQ29: 8074 | DR29: 8074 | DS29: 2328 | DT29: 2434 | DU29: 2434 | DV29: 3049 | DW29: 2434 | DX29: 2434 | DY29: 2434 | DZ29: 2434 | EA29: 2434 | EB29: 2328 | EC29: 3049 | ED29: 4205 | EE29: 2328 | EF29: 1454
C30: 皇田 | D30: 倚強科 | E30: 廣宇 | F30: 中鋼 | G30: 中鋼 | H30: 瑞軒 | I30: 寶徠 | J30: 南紡 | K30: 廣宇 | L30: 寶成 | M30: 寶成 | N30: 寶成 | O30: 京城 | P30: 廣宇 | Q30: 廣宇 | R30: 京城 | S30: 台南 | T30: 京城 | U30: 廣宇 | V30: 廣宇 | W30: 京城 | X30: 廣宇 | Y30: 廣宇 | Z30: 廣宇 | AA30: 京城 | AB30: 京城 | AC30: 京城 | AD30: 廣宇 | AE30: 京城 | AF30: 廣宇 | AG30: 京城 | AH30: 宏璟 | AI30: 京城 | AJ30: 中鋼 | AK30: 廣宇 | AL30: 廣宇 | AM30: 基泰 | AN30: 聚亨 | AO30: 燁輝 | AP30: 燁輝 | AQ30: 燁輝 | AR30: 燁輝 | AS30: 聚亨 | AT30: 基泰 | AU30: 基泰 | AV30: 基泰 | AW30: 宏璟 | AX30: 宏璟 | AY30: 宏璟 | AZ30: 宏璟 | BA30: 宏璟 | BB30: 廣宇 | BC30: 宏璟 | BD30: 宏璟 | BE30: 廣宇 | BF30: 京城 | BG30: 豐謙 | BH30: 光洋科 | BI30: 光洋科 | BJ30: 光洋科 | BK30: 光洋科 | BL30: 光洋科 | BM30: 光洋科 | BN30: 廣宇 | BO30: 光洋科 | BP30: 光洋科 | BQ30: 光洋科 | BR30: 光洋科 | BS30: 光洋科 | BT30: 廣宇 | BU30: 漢平 | BV30: 漢平 | BW30: 廣宇 | BX30: 廣宇 | BY30: 廣宇 | BZ30: 國產 | CA30: 中華食 | CB30: 中華食 | CC30: 天揚 | CD30: 中華食 | CE30: 廣宇 | CF30: 廣宇 | CG30: 光聯 | CH30: 來思達 | CI30: 廣宇 | CJ30: 光聯 | CK30: 中華食 | CL30: 廣宇 | CM30: 中華食 | CN30: 中華食 | CO30: 華友聯 | CP30: 上福 | CQ30: 環泰 | CR30: 廣宇 | CS30: 中華食 | CT30: 中華食 | CU30: 中華食 | CV30: 廣宇 | CW30: 廣宇 | CX30: 廣宇 | CY30: 廣宇 | CZ30: 廣宇 | DA30: 京城銀 | DB30: 廣宇 | DC30: 中華食 | DD30: 廣宇 | DE30: 桂盟 | DF30: 鉅橡 | DG30: 廣宇 | DH30: 中華食 | DI30: 建榮 | DJ30: 中華食 | DK30: 中華食 | DL30: 廣宇 | DM30: 昱捷 | DN30: 鉅橡 | DO30: 廣宇 | DP30: 鉅橡 | DQ30: 鉅橡 | DR30: 鉅橡 | DS30: 廣宇 | DT30: 統懋 | DU30: 統懋 | DV30: 精金 | DW30: 統懋 | DX30: 統懋 | DY30: 統懋 | DZ30: 統懋 | EA30: 統懋 | EB30: 廣宇 | EC30: 精金 | ED30: 中華食 | EE30: 廣宇 | EF30: 台富

Sheet NN5勝率
A1: Predict
B2: Time | C2: 2013/12 | D2: 2014/01 | E2: 2014/02 | F2: 2014/03 | G2: 2014/04 | H2: 2014/05 | I2: 2014/06 | J2: 2014/07 | K2: 2014/08 | L2: 2014/09 | M2: 2014/10 | N2: 2014/11 | O2: 2014/12 | P2: 2015/01 | Q2: 2015/02 | R2: 2015/03 | S2: 2015/04 | T2: 2015/05 | U2: 2015/06 | V2: 2015/07 | W2: 2015/08 | X2: 2015/09 | Y2: 2015/10 | Z2: 2015/11 | AA2: 2015/12 | AB2: 2016/01 | AC2: 2016/02 | AD2: 2016/03 | AE2: 2016/04 | AF2: 2016/05 | AG2: 2016/06 | AH2: 2016/07 | AI2: 2016/08 | AJ2: 2016/09 | AK2: 2016/10 | AL2: 2016/11 | AM2: 2016/12 | AN2: 2017/01 | AO2: 2017/02 | AP2: 2017/03 | AQ2: 2017/04 | AR2: 2017/05 | AS2: 2017/06 | AT2: 2017/07 | AU2: 2017/08 | AV2: 2017/09 | AW2: 2017/10 | AX2: 2017/11 | AY2: 2017/12 | AZ2: 2018/01 | BA2: 2018/02 | BB2: 2018/03 | BC2: 2018/04 | BD2: 2018/05 | BE2: 2018/06 | BF2: 2018/07 | BG2: 2018/08 | BH2: 2018/09 | BI2: 2018/10 | BJ2: 2018/11 | BK2: 2018/12 | BL2: 2019/01 | BM2: 2019/02 | BN2: 2019/03 | BO2: 2019/04 | BP2: 2019/05 | BQ2: 2019/06 | BR2: 2019/07 | BS2: 2019/08 | BT2: 2019/09 | BU2: 2019/10 | BV2: 2019/11 | BW2: 2019/12 | BX2: 2020/01 | BY2: 2020/02 | BZ2: 2020/03 | CA2: 2020/04 | CB2: 2020/05 | CC2: 2020/06 | CD2: 2020/07 | CE2: 2020/08 | CF2: 2020/09 | CG2: 2020/10 | CH2: 2020/11 | CI2: 2020/12 | CJ2: 2021/01 | CK2: 2021/02 | CL2: 2021/03 | CM2: 2021/04 | CN2: 2021/05 | CO2: 2021/06 | CP2: 2021/07 | CQ2: 2021/08 | CR2: 2021/09 | CS2: 2021/10 | CT2: 2021/11 | CU2: 2021/12 | CV2: 2022/01 | CW2: 2022/02 | CX2: 2022/03 | CY2: 2022/04 | CZ2: 2022/05 | DA2: 2022/06 | DB2: 2022/07 | DC2: 2022/08 | DD2: 2022/09 | DE2: 2022/10 | DF2: 2022/11 | DG2: 2022/12 | DH2: 2023/01 | DI2: 2023/02 | DJ2: 2023/03 | DK2: 2023/04 | DL2: 2023/05 | DM2: 2023/06 | DN2: 2023/07 | DO2: 2023/08 | DP2: 2023/09 | DQ2: 2023/10 | DR2: 2023/11 | DS2: 2023/12 | DT2: 2024/01 | DU2: 2024/02 | DV2: 2024/03 | DW2: 2024/04 | DX2: 2024/05 | DY2: 2024/06 | DZ2: 2024/07 | EA2: 2024/08 | EB2: 2024/09 | EC2: 2024/10 | ED2: 2024/11 | EE2: 2024/12 | EF2: 2025/01
B3: bm | C3: 0.073912658 | D3: 0.075634934 | E3: 0.053515486 | F3: 0.061629988 | G3: 0.050796419 | H3: 0.035059132 | I3: 0.090367138 | J3: 0.065266319 | K3: -0.012474539 | L3: 0.07754764 | M3: 0.064441182 | N3: 0.04651219 | O3: 0.067610271 | P3: -0.025644939 | Q3: 0.033374421 | R3: 0.057588164 | S3: -0.03419546 | T3: 0.058177851 | U3: 0.038116455 | V3: -0.0055063977 | W3: 0.058136616 | X3: 0.05687042 | Y3: 0.059794772 | Z3: 0.01319172 | AA3: 0.066306375 | AB3: 0.058820508 | AC3: 0.057617776 | AD3: 0.036969934 | AE3: 0.078433976 | AF3: 0.043248169 | AG3: 0.055671927 | AH3: 0.016907433 | AI3: 0.037138056 | AJ3: 0.039113328 | AK3: 0.042720824 | AL3: 0.027467238 | AM3: 0.053318277 | AN3: 0.1098325 | AO3: 0.019733673 | AP3: 0.036758669 | AQ3: 0.05132718 | AR3: 0.053256318 | AS3: 0.054331318 | AT3: 0.043143794 | AU3: 0.038841631 | AV3: 0.055265516 | AW3: 0.050267205 | AX3: -0.060497068 | AY3: 0.056344893 | AZ3: 0.044756263 | BA3: 0.049546454 | BB3: 0.065231696 | BC3: 0.052208934 | BD3: 0.050287269 | BE3: 0.053227734 | BF3: 0.052831601 | BG3: -0.022505151 | BH3: 0.053355973 | BI3: -0.042333741 | BJ3: -0.041621774 | BK3: 0.0527323 | BL3: 0.052711453 | BM3: 0.05278958 | BN3: 0.057516374 | BO3: -0.042583652 | BP3: 0.039963931 | BQ3: 0.052070383 | BR3: 0.050181154 | BS3: 0.054154158 | BT3: 0.049134161 | BU3: 0.055349864 | BV3: 0.052839477 | BW3: 0.029234827 | BX3: 0.047284011 | BY3: -0.0042058714 | BZ3: 0.053063441 | CA3: 0.039631478 | CB3: 0.046001714 | CC3: 0.051699594 | CD3: 0.052426741 | CE3: 0.047352515 | CF3: 0.021231763 | CG3: 0.045137141 | CH3: -0.049076565 | CI3: 0.020267023 | CJ3: 0.057584956 | CK3: 0.06919612 | CL3: 0.042080969 | CM3: 0.049845971 | CN3: -0.048408799 | CO3: 0.048292059 | CP3: 0.039594132 | CQ3: 0.048842102 | CR3: 0.049500272 | CS3: 0.047897454 | CT3: 0.028369874 | CU3: 0.044375256 | CV3: 0.050530951 | CW3: 0.043176312 | CX3: 0.052143924 | CY3: 0.050900701 | CZ3: 0.042558175 | DA3: 0.044029783 | DB3: -0.04391953 | DC3: 0.051982991 | DD3: -0.0084397029 | DE3: 0.052998926 | DF3: 0.04483768 | DG3: 0.043406125 | DH3: 0.047541145 | DI3: 0.048345033 | DJ3: 0.052155863 | DK3: 0.089188196 | DL3: -0.026696257 | DM3: 0.048457604 | DN3: 0.046465918 | DO3: -0.029918596 | DP3: 0.047435947 | DQ3: 0.038500402 | DR3: 0.049186587 | DS3: 0.047889348 | DT3: 0.031652723 | DU3: 0.061842099 | DV3: 0.046563607 | DW3: 0.03281489 | DX3: 0.048260111 | DY3: -0.056952421 | DZ3: 0.033931814 | EA3: 0.048233494 | EB3: 0.0097889202 | EC3: 0.036156386 | ED3: 0.040190533 | EE3: 0.047531653 | EF3: 0.05033059
B4: size | C4: 0.010975275 | D4: -0.048196077 | E4: 0.082988262 | F4: 0.038252771 | G4: 0.050002195 | H4: 0.013410039 | I4: -0.026064049 | J4: -0.030217964 | K4: -0.033898376 | L4: -0.039842829 | M4: -0.043122668 | N4: 0.04201898 | O4: -0.034795396 | P4: -0.046467673 | Q4: -0.061648782 | R4: -0.034485668 | S4: -0.02517182 | T4: -0.037345178 | U4: 0.083096556 | V4: 0.089860611 | W4: -0.027928695 | X4: 0.082243979 | Y4: -0.07178916 | Z4: -0.030311709 | AA4: 0.036390048 | AB4: 0.038148783 | AC4: -0.024738373 | AD4: -0.09873803 | AE4: -0.044849236 | AF4: -0.044075444 | AG4: -0.029871419 | AH4: 0.016651396 | AI4: 0.027999543 | AJ4: -0.015782923 | AK4: -0.093165159 | AL4: 0.05696046 | AM4: -0.029802304 | AN4: -0.037541721 | AO4: 0.01405663 | AP4: 0.02808417 | AQ4: -0.020956615 | AR4: -0.033249192 | AS4: 0.029234178 | AT4: -0.038568161 | AU4: -0.030528501 | AV4: -0.032747496 | AW4: 0.04592634 | AX4: -0.034888666 | AY4: -0.034154564 | AZ4: 0.025950408 | BA4: -0.031192672 | BB4: -0.087475844 | BC4: 0.035330057 | BD4: -0.031129116 | BE4: -0.054915816 | BF4: -0.031478297 | BG4: -0.040066577 | BH4: 0.030623695 | BI4: -0.031123528 | BJ4: -0.030040134 | BK4: -0.041486956 | BL4: 0.039935578 | BM4: 0.018027246 | BN4: -0.10439561 | BO4: 0.0069876933 | BP4: 0.0046952195 | BQ4: 0.015195244 | BR4: -0.0073001925 | BS4: -0.043473393 | BT4: 0.0499168 | BU4: 0.034368545 | BV4: -0.042206816 | BW4: 0.040576939 | BX4: 0.11351513 | BY4: -0.060964067 | BZ4: 0.0074336347 | CA4: -0.03416634 | CB4: -0.042827509 | CC4: -0.040521652 | CD4: -0.02672508 | CE4: -0.048888609 | CF4: 0.045108072 | CG4: 0.032500137 | CH4: 0.033603519 | CI4: -0.059029229 | CJ4: -0.033231545 | CK4: 0.033614956 | CL4: -0.087717965 | CM4: -0.0078791035 | CN4: -0.031603437 | CO4: -0.024560306 | CP4: -0.024266617 | CQ4: 0.0098067364 | CR4: 0.076525658 | CS4: 0.021581039 | CT4: 0.021532454 | CU4: 0.034501176 | CV4: -0.062654153 | CW4: -0.045586068 | CX4: -0.065642618 | CY4: 0.063649572 | CZ4: -0.078583814 | DA4: -0.028124524 | DB4: -0.058803976 | DC4: -0.03196235 | DD4: -0.038284682 | DE4: 0.048030544 | DF4: -0.029363507 | DG4: 0.060822789 | DH4: -0.028199369 | DI4: -0.029792106 | DJ4: -0.030000817 | DK4: 0.01032027 | DL4: -0.042281743 | DM4: -0.048086602 | DN4: -0.019423993 | DO4: -0.040470425 | DP4: -0.034404326 | DQ4: -0.027822113 | DR4: -0.028454494 | DS4: -0.069464684 | DT4: -0.028235232 | DU4: 0.053089391 | DV4: -0.027063906 | DW4: -0.024401028 | DX4: 0.0027264939 | DY4: 0.043977614 | DZ4: -0.024560714 | EA4: -0.047766272 | EB4: -0.041742835 | EC4: -0.028310522 | ED4: -0.024022842 | EE4: 0.11009948 | EF4: -0.029047638
B5: mom | C5: -0.0024425527 | D5: -0.021626282 | E5: -0.0053863544 | F5: -0.0053014285 | G5: 0.031814873 | H5: 0.057366848 | I5: -0.066244856 | J5: 0.036245558 | K5: -0.0071708038 | L5: -0.0079015763 | M5: 0.0071032248 | N5: -0.037834208 | O5: 0.020873982 | P5: 0.0014444387 | Q5: 0.0030378168 | R5: -0.0044238023 | S5: 0.039379157 | T5: 0.00082508498 | U5: 0.037100088 | V5: 0.018653225 | W5: -0.0064136605 | X5: -0.0036916751 | Y5: -0.03855931 | Z5: -0.0087653529 | AA5: -0.010008228 | AB5: -0.0081863869 | AC5: -0.043017767 | AD5: -0.011843434 | AE5: -0.03274307 | AF5: -0.014333235 | AG5: -0.0060717119 | AH5: 0.0071172384 | AI5: -0.0037492709 | AJ5: -0.003687632 | AK5: -0.0052553779 | AL5: -0.0050698724 | AM5: -0.0065165474 | AN5: -0.0031071184 | AO5: 0.010161978 | AP5: -0.0051280106 | AQ5: -0.014931954 | AR5: -0.040432394 | AS5: 0.044245671 | AT5: -0.016279602 | AU5: -0.011777605 | AV5: 0.03321078 | AW5: -0.011548122 | AX5: 0.011358917 | AY5: -0.0013871735 | AZ5: 0.026015019 | BA5: -0.0002783761 | BB5: -0.0073484578 | BC5: 0.0021762042 | BD5: -0.015472923 | BE5: -0.0065566744 | BF5: 0.00018655456 | BG5: 0.12311092 | BH5: 0.015679149 | BI5: -0.040477633 | BJ5: -0.00022815017 | BK5: -0.0071884273 | BL5: -0.0018430699 | BM5: -0.0039120745 | BN5: -0.00035538641 | BO5: -0.0038149823 | BP5: 0.031992119 | BQ5: 0.00088122237 | BR5: 0.00082531711 | BS5: 0.011597894 | BT5: -0.00018043554 | BU5: -0.0036622095 | BV5: -0.0015918857 | BW5: 0.011063156 | BX5: -0.002237746 | BY5: -0.00268884 | BZ5: 0.019596629 | CA5: -0.017089618 | CB5: -0.017864417 | CC5: -0.06238376 | CD5: -0.0063154018 | CE5: 0.0047826809 | CF5: -0.0044821594 | CG5: 0.012144087 | CH5: 0.05563201 | CI5: -0.0060893372 | CJ5: 0.0041742204 | CK5: -0.053255923 | CL5: -0.0035227751 | CM5: -0.010564735 | CN5: -0.0014071956 | CO5: 0.002154151 | CP5: -0.041955963 | CQ5: -0.0043455614 | CR5: 0.00055619609 | CS5: -0.0046609323 | CT5: -0.00054603722 | CU5: 0.022855889 | CV5: 0.013625186 | CW5: -0.0034695868 | CX5: -0.0019505729 | CY5: -0.0024859204 | CZ5: -0.001005491 | DA5: 0.012646312 | DB5: -0.0031459662 | DC5: -0.0038975955 | DD5: -0.0046709622 | DE5: 0.022379272 | DF5: -0.022962656 | DG5: -0.005475522 | DH5: -0.0043155677 | DI5: -0.016300755 | DJ5: 0.0067051458 | DK5: -0.0082752258 | DL5: 0.030191973 | DM5: -0.00050713518 | DN5: -0.0039516981 | DO5: 0.0029903806 | DP5: -0.0063493387 | DQ5: -0.0040843049 | DR5: -0.022978853 | DS5: 0.0013683438 | DT5: -0.00034443522 | DU5: -0.0067529222 | DV5: -0.012841428 | DW5: -0.0088949446 | DX5: -0.0067950469 | DY5: -0.0029764331 | DZ5: -0.0022764786 | EA5: -0.0032696472 | EB5: -0.0055572023 | EC5: -0.004431623 | ED5: -0.0061979257 | EE5: -0.0062301061 | EF5: -0.0060357368
A6: 選絕對值最大 | C6: {=MATCH(MAX(ABS(C3:C5)), ABS(C3:C5), 0)} -> 1 | D6: {=MATCH(MAX(ABS(D3:D5)), ABS(D3:D5), 0)} -> 1 | E6: {=MATCH(MAX(ABS(E3:E5)), ABS(E3:E5), 0)} -> 2 | F6: {=MATCH(MAX(ABS(F3:F5)), ABS(F3:F5), 0)} -> 1 | G6: {=MATCH(MAX(ABS(G3:G5)), ABS(G3:G5), 0)} -> 1 | H6: {=MATCH(MAX(ABS(H3:H5)), ABS(H3:H5), 0)} -> 3 | I6: {=MATCH(MAX(ABS(I3:I5)), ABS(I3:I5), 0)} -> 1 | J6: {=MATCH(MAX(ABS(J3:J5)), ABS(J3:J5), 0)} -> 1 | ... EF6: {=MATCH(MAX(ABS(EF3:EF5)), ABS(EF3:EF5), 0)} -> 1
C7: =IF(C6=1,"bm",IF(C6=2,"size",IF(C6=3,"mom"))) -> bm | D7: =IF(D6=1,"bm",IF(D6=2,"size",IF(D6=3,"mom"))) -> bm | E7: =IF(E6=1,"bm",IF(E6=2,"size",IF(E6=3,"mom"))) -> size | F7: =IF(F6=1,"bm",IF(F6=2,"size",IF(F6=3,"mom"))) -> bm | G7: =IF(G6=1,"bm",IF(G6=2,"size",IF(G6=3,"mom"))) -> bm | H7: =IF(H6=1,"bm",IF(H6=2,"size",IF(H6=3,"mom"))) -> mom | I7: =IF(I6=1,"bm",IF(I6=2,"size",IF(I6=3,"mom"))) -> bm | J7: =IF(J6=1,"bm",IF(J6=2,"size",IF(J6=3,"mom"))) -> bm | ... EF7: =IF(EF6=1,"bm",IF(EF6=2,"size",IF(EF6=3,"mom"))) -> bm
C8: =IF(C6=1,C3,IF(C6=2,C4,IF(C6=3,C5))) -> 0.073912658 | D8: =IF(D6=1,D3,IF(D6=2,D4,IF(D6=3,D5))) -> 0.075634934 | E8: =IF(E6=1,E3,IF(E6=2,E4,IF(E6=3,E5))) -> 0.082988262 | F8: =IF(F6=1,F3,IF(F6=2,F4,IF(F6=3,F5))) -> 0.061629988 | G8: =IF(G6=1,G3,IF(G6=2,G4,IF(G6=3,G5))) -> 0.050796419 | H8: =IF(H6=1,H3,IF(H6=2,H4,IF(H6=3,H5))) -> 0.057366848 | I8: =IF(I6=1,I3,IF(I6=2,I4,IF(I6=3,I5))) -> 0.090367138 | J8: =IF(J6=1,J3,IF(J6=2,J4,IF(J6=3,J5))) -> 0.065266319 | ... EF8: =IF(EF6=1,EF3,IF(EF6=2,EF4,IF(EF6=3,EF5))) -> 0.05033059
A10: 投資組合 | C10: 公司數 | D10: 964
A11: 等分 | B11: 家數 | C11: 2014/01 | D11: 2014/02 | E11: 2014/03 | F11: 2014/04 | G11: 2014/05 | H11: 2014/06 | I11: 2014/07 | J11: 2014/08 | K11: 2014/09 | L11: 2014/10 | M11: 2014/11 | N11: 2014/12 | O11: 2015/01 | P11: 2015/02 | Q11: 2015/03 | R11: 2015/04 | S11: 2015/05 | T11: 2015/06 | U11: 2015/07 | V11: 2015/08 | W11: 2015/09 | X11: 2015/10 | Y11: 2015/11 | Z11: 2015/12 | AA11: 2016/01 | AB11: 2016/02 | AC11: 2016/03 | AD11: 2016/04 | AE11: 2016/05 | AF11: 2016/06 | AG11: 2016/07 | AH11: 2016/08 | AI11: 2016/09 | AJ11: 2016/10 | AK11: 2016/11 | AL11: 2016/12 | AM11: 2017/01 | AN11: 2017/02 | AO11: 2017/03 | AP11: 2017/04 | AQ11: 2017/05 | AR11: 2017/06 | AS11: 2017/07 | AT11: 2017/08 | AU11: 2017/09 | AV11: 2017/10 | AW11: 2017/11 | AX11: 2017/12 | AY11: 2018/01 | AZ11: 2018/02 | BA11: 2018/03 | BB11: 2018/04 | BC11: 2018/05 | BD11: 2018/06 | BE11: 2018/07 | BF11: 2018/08 | BG11: 2018/09 | BH11: 2018/10 | BI11: 2018/11 | BJ11: 2018/12 | BK11: 2019/01 | BL11: 2019/02 | BM11: 2019/03 | BN11: 2019/04 | BO11: 2019/05 | BP11: 2019/06 | BQ11: 2019/07 | BR11: 2019/08 | BS11: 2019/09 | BT11: 2019/10 | BU11: 2019/11 | BV11: 2019/12 | BW11: 2020/01 | BX11: 2020/02 | BY11: 2020/03 | BZ11: 2020/04 | CA11: 2020/05 | CB11: 2020/06 | CC11: 2020/07 | CD11: 2020/08 | CE11: 2020/09 | CF11: 2020/10 | CG11: 2020/11 | CH11: 2020/12 | CI11: 2021/01 | CJ11: 2021/02 | CK11: 2021/03 | CL11: 2021/04 | CM11: 2021/05 | CN11: 2021/06 | CO11: 2021/07 | CP11: 2021/08 | CQ11: 2021/09 | CR11: 2021/10 | CS11: 2021/11 | CT11: 2021/12 | CU11: 2022/01 | CV11: 2022/02 | CW11: 2022/03 | CX11: 2022/04 | CY11: 2022/05 | CZ11: 2022/06 | DA11: 2022/07 | DB11: 2022/08 | DC11: 2022/09 | DD11: 2022/10 | DE11: 2022/11 | DF11: 2022/12 | DG11: 2023/01 | DH11: 2023/02 | DI11: 2023/03 | DJ11: 2023/04 | DK11: 2023/05 | DL11: 2023/06 | DM11: 2023/07 | DN11: 2023/08 | DO11: 2023/09 | DP11: 2023/10 | DQ11: 2023/11 | DR11: 2023/12 | DS11: 2024/01 | DT11: 2024/02 | DU11: 2024/03 | DV11: 2024/04 | DW11: 2024/05 | DX11: 2024/06 | DY11: 2024/07 | DZ11: 2024/08 | EA11: 2024/09 | EB11: 2024/10 | EC11: 2024/11 | ED11: 2024/12 | EE11: 2025/01 | EF11: 2025/02 | EG11: SUM | EH11: 勝率
A12: 10 | B12: 96 | C12: =IF(預測IC!C12>預測IC!C$25,1,0) -> 1 | D12: =IF(預測IC!D12>預測IC!D$25,1,0) -> 0 | E12: =IF(預測IC!E12>預測IC!E$25,1,0) -> 0 | F12: =IF(預測IC!F12>預測IC!F$25,1,0) -> 0 | G12: =IF(預測IC!G12>預測IC!G$25,1,0) -> 0 | H12: =IF(預測IC!H12>預測IC!H$25,1,0) -> 0 | I12: =IF(預測IC!I12>預測IC!I$25,1,0) -> 1 | J12: =IF(預測IC!J12>預測IC!J$25,1,0) -> 1 | ... EF12: =IF(預測IC!EF12>預測IC!EF$25,1,0) -> 1 | EG12: =SUM(C12:EF12) -> 60 | EH12: =SUM(C12:EF12)/134 -> 0.44776119
A13: 20 | B13: 48 | C13: =IF(預測IC!C13>預測IC!C$25,1,0) -> 1 | D13: =IF(預測IC!D13>預測IC!D$25,1,0) -> 1 | E13: =IF(預測IC!E13>預測IC!E$25,1,0) -> 0 | F13: =IF(預測IC!F13>預測IC!F$25,1,0) -> 0 | G13: =IF(預測IC!G13>預測IC!G$25,1,0) -> 0 | H13: =IF(預測IC!H13>預測IC!H$25,1,0) -> 0 | I13: =IF(預測IC!I13>預測IC!I$25,1,0) -> 1 | J13: =IF(預測IC!J13>預測IC!J$25,1,0) -> 1 | ... EF13: =IF(預測IC!EF13>預測IC!EF$25,1,0) -> 1 | EG13: =SUM(C13:EF13) -> 66 | EH13: =SUM(C13:EF13)/134 -> 0.49253731
A14: 50 | B14: 19 | C14: =IF(預測IC!C14>預測IC!C$25,1,0) -> 0 | D14: =IF(預測IC!D14>預測IC!D$25,1,0) -> 1 | E14: =IF(預測IC!E14>預測IC!E$25,1,0) -> 0 | F14: =IF(預測IC!F14>預測IC!F$25,1,0) -> 0 | G14: =IF(預測IC!G14>預測IC!G$25,1,0) -> 0 | H14: =IF(預測IC!H14>預測IC!H$25,1,0) -> 0 | I14: =IF(預測IC!I14>預測IC!I$25,1,0) -> 1 | J14: =IF(預測IC!J14>預測IC!J$25,1,0) -> 1 | ... EF14: =IF(預測IC!EF14>預測IC!EF$25,1,0) -> 1 | EG14: =SUM(C14:EF14) -> 65 | EH14: =SUM(C14:EF14)/134 -> 0.48507463
A15: 100 | B15: 10 | C15: =IF(預測IC!C15>預測IC!C$25,1,0) -> 0 | D15: =IF(預測IC!D15>預測IC!D$25,1,0) -> 0 | E15: =IF(預測IC!E15>預測IC!E$25,1,0) -> 0 | F15: =IF(預測IC!F15>預測IC!F$25,1,0) -> 0 | G15: =IF(預測IC!G15>預測IC!G$25,1,0) -> 0 | H15: =IF(預測IC!H15>預測IC!H$25,1,0) -> 0 | I15: =IF(預測IC!I15>預測IC!I$25,1,0) -> 1 | J15: =IF(預測IC!J15>預測IC!J$25,1,0) -> 1 | ... EF15: =IF(預測IC!EF15>預測IC!EF$25,1,0) -> 1 | EG15: =SUM(C15:EF15) -> 67 | EH15: =SUM(C15:EF15)/134 -> 0.5
A16: 107 | B16: 9 | C16: =IF(預測IC!C16>預測IC!C$25,1,0) -> 0 | D16: =IF(預測IC!D16>預測IC!D$25,1,0) -> 0 | E16: =IF(預測IC!E16>預測IC!E$25,1,0) -> 0 | F16: =IF(預測IC!F16>預測IC!F$25,1,0) -> 0 | G16: =IF(預測IC!G16>預測IC!G$25,1,0) -> 0 | H16: =IF(預測IC!H16>預測IC!H$25,1,0) -> 0 | I16: =IF(預測IC!I16>預測IC!I$25,1,0) -> 1 | J16: =IF(預測IC!J16>預測IC!J$25,1,0) -> 1 | ... EF16: =IF(預測IC!EF16>預測IC!EF$25,1,0) -> 1 | EG16: =SUM(C16:EF16) -> 67 | EH16: =SUM(C16:EF16)/134 -> 0.5
A17: 120 | B17: 8 | C17: =IF(預測IC!C17>預測IC!C$25,1,0) -> 0 | D17: =IF(預測IC!D17>預測IC!D$25,1,0) -> 0 | E17: =IF(預測IC!E17>預測IC!E$25,1,0) -> 0 | F17: =IF(預測IC!F17>預測IC!F$25,1,0) -> 0 | G17: =IF(預測IC!G17>預測IC!G$25,1,0) -> 0 | H17: =IF(預測IC!H17>預測IC!H$25,1,0) -> 0 | I17: =IF(預測IC!I17>預測IC!I$25,1,0) -> 1 | J17: =IF(預測IC!J17>預測IC!J$25,1,0) -> 1 | ... EF17: =IF(預測IC!EF17>預測IC!EF$25,1,0) -> 1 | EG17: =SUM(C17:EF17) -> 71 | EH17: =SUM(C17:EF17)/134 -> 0.52985075
A18: 137 | B18: 7 | C18: =IF(預測IC!C18>預測IC!C$25,1,0) -> 0 | D18: =IF(預測IC!D18>預測IC!D$25,1,0) -> 0 | E18: =IF(預測IC!E18>預測IC!E$25,1,0) -> 0 | F18: =IF(預測IC!F18>預測IC!F$25,1,0) -> 0 | G18: =IF(預測IC!G18>預測IC!G$25,1,0) -> 0 | H18: =IF(預測IC!H18>預測IC!H$25,1,0) -> 0 | I18: =IF(預測IC!I18>預測IC!I$25,1,0) -> 1 | J18: =IF(預測IC!J18>預測IC!J$25,1,0) -> 1 | ... EF18: =IF(預測IC!EF18>預測IC!EF$25,1,0) -> 1 | EG18: =SUM(C18:EF18) -> 66 | EH18: =SUM(C18:EF18)/134 -> 0.49253731
A19: 160 | B19: 6 | C19: =IF(預測IC!C19>預測IC!C$25,1,0) -> 0 | D19: =IF(預測IC!D19>預測IC!D$25,1,0) -> 0 | E19: =IF(預測IC!E19>預測IC!E$25,1,0) -> 0 | F19: =IF(預測IC!F19>預測IC!F$25,1,0) -> 0 | G19: =IF(預測IC!G19>預測IC!G$25,1,0) -> 0 | H19: =IF(預測IC!H19>預測IC!H$25,1,0) -> 0 | I19: =IF(預測IC!I19>預測IC!I$25,1,0) -> 1 | J19: =IF(預測IC!J19>預測IC!J$25,1,0) -> 1 | ... EF19: =IF(預測IC!EF19>預測IC!EF$25,1,0) -> 1 | EG19: =SUM(C19:EF19) -> 66 | EH19: =SUM(C19:EF19)/134 -> 0.49253731
A20: 192 | B20: 5 | C20: =IF(預測IC!C20>預測IC!C$25,1,0) -> 0 | D20: =IF(預測IC!D20>預測IC!D$25,1,0) -> 0 | E20: =IF(預測IC!E20>預測IC!E$25,1,0) -> 0 | F20: =IF(預測IC!F20>預測IC!F$25,1,0) -> 0 | G20: =IF(預測IC!G20>預測IC!G$25,1,0) -> 0 | H20: =IF(預測IC!H20>預測IC!H$25,1,0) -> 0 | I20: =IF(預測IC!I20>預測IC!I$25,1,0) -> 1 | J20: =IF(預測IC!J20>預測IC!J$25,1,0) -> 1 | ... EF20: =IF(預測IC!EF20>預測IC!EF$25,1,0) -> 1 | EG20: =SUM(C20:EF20) -> 71 | EH20: =SUM(C20:EF20)/134 -> 0.52985075
A21: 241 | B21: 4 | C21: =IF(預測IC!C21>預測IC!C$25,1,0) -> 0 | D21: =IF(預測IC!D21>預測IC!D$25,1,0) -> 0 | E21: =IF(預測IC!E21>預測IC!E$25,1,0) -> 0 | F21: =IF(預測IC!F21>預測IC!F$25,1,0) -> 0 | G21: =IF(預測IC!G21>預測IC!G$25,1,0) -> 0 | H21: =IF(預測IC!H21>預測IC!H$25,1,0) -> 0 | I21: =IF(預測IC!I21>預測IC!I$25,1,0) -> 1 | J21: =IF(預測IC!J21>預測IC!J$25,1,0) -> 1 | ... EF21: =IF(預測IC!EF21>預測IC!EF$25,1,0) -> 1 | EG21: =SUM(C21:EF21) -> 74 | EH21: =SUM(C21:EF21)/134 -> 0.55223881
A22: 321 | B22: 3 | C22: =IF(預測IC!C22>預測IC!C$25,1,0) -> 1 | D22: =IF(預測IC!D22>預測IC!D$25,1,0) -> 0 | E22: =IF(預測IC!E22>預測IC!E$25,1,0) -> 0 | F22: =IF(預測IC!F22>預測IC!F$25,1,0) -> 0 | G22: =IF(預測IC!G22>預測IC!G$25,1,0) -> 0 | H22: =IF(預測IC!H22>預測IC!H$25,1,0) -> 0 | I22: =IF(預測IC!I22>預測IC!I$25,1,0) -> 1 | J22: =IF(預測IC!J22>預測IC!J$25,1,0) -> 1 | ... EF22: =IF(預測IC!EF22>預測IC!EF$25,1,0) -> 0 | EG22: =SUM(C22:EF22) -> 70 | EH22: =SUM(C22:EF22)/134 -> 0.52238806
A23: 482 | B23: 2 | C23: =IF(預測IC!C23>預測IC!C$25,1,0) -> 0 | D23: =IF(預測IC!D23>預測IC!D$25,1,0) -> 0 | E23: =IF(預測IC!E23>預測IC!E$25,1,0) -> 0 | F23: =IF(預測IC!F23>預測IC!F$25,1,0) -> 0 | G23: =IF(預測IC!G23>預測IC!G$25,1,0) -> 0 | H23: =IF(預測IC!H23>預測IC!H$25,1,0) -> 0 | I23: =IF(預測IC!I23>預測IC!I$25,1,0) -> 1 | J23: =IF(預測IC!J23>預測IC!J$25,1,0) -> 0 | ... EF23: =IF(預測IC!EF23>預測IC!EF$25,1,0) -> 0 | EG23: =SUM(C23:EF23) -> 68 | EH23: =SUM(C23:EF23)/134 -> 0.50746269
A24: 964 | B24: 1 | C24: =IF(預測IC!C24>預測IC!C$25,1,0) -> 1 | D24: =IF(預測IC!D24>預測IC!D$25,1,0) -> 0 | E24: =IF(預測IC!E24>預測IC!E$25,1,0) -> 0 | F24: =IF(預測IC!F24>預測IC!F$25,1,0) -> 0 | G24: =IF(預測IC!G24>預測IC!G$25,1,0) -> 1 | H24: =IF(預測IC!H24>預測IC!H$25,1,0) -> 0 | I24: =IF(預測IC!I24>預測IC!I$25,1,0) -> 1 | J24: =IF(預測IC!J24>預測IC!J$25,1,0) -> 0 | ... EF24: =IF(預測IC!EF24>預測IC!EF$25,1,0) -> 1 | EG24: =SUM(C24:EF24) -> 71 | EH24: =SUM(C24:EF24)/134 -> 0.52985075
A25: 大盤 | B25: TWⅡ | C25: -0.017446771 | D25: 0.020701061 | E25: 0.023982129 | F25: -0.006557579 | G25: 0.03184513 | H25: 0.034348533 | I25: -0.0082549328 | J25: 0.012843524 | K25: -0.051018525 | L25: 0.00087394274 | M25: 0.023389576 | N25: 0.012988972 | O25: 0.0058545887 | P25: 0.027413207 | Q25: -0.0037129361 | R25: 0.024076614 | S25: -0.012190025 | T25: -0.039749578 | U25: -0.07315545 | V25: -0.05826023 | W25: 0.00077279757 | X25: 0.044591521 | Y25: -0.02769968 | Z25: 0.0020950059 | AA25: -0.023400551 | AB25: 0.032129371 | AC25: 0.038903273 | AD25: -0.042865382 | AE25: 0.018647195 | AF25: 0.015229768 | AG25: 0.036016604 | AH25: 0.0093546114 | AI25: 0.010748251 | AJ25: 0.013357754 | AK25: -0.0053327473 | AL25: 0.0013831358 | AM25: 0.020795928 | AN25: 0.031517702 | AO25: 0.0062417165 | AP25: 0.0061452617 | AQ25: 0.016946358 | AR25: 0.03468283 | AS25: 0.0030985886 | AT25: 0.015081347 | AU25: -0.019251209 | AV25: 0.038711513 | AW25: -0.021856951 | AX25: 0.0077743007 | AY25: 0.042397247 | AZ25: -0.026308975 | BA25: 0.0095717493 | BB25: -0.024249741 | BC25: 0.020163374 | BD25: -0.0035049988 | BE25: 0.020151935 | BF25: 0.00058133623 | BG25: -0.005219701 | BH25: -0.11587176 | BI25: 0.0087252257 | BJ25: -0.016377261 | BK25: 0.020840372 | BL25: 0.044975872 | BM25: 0.023954306 | BN25: 0.030239101 | BO25: -0.043725888 | BP25: 0.02188947 | BQ25: 0.0086274303 | BR25: -0.019192954 | BS25: 0.01973513 | BT25: 0.047694337 | BU25: 0.011454817 | BV25: 0.043228621 | BW25: -0.04274743 | BX25: -0.017811292 | BY25: -0.1511531 | BZ25: 0.124224 | CA25: -0.0045572538 | CB25: 0.06021124 | CC25: 0.085992033 | CD25: -0.0058084796 | CE25: -0.006041347 | CF25: 0.0024523244 | CG25: 0.089636252 | CH25: 0.070992733 | CI25: 0.027170643 | CJ25: 0.052468428 | CK25: 0.029480661 | CL25: 0.066825081 | CM25: -0.028772229 | CN25: 0.039462516 | CO25: -0.029031087 | CP25: 0.013983883 | CQ25: -0.032276965 | CR25: 0.0031035766 | CS25: 0.025591856 | CT25: 0.044391886 | CU25: -0.030338959 | CV25: -0.0012579765 | CW25: 0.0023363565 | CX25: -0.064264145 | CY25: 0.012909779 | CZ25: -0.12547709 | DA25: 0.011690683 | DB25: 0.0063378437 | DC25: -0.11730536 | DD25: -0.036010872 | DE25: 0.1389113 | DF25: -0.051143506 | DG25: 0.076731447 | DH25: 0.015508782 | DI25: 0.023223774 | DJ25: -0.018372876 | DK25: 0.062199014 | DL25: 0.020098304 | DM25: 0.01349894 | DN25: -0.030252213 | DO25: -0.017022836 | DP25: -0.021788523 | DQ25: 0.085745625 | DR25: 0.028106744 | DS25: -0.0023031598 | DT25: 0.058471198 | DU25: 0.067658949 | DV25: 0.0050207706 | DW25: 0.037416184 | DX25: 0.084111004 | DY25: -0.036832399 | DZ25: 0.0030917028 | EA25: -0.0019576282 | EB25: 0.026459104 | EC25: -0.024752539 | ED25: 0.034115491 | EE25: 0.021061974 | EF25: -0.020277393

Sheet NN5累積報酬 
A1: Predict
B2: Time | C2: 2013/12 | D2: 2014/01 | E2: 2014/02 | F2: 2014/03 | G2: 2014/04 | H2: 2014/05 | I2: 2014/06 | J2: 2014/07 | K2: 2014/08 | L2: 2014/09 | M2: 2014/10 | N2: 2014/11 | O2: 2014/12 | P2: 2015/01 | Q2: 2015/02 | R2: 2015/03 | S2: 2015/04 | T2: 2015/05 | U2: 2015/06 | V2: 2015/07 | W2: 2015/08 | X2: 2015/09 | Y2: 2015/10 | Z2: 2015/11 | AA2: 2015/12 | AB2: 2016/01 | AC2: 2016/02 | AD2: 2016/03 | AE2: 2016/04 | AF2: 2016/05 | AG2: 2016/06 | AH2: 2016/07 | AI2: 2016/08 | AJ2: 2016/09 | AK2: 2016/10 | AL2: 2016/11 | AM2: 2016/12 | AN2: 2017/01 | AO2: 2017/02 | AP2: 2017/03 | AQ2: 2017/04 | AR2: 2017/05 | AS2: 2017/06 | AT2: 2017/07 | AU2: 2017/08 | AV2: 2017/09 | AW2: 2017/10 | AX2: 2017/11 | AY2: 2017/12 | AZ2: 2018/01 | BA2: 2018/02 | BB2: 2018/03 | BC2: 2018/04 | BD2: 2018/05 | BE2: 2018/06 | BF2: 2018/07 | BG2: 2018/08 | BH2: 2018/09 | BI2: 2018/10 | BJ2: 2018/11 | BK2: 2018/12 | BL2: 2019/01 | BM2: 2019/02 | BN2: 2019/03 | BO2: 2019/04 | BP2: 2019/05 | BQ2: 2019/06 | BR2: 2019/07 | BS2: 2019/08 | BT2: 2019/09 | BU2: 2019/10 | BV2: 2019/11 | BW2: 2019/12 | BX2: 2020/01 | BY2: 2020/02 | BZ2: 2020/03 | CA2: 2020/04 | CB2: 2020/05 | CC2: 2020/06 | CD2: 2020/07 | CE2: 2020/08 | CF2: 2020/09 | CG2: 2020/10 | CH2: 2020/11 | CI2: 2020/12 | CJ2: 2021/01 | CK2: 2021/02 | CL2: 2021/03 | CM2: 2021/04 | CN2: 2021/05 | CO2: 2021/06 | CP2: 2021/07 | CQ2: 2021/08 | CR2: 2021/09 | CS2: 2021/10 | CT2: 2021/11 | CU2: 2021/12 | CV2: 2022/01 | CW2: 2022/02 | CX2: 2022/03 | CY2: 2022/04 | CZ2: 2022/05 | DA2: 2022/06 | DB2: 2022/07 | DC2: 2022/08 | DD2: 2022/09 | DE2: 2022/10 | DF2: 2022/11 | DG2: 2022/12 | DH2: 2023/01 | DI2: 2023/02 | DJ2: 2023/03 | DK2: 2023/04 | DL2: 2023/05 | DM2: 2023/06 | DN2: 2023/07 | DO2: 2023/08 | DP2: 2023/09 | DQ2: 2023/10 | DR2: 2023/11 | DS2: 2023/12 | DT2: 2024/01 | DU2: 2024/02 | DV2: 2024/03 | DW2: 2024/04 | DX2: 2024/05 | DY2: 2024/06 | DZ2: 2024/07 | EA2: 2024/08 | EB2: 2024/09 | EC2: 2024/10 | ED2: 2024/11 | EE2: 2024/12 | EF2: 2025/01
B3: bm | C3: 0.073912658 | D3: 0.075634934 | E3: 0.053515486 | F3: 0.061629988 | G3: 0.050796419 | H3: 0.035059132 | I3: 0.090367138 | J3: 0.065266319 | K3: -0.012474539 | L3: 0.07754764 | M3: 0.064441182 | N3: 0.04651219 | O3: 0.067610271 | P3: -0.025644939 | Q3: 0.033374421 | R3: 0.057588164 | S3: -0.03419546 | T3: 0.058177851 | U3: 0.038116455 | V3: -0.0055063977 | W3: 0.058136616 | X3: 0.05687042 | Y3: 0.059794772 | Z3: 0.01319172 | AA3: 0.066306375 | AB3: 0.058820508 | AC3: 0.057617776 | AD3: 0.036969934 | AE3: 0.078433976 | AF3: 0.043248169 | AG3: 0.055671927 | AH3: 0.016907433 | AI3: 0.037138056 | AJ3: 0.039113328 | AK3: 0.042720824 | AL3: 0.027467238 | AM3: 0.053318277 | AN3: 0.1098325 | AO3: 0.019733673 | AP3: 0.036758669 | AQ3: 0.05132718 | AR3: 0.053256318 | AS3: 0.054331318 | AT3: 0.043143794 | AU3: 0.038841631 | AV3: 0.055265516 | AW3: 0.050267205 | AX3: -0.060497068 | AY3: 0.056344893 | AZ3: 0.044756263 | BA3: 0.049546454 | BB3: 0.065231696 | BC3: 0.052208934 | BD3: 0.050287269 | BE3: 0.053227734 | BF3: 0.052831601 | BG3: -0.022505151 | BH3: 0.053355973 | BI3: -0.042333741 | BJ3: -0.041621774 | BK3: 0.0527323 | BL3: 0.052711453 | BM3: 0.05278958 | BN3: 0.057516374 | BO3: -0.042583652 | BP3: 0.039963931 | BQ3: 0.052070383 | BR3: 0.050181154 | BS3: 0.054154158 | BT3: 0.049134161 | BU3: 0.055349864 | BV3: 0.052839477 | BW3: 0.029234827 | BX3: 0.047284011 | BY3: -0.0042058714 | BZ3: 0.053063441 | CA3: 0.039631478 | CB3: 0.046001714 | CC3: 0.051699594 | CD3: 0.052426741 | CE3: 0.047352515 | CF3: 0.021231763 | CG3: 0.045137141 | CH3: -0.049076565 | CI3: 0.020267023 | CJ3: 0.057584956 | CK3: 0.06919612 | CL3: 0.042080969 | CM3: 0.049845971 | CN3: -0.048408799 | CO3: 0.048292059 | CP3: 0.039594132 | CQ3: 0.048842102 | CR3: 0.049500272 | CS3: 0.047897454 | CT3: 0.028369874 | CU3: 0.044375256 | CV3: 0.050530951 | CW3: 0.043176312 | CX3: 0.052143924 | CY3: 0.050900701 | CZ3: 0.042558175 | DA3: 0.044029783 | DB3: -0.04391953 | DC3: 0.051982991 | DD3: -0.0084397029 | DE3: 0.052998926 | DF3: 0.04483768 | DG3: 0.043406125 | DH3: 0.047541145 | DI3: 0.048345033 | DJ3: 0.052155863 | DK3: 0.089188196 | DL3: -0.026696257 | DM3: 0.048457604 | DN3: 0.046465918 | DO3: -0.029918596 | DP3: 0.047435947 | DQ3: 0.038500402 | DR3: 0.049186587 | DS3: 0.047889348 | DT3: 0.031652723 | DU3: 0.061842099 | DV3: 0.046563607 | DW3: 0.03281489 | DX3: 0.048260111 | DY3: -0.056952421 | DZ3: 0.033931814 | EA3: 0.048233494 | EB3: 0.0097889202 | EC3: 0.036156386 | ED3: 0.040190533 | EE3: 0.047531653 | EF3: 0.05033059
B4: size | C4: 0.010975275 | D4: -0.048196077 | E4: 0.082988262 | F4: 0.038252771 | G4: 0.050002195 | H4: 0.013410039 | I4: -0.026064049 | J4: -0.030217964 | K4: -0.033898376 | L4: -0.039842829 | M4: -0.043122668 | N4: 0.04201898 | O4: -0.034795396 | P4: -0.046467673 | Q4: -0.061648782 | R4: -0.034485668 | S4: -0.02517182 | T4: -0.037345178 | U4: 0.083096556 | V4: 0.089860611 | W4: -0.027928695 | X4: 0.082243979 | Y4: -0.07178916 | Z4: -0.030311709 | AA4: 0.036390048 | AB4: 0.038148783 | AC4: -0.024738373 | AD4: -0.09873803 | AE4: -0.044849236 | AF4: -0.044075444 | AG4: -0.029871419 | AH4: 0.016651396 | AI4: 0.027999543 | AJ4: -0.015782923 | AK4: -0.093165159 | AL4: 0.05696046 | AM4: -0.029802304 | AN4: -0.037541721 | AO4: 0.01405663 | AP4: 0.02808417 | AQ4: -0.020956615 | AR4: -0.033249192 | AS4: 0.029234178 | AT4: -0.038568161 | AU4: -0.030528501 | AV4: -0.032747496 | AW4: 0.04592634 | AX4: -0.034888666 | AY4: -0.034154564 | AZ4: 0.025950408 | BA4: -0.031192672 | BB4: -0.087475844 | BC4: 0.035330057 | BD4: -0.031129116 | BE4: -0.054915816 | BF4: -0.031478297 | BG4: -0.040066577 | BH4: 0.030623695 | BI4: -0.031123528 | BJ4: -0.030040134 | BK4: -0.041486956 | BL4: 0.039935578 | BM4: 0.018027246 | BN4: -0.10439561 | BO4: 0.0069876933 | BP4: 0.0046952195 | BQ4: 0.015195244 | BR4: -0.0073001925 | BS4: -0.043473393 | BT4: 0.0499168 | BU4: 0.034368545 | BV4: -0.042206816 | BW4: 0.040576939 | BX4: 0.11351513 | BY4: -0.060964067 | BZ4: 0.0074336347 | CA4: -0.03416634 | CB4: -0.042827509 | CC4: -0.040521652 | CD4: -0.02672508 | CE4: -0.048888609 | CF4: 0.045108072 | CG4: 0.032500137 | CH4: 0.033603519 | CI4: -0.059029229 | CJ4: -0.033231545 | CK4: 0.033614956 | CL4: -0.087717965 | CM4: -0.0078791035 | CN4: -0.031603437 | CO4: -0.024560306 | CP4: -0.024266617 | CQ4: 0.0098067364 | CR4: 0.076525658 | CS4: 0.021581039 | CT4: 0.021532454 | CU4: 0.034501176 | CV4: -0.062654153 | CW4: -0.045586068 | CX4: -0.065642618 | CY4: 0.063649572 | CZ4: -0.078583814 | DA4: -0.028124524 | DB4: -0.058803976 | DC4: -0.03196235 | DD4: -0.038284682 | DE4: 0.048030544 | DF4: -0.029363507 | DG4: 0.060822789 | DH4: -0.028199369 | DI4: -0.029792106 | DJ4: -0.030000817 | DK4: 0.01032027 | DL4: -0.042281743 | DM4: -0.048086602 | DN4: -0.019423993 | DO4: -0.040470425 | DP4: -0.034404326 | DQ4: -0.027822113 | DR4: -0.028454494 | DS4: -0.069464684 | DT4: -0.028235232 | DU4: 0.053089391 | DV4: -0.027063906 | DW4: -0.024401028 | DX4: 0.0027264939 | DY4: 0.043977614 | DZ4: -0.024560714 | EA4: -0.047766272 | EB4: -0.041742835 | EC4: -0.028310522 | ED4: -0.024022842 | EE4: 0.11009948 | EF4: -0.029047638
B5: mom | C5: -0.0024425527 | D5: -0.021626282 | E5: -0.0053863544 | F5: -0.0053014285 | G5: 0.031814873 | H5: 0.057366848 | I5: -0.066244856 | J5: 0.036245558 | K5: -0.0071708038 | L5: -0.0079015763 | M5: 0.0071032248 | N5: -0.037834208 | O5: 0.020873982 | P5: 0.0014444387 | Q5: 0.0030378168 | R5: -0.0044238023 | S5: 0.039379157 | T5: 0.00082508498 | U5: 0.037100088 | V5: 0.018653225 | W5: -0.0064136605 | X5: -0.0036916751 | Y5: -0.03855931 | Z5: -0.0087653529 | AA5: -0.010008228 | AB5: -0.0081863869 | AC5: -0.043017767 | AD5: -0.011843434 | AE5: -0.03274307 | AF5: -0.014333235 | AG5: -0.0060717119 | AH5: 0.0071172384 | AI5: -0.0037492709 | AJ5: -0.003687632 | AK5: -0.0052553779 | AL5: -0.0050698724 | AM5: -0.0065165474 | AN5: -0.0031071184 | AO5: 0.010161978 | AP5: -0.0051280106 | AQ5: -0.014931954 | AR5: -0.040432394 | AS5: 0.044245671 | AT5: -0.016279602 | AU5: -0.011777605 | AV5: 0.03321078 | AW5: -0.011548122 | AX5: 0.011358917 | AY5: -0.0013871735 | AZ5: 0.026015019 | BA5: -0.0002783761 | BB5: -0.0073484578 | BC5: 0.0021762042 | BD5: -0.015472923 | BE5: -0.0065566744 | BF5: 0.00018655456 | BG5: 0.12311092 | BH5: 0.015679149 | BI5: -0.040477633 | BJ5: -0.00022815017 | BK5: -0.0071884273 | BL5: -0.0018430699 | BM5: -0.0039120745 | BN5: -0.00035538641 | BO5: -0.0038149823 | BP5: 0.031992119 | BQ5: 0.00088122237 | BR5: 0.00082531711 | BS5: 0.011597894 | BT5: -0.00018043554 | BU5: -0.0036622095 | BV5: -0.0015918857 | BW5: 0.011063156 | BX5: -0.002237746 | BY5: -0.00268884 | BZ5: 0.019596629 | CA5: -0.017089618 | CB5: -0.017864417 | CC5: -0.06238376 | CD5: -0.0063154018 | CE5: 0.0047826809 | CF5: -0.0044821594 | CG5: 0.012144087 | CH5: 0.05563201 | CI5: -0.0060893372 | CJ5: 0.0041742204 | CK5: -0.053255923 | CL5: -0.0035227751 | CM5: -0.010564735 | CN5: -0.0014071956 | CO5: 0.002154151 | CP5: -0.041955963 | CQ5: -0.0043455614 | CR5: 0.00055619609 | CS5: -0.0046609323 | CT5: -0.00054603722 | CU5: 0.022855889 | CV5: 0.013625186 | CW5: -0.0034695868 | CX5: -0.0019505729 | CY5: -0.0024859204 | CZ5: -0.001005491 | DA5: 0.012646312 | DB5: -0.0031459662 | DC5: -0.0038975955 | DD5: -0.0046709622 | DE5: 0.022379272 | DF5: -0.022962656 | DG5: -0.005475522 | DH5: -0.0043155677 | DI5: -0.016300755 | DJ5: 0.0067051458 | DK5: -0.0082752258 | DL5: 0.030191973 | DM5: -0.00050713518 | DN5: -0.0039516981 | DO5: 0.0029903806 | DP5: -0.0063493387 | DQ5: -0.0040843049 | DR5: -0.022978853 | DS5: 0.0013683438 | DT5: -0.00034443522 | DU5: -0.0067529222 | DV5: -0.012841428 | DW5: -0.0088949446 | DX5: -0.0067950469 | DY5: -0.0029764331 | DZ5: -0.0022764786 | EA5: -0.0032696472 | EB5: -0.0055572023 | EC5: -0.004431623 | ED5: -0.0061979257 | EE5: -0.0062301061 | EF5: -0.0060357368
A6: 選絕對值最大 | C6: {=MATCH(MAX(ABS(C3:C5)), ABS(C3:C5), 0)} -> 1 | D6: {=MATCH(MAX(ABS(D3:D5)), ABS(D3:D5), 0)} -> 1 | E6: {=MATCH(MAX(ABS(E3:E5)), ABS(E3:E5), 0)} -> 2 | F6: {=MATCH(MAX(ABS(F3:F5)), ABS(F3:F5), 0)} -> 1 | G6: {=MATCH(MAX(ABS(G3:G5)), ABS(G3:G5), 0)} -> 1 | H6: {=MATCH(MAX(ABS(H3:H5)), ABS(H3:H5), 0)} -> 3 | I6: {=MATCH(MAX(ABS(I3:I5)), ABS(I3:I5), 0)} -> 1 | J6: {=MATCH(MAX(ABS(J3:J5)), ABS(J3:J5), 0)} -> 1 | ... EF6: {=MATCH(MAX(ABS(EF3:EF5)), ABS(EF3:EF5), 0)} -> 1
C7: =IF(C6=1,"bm",IF(C6=2,"size",IF(C6=3,"mom"))) -> bm | D7: =IF(D6=1,"bm",IF(D6=2,"size",IF(D6=3,"mom"))) -> bm | E7: =IF(E6=1,"bm",IF(E6=2,"size",IF(E6=3,"mom"))) -> size | F7: =IF(F6=1,"bm",IF(F6=2,"size",IF(F6=3,"mom"))) -> bm | G7: =IF(G6=1,"bm",IF(G6=2,"size",IF(G6=3,"mom"))) -> bm | H7: =IF(H6=1,"bm",IF(H6=2,"size",IF(H6=3,"mom"))) -> mom | I7: =IF(I6=1,"bm",IF(I6=2,"size",IF(I6=3,"mom"))) -> bm | J7: =IF(J6=1,"bm",IF(J6=2,"size",IF(J6=3,"mom"))) -> bm | ... EF7: =IF(EF6=1,"bm",IF(EF6=2,"size",IF(EF6=3,"mom"))) -> bm
C8: =IF(C6=1,C3,IF(C6=2,C4,IF(C6=3,C5))) -> 0.073912658 | D8: =IF(D6=1,D3,IF(D6=2,D4,IF(D6=3,D5))) -> 0.075634934 | E8: =IF(E6=1,E3,IF(E6=2,E4,IF(E6=3,E5))) -> 0.082988262 | F8: =IF(F6=1,F3,IF(F6=2,F4,IF(F6=3,F5))) -> 0.061629988 | G8: =IF(G6=1,G3,IF(G6=2,G4,IF(G6=3,G5))) -> 0.050796419 | H8: =IF(H6=1,H3,IF(H6=2,H4,IF(H6=3,H5))) -> 0.057366848 | I8: =IF(I6=1,I3,IF(I6=2,I4,IF(I6=3,I5))) -> 0.090367138 | J8: =IF(J6=1,J3,IF(J6=2,J4,IF(J6=3,J5))) -> 0.065266319 | ... EF8: =IF(EF6=1,EF3,IF(EF6=2,EF4,IF(EF6=3,EF5))) -> 0.05033059
A10: 投資組合 | C10: 公司數 | D10: 964
A11: 時間 | B11: 2014/01 | C11: 2014/02 | D11: 2014/03 | E11: 2014/04 | F11: 2014/05 | G11: 2014/06 | H11: 2014/07 | I11: 2014/08 | J11: 2014/09 | K11: 2014/10 | L11: 2014/11 | M11: 2014/12 | N11: 2015/01 | O11: 2015/02 | P11: 2015/03 | Q11: 2015/04 | R11: 2015/05 | S11: 2015/06 | T11: 2015/07 | U11: 2015/08 | V11: 2015/09 | W11: 2015/10 | X11: 2015/11 | Y11: 2015/12 | Z11: 2016/01 | AA11: 2016/02 | AB11: 2016/03 | AC11: 2016/04 | AD11: 2016/05 | AE11: 2016/06 | AF11: 2016/07 | AG11: 2016/08 | AH11: 2016/09 | AI11: 2016/10 | AJ11: 2016/11 | AK11: 2016/12 | AL11: 2017/01 | AM11: 2017/02 | AN11: 2017/03 | AO11: 2017/04 | AP11: 2017/05 | AQ11: 2017/06 | AR11: 2017/07 | AS11: 2017/08 | AT11: 2017/09 | AU11: 2017/10 | AV11: 2017/11 | AW11: 2017/12 | AX11: 2018/01 | AY11: 2018/02 | AZ11: 2018/03 | BA11: 2018/04 | BB11: 2018/05 | BC11: 2018/06 | BD11: 2018/07 | BE11: 2018/08 | BF11: 2018/09 | BG11: 2018/10 | BH11: 2018/11 | BI11: 2018/12 | BJ11: 2019/01 | BK11: 2019/02 | BL11: 2019/03 | BM11: 2019/04 | BN11: 2019/05 | BO11: 2019/06 | BP11: 2019/07 | BQ11: 2019/08 | BR11: 2019/09 | BS11: 2019/10 | BT11: 2019/11 | BU11: 2019/12 | BV11: 2020/01 | BW11: 2020/02 | BX11: 2020/03 | BY11: 2020/04 | BZ11: 2020/05 | CA11: 2020/06 | CB11: 2020/07 | CC11: 2020/08 | CD11: 2020/09 | CE11: 2020/10 | CF11: 2020/11 | CG11: 2020/12 | CH11: 2021/01 | CI11: 2021/02 | CJ11: 2021/03 | CK11: 2021/04 | CL11: 2021/05 | CM11: 2021/06 | CN11: 2021/07 | CO11: 2021/08 | CP11: 2021/09 | CQ11: 2021/10 | CR11: 2021/11 | CS11: 2021/12 | CT11: 2022/01 | CU11: 2022/02 | CV11: 2022/03 | CW11: 2022/04 | CX11: 2022/05 | CY11: 2022/06 | CZ11: 2022/07 | DA11: 2022/08 | DB11: 2022/09 | DC11: 2022/10 | DD11: 2022/11 | DE11: 2022/12 | DF11: 2023/01 | DG11: 2023/02 | DH11: 2023/03 | DI11: 2023/04 | DJ11: 2023/05 | DK11: 2023/06 | DL11: 2023/07 | DM11: 2023/08 | DN11: 2023/09 | DO11: 2023/10 | DP11: 2023/11 | DQ11: 2023/12 | DR11: 2024/01 | DS11: 2024/02 | DT11: 2024/03 | DU11: 2024/04 | DV11: 2024/05 | DW11: 2024/06 | DX11: 2024/07 | DY11: 2024/08 | DZ11: 2024/09 | EA11: 2024/10 | EB11: 2024/11 | EC11: 2024/12 | ED11: 2025/01 | EE11: 2025/02
A12: 10等分 | B12: 0.046867683 | C12: =B12+預測IC!D12 -> 0.06749722 | D12: =C12+預測IC!E12 -> 0.019470397 | E12: =D12+預測IC!F12 -> 0.00065268082 | F12: =E12+預測IC!G12 -> 0.0092498837 | G12: =F12+預測IC!H12 -> 0.018849142 | H12: =G12+預測IC!I12 -> 0.056946257 | I12: =H12+預測IC!J12 -> 0.10073084 | J12: =I12+預測IC!K12 -> 0.11950522 | ... EE12: =ED12+預測IC!EF12 -> 1.0312447
A13: 20等分 | B13: 0.054209043 | C13: =B13+預測IC!D13 -> 0.082221134 | D13: =C13+預測IC!E13 -> 0.012359577 | E13: =D13+預測IC!F13 -> -0.022562579 | F13: =E13+預測IC!G13 -> -0.037470558 | G13: =F13+預測IC!H13 -> -0.020082171 | H13: =G13+預測IC!I13 -> 0.017233513 | I13: =H13+預測IC!J13 -> 0.053640414 | J13: =I13+預測IC!K13 -> 0.052273107 | ... EE13: =ED13+預測IC!EF13 -> 1.3371489
A14: 50等分 | B14: -0.030371566 | C14: =B14+預測IC!D14 -> 0.052975745 | D14: =C14+預測IC!E14 -> -0.045792503 | E14: =D14+預測IC!F14 -> -0.094246646 | F14: =E14+預測IC!G14 -> -0.13526656 | G14: =F14+預測IC!H14 -> -0.14677482 | H14: =G14+預測IC!I14 -> -0.10298746 | I14: =H14+預測IC!J14 -> -0.084375282 | J14: =I14+預測IC!K14 -> -0.071924121 | ... EE14: =ED14+預測IC!EF14 -> 1.0343164
A15: 100等分 | B15: -0.096503142 | C15: =B15+預測IC!D15 -> -0.080554613 | D15: =C15+預測IC!E15 -> -0.1465931 | E15: =D15+預測IC!F15 -> -0.25515539 | F15: =E15+預測IC!G15 -> -0.30057745 | G15: =F15+預測IC!H15 -> -0.30182117 | H15: =G15+預測IC!I15 -> -0.24338973 | I15: =H15+預測IC!J15 -> -0.19342826 | J15: =I15+預測IC!K15 -> -0.19763863 | ... EE15: =ED15+預測IC!EF15 -> 0.59569943
A16: 107等分 | B16: -0.027383645 | C16: =B16+預測IC!D16 -> -0.028103893 | D16: =C16+預測IC!E16 -> -0.09311047 | E16: =D16+預測IC!F16 -> -0.19249296 | F16: =E16+預測IC!G16 -> -0.26618923 | G16: =F16+預測IC!H16 -> -0.26683858 | H16: =G16+預測IC!I16 -> -0.20930796 | I16: =H16+預測IC!J16 -> -0.16259803 | J16: =I16+預測IC!K16 -> -0.14467293 | ... EE16: =ED16+預測IC!EF16 -> 1.167529
A17: 120等分 | B17: -0.045056429 | C17: =B17+預測IC!D17 -> -0.062390804 | D17: =C17+預測IC!E17 -> -0.14198065 | E17: =D17+預測IC!F17 -> -0.25481817 | F17: =E17+預測IC!G17 -> -0.33288121 | G17: =F17+預測IC!H17 -> -0.32493835 | H17: =G17+預測IC!I17 -> -0.21121332 | I17: =H17+預測IC!J17 -> -0.16935493 | J17: =I17+預測IC!K17 -> -0.12990994 | ... EE17: =ED17+預測IC!EF17 -> 1.2019928
A18: 137等分 | B18: -0.053942228 | C18: =B18+預測IC!D18 -> -0.037227062 | D18: =C18+預測IC!E18 -> -0.090666412 | E18: =D18+預測IC!F18 -> -0.22508079 | F18: =E18+預測IC!G18 -> -0.30587503 | G18: =F18+預測IC!H18 -> -0.29725281 | H18: =G18+預測IC!I18 -> -0.16175263 | I18: =H18+預測IC!J18 -> -0.11834111 | J18: =I18+預測IC!K18 -> -0.086754659 | ... EE18: =ED18+預測IC!EF18 -> 1.1042886
A19: 160等分 | B19: -0.077959416 | C19: =B19+預測IC!D19 -> -0.069077143 | D19: =C19+預測IC!E19 -> -0.11348107 | E19: =D19+預測IC!F19 -> -0.15212776 | F19: =E19+預測IC!G19 -> -0.24963985 | G19: =F19+預測IC!H19 -> -0.26170864 | H19: =G19+預測IC!I19 -> -0.1270543 | I19: =H19+預測IC!J19 -> -0.091624718 | J19: =I19+預測IC!K19 -> -0.035083749 | ... EE19: =ED19+預測IC!EF19 -> 0.63910998
A20: 192等分 | B20: -0.1393246 | C20: =B20+預測IC!D20 -> -0.13897289 | D20: =C20+預測IC!E20 -> -0.19630924 | E20: =D20+預測IC!F20 -> -0.28752766 | F20: =E20+預測IC!G20 -> -0.39913213 | G20: =F20+預測IC!H20 -> -0.38754911 | H20: =G20+預測IC!I20 -> -0.22939954 | I20: =H20+預測IC!J20 -> -0.16267839 | J20: =I20+預測IC!K20 -> -0.12527371 | ... EE20: =ED20+預測IC!EF20 -> 0.4782596
A21: 241等分 | B21: -0.19764916 | C21: =B21+預測IC!D21 -> -0.19801687 | D21: =C21+預測IC!E21 -> -0.1843267 | E21: =D21+預測IC!F21 -> -0.23542419 | F21: =E21+預測IC!G21 -> -0.24272033 | G21: =F21+預測IC!H21 -> -0.2805644 | H21: =G21+預測IC!I21 -> -0.13330879 | I21: =H21+預測IC!J21 -> -0.072873469 | J21: =I21+預測IC!K21 -> -0.071403173 | ... EE21: =ED21+預測IC!EF21 -> 1.279218
A22: 321等分 | B22: 0.064235718 | C22: =B22+預測IC!D22 -> 0.019554821 | D22: =C22+預測IC!E22 -> 0.03690992 | E22: =D22+預測IC!F22 -> -0.060524076 | F22: =E22+預測IC!G22 -> -0.0934789 | G22: =F22+預測IC!H22 -> -0.32328444 | H22: =G22+預測IC!I22 -> -0.19979128 | I22: =H22+預測IC!J22 -> -0.14719269 | J22: =I22+預測IC!K22 -> -0.11853591 | ... EE22: =ED22+預測IC!EF22 -> 0.81962664
A23: 482等分 | B23: -0.034987009 | C23: =B23+預測IC!D23 -> -0.064797677 | D23: =C23+預測IC!E23 -> -0.19780287 | E23: =D23+預測IC!F23 -> -0.33946778 | F23: =E23+預測IC!G23 -> -0.39169195 | G23: =F23+預測IC!H23 -> -0.6545022 | H23: =G23+預測IC!I23 -> -0.50635017 | I23: =H23+預測IC!J23 -> -0.60451246 | J23: =I23+預測IC!K23 -> -0.66443034 | ... EE23: =ED23+預測IC!EF23 -> 0.90984838
... A25: 大盤 | B25: -0.017446771 | C25: =B25+預測IC!D25 -> 0.00325429 | D25: =C25+預測IC!E25 -> 0.027236419 | E25: =D25+預測IC!F25 -> 0.02067884 | F25: =E25+預測IC!G25 -> 0.05252397 | G25: =F25+預測IC!H25 -> 0.086872503 | H25: =G25+預測IC!I25 -> 0.07861757 | I25: =H25+預測IC!J25 -> 0.091461094 | J25: =I25+預測IC!K25 -> 0.04044257 | ... EE25: =ED25+預測IC!EF25 -> 0.98470404

Sheet NN5再投資累積報酬
C3: 投資組合 | D3: 964
C4: 等分 | D4: 2014/01 | E4: 2014/02 | F4: 2014/03 | G4: 2014/04 | H4: 2014/05 | I4: 2014/06 | J4: 2014/07 | K4: 2014/08 | L4: 2014/09 | M4: 2014/10 | N4: 2014/11 | O4: 2014/12 | P4: 2015/01 | Q4: 2015/02 | R4: 2015/03 | S4: 2015/04 | T4: 2015/05 | U4: 2015/06 | V4: 2015/07 | W4: 2015/08 | X4: 2015/09 | Y4: 2015/10 | Z4: 2015/11 | AA4: 2015/12 | AB4: 2016/01 | AC4: 2016/02 | AD4: 2016/03 | AE4: 2016/04 | AF4: 2016/05 | AG4: 2016/06 | AH4: 2016/07 | AI4: 2016/08 | AJ4: 2016/09 | AK4: 2016/10 | AL4: 2016/11 | AM4: 2016/12 | AN4: 2017/01 | AO4: 2017/02 | AP4: 2017/03 | AQ4: 2017/04 | AR4: 2017/05 | AS4: 2017/06 | AT4: 2017/07 | AU4: 2017/08 | AV4: 2017/09 | AW4: 2017/10 | AX4: 2017/11 | AY4: 2017/12 | AZ4: 2018/01 | BA4: 2018/02 | BB4: 2018/03 | BC4: 2018/04 | BD4: 2018/05 | BE4: 2018/06 | BF4: 2018/07 | BG4: 2018/08 | BH4: 2018/09 | BI4: 2018/10 | BJ4: 2018/11 | BK4: 2018/12 | BL4: 2019/01 | BM4: 2019/02 | BN4: 2019/03 | BO4: 2019/04 | BP4: 2019/05 | BQ4: 2019/06 | BR4: 2019/07 | BS4: 2019/08 | BT4: 2019/09 | BU4: 2019/10 | BV4: 2019/11 | BW4: 2019/12 | BX4: 2020/01 | BY4: 2020/02 | BZ4: 2020/03 | CA4: 2020/04 | CB4: 2020/05 | CC4: 2020/06 | CD4: 2020/07 | CE4: 2020/08 | CF4: 2020/09 | CG4: 2020/10 | CH4: 2020/11 | CI4: 2020/12 | CJ4: 2021/01 | CK4: 2021/02 | CL4: 2021/03 | CM4: 2021/04 | CN4: 2021/05 | CO4: 2021/06 | CP4: 2021/07 | CQ4: 2021/08 | CR4: 2021/09 | CS4: 2021/10 | CT4: 2021/11 | CU4: 2021/12 | CV4: 2022/01 | CW4: 2022/02 | CX4: 2022/03 | CY4: 2022/04 | CZ4: 2022/05 | DA4: 2022/06 | DB4: 2022/07 | DC4: 2022/08 | DD4: 2022/09 | DE4: 2022/10 | DF4: 2022/11 | DG4: 2022/12 | DH4: 2023/01 | DI4: 2023/02 | DJ4: 2023/03 | DK4: 2023/04 | DL4: 2023/05 | DM4: 2023/06 | DN4: 2023/07 | DO4: 2023/08 | DP4: 2023/09 | DQ4: 2023/10 | DR4: 2023/11 | DS4: 2023/12 | DT4: 2024/01 | DU4: 2024/02 | DV4: 2024/03 | DW4: 2024/04 | DX4: 2024/05 | DY4: 2024/06 | DZ4: 2024/07 | EA4: 2024/08 | EB4: 2024/09 | EC4: 2024/10 | ED4: 2024/11 | EE4: 2024/12 | EF4: 2025/01 | EG4: 2025/02
C5: 10 | D5: {=PRODUCT(1 + 預測IC!$C12:C12) -1} -> 0.046867683 | E5: {=PRODUCT(1 + 預測IC!$C12:D12) -1} -> 0.068464079 | F5: {=PRODUCT(1 + 預測IC!$C12:E12) -1} -> 0.017149143 | G5: {=PRODUCT(1 + 預測IC!$C12:F12) -1} -> -0.0019912805 | H5: {=PRODUCT(1 + 預測IC!$C12:G12) -1} -> 0.006588803 | I5: {=PRODUCT(1 + 預測IC!$C12:H12) -1} -> 0.016251309 | J5: {=PRODUCT(1 + 預測IC!$C12:I12) -1} -> 0.054967552 | K5: {=PRODUCT(1 + 預測IC!$C12:J12) -1} -> 0.10115886 | ... EG5: {=PRODUCT(1 + 預測IC!$C12:EF12) -1} -> 1.5817736
C6: 20 | D6: {=PRODUCT(1 + 預測IC!$C13:C13) -1} -> 0.054209043 | E6: {=PRODUCT(1 + 預測IC!$C13:D13) -1} -> 0.083739642 | F6: {=PRODUCT(1 + 預測IC!$C13:E13) -1} -> 0.0080279041 | G6: {=PRODUCT(1 + 預測IC!$C13:F13) -1} -> -0.027174604 | H6: {=PRODUCT(1 + 預測IC!$C13:G13) -1} -> -0.041677465 | I6: {=PRODUCT(1 + 預測IC!$C13:H13) -1} -> -0.025013782 | J6: {=PRODUCT(1 + 預測IC!$C13:I13) -1} -> 0.011368496 | K6: {=PRODUCT(1 + 預測IC!$C13:J13) -1} -> 0.048189289 | ... EG6: {=PRODUCT(1 + 預測IC!$C13:EF13) -1} -> 2.3752787
C7: 50 | D7: {=PRODUCT(1 + 預測IC!$C14:C14) -1} -> -0.030371566 | E7: {=PRODUCT(1 + 預測IC!$C14:D14) -1} -> 0.050444357 | F7: {=PRODUCT(1 + 預測IC!$C14:E14) -1} -> -0.053306192 | G7: {=PRODUCT(1 + 預測IC!$C14:F14) -1} -> -0.099177429 | H7: {=PRODUCT(1 + 預測IC!$C14:G14) -1} -> -0.1361291 | I7: {=PRODUCT(1 + 預測IC!$C14:H14) -1} -> -0.14607075 | J7: {=PRODUCT(1 + 預測IC!$C14:I14) -1} -> -0.10867944 | K7: {=PRODUCT(1 + 預測IC!$C14:J14) -1} -> -0.09209002 | ... EG7: {=PRODUCT(1 + 預測IC!$C14:EF14) -1} -> 1.2549192
C8: 100 | D8: {=PRODUCT(1 + 預測IC!$C15:C15) -1} -> -0.096503142 | E8: {=PRODUCT(1 + 預測IC!$C15:D15) -1} -> -0.082093697 | F8: {=PRODUCT(1 + 預測IC!$C15:E15) -1} -> -0.14271084 | G8: {=PRODUCT(1 + 預測IC!$C15:F15) -1} -> -0.23578012 | H8: {=PRODUCT(1 + 預測IC!$C15:G15) -1} -> -0.27049255 | I8: {=PRODUCT(1 + 預測IC!$C15:H15) -1} -> -0.27139986 | J8: {=PRODUCT(1 + 預測IC!$C15:I15) -1} -> -0.2288267 | K8: {=PRODUCT(1 + 預測IC!$C15:J15) -1} -> -0.19029775 | ... EG8: {=PRODUCT(1 + 預測IC!$C15:EF15) -1} -> 0.30517252
C9: 107 | D9: {=PRODUCT(1 + 預測IC!$C16:C16) -1} -> -0.027383645 | E9: {=PRODUCT(1 + 預測IC!$C16:D16) -1} -> -0.02808417 | F9: {=PRODUCT(1 + 預測IC!$C16:E16) -1} -> -0.091265092 | G9: {=PRODUCT(1 + 預測IC!$C16:F16) -1} -> -0.18157743 | H9: {=PRODUCT(1 + 預測IC!$C16:G16) -1} -> -0.24189212 | I9: {=PRODUCT(1 + 預測IC!$C16:H16) -1} -> -0.2423844 | J9: {=PRODUCT(1 + 預測IC!$C16:I16) -1} -> -0.1987983 | K9: {=PRODUCT(1 + 預測IC!$C16:J16) -1} -> -0.16137423 | ... EG9: {=PRODUCT(1 + 預測IC!$C16:EF16) -1} -> 1.2151592
C10: 120 | D10: {=PRODUCT(1 + 預測IC!$C17:C17) -1} -> -0.045056429 | E10: {=PRODUCT(1 + 預測IC!$C17:D17) -1} -> -0.061609779 | F10: {=PRODUCT(1 + 預測IC!$C17:E17) -1} -> -0.13629612 | G10: {=PRODUCT(1 + 預測IC!$C17:F17) -1} -> -0.23375432 | H10: {=PRODUCT(1 + 預測IC!$C17:G17) -1} -> -0.29356978 | I10: {=PRODUCT(1 + 預測IC!$C17:H17) -1} -> -0.28795871 | J10: {=PRODUCT(1 + 預測IC!$C17:I17) -1} -> -0.20698179 | K10: {=PRODUCT(1 + 預測IC!$C17:J17) -1} -> -0.17378732 | ... EG10: {=PRODUCT(1 + 預測IC!$C17:EF17) -1} -> 1.0897584
C11: 137 | D11: {=PRODUCT(1 + 預測IC!$C18:C18) -1} -> -0.053942228 | E11: {=PRODUCT(1 + 預測IC!$C18:D18) -1} -> -0.038128715 | F11: {=PRODUCT(1 + 預測IC!$C18:E18) -1} -> -0.089530491 | G11: {=PRODUCT(1 + 預測IC!$C18:F18) -1} -> -0.21191068 | H11: {=PRODUCT(1 + 預測IC!$C18:G18) -1} -> -0.27558376 | I11: {=PRODUCT(1 + 預測IC!$C18:H18) -1} -> -0.26933768 | J11: {=PRODUCT(1 + 預測IC!$C18:I18) -1} -> -0.17033281 | K11: {=PRODUCT(1 + 預測IC!$C18:J18) -1} -> -0.1343157 | ... EG11: {=PRODUCT(1 + 預測IC!$C18:EF18) -1} -> 0.72255865
C12: 160 | D12: {=PRODUCT(1 + 預測IC!$C19:C19) -1} -> -0.077959416 | E12: {=PRODUCT(1 + 預測IC!$C19:D19) -1} -> -0.0697696 | F12: {=PRODUCT(1 + 預測IC!$C19:E19) -1} -> -0.11107549 | G12: {=PRODUCT(1 + 預測IC!$C19:F19) -1} -> -0.14542947 | H12: {=PRODUCT(1 + 預測IC!$C19:G19) -1} -> -0.22876043 | I12: {=PRODUCT(1 + 預測IC!$C19:H19) -1} -> -0.23806836 | J12: {=PRODUCT(1 + 預測IC!$C19:I19) -1} -> -0.13547096 | K12: {=PRODUCT(1 + 預測IC!$C19:J19) -1} -> -0.10484105 | ... EG12: {=PRODUCT(1 + 預測IC!$C19:EF19) -1} -> -0.0022058265
C13: 192 | D13: {=PRODUCT(1 + 預測IC!$C20:C20) -1} -> -0.1393246 | E13: {=PRODUCT(1 + 預測IC!$C20:D20) -1} -> -0.13902189 | F13: {=PRODUCT(1 + 預測IC!$C20:E20) -1} -> -0.18838723 | G13: {=PRODUCT(1 + 預測IC!$C20:F20) -1} -> -0.26242127 | H13: {=PRODUCT(1 + 預測IC!$C20:G20) -1} -> -0.34473835 | I13: {=PRODUCT(1 + 預測IC!$C20:H20) -1} -> -0.33714844 | J13: {=PRODUCT(1 + 預測IC!$C20:I20) -1} -> -0.23231876 | K13: {=PRODUCT(1 + 預測IC!$C20:J20) -1} -> -0.18109818 | ... EG13: {=PRODUCT(1 + 預測IC!$C20:EF20) -1} -> -0.29246497
C14: 241 | D14: {=PRODUCT(1 + 預測IC!$C21:C21) -1} -> -0.19764916 | E14: {=PRODUCT(1 + 預測IC!$C21:D21) -1} -> -0.1979442 | F14: {=PRODUCT(1 + 預測IC!$C21:E21) -1} -> -0.18696392 | G14: {=PRODUCT(1 + 預測IC!$C21:F21) -1} -> -0.22850801 | H14: {=PRODUCT(1 + 預測IC!$C21:G21) -1} -> -0.23413693 | I14: {=PRODUCT(1 + 預測IC!$C21:H21) -1} -> -0.26312031 | J14: {=PRODUCT(1 + 預測IC!$C21:I21) -1} -> -0.15461064 | K14: {=PRODUCT(1 + 預測IC!$C21:J21) -1} -> -0.10351926 | ... EG14: {=PRODUCT(1 + 預測IC!$C21:EF21) -1} -> 0.16116573
C15: 321 | D15: {=PRODUCT(1 + 預測IC!$C22:C22) -1} -> 0.064235718 | E15: {=PRODUCT(1 + 預測IC!$C22:D22) -1} -> 0.016684711 | F15: {=PRODUCT(1 + 預測IC!$C22:E22) -1} -> 0.034329375 | G15: {=PRODUCT(1 + 預測IC!$C22:F22) -1} -> -0.066449469 | H15: {=PRODUCT(1 + 預測IC!$C22:G22) -1} -> -0.097214462 | I15: {=PRODUCT(1 + 預測IC!$C22:H22) -1} -> -0.30467958 | J15: {=PRODUCT(1 + 預測IC!$C22:I22) -1} -> -0.21881226 | K15: {=PRODUCT(1 + 預測IC!$C22:J22) -1} -> -0.17772289 | ... EG15: {=PRODUCT(1 + 預測IC!$C22:EF22) -1} -> -0.50907937
C16: 482 | D16: {=PRODUCT(1 + 預測IC!$C23:C23) -1} -> -0.034987009 | E16: {=PRODUCT(1 + 預測IC!$C23:D23) -1} -> -0.063754691 | F16: {=PRODUCT(1 + 預測IC!$C23:E23) -1} -> -0.18828018 | G16: {=PRODUCT(1 + 預測IC!$C23:F23) -1} -> -0.30327239 | H16: {=PRODUCT(1 + 預測IC!$C23:G23) -1} -> -0.33965842 | I16: {=PRODUCT(1 + 預測IC!$C23:H23) -1} -> -0.51320295 | J16: {=PRODUCT(1 + 預測IC!$C23:I23) -1} -> -0.44108298 | K16: {=PRODUCT(1 + 預測IC!$C23:J23) -1} -> -0.49594755 | ... EG16: {=PRODUCT(1 + 預測IC!$C23:EF23) -1} -> -0.92076684
C17: 964 | D17: {=PRODUCT(1 + 預測IC!$C24:C24) -1} -> 0.16299314 | E17: {=PRODUCT(1 + 預測IC!$C24:D24) -1} -> 0.041984852 | F17: {=PRODUCT(1 + 預測IC!$C24:E24) -1} -> -0.25447286 | G17: {=PRODUCT(1 + 預測IC!$C24:F24) -1} -> -0.42382647 | H17: {=PRODUCT(1 + 預測IC!$C24:G24) -1} -> -0.29374952 | I17: {=PRODUCT(1 + 預測IC!$C24:H24) -1} -> -0.54151786 | J17: {=PRODUCT(1 + 預測IC!$C24:I24) -1} -> -0.54248614 | K17: {=PRODUCT(1 + 預測IC!$C24:J24) -1} -> -0.58822481 | ... EG17: {=PRODUCT(1 + 預測IC!$C24:EF24) -1} -> -1.023377
C18: 大盤 | D18: {=PRODUCT(1 + 預測IC!$C25:C25) -1} -> -0.017446771 | E18: {=PRODUCT(1 + 預測IC!$C25:D25) -1} -> 0.0028931233 | F18: {=PRODUCT(1 + 預測IC!$C25:E25) -1} -> 0.026944636 | G18: {=PRODUCT(1 + 預測IC!$C25:F25) -1} -> 0.020210365 | H18: {=PRODUCT(1 + 預測IC!$C25:G25) -1} -> 0.052699097 | I18: {=PRODUCT(1 + 預測IC!$C25:H25) -1} -> 0.088857766 | J18: {=PRODUCT(1 + 預測IC!$C25:I25) -1} -> 0.079869319 | K18: {=PRODUCT(1 + 預測IC!$C25:J25) -1} -> 0.093738646 | ... EG18: {=PRODUCT(1 + 預測IC!$C25:EF25) -1} -> 1.3673442
C22: 等分 | D22: 2014/01 | E22: 2014/02 | F22: 2014/03 | G22: 2014/04 | H22: 2014/05 | I22: 2014/06 | J22: 2014/07 | K22: 2014/08 | L22: 2014/09 | M22: 2014/10 | N22: 2014/11 | O22: 2014/12 | P22: 2015/01 | Q22: 2015/02 | R22: 2015/03 | S22: 2015/04 | T22: 2015/05 | U22: 2015/06 | V22: 2015/07 | W22: 2015/08 | X22: 2015/09 | Y22: 2015/10 | Z22: 2015/11 | AA22: 2015/12 | AB22: 2016/01 | AC22: 2016/02 | AD22: 2016/03 | AE22: 2016/04 | AF22: 2016/05 | AG22: 2016/06 | AH22: 2016/07 | AI22: 2016/08 | AJ22: 2016/09 | AK22: 2016/10 | AL22: 2016/11 | AM22: 2016/12 | AN22: 2017/01 | AO22: 2017/02 | AP22: 2017/03 | AQ22: 2017/04 | AR22: 2017/05 | AS22: 2017/06 | AT22: 2017/07 | AU22: 2017/08 | AV22: 2017/09 | AW22: 2017/10 | AX22: 2017/11 | AY22: 2017/12 | AZ22: 2018/01 | BA22: 2018/02 | BB22: 2018/03 | BC22: 2018/04 | BD22: 2018/05 | BE22: 2018/06 | BF22: 2018/07 | BG22: 2018/08 | BH22: 2018/09 | BI22: 2018/10 | BJ22: 2018/11 | BK22: 2018/12 | BL22: 2019/01 | BM22: 2019/02 | BN22: 2019/03 | BO22: 2019/04 | BP22: 2019/05 | BQ22: 2019/06 | BR22: 2019/07 | BS22: 2019/08 | BT22: 2019/09 | BU22: 2019/10 | BV22: 2019/11 | BW22: 2019/12 | BX22: 2020/01 | BY22: 2020/02 | BZ22: 2020/03 | CA22: 2020/04 | CB22: 2020/05 | CC22: 2020/06 | CD22: 2020/07 | CE22: 2020/08 | CF22: 2020/09 | CG22: 2020/10 | CH22: 2020/11 | CI22: 2020/12 | CJ22: 2021/01 | CK22: 2021/02 | CL22: 2021/03 | CM22: 2021/04 | CN22: 2021/05 | CO22: 2021/06 | CP22: 2021/07 | CQ22: 2021/08 | CR22: 2021/09 | CS22: 2021/10 | CT22: 2021/11 | CU22: 2021/12 | CV22: 2022/01 | CW22: 2022/02 | CX22: 2022/03 | CY22: 2022/04 | CZ22: 2022/05 | DA22: 2022/06 | DB22: 2022/07 | DC22: 2022/08 | DD22: 2022/09 | DE22: 2022/10 | DF22: 2022/11 | DG22: 2022/12 | DH22: 2023/01 | DI22: 2023/02 | DJ22: 2023/03 | DK22: 2023/04 | DL22: 2023/05 | DM22: 2023/06 | DN22: 2023/07 | DO22: 2023/08 | DP22: 2023/09 | DQ22: 2023/10 | DR22: 2023/11 | DS22: 2023/12 | DT22: 2024/01 | DU22: 2024/02 | DV22: 2024/03 | DW22: 2024/04 | DX22: 2024/05 | DY22: 2024/06 | DZ22: 2024/07 | EA22: 2024/08 | EB22: 2024/09 | EC22: 2024/10 | ED22: 2024/11 | EE22: 2024/12 | EF22: 2025/01 | EG22: 2025/02
C23: 10 | D23: 0.046867683 | E23: 0.068464079 | F23: 0.017149143 | G23: -0.0019912805 | H23: 0.006588803 | I23: 0.016251309 | J23: 0.054967552 | K23: 0.10115886 | L23: 0.12183244 | M23: 0.12039672 | N23: 0.10297253 | O23: 0.16076203 | P23: 0.1817797 | Q23: 0.18134709 | R23: 0.22301306 | S23: 0.2387877 | T23: 0.25248253 | U23: 0.19904751 | V23: 0.21844642 | W23: 0.2108866 | X23: 0.23423001 | Y23: 0.20244905 | Z23: 0.22101531 | AA23: 0.22732296 | AB23: 0.18023546 | AC23: 0.22107663 | AD23: 0.26654393 | AE23: 0.28076823 | AF23: 0.23271225 | AG23: 0.28964076 | AH23: 0.32912755 | AI23: 0.34653494 | AJ23: 0.37212512 | AK23: 0.38240264 | AL23: 0.3964745 | AM23: 0.34884687 | AN23: 0.39228562 | AO23: 0.49026196 | AP23: 0.49344904 | AQ23: 0.44307651 | AR23: 0.43272096 | AS23: 0.45113259 | AT23: 0.47975783 | AU23: 0.49909667 | AV23: 0.5290406 | AW23: 0.46615717 | AX23: 0.46752003 | AY23: 0.40438665 | AZ23: 0.43877074 | BA23: 0.43437067 | BB23: 0.44033391 | BC23: 0.44866681 | BD23: 0.46747859 | BE23: 0.48425396 | BF23: 0.41657413 | BG23: 0.513935 | BH23: 0.4431468 | BI23: 0.45923633 | BJ23: 0.38417332 | BK23: 0.38527511 | BL23: 0.35521952 | BM23: 0.38870597 | BN23: 0.38603232 | BO23: 0.35900117 | BP23: 0.32605041 | BQ23: 0.31202502 | BR23: 0.33197643 | BS23: 0.32996959 | BT23: 0.35350594 | BU23: 0.3823195 | BV23: 0.3964323 | BW23: 0.4386378 | BX23: 0.3588113 | BY23: 0.33709186 | BZ23: 0.27583168 | CA23: 0.33324924 | CB23: 0.29265477 | CC23: 0.29480689 | CD23: 0.27393308 | CE23: 0.4152551 | CF23: 0.63321432 | CG23: 0.62655424 | CH23: 0.69374611 | CI23: 0.66586178 | CJ23: 0.62531221 | CK23: 0.65394021 | CL23: 0.67377768 | CM23: 0.72923665 | CN23: 0.70436557 | CO23: 0.74797511 | CP23: 0.70122037 | CQ23: 0.70293013 | CR23: 0.76637903 | CS23: 0.68133384 | CT23: 0.6557748 | CU23: 0.65418253 | CV23: 0.70717621 | CW23: 0.71455677 | CX23: 0.76557802 | CY23: 0.84776119 | CZ23: 0.76262933 | DA23: 0.91873083 | DB23: 0.92526067 | DC23: 1.0965739 | DD23: 1.1658538 | DE23: 1.0811863 | DF23: 1.0808018 | DG23: 1.0665836 | DH23: 1.1624934 | DI23: 1.1511141 | DJ23: 1.0340006 | DK23: 1.0503999 | DL23: 1.0191018 | DM23: 1.025339 | DN23: 1.0137647 | DO23: 1.0927613 | DP23: 1.1567097 | DQ23: 1.2269849 | DR23: 1.1747657 | DS23: 1.2156055 | DT23: 1.3699236 | DU23: 1.2651228 | DV23: 1.2962742 | DW23: 1.4160781 | DX23: 1.5119827 | DY23: 1.3873401 | DZ23: 1.34617 | EA23: 1.3350081 | EB23: 1.4844578 | EC23: 1.4988328 | ED23: 1.5654305 | EE23: 1.4201552 | EF23: 1.484306 | EG23: 1.5817736
C24: 20 | D24: 0.054209043 | E24: 0.083739642 | F24: 0.0080279041 | G24: -0.027174604 | H24: -0.041677465 | I24: -0.025013782 | J24: 0.011368496 | K24: 0.048189289 | L24: 0.046756093 | M24: 0.013997903 | N24: 0.021814464 | O24: 0.066752341 | P24: 0.10611693 | Q24: 0.12469044 | R24: 0.20704518 | S24: 0.22737388 | T24: 0.21999269 | U24: 0.15868575 | V24: 0.15683531 | W24: 0.18008114 | X24: 0.2167853 | Y24: 0.15195876 | Z24: 0.16799517 | AA24: 0.1920369 | AB24: 0.154743 | AC24: 0.20876459 | AD24: 0.23457055 | AE24: 0.26116775 | AF24: 0.20279573 | AG24: 0.2652636 | AH24: 0.3053494 | AI24: 0.32015253 | AJ24: 0.33608353 | AK24: 0.31135551 | AL24: 0.31570717 | AM24: 0.2860375 | AN24: 0.34489259 | AO24: 0.48655044 | AP24: 0.50991073 | AQ24: 0.42001333 | AR24: 0.41497301 | AS24: 0.43530768 | AT24: 0.49240128 | AU24: 0.55278844 | AV24: 0.61872137 | AW24: 0.60415162 | AX24: 0.60939442 | AY24: 0.50422207 | AZ24: 0.5279401 | BA24: 0.51419206 | BB24: 0.52614578 | BC24: 0.5658963 | BD24: 0.58629457 | BE24: 0.59518112 | BF24: 0.52172581 | BG24: 0.64944337 | BH24: 0.50363663 | BI24: 0.5141264 | BJ24: 0.43419852 | BK24: 0.45951801 | BL24: 0.43267598 | BM24: 0.48563143 | BN24: 0.50799946 | BO24: 0.51418458 | BP24: 0.46613146 | BQ24: 0.47735022 | BR24: 0.53765432 | BS24: 0.52678098 | BT24: 0.53786273 | BU24: 0.58963914 | BV24: 0.61591109 | BW24: 0.64926976 | BX24: 0.50705297 | BY24: 0.5048264 | BZ24: 0.45843597 | CA24: 0.57063035 | CB24: 0.51796465 | CC24: 0.50713873 | CD24: 0.51953466 | CE24: 0.67983322 | CF24: 0.98863333 | CG24: 0.95238265 | CH24: 1.0246506 | CI24: 1.0164923 | CJ24: 1.000571 | CK24: 0.99281558 | CL24: 1.0566759 | CM24: 1.1471704 | CN24: 1.1250614 | CO24: 1.1821992 | CP24: 1.1528323 | CQ24: 1.1085335 | CR24: 1.1885502 | CS24: 1.0476499 | CT24: 1.0723817 | CU24: 1.0891075 | CV24: 1.1643298 | CW24: 1.2169641 | CX24: 1.2401468 | CY24: 1.2513191 | CZ24: 1.1050423 | DA24: 1.295107 | DB24: 1.2788197 | DC24: 1.5209108 | DD24: 1.5958832 | DE24: 1.4624375 | DF24: 1.4751626 | DG24: 1.4045739 | DH24: 1.519342 | DI24: 1.5520739 | DJ24: 1.4332456 | DK24: 1.433933 | DL24: 1.4632054 | DM24: 1.5300123 | DN24: 1.5131653 | DO24: 1.5504601 | DP24: 1.6470294 | DQ24: 1.7720702 | DR24: 1.6988041 | DS24: 1.7359699 | DT24: 1.9236488 | DU24: 1.8200748 | DV24: 1.8788689 | DW24: 2.1080848 | DX24: 2.2500838 | DY24: 2.0399922 | DZ24: 1.9326618 | EA24: 1.898143 | EB24: 2.1201128 | EC24: 2.1207406 | ED24: 2.2507499 | EE24: 2.0372338 | EF24: 2.1624723 | EG24: 2.3752787
C25: 50 | D25: -0.030371566 | E25: 0.050444357 | F25: -0.053306192 | G25: -0.099177429 | H25: -0.1361291 | I25: -0.14607075 | J25: -0.10867944 | K25: -0.09209002 | L25: -0.080785487 | M25: -0.076329873 | N25: -0.07106847 | O25: 0.0057480992 | P25: 0.043439301 | Q25: 0.093294585 | R25: 0.15696582 | S25: 0.13852241 | T25: 0.11027937 | U25: 0.032735817 | V25: -0.0050407604 | W25: 0.033141344 | X25: 0.10960223 | Y25: 0.05014785 | Z25: 0.032544575 | AA25: 0.05448842 | AB25: 0.012888661 | AC25: 0.081515841 | AD25: 0.068270858 | AE25: 0.1102837 | AF25: -0.0089989014 | AG25: 0.074559347 | AH25: 0.094428831 | AI25: 0.090766572 | AJ25: 0.16938134 | AK25: 0.18699109 | AL25: 0.17332946 | AM25: 0.15155301 | AN25: 0.23018481 | AO25: 0.34368227 | AP25: 0.42552018 | AQ25: 0.32576723 | AR25: 0.32460137 | AS25: 0.3744671 | AT25: 0.48763107 | AU25: 0.54851173 | AV25: 0.62132485 | AW25: 0.58454544 | AX25: 0.56010956 | AY25: 0.34645095 | AZ25: 0.36673944 | BA25: 0.29408596 | BB25: 0.32013062 | BC25: 0.45464974 | BD25: 0.44143581 | BE25: 0.50389003 | BF25: 0.46762069 | BG25: 0.52745635 | BH25: 0.33605796 | BI25: 0.33567926 | BJ25: 0.26620493 | BK25: 0.28298756 | BL25: 0.28287552 | BM25: 0.35951164 | BN25: 0.40301987 | BO25: 0.46667728 | BP25: 0.41738366 | BQ25: 0.43555829 | BR25: 0.45285594 | BS25: 0.41227851 | BT25: 0.35772331 | BU25: 0.33696654 | BV25: 0.32512792 | BW25: 0.36341275 | BX25: 0.20197371 | BY25: 0.20234288 | BZ25: 0.10567479 | CA25: 0.22926769 | CB25: 0.19919333 | CC25: 0.22572862 | CD25: 0.26124495 | CE25: 0.38486803 | CF25: 0.62106461 | CG25: 0.65398878 | CH25: 0.74176105 | CI25: 0.65662435 | CJ25: 0.65028054 | CK25: 0.59659625 | CL25: 0.61897472 | CM25: 0.82949465 | CN25: 0.88811167 | CO25: 0.92677906 | CP25: 0.78499179 | CQ25: 0.6178106 | CR25: 0.70389694 | CS25: 0.59716372 | CT25: 0.69143969 | CU25: 0.72374716 | CV25: 0.64696381 | CW25: 0.71185325 | CX25: 0.72594865 | CY25: 0.76779299 | CZ25: 0.67915984 | DA25: 0.90781448 | DB25: 0.8614464 | DC25: 1.0561675 | DD25: 1.1127823 | DE25: 0.99890336 | DF25: 1.0096661 | DG25: 0.92974071 | DH25: 1.0177048 | DI25: 1.0273391 | DJ25: 0.91950084 | DK25: 0.92146588 | DL25: 0.9566621 | DM25: 0.93851566 | DN25: 0.94918577 | DO25: 1.0268641 | DP25: 1.2348046 | DQ25: 1.3253862 | DR25: 1.1175714 | DS25: 1.2290033 | DT25: 1.353943 | DU25: 1.2493499 | DV25: 1.1483204 | DW25: 1.3809026 | DX25: 1.5994917 | DY25: 1.3339245 | DZ25: 1.2452422 | EA25: 1.235497 | EB25: 1.4101011 | EC25: 1.3495847 | ED25: 1.3638687 | EE25: 1.1212655 | EF25: 1.1140548 | EG25: 1.2549192
C26: 100 | D26: -0.096503142 | E26: -0.082093697 | F26: -0.14271084 | G26: -0.23578012 | H26: -0.27049255 | I26: -0.27139986 | J26: -0.2288267 | K26: -0.19029775 | L26: -0.1937069 | M26: -0.1674552 | N26: -0.14622721 | O26: -0.046778212 | P26: 0.020749548 | Q26: 0.074832211 | R26: 0.18271887 | S26: 0.1210641 | T26: 0.21690151 | U26: 0.13561233 | V26: 0.082476756 | W26: 0.17522432 | X26: 0.29573604 | Y26: 0.19410316 | Z26: 0.16521945 | AA26: 0.13765453 | AB26: 0.079329253 | AC26: 0.1514017 | AD26: 0.17037791 | AE26: 0.21683077 | AF26: 0.093549609 | AG26: 0.14797779 | AH26: 0.15959932 | AI26: 0.12063171 | AJ26: 0.17762082 | AK26: 0.18876683 | AL26: 0.14478328 | AM26: 0.1526614 | AN26: 0.21619912 | AO26: 0.3291377 | AP26: 0.4133649 | AQ26: 0.29116853 | AR26: 0.24907961 | AS26: 0.34715391 | AT26: 0.41965933 | AU26: 0.51229918 | AV26: 0.57270534 | AW26: 0.49843147 | AX26: 0.52189682 | AY26: 0.33130363 | AZ26: 0.3687258 | BA26: 0.24372927 | BB26: 0.25692961 | BC26: 0.39366985 | BD26: 0.4802936 | BE26: 0.54387194 | BF26: 0.47251863 | BG26: 0.54787903 | BH26: 0.29085183 | BI26: 0.33416835 | BJ26: 0.2426622 | BK26: 0.26207147 | BL26: 0.24799134 | BM26: 0.32630052 | BN26: 0.41278444 | BO26: 0.50610455 | BP26: 0.46433353 | BQ26: 0.48510396 | BR26: 0.50411765 | BS26: 0.42867497 | BT26: 0.40463926 | BU26: 0.45609635 | BV26: 0.48445589 | BW26: 0.57237864 | BX26: 0.25138408 | BY26: 0.22141414 | BZ26: 0.10740931 | CA26: 0.22136889 | CB26: 0.19866118 | CC26: 0.21670929 | CD26: 0.17368822 | CE26: 0.31470931 | CF26: 0.41116706 | CG26: 0.4162851 | CH26: 0.41019666 | CI26: 0.29548759 | CJ26: 0.20566257 | CK26: 0.10071645 | CL26: 0.16309696 | CM26: 0.41054687 | CN26: 0.51581756 | CO26: 0.5804431 | CP26: 0.37585628 | CQ26: 0.1968591 | CR26: 0.24099487 | CS26: 0.21074646 | CT26: 0.28361545 | CU26: 0.29310724 | CV26: 0.21141045 | CW26: 0.28463355 | CX26: 0.24961772 | CY26: 0.27194701 | CZ26: 0.20105795 | DA26: 0.33961686 | DB26: 0.30428334 | DC26: 0.43086175 | DD26: 0.46637732 | DE26: 0.36735813 | DF26: 0.40147195 | DG26: 0.34206173 | DH26: 0.40636995 | DI26: 0.38005816 | DJ26: 0.36388602 | DK26: 0.29361478 | DL26: 0.42527221 | DM26: 0.43630072 | DN26: 0.40210449 | DO26: 0.46379218 | DP26: 0.6973335 | DQ26: 0.73762074 | DR26: 0.56442823 | DS26: 0.62666996 | DT26: 0.68771911 | DU26: 0.56592717 | DV26: 0.49425354 | DW26: 0.70310291 | DX26: 0.74659782 | DY26: 0.53942293 | DZ26: 0.3754141 | EA26: 0.34939093 | EB26: 0.39289487 | EC26: 0.31471659 | ED26: 0.3814207 | EE26: 0.22482692 | EF26: 0.228735 | EG26: 0.30517252
C27: 192 | D27: -0.1393246 | E27: -0.13902189 | F27: -0.18838723 | G27: -0.26242127 | H27: -0.34473835 | I27: -0.33714844 | J27: -0.23231876 | K27: -0.18109818 | L27: -0.15046742 | M27: -0.069159812 | N27: 0.024048394 | O27: 0.12842445 | P27: 0.24025299 | Q27: 0.28989845 | R27: 0.57989963 | S27: 0.40729077 | T27: 0.52348037 | U27: 0.5473425 | V27: 0.4974598 | W27: 0.7015457 | X27: 0.99605838 | Y27: 0.69656516 | Z27: 0.68832705 | AA27: 0.7375542 | AB27: 0.72166743 | AC27: 0.86759569 | AD27: 0.97300904 | AE27: 1.2291913 | AF27: 0.83845525 | AG27: 0.82656177 | AH27: 0.87708304 | AI27: 0.70781107 | AJ27: 0.84128426 | AK27: 0.72714299 | AL27: 0.84280347 | AM27: 0.85315381 | AN27: 0.91448575 | AO27: 1.0589724 | AP27: 1.1042436 | AQ27: 0.82705063 | AR27: 0.87720771 | AS27: 1.2178603 | AT27: 1.4664731 | AU27: 1.4809236 | AV27: 1.6617825 | AW27: 1.5163807 | AX27: 1.5336563 | AY27: 1.2530981 | AZ27: 1.340236 | BA27: 0.83988786 | BB27: 0.74045088 | BC27: 1.1428668 | BD27: 1.2941652 | BE27: 1.1715883 | BF27: 1.0880542 | BG27: 1.0999323 | BH27: 0.90240834 | BI27: 0.76618364 | BJ27: 0.5334973 | BK27: 0.50032851 | BL27: 0.4114593 | BM27: 0.53325727 | BN27: 0.74318727 | BO27: 0.7106977 | BP27: 0.77649407 | BQ27: 0.88380767 | BR27: 0.91291571 | BS27: 0.92860178 | BT27: 0.92450797 | BU27: 0.82353361 | BV27: 1.0036166 | BW27: 1.2358725 | BX27: 0.47110866 | BY27: 0.54887356 | BZ27: 0.4819878 | CA27: 0.61576892 | CB27: 0.61254737 | CC27: 0.55086428 | CD27: 0.39356108 | CE27: 0.64583396 | CF27: 0.78701058 | CG27: 1.0214817 | CH27: 0.82124806 | CI27: 0.78082505 | CJ27: 0.54667196 | CK27: 0.35575028 | CL27: 0.47909426 | CM27: 0.91976808 | CN27: 1.2827025 | CO27: 1.2321191 | CP27: 0.30362155 | CQ27: 0.099395217 | CR27: 0.10611401 | CS27: 0.07806014 | CT27: 0.17332214 | CU27: 0.27947734 | CV27: 0.1462826 | CW27: 0.25747654 | CX27: 0.22501302 | CY27: 0.23651117 | CZ27: 0.1020618 | DA27: 0.2434571 | DB27: 0.18442784 | DC27: 0.27559096 | DD27: 0.21553087 | DE27: 0.13267662 | DF27: 0.10237768 | DG27: 0.10332475 | DH27: 0.16107808 | DI27: 0.14833477 | DJ27: 0.13942649 | DK27: 0.09446478 | DL27: 0.18744392 | DM27: 0.19954037 | DN27: 0.21067649 | DO27: 0.28091898 | DP27: 0.61139782 | DQ27: 0.62723872 | DR27: 0.31589988 | DS27: 0.41921468 | DT27: 0.40858378 | DU27: 0.2293067 | DV27: 0.017780992 | DW27: 0.14942635 | DX27: 0.22880597 | DY27: 0.039734108 | DZ27: -0.016014989 | EA27: -0.099136708 | EB27: -0.086696933 | EC27: -0.18379225 | ED27: -0.15600072 | EE27: -0.30532011 | EF27: -0.30652954 | EG27: -0.29246497
C28: 964 | D28: 0.16299314 | E28: 0.041984852 | F28: -0.25447286 | G28: -0.42382647 | H28: -0.29374952 | I28: -0.54151786 | J28: -0.54248614 | K28: -0.58822481 | L28: -0.56609889 | M28: -0.52460786 | N28: -0.74472751 | O28: -0.70793497 | P28: -0.63920939 | Q28: -0.63858295 | R28: -0.63961196 | S28: -0.72815835 | T28: -0.69013211 | U28: -0.65180422 | V28: -0.75133818 | W28: -0.7268006 | X28: -0.59137238 | Y28: -0.59100508 | Z28: -0.64021432 | AA28: -0.64899113 | AB28: -0.64423574 | AC28: -0.57474089 | AD28: -0.52142174 | AE28: -0.47300144 | AF28: -0.75824369 | AG28: -0.79830362 | AH28: -0.77032113 | AI28: -0.78334332 | AJ28: -0.7852517 | AK28: -0.80262296 | AL28: -0.80233854 | AM28: -0.81956942 | AN28: -0.82298304 | AO28: -0.78382875 | AP28: -0.76954197 | AQ28: -0.77480833 | AR28: -0.76420699 | AS28: -0.76193412 | AT28: -0.76858951 | AU28: -0.76154093 | AV28: -0.751026 | AW28: -0.77272457 | AX28: -0.77159103 | AY28: -0.77805641 | AZ28: -0.74074164 | BA28: -0.73092428 | BB28: -0.74539914 | BC28: -0.56952684 | BD28: -0.82756177 | BE28: -0.79555806 | BF28: -0.81684682 | BG28: -0.8007932 | BH28: -0.78266853 | BI28: -0.86661397 | BJ28: -0.89644297 | BK28: -0.89678971 | BL28: -0.89637444 | BM28: -0.86350811 | BN28: -0.86194214 | BO28: -0.87697847 | BP28: -0.85715851 | BQ28: -0.83953884 | BR28: -0.84983557 | BS28: -0.84347518 | BT28: -0.84367627 | BU28: -0.80041852 | BV28: -0.75484875 | BW28: -0.72843898 | BX28: -1.0296034 | BY28: -1.0326809 | BZ28: -1.0231924 | CA28: -1.0291967 | CB28: -1.0258326 | CC28: -1.0312255 | CD28: -1.0380899 | CE28: -1.0393237 | CF28: -1.0458343 | CG28: -1.053403 | CH28: -1.0361101 | CI28: -1.0284197 | CJ28: -1.0267569 | CK28: -1.0271076 | CL28: -1.029643 | CM28: -1.0636916 | CN28: -1.0986957 | CO28: -1.109329 | CP28: -1.0244183 | CQ28: -1.0195818 | CR28: -1.0218276 | CS28: -1.0239409 | CT28: -1.0218845 | CU28: -1.0239946 | CV28: -1.0222489 | CW28: -1.0302915 | CX28: -1.0302434 | CY28: -1.0318392 | CZ28: -1.0216141 | DA28: -1.0285866 | DB28: -1.0292873 | DC28: -1.028804 | DD28: -1.034405 | DE28: -1.0361012 | DF28: -1.0297451 | DG28: -1.0266318 | DH28: -1.0298156 | DI28: -1.0327782 | DJ28: -1.0374287 | DK28: -1.0324698 | DL28: -1.0434936 | DM28: -1.0421127 | DN28: -1.0361563 | DO28: -1.0445928 | DP28: -1.0497483 | DQ28: -1.0554382 | DR28: -1.0480662 | DS28: -1.0470801 | DT28: -1.0439086 | DU28: -1.0422242 | DV28: -1.0402127 | DW28: -1.0465753 | DX28: -1.0516454 | DY28: -1.035553 | DZ28: -1.0233297 | EA28: -1.0221523 | EB28: -1.0238658 | EC28: -1.021259 | ED28: -1.0209548 | EE28: -1.0197777 | EF28: -1.0219034 | EG28: -1.023377
C29: 大盤 | D29: -0.017446771 | E29: 0.0028931233 | F29: 0.026944636 | G29: 0.020210365 | H29: 0.052699097 | I29: 0.088857766 | J29: 0.079869319 | K29: 0.093738646 | L29: 0.037937714 | M29: 0.038844813 | N29: 0.063142952 | O29: 0.076952086 | P29: 0.083257197 | Q29: 0.11295275 | R29: 0.10882043 | S29: 0.13551707 | T29: 0.12167509 | U29: 0.077088976 | V29: -0.0017059521 | W29: -0.059866793 | X29: -0.05914026 | Y29: -0.017185893 | Z29: -0.04440953 | AA29: -0.042407562 | AB29: -0.064815753 | AC29: -0.034768871 | AD29: 0.0027817794 | AE29: -0.040202845 | AF29: -0.02230532 | AG29: -0.007415257 | AH29: 0.028334274 | AI29: 0.037953942 | AJ29: 0.049110132 | AK29: 0.063123887 | AL29: 0.057454516 | AM29: 0.058917119 | AN29: 0.080938284 | AO29: 0.11500697 | AP29: 0.12196653 | AQ29: 0.12886131 | AR29: 0.1479914 | AS29: 0.18780699 | AT29: 0.19148751 | AU29: 0.20945675 | AV29: 0.18617325 | AW29: 0.23209181 | AX29: 0.20516204 | AY29: 0.21453133 | AZ29: 0.26602411 | BA29: 0.23271632 | BB29: 0.24451557 | BC29: 0.21433639 | BD29: 0.23882151 | BE29: 0.23447944 | BF29: 0.25935659 | BG29: 0.2600887 | BH29: 0.25351141 | BI29: 0.10826484 | BJ29: 0.1179347 | BK29: 0.099625989 | BL29: 0.1225426 | BM29: 0.17302994 | BN29: 0.20112905 | BO29: 0.23745012 | BP29: 0.18334151 | BQ29: 0.20924423 | BR29: 0.2196769 | BS29: 0.1962677 | BT29: 0.2198762 | BU29: 0.27805738 | BV29: 0.2926973 | BW29: 0.34857882 | BX29: 0.29093054 | BY29: 0.2679374 | BZ29: 0.076284733 | CA29: 0.20998513 | CB29: 0.20447092 | CC29: 0.27699361 | CD29: 0.38680489 | CE29: 0.37874966 | CF29: 0.37042015 | CG29: 0.37378087 | CH29: 0.49692144 | CI29: 0.60319198 | CJ29: 0.64675174 | CK29: 0.73315421 | CL29: 0.78424874 | CM29: 0.90348131 | CN29: 0.84871391 | CO29: 0.92166881 | CP29: 0.86588068 | CQ29: 0.89197294 | CR29: 0.83090579 | CS29: 0.83658815 | CT29: 0.88358985 | CU29: 0.96720595 | CV29: 0.90752297 | CW29: 0.90512335 | CX29: 0.9095744 | CY29: 0.78685724 | CZ29: 0.80992517 | DA29: 0.58282102 | DB29: 0.60132527 | DC29: 0.61147422 | DD29: 0.42243967 | DE29: 0.37121637 | DF29: 0.56169383 | DG29: 0.48182333 | DH29: 0.59552578 | DI29: 0.62027044 | DJ29: 0.65789923 | DK29: 0.62743886 | DL29: 0.72866395 | DM29: 0.76340716 | DN29: 0.78721129 | DO29: 0.73314419 | DP29: 0.70364117 | DQ29: 0.66652134 | DR29: 0.80941825 | DS29: 0.86027511 | DT29: 0.8559906 | DU29: 0.96451259 | DV29: 1.0974294 | DW29: 1.1079602 | DX29: 1.186832 | DY29: 1.3707686 | DZ29: 1.2834475 | EA29: 1.2905073 | EB29: 1.2860233 | EC29: 1.3465094 | ED29: 1.2884274 | EE29: 1.3664982 | EF29: 1.4163413 | EG29: 1.3673442

Sheet NN5夏普比率
A1: Predict
B2: Time | C2: 2013/12 | D2: 2014/01 | E2: 2014/02 | F2: 2014/03 | G2: 2014/04 | H2: 2014/05 | I2: 2014/06 | J2: 2014/07 | K2: 2014/08 | L2: 2014/09 | M2: 2014/10 | N2: 2014/11 | O2: 2014/12 | P2: 2015/01 | Q2: 2015/02 | R2: 2015/03 | S2: 2015/04 | T2: 2015/05 | U2: 2015/06 | V2: 2015/07 | W2: 2015/08 | X2: 2015/09 | Y2: 2015/10 | Z2: 2015/11 | AA2: 2015/12 | AB2: 2016/01 | AC2: 2016/02 | AD2: 2016/03 | AE2: 2016/04 | AF2: 2016/05 | AG2: 2016/06 | AH2: 2016/07 | AI2: 2016/08 | AJ2: 2016/09 | AK2: 2016/10 | AL2: 2016/11 | AM2: 2016/12 | AN2: 2017/01 | AO2: 2017/02 | AP2: 2017/03 | AQ2: 2017/04 | AR2: 2017/05 | AS2: 2017/06 | AT2: 2017/07 | AU2: 2017/08 | AV2: 2017/09 | AW2: 2017/10 | AX2: 2017/11 | AY2: 2017/12 | AZ2: 2018/01 | BA2: 2018/02 | BB2: 2018/03 | BC2: 2018/04 | BD2: 2018/05 | BE2: 2018/06 | BF2: 2018/07 | BG2: 2018/08 | BH2: 2018/09 | BI2: 2018/10 | BJ2: 2018/11 | BK2: 2018/12 | BL2: 2019/01 | BM2: 2019/02 | BN2: 2019/03 | BO2: 2019/04 | BP2: 2019/05 | BQ2: 2019/06 | BR2: 2019/07 | BS2: 2019/08 | BT2: 2019/09 | BU2: 2019/10 | BV2: 2019/11 | BW2: 2019/12 | BX2: 2020/01 | BY2: 2020/02 | BZ2: 2020/03 | CA2: 2020/04 | CB2: 2020/05 | CC2: 2020/06 | CD2: 2020/07 | CE2: 2020/08 | CF2: 2020/09 | CG2: 2020/10 | CH2: 2020/11 | CI2: 2020/12 | CJ2: 2021/01 | CK2: 2021/02 | CL2: 2021/03 | CM2: 2021/04 | CN2: 2021/05 | CO2: 2021/06 | CP2: 2021/07 | CQ2: 2021/08 | CR2: 2021/09 | CS2: 2021/10 | CT2: 2021/11 | CU2: 2021/12 | CV2: 2022/01 | CW2: 2022/02 | CX2: 2022/03 | CY2: 2022/04 | CZ2: 2022/05 | DA2: 2022/06 | DB2: 2022/07 | DC2: 2022/08 | DD2: 2022/09 | DE2: 2022/10 | DF2: 2022/11 | DG2: 2022/12 | DH2: 2023/01 | DI2: 2023/02 | DJ2: 2023/03 | DK2: 2023/04 | DL2: 2023/05 | DM2: 2023/06 | DN2: 2023/07 | DO2: 2023/08 | DP2: 2023/09 | DQ2: 2023/10 | DR2: 2023/11 | DS2: 2023/12 | DT2: 2024/01 | DU2: 2024/02 | DV2: 2024/03 | DW2: 2024/04 | DX2: 2024/05 | DY2: 2024/06 | DZ2: 2024/07 | EA2: 2024/08 | EB2: 2024/09 | EC2: 2024/10 | ED2: 2024/11 | EE2: 2024/12 | EF2: 2025/01
B3: bm | C3: 0.073912658 | D3: 0.075634934 | E3: 0.053515486 | F3: 0.061629988 | G3: 0.050796419 | H3: 0.035059132 | I3: 0.090367138 | J3: 0.065266319 | K3: -0.012474539 | L3: 0.07754764 | M3: 0.064441182 | N3: 0.04651219 | O3: 0.067610271 | P3: -0.025644939 | Q3: 0.033374421 | R3: 0.057588164 | S3: -0.03419546 | T3: 0.058177851 | U3: 0.038116455 | V3: -0.0055063977 | W3: 0.058136616 | X3: 0.05687042 | Y3: 0.059794772 | Z3: 0.01319172 | AA3: 0.066306375 | AB3: 0.058820508 | AC3: 0.057617776 | AD3: 0.036969934 | AE3: 0.078433976 | AF3: 0.043248169 | AG3: 0.055671927 | AH3: 0.016907433 | AI3: 0.037138056 | AJ3: 0.039113328 | AK3: 0.042720824 | AL3: 0.027467238 | AM3: 0.053318277 | AN3: 0.1098325 | AO3: 0.019733673 | AP3: 0.036758669 | AQ3: 0.05132718 | AR3: 0.053256318 | AS3: 0.054331318 | AT3: 0.043143794 | AU3: 0.038841631 | AV3: 0.055265516 | AW3: 0.050267205 | AX3: -0.060497068 | AY3: 0.056344893 | AZ3: 0.044756263 | BA3: 0.049546454 | BB3: 0.065231696 | BC3: 0.052208934 | BD3: 0.050287269 | BE3: 0.053227734 | BF3: 0.052831601 | BG3: -0.022505151 | BH3: 0.053355973 | BI3: -0.042333741 | BJ3: -0.041621774 | BK3: 0.0527323 | BL3: 0.052711453 | BM3: 0.05278958 | BN3: 0.057516374 | BO3: -0.042583652 | BP3: 0.039963931 | BQ3: 0.052070383 | BR3: 0.050181154 | BS3: 0.054154158 | BT3: 0.049134161 | BU3: 0.055349864 | BV3: 0.052839477 | BW3: 0.029234827 | BX3: 0.047284011 | BY3: -0.0042058714 | BZ3: 0.053063441 | CA3: 0.039631478 | CB3: 0.046001714 | CC3: 0.051699594 | CD3: 0.052426741 | CE3: 0.047352515 | CF3: 0.021231763 | CG3: 0.045137141 | CH3: -0.049076565 | CI3: 0.020267023 | CJ3: 0.057584956 | CK3: 0.06919612 | CL3: 0.042080969 | CM3: 0.049845971 | CN3: -0.048408799 | CO3: 0.048292059 | CP3: 0.039594132 | CQ3: 0.048842102 | CR3: 0.049500272 | CS3: 0.047897454 | CT3: 0.028369874 | CU3: 0.044375256 | CV3: 0.050530951 | CW3: 0.043176312 | CX3: 0.052143924 | CY3: 0.050900701 | CZ3: 0.042558175 | DA3: 0.044029783 | DB3: -0.04391953 | DC3: 0.051982991 | DD3: -0.0084397029 | DE3: 0.052998926 | DF3: 0.04483768 | DG3: 0.043406125 | DH3: 0.047541145 | DI3: 0.048345033 | DJ3: 0.052155863 | DK3: 0.089188196 | DL3: -0.026696257 | DM3: 0.048457604 | DN3: 0.046465918 | DO3: -0.029918596 | DP3: 0.047435947 | DQ3: 0.038500402 | DR3: 0.049186587 | DS3: 0.047889348 | DT3: 0.031652723 | DU3: 0.061842099 | DV3: 0.046563607 | DW3: 0.03281489 | DX3: 0.048260111 | DY3: -0.056952421 | DZ3: 0.033931814 | EA3: 0.048233494 | EB3: 0.0097889202 | EC3: 0.036156386 | ED3: 0.040190533 | EE3: 0.047531653 | EF3: 0.05033059
B4: size | C4: 0.010975275 | D4: -0.048196077 | E4: 0.082988262 | F4: 0.038252771 | G4: 0.050002195 | H4: 0.013410039 | I4: -0.026064049 | J4: -0.030217964 | K4: -0.033898376 | L4: -0.039842829 | M4: -0.043122668 | N4: 0.04201898 | O4: -0.034795396 | P4: -0.046467673 | Q4: -0.061648782 | R4: -0.034485668 | S4: -0.02517182 | T4: -0.037345178 | U4: 0.083096556 | V4: 0.089860611 | W4: -0.027928695 | X4: 0.082243979 | Y4: -0.07178916 | Z4: -0.030311709 | AA4: 0.036390048 | AB4: 0.038148783 | AC4: -0.024738373 | AD4: -0.09873803 | AE4: -0.044849236 | AF4: -0.044075444 | AG4: -0.029871419 | AH4: 0.016651396 | AI4: 0.027999543 | AJ4: -0.015782923 | AK4: -0.093165159 | AL4: 0.05696046 | AM4: -0.029802304 | AN4: -0.037541721 | AO4: 0.01405663 | AP4: 0.02808417 | AQ4: -0.020956615 | AR4: -0.033249192 | AS4: 0.029234178 | AT4: -0.038568161 | AU4: -0.030528501 | AV4: -0.032747496 | AW4: 0.04592634 | AX4: -0.034888666 | AY4: -0.034154564 | AZ4: 0.025950408 | BA4: -0.031192672 | BB4: -0.087475844 | BC4: 0.035330057 | BD4: -0.031129116 | BE4: -0.054915816 | BF4: -0.031478297 | BG4: -0.040066577 | BH4: 0.030623695 | BI4: -0.031123528 | BJ4: -0.030040134 | BK4: -0.041486956 | BL4: 0.039935578 | BM4: 0.018027246 | BN4: -0.10439561 | BO4: 0.0069876933 | BP4: 0.0046952195 | BQ4: 0.015195244 | BR4: -0.0073001925 | BS4: -0.043473393 | BT4: 0.0499168 | BU4: 0.034368545 | BV4: -0.042206816 | BW4: 0.040576939 | BX4: 0.11351513 | BY4: -0.060964067 | BZ4: 0.0074336347 | CA4: -0.03416634 | CB4: -0.042827509 | CC4: -0.040521652 | CD4: -0.02672508 | CE4: -0.048888609 | CF4: 0.045108072 | CG4: 0.032500137 | CH4: 0.033603519 | CI4: -0.059029229 | CJ4: -0.033231545 | CK4: 0.033614956 | CL4: -0.087717965 | CM4: -0.0078791035 | CN4: -0.031603437 | CO4: -0.024560306 | CP4: -0.024266617 | CQ4: 0.0098067364 | CR4: 0.076525658 | CS4: 0.021581039 | CT4: 0.021532454 | CU4: 0.034501176 | CV4: -0.062654153 | CW4: -0.045586068 | CX4: -0.065642618 | CY4: 0.063649572 | CZ4: -0.078583814 | DA4: -0.028124524 | DB4: -0.058803976 | DC4: -0.03196235 | DD4: -0.038284682 | DE4: 0.048030544 | DF4: -0.029363507 | DG4: 0.060822789 | DH4: -0.028199369 | DI4: -0.029792106 | DJ4: -0.030000817 | DK4: 0.01032027 | DL4: -0.042281743 | DM4: -0.048086602 | DN4: -0.019423993 | DO4: -0.040470425 | DP4: -0.034404326 | DQ4: -0.027822113 | DR4: -0.028454494 | DS4: -0.069464684 | DT4: -0.028235232 | DU4: 0.053089391 | DV4: -0.027063906 | DW4: -0.024401028 | DX4: 0.0027264939 | DY4: 0.043977614 | DZ4: -0.024560714 | EA4: -0.047766272 | EB4: -0.041742835 | EC4: -0.028310522 | ED4: -0.024022842 | EE4: 0.11009948 | EF4: -0.029047638
B5: mom | C5: -0.0024425527 | D5: -0.021626282 | E5: -0.0053863544 | F5: -0.0053014285 | G5: 0.031814873 | H5: 0.057366848 | I5: -0.066244856 | J5: 0.036245558 | K5: -0.0071708038 | L5: -0.0079015763 | M5: 0.0071032248 | N5: -0.037834208 | O5: 0.020873982 | P5: 0.0014444387 | Q5: 0.0030378168 | R5: -0.0044238023 | S5: 0.039379157 | T5: 0.00082508498 | U5: 0.037100088 | V5: 0.018653225 | W5: -0.0064136605 | X5: -0.0036916751 | Y5: -0.03855931 | Z5: -0.0087653529 | AA5: -0.010008228 | AB5: -0.0081863869 | AC5: -0.043017767 | AD5: -0.011843434 | AE5: -0.03274307 | AF5: -0.014333235 | AG5: -0.0060717119 | AH5: 0.0071172384 | AI5: -0.0037492709 | AJ5: -0.003687632 | AK5: -0.0052553779 | AL5: -0.0050698724 | AM5: -0.0065165474 | AN5: -0.0031071184 | AO5: 0.010161978 | AP5: -0.0051280106 | AQ5: -0.014931954 | AR5: -0.040432394 | AS5: 0.044245671 | AT5: -0.016279602 | AU5: -0.011777605 | AV5: 0.03321078 | AW5: -0.011548122 | AX5: 0.011358917 | AY5: -0.0013871735 | AZ5: 0.026015019 | BA5: -0.0002783761 | BB5: -0.0073484578 | BC5: 0.0021762042 | BD5: -0.015472923 | BE5: -0.0065566744 | BF5: 0.00018655456 | BG5: 0.12311092 | BH5: 0.015679149 | BI5: -0.040477633 | BJ5: -0.00022815017 | BK5: -0.0071884273 | BL5: -0.0018430699 | BM5: -0.0039120745 | BN5: -0.00035538641 | BO5: -0.0038149823 | BP5: 0.031992119 | BQ5: 0.00088122237 | BR5: 0.00082531711 | BS5: 0.011597894 | BT5: -0.00018043554 | BU5: -0.0036622095 | BV5: -0.0015918857 | BW5: 0.011063156 | BX5: -0.002237746 | BY5: -0.00268884 | BZ5: 0.019596629 | CA5: -0.017089618 | CB5: -0.017864417 | CC5: -0.06238376 | CD5: -0.0063154018 | CE5: 0.0047826809 | CF5: -0.0044821594 | CG5: 0.012144087 | CH5: 0.05563201 | CI5: -0.0060893372 | CJ5: 0.0041742204 | CK5: -0.053255923 | CL5: -0.0035227751 | CM5: -0.010564735 | CN5: -0.0014071956 | CO5: 0.002154151 | CP5: -0.041955963 | CQ5: -0.0043455614 | CR5: 0.00055619609 | CS5: -0.0046609323 | CT5: -0.00054603722 | CU5: 0.022855889 | CV5: 0.013625186 | CW5: -0.0034695868 | CX5: -0.0019505729 | CY5: -0.0024859204 | CZ5: -0.001005491 | DA5: 0.012646312 | DB5: -0.0031459662 | DC5: -0.0038975955 | DD5: -0.0046709622 | DE5: 0.022379272 | DF5: -0.022962656 | DG5: -0.005475522 | DH5: -0.0043155677 | DI5: -0.016300755 | DJ5: 0.0067051458 | DK5: -0.0082752258 | DL5: 0.030191973 | DM5: -0.00050713518 | DN5: -0.0039516981 | DO5: 0.0029903806 | DP5: -0.0063493387 | DQ5: -0.0040843049 | DR5: -0.022978853 | DS5: 0.0013683438 | DT5: -0.00034443522 | DU5: -0.0067529222 | DV5: -0.012841428 | DW5: -0.0088949446 | DX5: -0.0067950469 | DY5: -0.0029764331 | DZ5: -0.0022764786 | EA5: -0.0032696472 | EB5: -0.0055572023 | EC5: -0.004431623 | ED5: -0.0061979257 | EE5: -0.0062301061 | EF5: -0.0060357368
A6: 選絕對值最大 | C6: {=MATCH(MAX(ABS(C3:C5)), ABS(C3:C5), 0)} -> 1 | D6: {=MATCH(MAX(ABS(D3:D5)), ABS(D3:D5), 0)} -> 1 | E6: {=MATCH(MAX(ABS(E3:E5)), ABS(E3:E5), 0)} -> 2 | F6: {=MATCH(MAX(ABS(F3:F5)), ABS(F3:F5), 0)} -> 1 | G6: {=MATCH(MAX(ABS(G3:G5)), ABS(G3:G5), 0)} -> 1 | H6: {=MATCH(MAX(ABS(H3:H5)), ABS(H3:H5), 0)} -> 3 | I6: {=MATCH(MAX(ABS(I3:I5)), ABS(I3:I5), 0)} -> 1 | J6: {=MATCH(MAX(ABS(J3:J5)), ABS(J3:J5), 0)} -> 1 | ... EF6: {=MATCH(MAX(ABS(EF3:EF5)), ABS(EF3:EF5), 0)} -> 1
C7: =IF(C6=1,"bm",IF(C6=2,"size",IF(C6=3,"mom"))) -> bm | D7: =IF(D6=1,"bm",IF(D6=2,"size",IF(D6=3,"mom"))) -> bm | E7: =IF(E6=1,"bm",IF(E6=2,"size",IF(E6=3,"mom"))) -> size | F7: =IF(F6=1,"bm",IF(F6=2,"size",IF(F6=3,"mom"))) -> bm | G7: =IF(G6=1,"bm",IF(G6=2,"size",IF(G6=3,"mom"))) -> bm | H7: =IF(H6=1,"bm",IF(H6=2,"size",IF(H6=3,"mom"))) -> mom | I7: =IF(I6=1,"bm",IF(I6=2,"size",IF(I6=3,"mom"))) -> bm | J7: =IF(J6=1,"bm",IF(J6=2,"size",IF(J6=3,"mom"))) -> bm | ... EF7: =IF(EF6=1,"bm",IF(EF6=2,"size",IF(EF6=3,"mom"))) -> bm
C8: =IF(C6=1,C3,IF(C6=2,C4,IF(C6=3,C5))) -> 0.073912658 | D8: =IF(D6=1,D3,IF(D6=2,D4,IF(D6=3,D5))) -> 0.075634934 | E8: =IF(E6=1,E3,IF(E6=2,E4,IF(E6=3,E5))) -> 0.082988262 | F8: =IF(F6=1,F3,IF(F6=2,F4,IF(F6=3,F5))) -> 0.061629988 | G8: =IF(G6=1,G3,IF(G6=2,G4,IF(G6=3,G5))) -> 0.050796419 | H8: =IF(H6=1,H3,IF(H6=2,H4,IF(H6=3,H5))) -> 0.057366848 | I8: =IF(I6=1,I3,IF(I6=2,I4,IF(I6=3,I5))) -> 0.090367138 | J8: =IF(J6=1,J3,IF(J6=2,J4,IF(J6=3,J5))) -> 0.065266319 | ... EF8: =IF(EF6=1,EF3,IF(EF6=2,EF4,IF(EF6=3,EF5))) -> 0.05033059
A10: 投資組合 | C10: 公司數 | D10: 964
A11: 等分 | B11: 家數 | C11: 2014/01 | D11: 2014/02 | E11: 2014/03 | F11: 2014/04 | G11: 2014/05 | H11: 2014/06 | I11: 2014/07 | J11: 2014/08 | K11: 2014/09 | L11: 2014/10 | M11: 2014/11 | N11: 2014/12 | O11: 2015/01 | P11: 2015/02 | Q11: 2015/03 | R11: 2015/04 | S11: 2015/05 | T11: 2015/06 | U11: 2015/07 | V11: 2015/08 | W11: 2015/09 | X11: 2015/10 | Y11: 2015/11 | Z11: 2015/12 | AA11: 2016/01 | AB11: 2016/02 | AC11: 2016/03 | AD11: 2016/04 | AE11: 2016/05 | AF11: 2016/06 | AG11: 2016/07 | AH11: 2016/08 | AI11: 2016/09 | AJ11: 2016/10 | AK11: 2016/11 | AL11: 2016/12 | AM11: 2017/01 | AN11: 2017/02 | AO11: 2017/03 | AP11: 2017/04 | AQ11: 2017/05 | AR11: 2017/06 | AS11: 2017/07 | AT11: 2017/08 | AU11: 2017/09 | AV11: 2017/10 | AW11: 2017/11 | AX11: 2017/12 | AY11: 2018/01 | AZ11: 2018/02 | BA11: 2018/03 | BB11: 2018/04 | BC11: 2018/05 | BD11: 2018/06 | BE11: 2018/07 | BF11: 2018/08 | BG11: 2018/09 | BH11: 2018/10 | BI11: 2018/11 | BJ11: 2018/12 | BK11: 2019/01 | BL11: 2019/02 | BM11: 2019/03 | BN11: 2019/04 | BO11: 2019/05 | BP11: 2019/06 | BQ11: 2019/07 | BR11: 2019/08 | BS11: 2019/09 | BT11: 2019/10 | BU11: 2019/11 | BV11: 2019/12 | BW11: 2020/01 | BX11: 2020/02 | BY11: 2020/03 | BZ11: 2020/04 | CA11: 2020/05 | CB11: 2020/06 | CC11: 2020/07 | CD11: 2020/08 | CE11: 2020/09 | CF11: 2020/10 | CG11: 2020/11 | CH11: 2020/12 | CI11: 2021/01 | CJ11: 2021/02 | CK11: 2021/03 | CL11: 2021/04 | CM11: 2021/05 | CN11: 2021/06 | CO11: 2021/07 | CP11: 2021/08 | CQ11: 2021/09 | CR11: 2021/10 | CS11: 2021/11 | CT11: 2021/12 | CU11: 2022/01 | CV11: 2022/02 | CW11: 2022/03 | CX11: 2022/04 | CY11: 2022/05 | CZ11: 2022/06 | DA11: 2022/07 | DB11: 2022/08 | DC11: 2022/09 | DD11: 2022/10 | DE11: 2022/11 | DF11: 2022/12 | DG11: 2023/01 | DH11: 2023/02 | DI11: 2023/03 | DJ11: 2023/04 | DK11: 2023/05 | DL11: 2023/06 | DM11: 2023/07 | DN11: 2023/08 | DO11: 2023/09 | DP11: 2023/10 | DQ11: 2023/11 | DR11: 2023/12 | DS11: 2024/01 | DT11: 2024/02 | DU11: 2024/03 | DV11: 2024/04 | DW11: 2024/05 | DX11: 2024/06 | DY11: 2024/07 | DZ11: 2024/08 | EA11: 2024/09 | EB11: 2024/10 | EC11: 2024/11 | ED11: 2024/12 | EE11: 2025/01 | EF11: 2025/02 | EG11: 平均值 | EH11: 標準差 | EI11: 夏普比率
A12: 10 | B12: 96 | C12: 0.046867683 | D12: 0.020629537 | E12: -0.048026823 | F12: -0.018817716 | G12: 0.0085972029 | H12: 0.0095992584 | I12: 0.038097115 | J12: 0.043784579 | K12: 0.01877438 | L12: -0.0012798005 | M12: -0.015551804 | N12: 0.052394332 | O12: 0.018106785 | P12: -0.00036607013 | Q12: 0.035269885 | R12: 0.012898174 | S12: 0.01105503 | T12: -0.042663291 | U12: 0.016178599 | V12: -0.0062044701 | W12: 0.019277946 | X12: -0.025749625 | Y12: 0.015440368 | Z12: 0.0051659076 | AA12: -0.038366022 | AB12: 0.03460426 | AC12: 0.03723542 | AD12: 0.011230799 | AE12: -0.037521221 | AF12: 0.046181509 | AG12: 0.03061844 | AH12: 0.01309686 | AI12: 0.019004465 | AJ12: 0.0074902167 | AK12: 0.010179284 | AL12: -0.034105621 | AM12: 0.032204354 | AN12: 0.070370866 | AO12: 0.0021386049 | AP12: -0.033728996 | AQ12: -0.0071760162 | AR12: 0.012850813 | AS12: 0.019726131 | AT12: 0.013068927 | AU12: 0.01997465 | AV12: -0.041126071 | AW12: 0.00092954754 | AX12: -0.04302046 | AY12: 0.024483354 | AZ12: -0.0030582149 | BA12: 0.0041573906 | BB12: 0.0057853949 | BC12: 0.012985576 | BD12: 0.011431424 | BE12: -0.045598545 | BF12: 0.068729809 | BG12: -0.046757754 | BH12: 0.011148916 | BI12: -0.051439927 | BJ12: 0.00079599332 | BK12: -0.021696474 | BL12: 0.024709246 | BM12: -0.0019252831 | BN12: -0.019502538 | BO12: -0.02424631 | BP12: -0.010576816 | BQ12: 0.01520658 | BR12: -0.0015066644 | BS12: 0.017696907 | BT12: 0.021288097 | BU12: 0.010209501 | BV12: 0.030223813 | BW12: -0.05548756 | BX12: -0.015984152 | BY12: -0.045815986 | BZ12: 0.045004028 | CA12: -0.030447774 | CB12: 0.0016648876 | CC12: -0.016121181 | CD12: 0.11093363 | CE12: 0.15400701 | CF12: -0.0040778953 | CG12: 0.041309333 | CH12: -0.016463112 | CI12: -0.024341498 | CJ12: 0.01761385 | CK12: 0.011994068 | CL12: 0.03313401 | CM12: -0.014382691 | CN12: 0.025586963 | CO12: -0.026747945 | CP12: 0.001005022 | CQ12: 0.037258661 | CR12: -0.048146625 | CS12: -0.015201648 | CT12: -0.0009616462 | CU12: 0.032036179 | CV12: 0.0043232554 | CW12: 0.029757689 | CX12: 0.046547458 | CY12: -0.046072978 | CZ12: 0.088561726 | DA12: 0.003403208 | DB12: 0.088981816 | DC12: 0.033044377 | DD12: -0.039091997 | DE12: -0.00018474425 | DF12: -0.0068330162 | DG12: 0.046409818 | DH12: -0.0052621438 | DI12: -0.054443173 | DJ12: 0.0080625983 | DK12: -0.015264403 | DL12: 0.0030891115 | DM12: -0.0057147714 | DN12: 0.039228343 | DO12: 0.030556942 | DP12: 0.03258445 | DQ12: -0.023448391 | DR12: 0.018778943 | DS12: 0.069650552 | DT12: -0.044221205 | DU12: 0.013752648 | DV12: 0.052173184 | DW12: 0.039694302 | DX12: -0.049619207 | DY12: -0.017245148 | DZ12: -0.0047575251 | EA12: 0.064003941 | EB12: 0.0057859706 | EC12: 0.02665151 | ED12: -0.056628036 | EE12: 0.026506892 | EF12: 0.039233348 | EG12: =AVERAGE(C12:EF12) -> 0.0076958558 | EH12: =STDEV(C12:EF12) -> 0.034905318 | EI12: =EG12/EH12 -> 0.22047803
A13: 20 | B13: 48 | C13: 0.054209043 | D13: 0.028012091 | E13: -0.069861556 | F13: -0.034922156 | G13: -0.01490798 | H13: 0.017388387 | I13: 0.037315684 | J13: 0.036406901 | K13: -0.0013673068 | L13: -0.03129496 | M13: 0.0077086563 | N13: 0.04397851 | O13: 0.036901341 | P13: 0.016791628 | Q13: 0.073224368 | R13: 0.016841702 | S13: -0.006013803 | T13: -0.050251897 | U13: -0.0015970162 | V13: 0.020094328 | W13: 0.031103088 | X13: -0.053276895 | Y13: 0.013920993 | Z13: 0.020583761 | AA13: -0.031285864 | AB13: 0.04678235 | AC13: 0.021349037 | AD13: 0.02154369 | AE13: -0.046284109 | AF13: 0.051935558 | AG13: 0.031681783 | AH13: 0.011340352 | AI13: 0.01206755 | AJ13: -0.018507844 | AK13: 0.0033184448 | AL13: -0.022550358 | AM13: 0.045764675 | AN13: 0.10533024 | AO13: 0.015714424 | AP13: -0.05953822 | AQ13: -0.0035494868 | AR13: 0.014371063 | AS13: 0.039777953 | AT13: 0.040463088 | AU13: 0.042460982 | AV13: -0.009000778 | AW13: 0.0032682708 | AX13: -0.065349021 | AY13: 0.015767643 | AZ13: -0.0089977639 | BA13: 0.0078944526 | BB13: 0.026046346 | BC13: 0.01302658 | BD13: 0.0056020821 | BE13: -0.046048257 | BF13: 0.083929415 | BG13: -0.088397546 | BH13: 0.0069762719 | BI13: -0.05278812 | BJ13: 0.017654109 | BK13: -0.018391025 | BL13: 0.03696261 | BM13: 0.01505625 | BN13: 0.0041015372 | BO13: -0.031735312 | BP13: 0.0076519468 | BQ13: 0.040819097 | BR13: -0.0070713815 | BS13: 0.0072582425 | BT13: 0.03366777 | BU13: 0.016526995 | BV13: 0.020643875 | BW13: -0.086230155 | BX13: -0.0014774348 | BY13: -0.03082776 | BZ13: 0.076927871 | CA13: -0.033531566 | CB13: -0.0071318694 | CC13: 0.0082248094 | CD13: 0.10549188 | CE13: 0.18382784 | CF13: -0.018228941 | CG13: 0.037015272 | CH13: -0.0040295061 | CI13: -0.0078955344 | CJ13: -0.0038766003 | CK13: 0.032045269 | CL13: 0.044000391 | CM13: -0.010296804 | CN13: 0.026887566 | CO13: -0.013457459 | CP13: -0.020576996 | CQ13: 0.037948965 | CR13: -0.064380649 | CS13: 0.01207816 | CT13: 0.0080707993 | CU13: 0.036006916 | CV13: 0.024318983 | CW13: 0.010456963 | CX13: 0.0049872956 | CY13: -0.064973825 | CZ13: 0.090290205 | DA13: -0.007096531 | DB13: 0.10623532 | DC13: 0.029740185 | DD13: -0.051406654 | DE13: 0.0051676529 | DF13: -0.028518797 | DG13: 0.047729084 | DH13: 0.012992245 | DI13: -0.046561457 | DJ13: 0.00028247997 | DK13: 0.01202679 | DL13: 0.027121939 | DM13: -0.006658869 | DN13: 0.014839798 | DO13: 0.037863465 | DP13: 0.047238153 | DQ13: -0.026430081 | DR13: 0.013771209 | DS13: 0.068596853 | DT13: -0.035426301 | DU13: 0.020848415 | DV13: 0.079620144 | DW13: 0.045686979 | DX13: -0.064641919 | DY13: -0.035306138 | DZ13: -0.011770466 | EA13: 0.076590366 | EB13: 0.00020120622 | EC13: 0.041659753 | ED13: -0.065682094 | EE13: 0.041234384 | EF13: 0.067291157 | EG13: =AVERAGE(C13:EF13) -> 0.0099787229 | EH13: =STDEV(C13:EF13) -> 0.041984818 | EI13: =EG13/EH13 -> 0.23767455
