Workbook

Sheet 預測IC
A1: Predict
B2: Time | C2: 2013/12 | D2: 2014/01 | E2: 2014/02 | F2: 2014/03 | G2: 2014/04 | H2: 2014/05 | I2: 2014/06 | J2: 2014/07 | K2: 2014/08 | L2: 2014/09 | M2: 2014/10 | N2: 2014/11 | O2: 2014/12 | P2: 2015/01 | Q2: 2015/02 | R2: 2015/03 | S2: 2015/04 | T2: 2015/05 | U2: 2015/06 | V2: 2015/07 | W2: 2015/08 | X2: 2015/09 | Y2: 2015/10 | Z2: 2015/11 | AA2: 2015/12 | AB2: 2016/01 | AC2: 2016/02 | AD2: 2016/03 | AE2: 2016/04 | AF2: 2016/05 | AG2: 2016/06 | AH2: 2016/07 | AI2: 2016/08 | AJ2: 2016/09 | AK2: 2016/10 | AL2: 2016/11 | AM2: 2016/12 | AN2: 2017/01 | AO2: 2017/02 | AP2: 2017/03 | AQ2: 2017/04 | AR2: 2017/05 | AS2: 2017/06 | AT2: 2017/07 | AU2: 2017/08 | AV2: 2017/09 | AW2: 2017/10 | AX2: 2017/11 | AY2: 2017/12 | AZ2: 2018/01 | BA2: 2018/02 | BB2: 2018/03 | BC2: 2018/04 | BD2: 2018/05 | BE2: 2018/06 | BF2: 2018/07 | BG2: 2018/08 | BH2: 2018/09 | BI2: 2018/10 | BJ2: 2018/11 | BK2: 2018/12 | BL2: 2019/01 | BM2: 2019/02 | BN2: 2019/03 | BO2: 2019/04 | BP2: 2019/05 | BQ2: 2019/06 | BR2: 2019/07 | BS2: 2019/08 | BT2: 2019/09 | BU2: 2019/10 | BV2: 2019/11 | BW2: 2019/12 | BX2: 2020/01 | BY2: 2020/02 | BZ2: 2020/03 | CA2: 2020/04 | CB2: 2020/05 | CC2: 2020/06 | CD2: 2020/07 | CE2: 2020/08 | CF2: 2020/09 | CG2: 2020/10 | CH2: 2020/11 | CI2: 2020/12 | CJ2: 2021/01 | CK2: 2021/02 | CL2: 2021/03 | CM2: 2021/04 | CN2: 2021/05 | CO2: 2021/06 | CP2: 2021/07 | CQ2: 2021/08 | CR2: 2021/09 | CS2: 2021/10 | CT2: 2021/11 | CU2: 2021/12 | CV2: 2022/01 | CW2: 2022/02 | CX2: 2022/03 | CY2: 2022/04 | CZ2: 2022/05 | DA2: 2022/06 | DB2: 2022/07 | DC2: 2022/08 | DD2: 2022/09 | DE2: 2022/10 | DF2: 2022/11 | DG2: 2022/12 | DH2: 2023/01 | DI2: 2023/02 | DJ2: 2023/03 | DK2: 2023/04 | DL2: 2023/05 | DM2: 2023/06 | DN2: 2023/07 | DO2: 2023/08 | DP2: 2023/09 | DQ2: 2023/10 | DR2: 2023/11 | DS2: 2023/12 | DT2: 2024/01 | DU2: 2024/02 | DV2: 2024/03 | DW2: 2024/04 | DX2: 2024/05 | DY2: 2024/06 | DZ2: 2024/07 | EA2: 2024/08 | EB2: 2024/09 | EC2: 2024/10 | ED2: 2024/11 | EE2: 2024/12 | EF2: 2025/01
B3: mom1 | C3: -0.0050384004 | D3: -0.012982815 | E3: -0.010905372 | F3: -0.0090158785 | G3: -0.0060204379 | H3: -0.018698066 | I3: -0.0049066145 | J3: 0.0012918142 | K3: 0.00059455601 | L3: -0.011971912 | M3: 0.00032288061 | N3: -0.0055110823 | O3: -0.011571469 | P3: -0.0042707395 | Q3: -0.002585418 | R3: -0.0053758063 | S3: -0.0028573336 | T3: -0.0069081392 | U3: -0.017014472 | V3: -0.0068304003 | W3: -0.0075049394 | X3: -0.0055569894 | Y3: -0.003867389 | Z3: -0.017428128 | AA3: -0.021725257 | AB3: -0.014340517 | AC3: -0.010365822 | AD3: -0.0034166214 | AE3: -0.0026355409 | AF3: -0.0071940156 | AG3: -0.0078610431 | AH3: -0.0084817388 | AI3: -0.0041172003 | AJ3: -0.0067360574 | AK3: -0.0016369971 | AL3: 0.00063693085 | AM3: -0.0044438165 | AN3: -0.0067233412 | AO3: 0.0049092075 | AP3: -0.0099909323 | AQ3: -0.014523536 | AR3: -0.0074150467 | AS3: -0.0059951026 | AT3: -0.0098077395 | AU3: -0.017088845 | AV3: -0.003013282 | AW3: 0.00087869254 | AX3: -0.0046179607 | AY3: -0.0033321956 | AZ3: -0.001500955 | BA3: -0.0034575463 | BB3: -0.010498895 | BC3: -0.0051382106 | BD3: -0.021838724 | BE3: -0.0097871538 | BF3: -0.00058077246 | BG3: -0.012396786 | BH3: -0.0074127544 | BI3: -0.0045557318 | BJ3: -0.011958173 | BK3: -0.0018365866 | BL3: -0.018712995 | BM3: -0.0019598092 | BN3: -0.0025534203 | BO3: -0.0049689199 | BP3: -0.01846295 | BQ3: -0.0084846057 | BR3: -0.0036388494 | BS3: -0.0054235401 | BT3: -0.0045689212 | BU3: -0.0077200763 | BV3: -0.007709292 | BW3: -0.0093445853 | BX3: -0.0014007349 | BY3: -0.011918208 | BZ3: -0.0083605041 | CA3: -0.0092630256 | CB3: 0.0081894825 | CC3: -0.0055994646 | CD3: -0.0081125504 | CE3: -0.0032252267 | CF3: -0.0091363272 | CG3: -0.0088645598 | CH3: -0.006788903 | CI3: 0.00027426207 | CJ3: 0.001499354 | CK3: -0.0078035199 | CL3: 0.010773722 | CM3: 0.0021381454 | CN3: 0.0070234475 | CO3: -0.016374706 | CP3: 0.0026612966 | CQ3: -0.0069274973 | CR3: -0.0045786682 | CS3: -0.0022040928 | CT3: -0.0037487094 | CU3: -0.0068773436 | CV3: 0.0009305448 | CW3: -0.01753823 | CX3: 0.00084356201 | CY3: 0.0042074168 | CZ3: -0.011305243 | DA3: -0.003258377 | DB3: 0.0014579092 | DC3: -0.0010265697 | DD3: 0.00071923354 | DE3: -0.031574928 | DF3: -0.02900289 | DG3: 0.00019130541 | DH3: -0.019153641 | DI3: -0.010576016 | DJ3: -0.0072497294 | DK3: -0.012830264 | DL3: -0.0087598248 | DM3: -0.0031057547 | DN3: -0.00077136146 | DO3: -0.00021247696 | DP3: -0.0085086976 | DQ3: -0.0061453363 | DR3: -0.0097976817 | DS3: -0.0010223566 | DT3: -0.00048198579 | DU3: -0.0038046229 | DV3: -0.002438854 | DW3: -0.0015941463 | DX3: 0.00034250873 | DY3: -0.0082488262 | DZ3: -0.0030599626 | EA3: -0.017228669 | EB3: -0.0066960271 | EC3: -0.0052121475 | ED3: -0.013153678 | EE3: -0.015124477 | EF3: -0.022053516
B4: mom12 | C4: 0.0061805661 | D4: 0.014805526 | E4: -0.0063244807 | F4: -0.0079034822 | G4: -0.0033440484 | H4: -0.01101097 | I4: 0.015573878 | J4: 0.007475631 | K4: -0.0044361147 | L4: -0.0085491171 | M4: -0.00098816579 | N4: -0.00098074365 | O4: 0.0087049367 | P4: 0.0051573093 | Q4: 0.022002689 | R4: 0.022104577 | S4: 0.018312178 | T4: 0.01862907 | U4: -0.00036948299 | V4: 0.0068269073 | W4: 0.001793762 | X4: -0.00027396904 | Y4: 0.031389569 | Z4: 0.0013355061 | AA4: -0.013008816 | AB4: 0.011004889 | AC4: 0.0092102957 | AD4: 0.0069286006 | AE4: 0.015564112 | AF4: 7.4439375e-05 | AG4: 0.0096905661 | AH4: -0.0054139333 | AI4: 0.0033298477 | AJ4: -0.003613181 | AK4: 0.013251079 | AL4: 0.0016193999 | AM4: 0.0058764556 | AN4: 0.0071891321 | AO4: 0.0091288765 | AP4: 0.00047242239 | AQ4: 0.001566021 | AR4: 0.0045222049 | AS4: 0.0052112039 | AT4: 0.00018593994 | AU4: 0.0011950427 | AV4: 0.0046712661 | AW4: 0.0096185679 | AX4: 0.0043414187 | AY4: 0.0018494369 | AZ4: -0.0050989745 | BA4: 0.00048981787 | BB4: 0.0019753757 | BC4: -0.0045793677 | BD4: -0.026436807 | BE4: -0.016424344 | BF4: -0.01389668 | BG4: -0.0078428179 | BH4: -0.0040440655 | BI4: 0.0016071736 | BJ4: -0.024063681 | BK4: -0.0028710062 | BL4: -0.016793677 | BM4: -0.0021961696 | BN4: 0.00084385606 | BO4: -0.0039948739 | BP4: -0.015462627 | BQ4: -0.0024957644 | BR4: 0.0028460561 | BS4: 0.0058091239 | BT4: 0.007046457 | BU4: 0.011460644 | BV4: 0.014529665 | BW4: 0.0082729225 | BX4: 0.022582732 | BY4: -0.0068540032 | BZ4: 0.011197619 | CA4: -0.010733091 | CB4: 0.037061121 | CC4: 0.023332729 | CD4: 0.012526107 | CE4: -0.0039841657 | CF4: 0.0063542546 | CG4: -0.012186463 | CH4: 0.0029760767 | CI4: 0.013488546 | CJ4: 0.00038189341 | CK4: -0.016958527 | CL4: 0.025384703 | CM4: 0.0040789221 | CN4: -0.016004466 | CO4: -0.019050699 | CP4: 0.0063498376 | CQ4: 0.0002540617 | CR4: 0.00046990156 | CS4: 0.0066470684 | CT4: 0.013121376 | CU4: 0.011599671 | CV4: 0.0042228287 | CW4: -0.011599476 | CX4: 0.011640357 | CY4: 0.0094536567 | CZ4: -0.0049653412 | DA4: 0.0046027036 | DB4: -0.00022975167 | DC4: 0.013161642 | DD4: 0.011348779 | DE4: -0.054686295 | DF4: -0.018909393 | DG4: 0.030039816 | DH4: -0.0058266256 | DI4: -0.0005554365 | DJ4: -0.00097956152 | DK4: -0.0057354678 | DL4: -0.0020240608 | DM4: 0.0024265753 | DN4: 0.0021730263 | DO4: -0.0046409581 | DP4: -0.0010872902 | DQ4: -0.0016084314 | DR4: 0.0042340538 | DS4: 0.014086972 | DT4: 0.008165563 | DU4: 0.0068406154 | DV4: 0.0042052644 | DW4: -0.001283242 | DX4: 0.0046892574 | DY4: -0.009609026 | DZ4: 0.01040353 | EA4: -0.015616078 | EB4: 0.0011388866 | EC4: 0.002510538 | ED4: -0.0062999148 | EE4: -0.0024910423 | EF4: -0.012933196
B5: chmom | C5: -0.0092720815 | D5: -0.012857776 | E5: 0.0050942505 | F5: 0.0085959127 | G5: 0.0053014997 | H5: 0.013212647 | I5: -0.011811166 | J5: -0.0071707354 | K5: 0.0055505781 | L5: 0.0099144932 | M5: 0.00028331023 | N5: 0.0025800548 | O5: -0.005199555 | P5: -0.0037408543 | Q5: -0.021895417 | R5: -0.013699451 | S5: -0.017717268 | T5: -0.017396199 | U5: 0.004645654 | V5: -0.0041230211 | W5: 0.0038816903 | X5: 0.0039129367 | Y5: -0.022536795 | Z5: 0.0029407776 | AA5: 0.017070736 | AB5: -0.0012415279 | AC5: -0.0014445381 | AD5: -0.0030228228 | AE5: -0.013298396 | AF5: 0.0015695131 | AG5: -0.0097780724 | AH5: 0.0010465507 | AI5: -0.0023524972 | AJ5: 0.004501993 | AK5: -0.012687695 | AL5: -0.0027227414 | AM5: -0.0016490949 | AN5: -0.0055388846 | AO5: -0.0096693138 | AP5: -0.004295599 | AQ5: 0.00017039359 | AR5: 0.00076438682 | AS5: -0.0060805486 | AT5: -0.0036865001 | AU5: 0.0001699917 | AV5: -0.0043742122 | AW5: -0.0092857527 | AX5: -0.0054065033 | AY5: -0.0020943944 | AZ5: 0.0023383323 | BA5: -0.0015167799 | BB5: -0.00023004479 | BC5: 0.0046813222 | BD5: 0.022335957 | BE5: 0.010984796 | BF5: 0.0055338612 | BG5: 0.0011516194 | BH5: 0.00299804 | BI5: -0.0044338713 | BJ5: 0.018809265 | BK5: 0.0029820425 | BL5: 0.018580868 | BM5: 0.0016188369 | BN5: 0.00058849841 | BO5: 0.0039287749 | BP5: 0.016934874 | BQ5: 0.0075863615 | BR5: -0.0044105118 | BS5: -0.0046283234 | BT5: -0.0072159473 | BU5: -0.0073684819 | BV5: -0.011292048 | BW5: -0.0066560423 | BX5: -0.01927005 | BY5: 0.0045417774 | BZ5: -0.010505151 | CA5: 0.012608863 | CB5: -0.029254288 | CC5: -0.017948689 | CD5: -0.0075695618 | CE5: 0.0079314122 | CF5: -0.00087185021 | CG5: 0.015191263 | CH5: -0.001681687 | CI5: -0.011606404 | CJ5: -4.3731839e-05 | CK5: 0.014674614 | CL5: -0.024330074 | CM5: -0.0037776647 | CN5: 0.016484476 | CO5: 0.013684989 | CP5: -0.0069592722 | CQ5: -0.0015559097 | CR5: -0.0028547856 | CS5: -0.0073687036 | CT5: -0.017778716 | CU5: -0.0093386461 | CV5: -0.0045396785 | CW5: 0.0066800236 | CX5: -0.012519719 | CY5: -0.0092358196 | CZ5: 0.00059842179 | DA5: -0.010197637 | DB5: -0.0038441287 | DC5: -0.012867943 | DD5: -0.012443783 | DE5: 0.053282467 | DF5: 0.018817933 | DG5: -0.028429015 | DH5: 0.0046323768 | DI5: -0.0024300533 | DJ5: -0.0053528206 | DK5: 0.0020432779 | DL5: -0.001239401 | DM5: -0.0016056957 | DN5: -0.0055056218 | DO5: 0.0015050842 | DP5: 0.0031050877 | DQ5: 0.002203251 | DR5: 0.00091037635 | DS5: -0.01466474 | DT5: -0.010969192 | DU5: -0.0071460903 | DV5: -0.0028658716 | DW5: -0.003803095 | DX5: -0.0084604131 | DY5: 0.0056870235 | DZ5: -0.0064920241 | EA5: 0.016170038 | EB5: 0.0014241062 | EC5: -0.0027632604 | ED5: 0.010033818 | EE5: 0.0090011883 | EF5: 0.014961207
B6: retvol | C6: 0.0010365618 | D6: 0.0066521114 | E6: 0.0022295662 | F6: -1.766161e-05 | G6: 0.00028454844 | H6: 0.0019423527 | I6: 0.0032592108 | J6: 0.00078453233 | K6: 0.0045600607 | L6: -0.0039836188 | M6: 0.00043402723 | N6: -0.00058648575 | O6: 0.0061698304 | P6: 0.0083190558 | Q6: 0.006495913 | R6: 0.0018916477 | S6: 0.0083987206 | T6: 0.0058604196 | U6: 0.0015436695 | V6: -0.0015226324 | W6: 0.00027496859 | X6: 0.0040303856 | Y6: 0.011164865 | Z6: 0.0064675963 | AA6: -0.0043190572 | AB6: 0.00079480028 | AC6: -0.00081456851 | AD6: 0.0048579145 | AE6: 0.0058616713 | AF6: 0.0010715296 | AG6: 0.0071345781 | AH6: 0.0097866272 | AI6: 0.00509956 | AJ6: 0.0081399378 | AK6: 0.0079203954 | AL6: 0.006731037 | AM6: 0.0090529832 | AN6: 0.0098439336 | AO6: 0.009354239 | AP6: 0.0085892519 | AQ6: 0.0097235851 | AR6: 0.0095244476 | AS6: 0.0084421752 | AT6: 0.0067238907 | AU6: 0.0078326832 | AV6: 0.0056654966 | AW6: 0.0047531801 | AX6: 0.0038423735 | AY6: 0.0045003795 | AZ6: 0.0017770792 | BA6: 0.0044863922 | BB6: 0.0011496488 | BC6: 0.0039048943 | BD6: 0.0068554624 | BE6: 0.0088164305 | BF6: 0.0068215814 | BG6: 0.012520618 | BH6: 0.0080111027 | BI6: 0.0038977058 | BJ6: -0.0042745456 | BK6: 0.0082787122 | BL6: 0.0065072109 | BM6: -0.00031160342 | BN6: 0.0055799499 | BO6: 0.0045815764 | BP6: 0.001757179 | BQ6: 8.198685e-05 | BR6: 0.0058708017 | BS6: 0.0048898674 | BT6: 0.0052920629 | BU6: 0.0031676735 | BV6: 0.0014151762 | BW6: 0.0085040122 | BX6: 0.0089930533 | BY6: 0.0074186137 | BZ6: 0.0072171163 | CA6: 0.0043109654 | CB6: 0.013180116 | CC6: 0.0013635522 | CD6: -0.00048130176 | CE6: 0.0025209061 | CF6: 0.00092521909 | CG6: -0.0029930359 | CH6: 0.0014875187 | CI6: 0.0078156711 | CJ6: 0.0030248279 | CK6: 0.0026380929 | CL6: 0.0088059021 | CM6: 0.0026546804 | CN6: 0.0037484542 | CO6: 0.0036902186 | CP6: 0.0078041532 | CQ6: 0.0042136154 | CR6: 0.011490456 | CS6: 0.010644578 | CT6: 0.0031507449 | CU6: 0.0093705775 | CV6: 0.0087096009 | CW6: 0.0040818424 | CX6: 0.010508158 | CY6: 0.005777574 | CZ6: 0.0039967116 | DA6: 0.0033021662 | DB6: 0.010614536 | DC6: 0.0036073663 | DD6: 0.0079975775 | DE6: 0.01171888 | DF6: 0.0024863686 | DG6: 0.0052027154 | DH6: -0.00066622599 | DI6: 0.0042183204 | DJ6: 0.0015814907 | DK6: 0.005021169 | DL6: 0.0055874446 | DM6: 0.0083006791 | DN6: 0.009176946 | DO6: 0.0051272033 | DP6: 0.0053531413 | DQ6: 0.0053520426 | DR6: 0.0013938841 | DS6: 0.0085571905 | DT6: 0.0062805059 | DU6: 0.0043852674 | DV6: 0.001145335 | DW6: 0.0024908845 | DX6: 0.0057377093 | DY6: 0.003624569 | DZ6: 0.0084137107 | EA6: 0.0030418122 | EB6: 0.0058129608 | EC6: 0.0049535677 | ED6: 0.0051790384 | EE6: 0.0048989888 | EF6: 0.0040007039
B7: maxret | C7: 0.0014917848 | D7: 0.0079996726 | E7: 0.0031564047 | F7: 0.00013534023 | G7: 0.0015726956 | H7: 0.0027273104 | I7: 0.0032216566 | J7: 0.00096610315 | K7: 0.0058362784 | L7: -0.0016236712 | M7: 0.0007499539 | N7: 0.0031234252 | O7: 0.0078117801 | P7: 0.0092209321 | Q7: 0.0073350456 | R7: 0.0021512666 | S7: 0.0083843131 | T7: 0.0061020087 | U7: 0.0014106756 | V7: 0.002121932 | W7: 0.0034750936 | X7: 0.0075520234 | Y7: 0.017980268 | Z7: 0.006617734 | AA7: -0.0012658169 | AB7: 0.0057039934 | AC7: 0.0024839612 | AD7: 0.0063527978 | AE7: 0.0075925081 | AF7: 0.0012535418 | AG7: 0.0083354666 | AH7: 0.012147769 | AI7: 0.005271774 | AJ7: 0.0078663083 | AK7: 0.0082739699 | AL7: 0.0068478737 | AM7: 0.0094179226 | AN7: 0.0096283692 | AO7: 0.0098073359 | AP7: 0.0091857468 | AQ7: 0.010895578 | AR7: 0.010779411 | AS7: 0.0080887485 | AT7: 0.0051173109 | AU7: 0.0072203256 | AV7: 0.0068563013 | AW7: 0.0043445866 | AX7: 0.0041279269 | AY7: 0.0033536434 | AZ7: -0.00014037916 | BA7: 0.0037561688 | BB7: 0.001236216 | BC7: 0.0014850211 | BD7: 0.0058227717 | BE7: 0.0097621619 | BF7: 0.0089479636 | BG7: 0.012626909 | BH7: 0.0095790369 | BI7: 0.0052433517 | BJ7: 0.0031748873 | BK7: 0.011618256 | BL7: 0.0070376649 | BM7: 0.0027773971 | BN7: 0.0085288626 | BO7: 0.006811223 | BP7: 0.0016943462 | BQ7: 0.003179325 | BR7: 0.0043176395 | BS7: 0.0052824075 | BT7: 0.0073995529 | BU7: 0.0037632426 | BV7: 0.0015867019 | BW7: 0.0090971268 | BX7: 0.008666527 | BY7: 0.0085413875 | BZ7: 0.0086097645 | CA7: 0.011139788 | CB7: 0.014182078 | CC7: 0.0041010817 | CD7: 0.0016684855 | CE7: 0.0051884226 | CF7: 0.0040941868 | CG7: -0.0017765709 | CH7: 0.0016839595 | CI7: 0.0075110402 | CJ7: 0.0030715062 | CK7: 0.0030286212 | CL7: 0.010344176 | CM7: 0.0034492366 | CN7: 0.0053918087 | CO7: 0.0050706762 | CP7: 0.01060964 | CQ7: 0.0057362488 | CR7: 0.013543009 | CS7: 0.013073755 | CT7: 0.0080472446 | CU7: 0.012295213 | CV7: 0.010097023 | CW7: 0.0070038168 | CX7: 0.011636791 | CY7: 0.0062330931 | CZ7: 0.0075709007 | DA7: 0.0047241204 | DB7: 0.012633782 | DC7: 0.0086851465 | DD7: 0.0083434573 | DE7: 0.0084945844 | DF7: 0.0056886802 | DG7: 0.010435339 | DH7: 0.0014525847 | DI7: 0.0061377884 | DJ7: 0.0043229992 | DK7: 0.0056573884 | DL7: 0.004528392 | DM7: 0.0092757333 | DN7: 0.0096440967 | DO7: 0.0063500484 | DP7: 0.006097005 | DQ7: 0.0063088391 | DR7: 0.0031697806 | DS7: 0.0086103497 | DT7: 0.0085566527 | DU7: 0.0054762658 | DV7: 0.002574895 | DW7: 0.0035685977 | DX7: 0.007235424 | DY7: 0.0054886722 | DZ7: 0.010003494 | EA7: 0.003241694 | EB7: 0.0076048842 | EC7: 0.0064774156 | ED7: 0.0060798379 | EE7: 0.0079050012 | EF7: 0.0080139301
A8: 選絕對值最大 | C8: {=MATCH(MAX(ABS(C3:C7)), ABS(C3:C7), 0)} -> 3 | D8: {=MATCH(MAX(ABS(D3:D7)), ABS(D3:D7), 0)} -> 2 | E8: {=MATCH(MAX(ABS(E3:E7)), ABS(E3:E7), 0)} -> 1 | F8: {=MATCH(MAX(ABS(F3:F7)), ABS(F3:F7), 0)} -> 1 | G8: {=MATCH(MAX(ABS(G3:G7)), ABS(G3:G7), 0)} -> 1 | H8: {=MATCH(MAX(ABS(H3:H7)), ABS(H3:H7), 0)} -> 1 | I8: {=MATCH(MAX(ABS(I3:I7)), ABS(I3:I7), 0)} -> 2 | J8: {=MATCH(MAX(ABS(J3:J7)), ABS(J3:J7), 0)} -> 2 | ... EF8: {=MATCH(MAX(ABS(EF3:EF7)), ABS(EF3:EF7), 0)} -> 1
C9: =IF(C8=1,"mom1", IF(C8=2,"mom12", IF(C8=3,"chmom", IF(C8=4,"retvol", IF(C8=5,"maxret",""))))) -> chmom | D9: =IF(D8=1,"mom1", IF(D8=2,"mom12", IF(D8=3,"chmom", IF(D8=4,"retvol", IF(D8=5,"maxret",""))))) -> mom12 | E9: =IF(E8=1,"mom1", IF(E8=2,"mom12", IF(E8=3,"chmom", IF(E8=4,"retvol", IF(E8=5,"maxret",""))))) -> mom1 | F9: =IF(F8=1,"mom1", IF(F8=2,"mom12", IF(F8=3,"chmom", IF(F8=4,"retvol", IF(F8=5,"maxret",""))))) -> mom1 | G9: =IF(G8=1,"mom1", IF(G8=2,"mom12", IF(G8=3,"chmom", IF(G8=4,"retvol", IF(G8=5,"maxret",""))))) -> mom1 | H9: =IF(H8=1,"mom1", IF(H8=2,"mom12", IF(H8=3,"chmom", IF(H8=4,"retvol", IF(H8=5,"maxret",""))))) -> mom1 | I9: =IF(I8=1,"mom1", IF(I8=2,"mom12", IF(I8=3,"chmom", IF(I8=4,"retvol", IF(I8=5,"maxret",""))))) -> mom12 | J9: =IF(J8=1,"mom1", IF(J8=2,"mom12", IF(J8=3,"chmom", IF(J8=4,"retvol", IF(J8=5,"maxret",""))))) -> mom12 | ... EF9: =IF(EF8=1,"mom1", IF(EF8=2,"mom12", IF(EF8=3,"chmom", IF(EF8=4,"retvol", IF(EF8=5,"maxret",""))))) -> mom1
C10: =IF(C8=1,C3,IF(C8=2,C4,IF(C8=3,C5,IF(C8=4,C6,IF(C8=5,C7))))) -> -0.0092720815 | D10: =IF(D8=1,D3,IF(D8=2,D4,IF(D8=3,D5,IF(D8=4,D6,IF(D8=5,D7))))) -> 0.014805526 | E10: =IF(E8=1,E3,IF(E8=2,E4,IF(E8=3,E5,IF(E8=4,E6,IF(E8=5,E7))))) -> -0.010905372 | F10: =IF(F8=1,F3,IF(F8=2,F4,IF(F8=3,F5,IF(F8=4,F6,IF(F8=5,F7))))) -> -0.0090158785 | G10: =IF(G8=1,G3,IF(G8=2,G4,IF(G8=3,G5,IF(G8=4,G6,IF(G8=5,G7))))) -> -0.0060204379 | H10: =IF(H8=1,H3,IF(H8=2,H4,IF(H8=3,H5,IF(H8=4,H6,IF(H8=5,H7))))) -> -0.018698066 | I10: =IF(I8=1,I3,IF(I8=2,I4,IF(I8=3,I5,IF(I8=4,I6,IF(I8=5,I7))))) -> 0.015573878 | J10: =IF(J8=1,J3,IF(J8=2,J4,IF(J8=3,J5,IF(J8=4,J6,IF(J8=5,J7))))) -> 0.007475631 | ... EF10: =IF(EF8=1,EF3,IF(EF8=2,EF4,IF(EF8=3,EF5,IF(EF8=4,EF6,IF(EF8=5,EF7))))) -> -0.022053516
A12: 投資組合 | C12: 公司數 | D12: 964
A13: 等分 | B13: 家數 | C13: 2014/01 | D13: 2014/02 | E13: 2014/03 | F13: 2014/04 | G13: 2014/05 | H13: 2014/06 | I13: 2014/07 | J13: 2014/08 | K13: 2014/09 | L13: 2014/10 | M13: 2014/11 | N13: 2014/12 | O13: 2015/01 | P13: 2015/02 | Q13: 2015/03 | R13: 2015/04 | S13: 2015/05 | T13: 2015/06 | U13: 2015/07 | V13: 2015/08 | W13: 2015/09 | X13: 2015/10 | Y13: 2015/11 | Z13: 2015/12 | AA13: 2016/01 | AB13: 2016/02 | AC13: 2016/03 | AD13: 2016/04 | AE13: 2016/05 | AF13: 2016/06 | AG13: 2016/07 | AH13: 2016/08 | AI13: 2016/09 | AJ13: 2016/10 | AK13: 2016/11 | AL13: 2016/12 | AM13: 2017/01 | AN13: 2017/02 | AO13: 2017/03 | AP13: 2017/04 | AQ13: 2017/05 | AR13: 2017/06 | AS13: 2017/07 | AT13: 2017/08 | AU13: 2017/09 | AV13: 2017/10 | AW13: 2017/11 | AX13: 2017/12 | AY13: 2018/01 | AZ13: 2018/02 | BA13: 2018/03 | BB13: 2018/04 | BC13: 2018/05 | BD13: 2018/06 | BE13: 2018/07 | BF13: 2018/08 | BG13: 2018/09 | BH13: 2018/10 | BI13: 2018/11 | BJ13: 2018/12 | BK13: 2019/01 | BL13: 2019/02 | BM13: 2019/03 | BN13: 2019/04 | BO13: 2019/05 | BP13: 2019/06 | BQ13: 2019/07 | BR13: 2019/08 | BS13: 2019/09 | BT13: 2019/10 | BU13: 2019/11 | BV13: 2019/12 | BW13: 2020/01 | BX13: 2020/02 | BY13: 2020/03 | BZ13: 2020/04 | CA13: 2020/05 | CB13: 2020/06 | CC13: 2020/07 | CD13: 2020/08 | CE13: 2020/09 | CF13: 2020/10 | CG13: 2020/11 | CH13: 2020/12 | CI13: 2021/01 | CJ13: 2021/02 | CK13: 2021/03 | CL13: 2021/04 | CM13: 2021/05 | CN13: 2021/06 | CO13: 2021/07 | CP13: 2021/08 | CQ13: 2021/09 | CR13: 2021/10 | CS13: 2021/11 | CT13: 2021/12 | CU13: 2022/01 | CV13: 2022/02 | CW13: 2022/03 | CX13: 2022/04 | CY13: 2022/05 | CZ13: 2022/06 | DA13: 2022/07 | DB13: 2022/08 | DC13: 2022/09 | DD13: 2022/10 | DE13: 2022/11 | DF13: 2022/12 | DG13: 2023/01 | DH13: 2023/02 | DI13: 2023/03 | DJ13: 2023/04 | DK13: 2023/05 | DL13: 2023/06 | DM13: 2023/07 | DN13: 2023/08 | DO13: 2023/09 | DP13: 2023/10 | DQ13: 2023/11 | DR13: 2023/12 | DS13: 2024/01 | DT13: 2024/02 | DU13: 2024/03 | DV13: 2024/04 | DW13: 2024/05 | DX13: 2024/06 | DY13: 2024/07 | DZ13: 2024/08 | EA13: 2024/09 | EB13: 2024/10 | EC13: 2024/11 | ED13: 2024/12 | EE13: 2025/01 | EF13: 2025/02
A14: 10 | B14: 96 | C14: 0.13959368 | D14: 0.026098817 | E14: -0.004682604 | F14: -0.016570813 | G14: -0.017761266 | H14: -0.0078258652 | I14: 0.0034609078 | J14: -0.017798511 | K14: -0.0053688851 | L14: 0.0057413588 | M14: -0.01687893 | N14: 0.010384013 | O14: -0.027424116 | P14: 0.00141333 | Q14: -0.016572394 | R14: -0.018447579 | S14: 0.0029430443 | T14: -0.009310974 | U14: -0.0061156809 | V14: 0.033269366 | W14: -0.012341719 | X14: 0.087826066 | Y14: -0.056736625 | Z14: 0.010480665 | AA14: -0.0031362814 | AB14: 0.0080840819 | AC14: 0.027969384 | AD14: 0.0029859741 | AE14: -0.0041283578 | AF14: -0.003153398 | AG14: 0.015229287 | AH14: 0.021279319 | AI14: 0.0027318791 | AJ14: -0.024638124 | AK14: -0.018118877 | AL14: 0.00071975508 | AM14: -0.020908201 | AN14: 0.0073231475 | AO14: 0.017796887 | AP14: 0.034346722 | AQ14: 0.020159407 | AR14: 0.0051068641 | AS14: 0.017430919 | AT14: -0.0095214669 | AU14: 0.0096074037 | AV14: 0.0071497717 | AW14: 0.0061192954 | AX14: -0.022664982 | AY14: -0.0055687313 | AZ14: 0.0045973301 | BA14: 0.020644357 | BB14: -0.015739585 | BC14: 0.0047345581 | BD14: 0.0076378022 | BE14: -0.023567956 | BF14: 0.015353575 | BG14: 0.03123484 | BH14: -0.0084160204 | BI14: -0.0025011977 | BJ14: -0.0039331759 | BK14: 0.0032904308 | BL14: 0.03901401 | BM14: -0.009162805 | BN14: -0.008666769 | BO14: 0.012992698 | BP14: -0.015333989 | BQ14: -0.021410231 | BR14: 0.0074126194 | BS14: -0.0073076176 | BT14: 0.037841747 | BU14: 0.017198247 | BV14: 0.0037095413 | BW14: 0.028263101 | BX14: -0.0018323531 | BY14: 0.033486521 | BZ14: -0.067028525 | CA14: -0.0042270658 | CB14: 0.0021023168 | CC14: -0.013439846 | CD14: -0.042422145 | CE14: 0.026709101 | CF14: 0.029829598 | CG14: -0.009209765 | CH14: 0.054791114 | CI14: 0.0020868137 | CJ14: -0.026798593 | CK14: -0.039709268 | CL14: 0.085244194 | CM14: -0.016897212 | CN14: 0.033291273 | CO14: -0.058377196 | CP14: -0.02164836 | CQ14: -0.0093651541 | CR14: -0.0097928265 | CS14: -0.00078060548 | CT14: 0.023051297 | CU14: -0.036255162 | CV14: 0.025009646 | CW14: -0.0018550173 | CX14: -0.028180483 | CY14: 0.0016379687 | CZ14: 0.0029579296 | DA14: 0.062230098 | DB14: 0.014355773 | DC14: -0.076009512 | DD14: 0.012365868 | DE14: 0.05816202 | DF14: -0.0050099305 | DG14: 0.041851058 | DH14: 0.007845591 | DI14: 0.025231196 | DJ14: 0.033167075 | DK14: 0.018501176 | DL14: 0.018524944 | DM14: 0.041918025 | DN14: -0.030670509 | DO14: -0.003087572 | DP14: 0.012312411 | DQ14: -0.0048160804 | DR14: 0.013994229 | DS14: 0.0070283946 | DT14: 0.027106032 | DU14: 0.00017568042 | DV14: -0.025975194 | DW14: -0.037634466 | DX14: -0.0072867652 | DY14: 0.012691587 | DZ14: 0.023887646 | EA14: -0.057983778 | EB14: 0.0076601151 | EC14: -0.01770688 | ED14: -0.0047781685 | EE14: -0.015718952 | EF14: 0.042279365
A15: 20 | B15: 48 | C15: 0.19687693 | D15: 0.072917495 | E15: -0.013256517 | F15: 0.024097566 | G15: 0.0071533853 | H15: -0.0092787547 | I15: 0.018591155 | J15: -0.010730761 | K15: -0.039153014 | L15: 0.021170672 | M15: 0.001837565 | N15: -0.01233864 | O15: -0.039621483 | P15: -0.0054472915 | Q15: 0.0060860176 | R15: -0.02641954 | S15: -0.0069610133 | T15: -0.0079036622 | U15: -0.052495007 | V15: 0.040941342 | W15: 0.01120428 | X15: 0.096634324 | Y15: -0.043586753 | Z15: 0.023007701 | AA15: -0.022660493 | AB15: 0.010205391 | AC15: 0.020173681 | AD15: 0.024754826 | AE15: -0.018527981 | AF15: 0.017851011 | AG15: 0.01051079 | AH15: 0.031655609 | AI15: -0.004911231 | AJ15: -0.038529814 | AK15: -0.038225303 | AL15: -0.0056756043 | AM15: -0.013045211 | AN15: 0.01729481 | AO15: 0.038352096 | AP15: 0.054980678 | AQ15: 0.014200007 | AR15: 0.0059358125 | AS15: 0.032345053 | AT15: -0.0088300514 | AU15: 0.036281159 | AV15: 0.017008996 | AW15: -0.044457968 | AX15: -0.02469664 | AY15: -0.0044384569 | AZ15: 0.012814034 | BA15: 0.044154468 | BB15: -0.033427568 | BC15: -0.0036834097 | BD15: 0.020199466 | BE15: -0.035566667 | BF15: -0.0091838677 | BG15: 0.034769413 | BH15: -0.0098314145 | BI15: 0.036112133 | BJ15: -0.0017650476 | BK15: -0.0018256098 | BL15: 0.031121253 | BM15: -0.013740018 | BN15: -3.5930283e-05 | BO15: 0.025323941 | BP15: -0.035219689 | BQ15: -0.027625878 | BR15: -0.014855447 | BS15: -0.026762171 | BT15: 0.050933593 | BU15: -0.018285143 | BV15: 0.025376374 | BW15: 0.041905111 | BX15: -0.0084628127 | BY15: -0.019711204 | BZ15: -0.10460996 | CA15: -0.031932391 | CB15: 0.015086941 | CC15: -0.031759322 | CD15: -0.022044056 | CE15: 0.052478166 | CF15: 0.03182044 | CG15: -0.015379607 | CH15: 0.054934197 | CI15: -0.024458243 | CJ15: -0.0061914665 | CK15: -0.043815577 | CL15: 0.065087735 | CM15: -0.025640227 | CN15: 0.017339311 | CO15: -0.095041996 | CP15: 0.013045571 | CQ15: 0.0080020647 | CR15: -0.0098590499 | CS15: -0.0098019764 | CT15: 0.02999914 | CU15: -0.039338968 | CV15: 0.044401332 | CW15: -0.011683465 | CX15: -0.014373145 | CY15: -0.011132626 | CZ15: 0.00060390683 | DA15: 0.06965848 | DB15: 0.0076960615 | DC15: -0.082259931 | DD15: 0.044784809 | DE15: 0.073137257 | DF15: 0.0098069514 | DG15: 0.042540216 | DH15: 0.024831768 | DI15: 0.016559425 | DJ15: 0.020106354 | DK15: 0.015534011 | DL15: 0.033410437 | DM15: 0.045191627 | DN15: -0.028216504 | DO15: 0.0026354625 | DP15: 0.018938737 | DQ15: 0.0002104151 | DR15: 0.048104269 | DS15: 0.020006542 | DT15: 0.017377188 | DU15: -0.01169759 | DV15: -0.031639436 | DW15: -0.043314802 | DX15: -0.017494836 | DY15: 0.031754181 | DZ15: 0.028472537 | EA15: -0.04650276 | EB15: 0.035157587 | EC15: -0.033585504 | ED15: -0.046444204 | EE15: -0.011995968 | EF15: 0.046200236
A16: 50 | B16: 19 | C16: 0.3630823 | D16: 0.062201179 | E16: -0.013724385 | F16: 0.03150917 | G16: 0.020441556 | H16: 0.013522263 | I16: -0.019791156 | J16: -0.08572329 | K16: -0.041764661 | L16: 0.015876742 | M16: -0.0085675801 | N16: -0.039315753 | O16: -0.043447211 | P16: -0.0013296587 | Q16: 0.023650108 | R16: -0.052772249 | S16: -0.025081241 | T16: -0.047365598 | U16: -0.064384322 | V16: 0.083822571 | W16: 0.028316519 | X16: 0.12779865 | Y16: -0.06809406 | Z16: 0.057637898 | AA16: -0.060309841 | AB16: -0.022355649 | AC16: 0.054444415 | AD16: 0.057438047 | AE16: -0.007258045 | AF16: 0.081801274 | AG16: 0.014926616 | AH16: 0.053626233 | AI16: 0.035066941 | AJ16: -0.051816742 | AK16: -0.0041525248 | AL16: -0.046535755 | AM16: -0.0094781193 | AN16: 0.055765618 | AO16: 0.094186589 | AP16: 0.099920696 | AQ16: -0.050805168 | AR16: 0.0012297852 | AS16: 0.02703621 | AT16: 0.048790115 | AU16: 0.067695632 | AV16: 0.013733898 | AW16: -0.011039673 | AX16: -0.050981307 | AY16: 0.0026631768 | AZ16: 0.027737745 | BA16: 0.045884348 | BB16: -0.075778122 | BC16: -0.010768669 | BD16: 0.012773755 | BE16: -0.024146216 | BF16: -0.018930015 | BG16: 0.11372091 | BH16: 0.079477942 | BI16: -0.032589581 | BJ16: 0.027633016 | BK16: -0.00069484528 | BL16: 0.056804529 | BM16: -0.027617856 | BN16: -0.0030461513 | BO16: 0.027639854 | BP16: -0.03021081 | BQ16: -0.00050559146 | BR16: -0.05819949 | BS16: -0.0055107336 | BT16: 0.017843106 | BU16: -0.067283367 | BV16: 0.049970336 | BW16: 0.070527627 | BX16: 0.0057285339 | BY16: -0.015902053 | BZ16: -0.1563386 | CA16: -0.020989044 | CB16: 0.10418672 | CC16: -0.018939469 | CD16: -0.016308735 | CE16: -0.010593728 | CF16: 0.050093062 | CG16: 0.019273753 | CH16: 0.072727223 | CI16: -0.0041301239 | CJ16: -0.057972359 | CK16: -0.028418168 | CL16: 0.010754037 | CM16: -0.0091045093 | CN16: 0.051951452 | CO16: -0.25772069 | CP16: 0.063466726 | CQ16: 0.075875372 | CR16: 0.036317552 | CS16: 0.011683432 | CT16: 0.020884058 | CU16: -0.052882079 | CV16: 0.078280245 | CW16: -0.042458824 | CX16: -0.016928207 | CY16: -0.0033918997 | CZ16: 0.011173626 | DA16: 0.089709911 | DB16: -0.032418327 | DC16: -0.073101271 | DD16: 0.031441519 | DE16: 0.041191264 | DF16: -0.0059121179 | DG16: 0.043652212 | DH16: -0.0097363273 | DI16: -0.026822377 | DJ16: 0.024056978 | DK16: -0.023871846 | DL16: 0.075602361 | DM16: 0.065888566 | DN16: 0.022779566 | DO16: 0.02515654 | DP16: 0.10270409 | DQ16: -0.0053317922 | DR16: 0.013077887 | DS16: 0.047859331 | DT16: 0.0052444824 | DU16: -0.0060000535 | DV16: -0.0089001163 | DW16: -0.045234729 | DX16: -0.065065009 | DY16: 0.051806172 | DZ16: 0.019932609 | EA16: -0.020036386 | EB16: 0.036505306 | EC16: -0.012758695 | ED16: -0.10727841 | EE16: 0.020466068 | EF16: 0.055540104
A17: 100 | B17: 10 | C17: 0.50963263 | D17: 0.086134769 | E17: 0.11635929 | F17: 0.12388834 | G17: -0.041898537 | H17: 0.01672266 | I17: 0.0019031211 | J17: -0.10827989 | K17: 0.01358015 | L17: -0.030743089 | M17: -0.0019381987 | N17: 0.03883544 | O17: -0.10936427 | P17: -0.0035283862 | Q17: 0.11092724 | R17: -0.02463546 | S17: -0.038573824 | T17: -0.1191957 | U17: -0.074637877 | V17: 0.072037822 | W17: 0.031653054 | X17: 0.15961963 | Y17: -0.036213758 | Z17: 0.075771436 | AA17: -0.049234814 | AB17: -0.081263034 | AC17: -0.0078230351 | AD17: 0.1076413 | AE17: 0.06909869 | AF17: 0.1643056 | AG17: 0.030476061 | AH17: 0.091088555 | AI17: 0.059059741 | AJ17: -0.075443777 | AK17: -0.057078796 | AL17: -0.030628477 | AM17: 0.016695893 | AN17: 0.10952938 | AO17: 0.031342987 | AP17: 0.1595168 | AQ17: 0.019790077 | AR17: -0.012316999 | AS17: 0.033533257 | AT17: 0.061883131 | AU17: 0.12192409 | AV17: 0.062329574 | AW17: -0.066359577 | AX17: -0.12360124 | AY17: -0.063062893 | AZ17: 0.0038641921 | BA17: 0.058925129 | BB17: -0.064575668 | BC17: -0.059050625 | BD17: 0.0049337599 | BE17: -0.051355329 | BF17: -0.065913548 | BG17: 0.20748183 | BH17: 0.10304016 | BI17: -0.084653603 | BJ17: 0.094970026 | BK17: -0.080679031 | BL17: 0.070933493 | BM17: -0.047822373 | BN17: -0.011634892 | BO17: 0.044885188 | BP17: -0.074309656 | BQ17: -0.01393508 | BR17: -0.084186912 | BS17: -0.025477996 | BT17: 0.036163396 | BU17: -0.11559593 | BV17: 0.11357477 | BW17: 0.006529971 | BX17: -0.033894651 | BY17: -0.011734522 | BZ17: -0.2113028 | CA17: 0.010766367 | CB17: 0.16978791 | CC17: -0.076848068 | CD17: 0.010926921 | CE17: 0.026910355 | CF17: 0.058110394 | CG17: -0.034672546 | CH17: -0.015482572 | CI17: -0.061386931 | CJ17: -0.0045160924 | CK17: -0.054737817 | CL17: -0.0042775615 | CM17: 0.014141936 | CN17: 0.13090359 | CO17: -0.25772294 | CP17: -0.009237891 | CQ17: 0.14317007 | CR17: 0.014355621 | CS17: -0.013686282 | CT17: 0.012291504 | CU17: -0.0073128662 | CV17: 0.071491322 | CW17: -0.087529691 | CX17: -0.028312886 | CY17: -0.096508703 | CZ17: 0.102522 | DA17: 0.053909116 | DB17: -0.053103264 | DC17: -0.021095691 | DD17: 0.011045424 | DE17: 0.0056922538 | DF17: 0.0047468407 | DG17: 0.019375269 | DH17: 0.00061046924 | DI17: -0.070920161 | DJ17: 0.022842503 | DK17: -0.069562202 | DL17: 0.094187497 | DM17: 0.030368331 | DN17: 0.0085354151 | DO17: 0.049867111 | DP17: 0.14910843 | DQ17: -0.023520681 | DR17: 0.013175726 | DS17: 0.015657575 | DT17: -0.06450564 | DU17: -0.010863689 | DV17: 0.030822068 | DW17: -0.072424394 | DX17: -0.028167188 | DY17: -0.0044816442 | DZ17: 0.015832415 | EA17: 0.013743109 | EB17: 0.06235544 | EC17: 0.061254631 | ED17: -0.012052379 | EE17: 0.05271458 | EF17: 0.053122746
A18: 107 | B18: 9 | C18: 0.51201375 | D18: 0.098100164 | E18: 0.10490872 | F18: 0.083179582 | G18: -0.080315667 | H18: 0.040809523 | I18: -0.014943267 | J18: -0.13392275 | K18: 0.051003248 | L18: -0.04641424 | M18: 0.031926633 | N18: 0.06038545 | O18: -0.11186302 | P18: -0.0021373521 | Q18: 0.11984252 | R18: -0.022870169 | S18: -0.041951786 | T18: -0.098217945 | U18: -0.082250982 | V18: 0.060606656 | W18: 0.020143564 | X18: 0.15778417 | Y18: -0.039654899 | Z18: 0.075980169 | AA18: -0.044378814 | AB18: -0.063508543 | AC18: 0.0037460612 | AD18: 0.15515337 | AE18: 0.078294658 | AF18: 0.17479102 | AG18: 0.046222111 | AH18: 0.07920083 | AI18: 0.012752398 | AJ18: -0.080168785 | AK18: -0.057142953 | AL18: -0.037035213 | AM18: 0.013086357 | AN18: 0.13054666 | AO18: 0.029132007 | AP18: 0.18046781 | AQ18: 0.034863251 | AR18: -0.0074643598 | AS18: 0.0040032869 | AT18: 0.049783606 | AU18: 0.11375997 | AV18: 0.050567442 | AW18: -0.034622585 | AX18: -0.15275228 | AY18: -0.07534758 | AZ18: 0.012737381 | BA18: 0.075696171 | BB18: -0.059210357 | BC18: -0.071737982 | BD18: 0.015101634 | BE18: -0.050446333 | BF18: -0.061747526 | BG18: 0.21313945 | BH18: 0.11762021 | BI18: -0.12838513 | BJ18: 0.10747997 | BK18: -0.073976121 | BL18: 0.068955644 | BM18: -0.031957791 | BN18: -0.0068211149 | BO18: 0.041217397 | BP18: -0.093985404 | BQ18: -0.061185915 | BR18: -0.10986526 | BS18: -0.020749425 | BT18: 0.055003395 | BU18: -0.12401299 | BV18: 0.11189562 | BW18: 0.060190311 | BX18: -0.049871168 | BY18: -0.061980392 | BZ18: -0.25329022 | CA18: 0.00034296846 | CB18: 0.19452321 | CC18: -0.076255125 | CD18: 0.066582598 | CE18: 0.031430835 | CF18: 0.049680014 | CG18: 0.05296769 | CH18: -0.037796611 | CI18: -0.074929092 | CJ18: 0.01827983 | CK18: -0.066249791 | CL18: -0.064150789 | CM18: 0.023304939 | CN18: 0.044786616 | CO18: -0.23372784 | CP18: -0.010360156 | CQ18: 0.15853055 | CR18: -0.0079564433 | CS18: -0.0316431 | CT18: -0.005556105 | CU18: 0.00097710644 | CV18: 0.036441513 | CW18: -0.068855905 | CX18: 0.0063875864 | CY18: -0.11038494 | CZ18: 0.11841933 | DA18: 0.03709776 | DB18: -0.048833267 | DC18: -0.013774937 | DD18: 0.0035078619 | DE18: -0.0059766028 | DF18: 0.0093120481 | DG18: 0.0028115335 | DH18: 0.0031782925 | DI18: -0.078149422 | DJ18: -0.020142525 | DK18: -0.095577695 | DL18: 0.10972129 | DM18: -0.023729882 | DN18: 0.032410309 | DO18: 0.06235584 | DP18: 0.1114644 | DQ18: -0.0311626 | DR18: 0.014578889 | DS18: 0.0016731204 | DT18: -0.06552698 | DU18: 0.0099625204 | DV18: 0.016931498 | DW18: -0.082644503 | DX18: -0.019118756 | DY18: -0.035916484 | DZ18: -0.0013584695 | EA18: 0.042287554 | EB18: 0.092113311 | EC18: 0.095294098 | ED18: -0.0021275906 | EE18: 0.063645166 | EF18: 0.06637984
A19: 120 | B19: 8 | C19: 0.52985771 | D19: 0.076061145 | E19: 0.10440408 | F19: -0.06717858 | G19: -0.082735777 | H19: 0.048538574 | I19: 0.017228104 | J19: -0.083716559 | K19: 0.043504555 | L19: -0.036605614 | M19: 0.023588566 | N19: 0.047668104 | O19: -0.12231128 | P19: -0.0068552531 | Q19: 0.13676183 | R19: -0.049627206 | S19: -0.00053140616 | T19: -0.072801924 | U19: -0.12705136 | V19: 0.047642476 | W19: 0.01511543 | X19: 0.20221851 | Y19: -0.030595375 | Z19: 0.070802849 | AA19: -0.049593906 | AB19: -0.059192407 | AC19: 0.00197018 | AD19: 0.13969011 | AE19: 0.12090141 | AF19: 0.14528084 | AG19: 0.059824625 | AH19: 0.079034205 | AI19: -0.0069087254 | AJ19: -0.088640827 | AK19: -0.048049495 | AL19: -0.040485266 | AM19: 0.009450096 | AN19: 0.13954237 | AO19: 0.02706228 | AP19: 0.21064131 | AQ19: 0.0004153587 | AR19: 0.0062558706 | AS19: 0.012558767 | AT19: 0.063393401 | AU19: 0.1407977 | AV19: 0.041395757 | AW19: -0.012224798 | AX19: -0.18435485 | AY19: -0.12809128 | AZ19: 0.0059507401 | BA19: 0.039079089 | BB19: -0.05677891 | BC19: -0.062312336 | BD19: 0.0099495228 | BE19: -0.051416418 | BF19: -0.015788925 | BG19: 0.20140513 | BH19: 0.13969197 | BI19: -0.10198312 | BJ19: 0.119702 | BK19: -0.09668799 | BL19: 0.081805321 | BM19: -0.033466951 | BN19: 0.0040575035 | BO19: 0.048053365 | BP19: -0.13589513 | BQ19: -0.066896047 | BR19: -0.11229958 | BS19: -0.020453667 | BT19: 0.063726793 | BU19: -0.12846365 | BV19: 0.13246304 | BW19: 0.031768333 | BX19: -0.038230486 | BY19: -0.079758185 | BZ19: -0.26753931 | CA19: 0.0020565279 | CB19: 0.22563407 | CC19: -0.10644024 | CD19: -0.050873354 | CE19: -0.039737205 | CF19: 0.052853073 | CG19: 0.081574797 | CH19: -0.042530619 | CI19: -0.11725745 | CJ19: 0.01711311 | CK19: -0.069748368 | CL19: -0.009312803 | CM19: 0.051487871 | CN19: 0.022772361 | CO19: -0.16747505 | CP19: -0.030928959 | CQ19: 0.20310226 | CR19: 0.023181979 | CS19: -0.0086770512 | CT19: -0.037899252 | CU19: -0.011171046 | CV19: 0.040180729 | CW19: -0.073503677 | CX19: 0.015293372 | CY19: -0.099568969 | CZ19: 0.14849636 | DA19: 0.057245568 | DB19: -0.064871694 | DC19: -0.017668364 | DD19: -0.0057846516 | DE19: -0.022127288 | DF19: 0.021587741 | DG19: 0.025060521 | DH19: 0.0082975077 | DI19: -0.083131859 | DJ19: -0.010219142 | DK19: -0.095570533 | DL19: 0.07242241 | DM19: -0.029633364 | DN19: 0.040703783 | DO19: 0.066922479 | DP19: 0.1081164 | DQ19: -0.053077386 | DR19: -0.0061282001 | DS19: -0.018473527 | DT19: -0.084857003 | DU19: 0.037965007 | DV19: 0.022166275 | DW19: -0.083543442 | DX19: 0.011892608 | DY19: 0.044396719 | DZ19: -0.0048075572 | EA19: 0.04614454 | EB19: 0.08817728 | EC19: 0.098773806 | ED19: -0.0023581203 | EE19: 0.074006134 | EF19: 0.079478953
A20: 137 | B20: 7 | C20: 0.59702667 | D20: 0.11234222 | E20: 0.11977254 | F20: -0.052670133 | G20: -0.085104963 | H20: 0.042588982 | I20: 0.025934439 | J20: -0.10291089 | K20: 0.060254317 | L20: -0.035141144 | M20: 0.06594491 | N20: 0.048725311 | O20: -0.12114281 | P20: 0.018580166 | Q20: 0.17007991 | R20: -0.050666745 | S20: -0.0078891291 | T20: -0.07758372 | U20: -0.12095281 | V20: 0.060617935 | W20: 0.034031799 | X20: 0.11902178 | Y20: -0.05917297 | Z20: 0.046364348 | AA20: -0.056977897 | AB20: -0.057732291 | AC20: 0.038247065 | AD20: 0.12174285 | AE20: 0.095786687 | AF20: 0.14793824 | AG20: 0.040076151 | AH20: 0.1060203 | AI20: 0.0088415767 | AJ20: -0.091660719 | AK20: -0.062903545 | AL20: -0.023090075 | AM20: 0.0059551741 | AN20: 0.15245896 | AO20: 0.042447332 | AP20: 0.23572912 | AQ20: -0.016630198 | AR20: -0.037023841 | AS20: -0.031522233 | AT20: 0.073773102 | AU20: 0.17022874 | AV20: 0.0364379 | AW20: -0.01028742 | AX20: -0.21646804 | AY20: -0.15878963 | AZ20: -0.073243794 | BA20: 0.039030252 | BB20: -0.029833767 | BC20: -0.067232691 | BD20: 0.010369358 | BE20: -0.058332098 | BF20: -0.048237821 | BG20: 0.20384241 | BH20: 0.12731126 | BI20: -0.030982023 | BJ20: 0.16854184 | BK20: -0.043284731 | BL20: 0.080872492 | BM20: -0.028591581 | BN20: 0.037674701 | BO20: 0.03443857 | BP20: -0.16345065 | BQ20: -0.08823425 | BR20: -0.12937015 | BS20: -0.008026796 | BT20: 0.12060036 | BU20: -0.059011248 | BV20: 0.081313722 | BW20: 0.023036326 | BX20: -0.064435825 | BY20: -0.079395837 | BZ20: -0.22233143 | CA20: -0.00033634169 | CB20: 0.20437027 | CC20: -0.15077476 | CD20: -0.069076709 | CE20: -0.053557467 | CF20: 0.059428907 | CG20: 0.096535295 | CH20: -0.070558229 | CI20: -0.12316024 | CJ20: -0.02552087 | CK20: -0.059404698 | CL20: -0.015808281 | CM20: 0.02744199 | CN20: 0.010380079 | CO20: -0.1529223 | CP20: -0.036841767 | CQ20: 0.24824018 | CR20: 0.0016801623 | CS20: 0.012760755 | CT20: -0.039989379 | CU20: -0.016964815 | CV20: 0.01716022 | CW20: -0.076679093 | CX20: 0.027565591 | CY20: -0.097612476 | CZ20: 0.1460158 | DA20: 0.061880195 | DB20: -0.058935192 | DC20: -0.010253509 | DD20: 0.024323833 | DE20: -0.031841769 | DF20: 0.032191641 | DG20: 0.025642306 | DH20: 0.0022638178 | DI20: -0.072426308 | DJ20: -0.025905625 | DK20: -0.054742387 | DL20: 0.084636771 | DM20: -0.021697179 | DN20: 0.051943746 | DO20: 0.056454224 | DP20: 0.11984535 | DQ20: -0.10782357 | DR20: -0.020824985 | DS20: -0.011093287 | DT20: -0.11481388 | DU20: 0.064428265 | DV20: 0.037284648 | DW20: -0.051251544 | DX20: 0.014207202 | DY20: 0.081730372 | DZ20: 0.035042142 | EA20: 0.08196545 | EB20: 0.099856613 | EC20: 0.12283663 | ED20: -0.030402289 | EE20: 0.074032574 | EF20: 0.09006019
A21: 160 | B21: 6 | C21: 0.58903403 | D21: 0.12101827 | E21: 0.14904739 | F21: -0.051161742 | G21: -0.07614315 | H21: 0.052045692 | I21: -0.014323776 | J21: -0.087658148 | K21: 0.10999562 | L21: -0.010350047 | M21: 0.095319388 | N21: 0.051909197 | O21: -0.14279046 | P21: 0.01191346 | Q21: 0.17299663 | R21: -0.060054947 | S21: 0.0029282475 | T21: -0.084714245 | U21: -0.14008403 | V21: 0.052065875 | W21: 0.032223956 | X21: 0.07246097 | Y21: -0.046392707 | Z21: 0.046385964 | AA21: -0.047376075 | AB21: -0.056662466 | AC21: 0.041917627 | AD21: 0.14347554 | AE21: 0.13393969 | AF21: 0.13976035 | AG21: 0.058270038 | AH21: 0.11058398 | AI21: 0.025698749 | AJ21: -0.12534083 | AK21: 0.021712838 | AL21: 0.022439216 | AM21: 0.028344364 | AN21: 0.17393219 | AO21: 0.075256079 | AP21: 0.11552752 | AQ21: -0.040305129 | AR21: -0.024064235 | AS21: -0.082810152 | AT21: 0.085553942 | AU21: 0.19824898 | AV21: 0.050253807 | AW21: -0.059856918 | AX21: -0.23920275 | AY21: -0.19532085 | AZ21: -0.07382017 | BA21: 0.020494207 | BB21: -0.077932698 | BC21: -0.075595124 | BD21: 0.0062471472 | BE21: -0.053023862 | BF21: -0.032345345 | BG21: 0.26160881 | BH21: 0.081861771 | BI21: 0.0057666495 | BJ21: 0.18255109 | BK21: -0.051200608 | BL21: 0.082581647 | BM21: 0.014447746 | BN21: 0.021655654 | BO21: 0.046419084 | BP21: -0.15934268 | BQ21: -0.080440695 | BR21: -0.16823039 | BS21: -0.030264806 | BT21: 0.13603345 | BU21: -0.051609422 | BV21: 0.072476835 | BW21: 0.0078441974 | BX21: -0.055721084 | BY21: -0.098363061 | BZ21: -0.19991689 | CA21: 0.037753679 | CB21: 0.20379029 | CC21: -0.18818714 | CD21: -0.074047646 | CE21: -0.057290904 | CF21: 0.10613869 | CG21: 0.045719748 | CH21: -0.13243064 | CI21: -0.17283375 | CJ21: -0.03151917 | CK21: -0.078468322 | CL21: -0.045994719 | CM21: 0.030084793 | CN21: -0.026759955 | CO21: -0.15204785 | CP21: -0.036223363 | CQ21: 0.32077598 | CR21: -0.014852952 | CS21: -0.0038005711 | CT21: -0.050488759 | CU21: 0.027728529 | CV21: 0.016311753 | CW21: -0.055317418 | CX21: 0.066263572 | CY21: -0.1034562 | CZ21: 0.11519659 | DA21: 0.06747171 | DB21: -0.042268358 | DC21: -0.01734549 | DD21: 0.038316496 | DE21: -0.033452283 | DF21: 0.021548499 | DG21: 0.040422527 | DH21: 0.0066989803 | DI21: -0.069408931 | DJ21: -0.038777372 | DK21: -0.031601872 | DL21: 0.037777794 | DM21: -0.065635413 | DN21: 0.037554489 | DO21: 0.056910691 | DP21: 0.12103622 | DQ21: -0.098994753 | DR21: -0.011054394 | DS21: -0.034647927 | DT21: -0.11762443 | DU21: -0.04903794 | DV21: 0.0080006969 | DW21: 0.10490809 | DX21: 0.07639991 | DY21: 0.012094565 | DZ21: 0.011537309 | EA21: 0.060595958 | EB21: 0.12693199 | EC21: 0.11463543 | ED21: -0.044745873 | EE21: 0.085076635 | EF21: 0.092928816
A22: 192 | B22: 5 | C22: 0.48688323 | D22: 0.14754148 | E22: 0.15805919 | F22: -0.06901927 | G22: -0.077451021 | H22: -0.0071708541 | I22: -0.03367232 | J22: -0.07142734 | K22: 0.13014253 | L22: -0.060974844 | M22: 0.010482042 | N22: 0.10127858 | O22: -0.13009359 | P22: 0.029811983 | Q22: 0.17356576 | R22: -0.061256067 | S22: -0.0050269768 | T22: -0.072740849 | U22: -0.16648222 | V22: 0.054648868 | W22: 0.051064791 | X22: 0.10701387 | Y22: -0.082230025 | Z22: 0.042910792 | AA22: -0.055683174 | AB22: -0.057372286 | AC22: 0.066093906 | AD22: 0.1871406 | AE22: 0.15411462 | AF22: 0.10085416 | AG22: 0.056049469 | AH22: 0.1799513 | AI22: 0.046677777 | AJ22: -0.14950342 | AK22: 0.028893065 | AL22: 0.021185374 | AM22: 0.047696201 | AN22: 0.19178404 | AO22: 0.11257277 | AP22: 0.13425491 | AQ22: -0.090084251 | AR22: -0.053467099 | AS22: -0.09714662 | AT22: 0.093996824 | AU22: 0.23802169 | AV22: 0.083251118 | AW22: -0.077055991 | AX22: -0.086651293 | AY22: -0.22539263 | AZ22: -0.041420954 | BA22: 0.04729685 | BB22: -0.051572867 | BC22: -0.16524946 | BD22: 0.0018439458 | BE22: -0.066886543 | BF22: -0.012335267 | BG22: 0.28123534 | BH22: 0.034445877 | BI22: -0.024662655 | BJ22: 0.15111531 | BK22: -0.083923624 | BL22: 0.074116349 | BM22: 0.026508863 | BN22: 0.0357811 | BO22: 0.15662005 | BP22: -0.17357038 | BQ22: -0.090739883 | BR22: -0.22251482 | BS22: -0.038373754 | BT22: 0.15364436 | BU22: -0.01263817 | BV22: 0.08646628 | BW22: -0.020441636 | BX22: -0.032103214 | BY22: 0.012763254 | BZ22: -0.11812871 | CA22: 0.11364965 | CB22: 0.24362943 | CC22: -0.21009105 | CD22: -0.041779842 | CE22: -0.073621299 | CF22: 0.11567724 | CG22: 0.074854351 | CH22: -0.18972821 | CI22: -0.18107813 | CJ22: -0.022311851 | CK22: -0.06508595 | CL22: -0.093860005 | CM22: 0.034557342 | CN22: -0.0018771081 | CO22: -0.15150334 | CP22: -0.052175817 | CQ22: 0.41254719 | CR22: -0.02634783 | CS22: -0.13075548 | CT22: -0.054838637 | CU22: 0.015967234 | CV22: 0.035487819 | CW22: -0.051113617 | CX22: 0.1106162 | CY22: -0.089499376 | CZ22: 0.14483605 | DA22: 0.040398834 | DB22: -0.063717545 | DC22: -0.011081018 | DD22: 0.051746287 | DE22: -0.070844489 | DF22: 0.015480851 | DG22: 0.051069304 | DH22: 0.0061205474 | DI22: -0.10085032 | DJ22: -0.017964279 | DK22: 0.03951058 | DL22: 0.02634758 | DM22: -0.052430565 | DN22: 0.08176097 | DO22: 0.027338151 | DP22: 0.11046314 | DQ22: -0.094540332 | DR22: 0.0064571324 | DS22: -0.062147273 | DT22: -0.12213638 | DU22: -0.0043957438 | DV22: 0.012148641 | DW22: 0.058291235 | DX22: 0.01428522 | DY22: 0.049379798 | DZ22: 0.0095009896 | EA22: 0.082111353 | EB22: 0.18054858 | EC22: 0.09854277 | ED22: -0.070199935 | EE22: 0.088819049 | EF22: 0.071103802
A23: 241 | B23: 4 | C23: 0.49455411 | D23: 0.25549016 | E23: 0.15834077 | F23: -0.048048285 | G23: -0.055465653 | H23: -0.037401185 | I23: -0.090799177 | J23: -0.041272485 | K23: 0.13344374 | L23: -0.057040399 | M23: 0.084348637 | N23: 0.12191505 | O23: -0.16028548 | P23: 0.030477232 | Q23: 0.20165287 | R23: 0.017838855 | S23: -0.090925954 | T23: -0.057105512 | U23: -0.21884034 | V23: 0.048176244 | W23: -0.025378307 | X23: 0.13376734 | Y23: -0.084925715 | Z23: 0.030428853 | AA23: -0.098444599 | AB23: -0.10472394 | AC23: 0.0065264698 | AD23: 0.22178515 | AE23: 0.22483231 | AF23: 0.11764732 | AG23: 0.079354631 | AH23: 0.20961706 | AI23: 0.015049953 | AJ23: -0.15440734 | AK23: 0.017776042 | AL23: 0.035338826 | AM23: 0.067624763 | AN23: 0.30187139 | AO23: 0.14427626 | AP23: 0.11872683 | AQ23: -0.12985516 | AR23: -0.051272934 | AS23: -0.025222117 | AT23: 0.088378856 | AU23: 0.11950448 | AV23: 0.11850128 | AW23: -0.095095303 | AX23: -0.054032247 | AY23: -0.31667605 | AZ23: -0.11155375 | BA23: 0.06227626 | BB23: -0.060739285 | BC23: -0.18197003 | BD23: 0.016487273 | BE23: -0.085046601 | BF23: -0.01250869 | BG23: 0.035545251 | BH23: -0.014262288 | BI23: 0.027055069 | BJ23: 0.20538193 | BK23: -0.08909616 | BL23: 0.10828529 | BM23: 0.098666559 | BN23: 0.025738194 | BO23: 0.19310975 | BP23: -0.21630846 | BQ23: -0.013438018 | BR23: -0.19820838 | BS23: -0.093364095 | BT23: 0.15332668 | BU23: -0.04604194 | BV23: 0.082497857 | BW23: 0.030004934 | BX23: -0.056023329 | BY23: -0.045250525 | BZ23: -0.097177664 | CA23: 0.1649117 | CB23: 0.23163172 | CC23: -0.26165595 | CD23: 0.045386284 | CE23: -0.044601754 | CF23: 0.14649218 | CG23: 0.10613073 | CH23: -0.35777319 | CI23: -0.21143661 | CJ23: -0.00051861204 | CK23: -0.11459941 | CL23: -0.026372923 | CM23: 0.094255199 | CN23: -0.01666558 | CO23: -0.21855023 | CP23: -0.0046121271 | CQ23: 0.23044092 | CR23: -0.052596479 | CS23: -0.13055596 | CT23: -0.053826874 | CU23: -0.023500925 | CV23: 0.063140272 | CW23: -0.034635845 | CX23: 0.13351105 | CY23: -0.038264236 | CZ23: 0.22667708 | DA23: -0.014277421 | DB23: -0.07509634 | DC23: -0.12726115 | DD23: 0.042416125 | DE23: -0.08405872 | DF23: 2.2440721e-05 | DG23: -0.0071756513 | DH23: -0.02581954 | DI23: -0.12135655 | DJ23: -0.047984589 | DK23: -0.036226719 | DL23: -0.0099343053 | DM23: -0.07820593 | DN23: 0.061683486 | DO23: 0.014290032 | DP23: 0.15548646 | DQ23: -0.037687783 | DR23: 0.01151695 | DS23: -0.013803607 | DT23: -0.15441165 | DU23: 0.028426183 | DV23: -0.04364331 | DW23: 0.043162558 | DX23: 0.030487677 | DY23: -0.090037411 | DZ23: 0.0053346339 | EA23: 0.053941846 | EB23: 0.27542734 | EC23: 0.1524411 | ED23: -0.05970855 | EE23: 0.1268912 | EF23: 0.078128209
A24: 321 | B24: 3 | C24: 0.63578988 | D24: 0.14371046 | E24: 0.2567837 | F24: -0.030912073 | G24: 0.066425395 | H24: -0.022668733 | I24: -0.18400393 | J24: 0.0021578764 | K24: 0.051847408 | L24: -0.047982676 | M24: 0.066596074 | N24: 0.16484966 | O24: -0.20923212 | P24: 0.019606911 | Q24: 0.23377539 | R24: -0.10944564 | S24: -0.18376368 | T24: -0.04100274 | U24: -0.21689707 | V24: 0.076605299 | W24: -0.047616796 | X24: 0.13134145 | Y24: -0.10828845 | Z24: 0.018824964 | AA24: -0.05882885 | AB24: -0.070771132 | AC24: 0.098352654 | AD24: 0.15048828 | AE24: 0.29118075 | AF24: 0.18423826 | AG24: 0.16253189 | AH24: 0.28196454 | AI24: 0.052095579 | AJ24: 0.028392331 | AK24: 0.054611139 | AL24: 0.01335053 | AM24: 0.073700392 | AN24: 0.38458143 | AO24: 0.16756058 | AP24: 0.077961907 | AQ24: 0.0047467039 | AR24: -0.11584375 | AS24: -0.034990463 | AT24: 0.096233719 | AU24: 0.10418083 | AV24: 0.16684895 | AW24: -0.11911501 | AX24: -0.039664867 | AY24: -0.25357516 | AZ24: -0.088068891 | BA24: 0.028023673 | BB24: -0.13226649 | BC24: -0.059704553 | BD24: 0.057338231 | BE24: -0.083243522 | BF24: -0.04539006 | BG24: -0.016352671 | BH24: -0.033326012 | BI24: 0.078567866 | BJ24: 0.2768646 | BK24: -0.092238539 | BL24: 0.075908851 | BM24: 0.11601369 | BN24: 0.17452606 | BO24: 0.15927909 | BP24: -0.23874024 | BQ24: -0.18380547 | BR24: -0.14964732 | BS24: -0.017276844 | BT24: 0.16689298 | BU24: -0.10089866 | BV24: 0.10678972 | BW24: 0.034558381 | BX24: -0.013427594 | BY24: 0.024780026 | BZ24: -0.12405057 | CA24: 0.19509669 | CB24: 0.25718022 | CC24: -0.20779281 | CD24: 0.12770443 | CE24: -0.029309541 | CF24: 0.20617324 | CG24: 0.19038219 | CH24: -0.16021486 | CI24: -0.26603981 | CJ24: 0.012724137 | CK24: -0.13025632 | CL24: -0.14237495 | CM24: 0.082145297 | CN24: -0.11069707 | CO24: -0.21448033 | CP24: -0.030343543 | CQ24: 0.22095958 | CR24: -0.055866839 | CS24: -0.20536498 | CT24: -0.12512942 | CU24: 0.034810787 | CV24: 0.055587283 | CW24: -0.1364392 | CX24: 0.19894507 | CY24: -0.052274475 | CZ24: 0.25591544 | DA24: -0.00018551745 | DB24: -0.066834041 | DC24: -0.10172515 | DD24: 0.1199191 | DE24: -0.067892567 | DF24: 0.01343753 | DG24: -0.040187434 | DH24: -0.057238887 | DI24: -0.13025366 | DJ24: -0.023864622 | DK24: 0.05052803 | DL24: 0.013402856 | DM24: -0.047749552 | DN24: 0.083437946 | DO24: 0.032817615 | DP24: 0.048987677 | DQ24: -0.094489696 | DR24: 0.024757378 | DS24: -0.12419424 | DT24: -0.18313965 | DU24: -0.0073840122 | DV24: -0.12607025 | DW24: -0.025817603 | DX24: 0.041449748 | DY24: -0.14035838 | DZ24: -0.063554289 | EA24: 0.21572269 | EB24: 0.24680454 | EC24: 0.17725234 | ED24: -0.068676607 | EE24: 0.12488533 | EF24: 0.11931067
A25: 482 | B25: 2 | C25: 0.63761018 | D25: 0.23795575 | E25: 0.12312891 | F25: -0.075190133 | G25: 0.26530324 | H25: -0.11577404 | I25: -0.11131688 | J25: 0.03664981 | K25: 0.034438287 | L25: -0.0075470115 | M25: -0.056137762 | N25: 0.19066143 | O25: -0.24659809 | P25: 0.021837912 | Q25: 0.31415974 | R25: -0.18753075 | S25: -0.21928765 | T25: -0.036889939 | U25: -0.20997192 | V25: -0.038262635 | W25: 0.01094415 | X25: 0.1035642 | Y25: -0.14925654 | Z25: -0.021502548 | AA25: -0.12810205 | AB25: -0.099403582 | AC25: 0.17839997 | AD25: 0.15341673 | AE25: 0.38007623 | AF25: 0.1343322 | AG25: 0.20974022 | AH25: 0.39274118 | AI25: 0.072208869 | AJ25: 0.036800055 | AK25: 0.064113781 | AL25: 0.076627557 | AM25: 0.0029941228 | AN25: 0.37729158 | AO25: 0.16261603 | AP25: 0.23285455 | AQ25: 0.034840127 | AR25: -0.20324627 | AS25: -0.060066015 | AT25: 0.12536021 | AU25: 0.079172046 | AV25: 0.24185872 | AW25: -0.19133981 | AX25: -0.0022886687 | AY25: -0.31417848 | AZ25: -0.1182689 | BA25: 0.019837025 | BB25: -0.28483809 | BC25: -0.088808886 | BD25: 0.044158357 | BE25: 0.021094349 | BF25: -0.049158473 | BG25: -0.039297025 | BH25: -0.06670356 | BI25: -0.24512419 | BJ25: 0.31627967 | BK25: -0.020279977 | BL25: 0.032574743 | BM25: 0.16742568 | BN25: 0.19132555 | BO25: 0.124396 | BP25: -0.36320679 | BQ25: -0.20320176 | BR25: -0.24421961 | BS25: -0.055589738 | BT25: 0.24989347 | BU25: 0.073173726 | BV25: 0.24729165 | BW25: 0.10416765 | BX25: -0.023111115 | BY25: 0.14061789 | BZ25: -0.16944196 | CA25: 0.17663954 | CB25: 0.17587603 | CC25: -0.16161906 | CD25: 0.25287722 | CE25: -0.11687847 | CF25: -0.01516571 | CG25: 0.085242685 | CH25: 0.013862678 | CI25: -0.41183998 | CJ25: 0.08606187 | CK25: -0.1714284 | CL25: -0.06143508 | CM25: 0.053674129 | CN25: -0.076448359 | CO25: -0.27279203 | CP25: -0.15239381 | CQ25: 0.30257491 | CR25: -0.18127479 | CS25: -0.10760301 | CT25: -0.085021073 | CU25: 0.092479557 | CV25: 0.056899202 | CW25: -0.13986949 | CX25: 0.20560924 | CY25: -0.069752467 | CZ25: 0.34609707 | DA25: 0.053805969 | DB25: -0.10200756 | DC25: -0.17235787 | DD25: 0.097288584 | DE25: -0.23881192 | DF25: 0.038070252 | DG25: -0.092525535 | DH25: -0.054769437 | DI25: -0.1952049 | DJ25: -0.012019494 | DK25: 0.087152024 | DL25: 0.03055163 | DM25: 0.16855435 | DN25: -0.1217378 | DO25: 0.00024981968 | DP25: -0.053165159 | DQ25: -0.069051619 | DR25: 0.062495104 | DS25: -0.23541058 | DT25: -0.23008776 | DU25: -0.06438418 | DV25: -0.14230302 | DW25: -0.039291309 | DX25: 0.10996877 | DY25: -0.08207174 | DZ25: -0.039346196 | EA25: 0.25845567 | EB25: 0.34685488 | EC25: 0.18511412 | ED25: -0.097611134 | EE25: 0.099797778 | EF25: 0.059802184
A26: 964 | B26: 1 | C26: 0.90919898 | D26: 0.38824497 | E26: 0.1294749 | F26: -0.13645906 | G26: 0.47209974 | H26: 0.20906099 | I26: -0.32592603 | J26: -0.19062398 | K26: 0.044331792 | L26: 0.25204889 | M26: 0.14165758 | N26: 0.173452 | O26: -0.4107269 | P26: 0.069342395 | Q26: 0.60927025 | R26: -0.29178114 | S26: -0.29392432 | T26: 0.038801158 | U26: -0.42322996 | V26: 0.16372718 | W26: 0.087206146 | X26: 0.13162844 | Y26: -0.12432245 | Z26: 0.057154149 | AA26: 0.029539653 | AB26: -0.092340447 | AC26: 0.4033 | AD26: 0.49910074 | AE26: 0.18904454 | AF26: 0.00035461655 | AG26: 0.31121717 | AH26: 0.90293805 | AI26: 0.096799751 | AJ26: 0.08009608 | AK26: 0.26078301 | AL26: 0.04605441 | AM26: 0.023701914 | AN26: 0.13267246 | AO26: 0.10218953 | AP26: 0.085535447 | AQ26: -0.099630652 | AR26: -0.42212428 | AS26: -0.33629717 | AT26: 0.33042944 | AU26: 0.10307129 | AV26: 0.38312662 | AW26: -0.12669497 | AX26: 0.0735115 | AY26: -0.71081456 | AZ26: -0.19139485 | BA26: -0.08394074 | BB26: -0.66158882 | BC26: -0.19640103 | BD26: 0.03733116 | BE26: -0.090417066 | BF26: 0.011230242 | BG26: -0.13985386 | BH26: -0.032588391 | BI26: -0.057866128 | BJ26: 0.38745342 | BK26: 0.010019727 | BL26: 0.04514622 | BM26: 0.084093788 | BN26: 0.18512837 | BO26: -0.026668247 | BP26: -0.836394 | BQ26: -0.13694109 | BR26: -0.38171494 | BS26: -0.12162104 | BT26: -0.055799256 | BU26: -0.050687688 | BV26: -0.07442795 | BW26: 0.057307859 | BX26: 0.066604644 | BY26: 0.15739858 | BZ26: -0.41150141 | CA26: 0.053526593 | CB26: 0.33692898 | CC26: -0.22069348 | CD26: 0.55059299 | CE26: 0.17967255 | CF26: -0.020033171 | CG26: 0.095486531 | CH26: -0.47591535 | CI26: 0.072090777 | CJ26: 0.30472255 | CK26: -0.055315861 | CL26: -0.037249281 | CM26: 0.20229818 | CN26: 0.064923289 | CO26: -0.25478149 | CP26: 0.062154233 | CQ26: 0.64177463 | CR26: -0.35399521 | CS26: -0.058364981 | CT26: -0.1266038 | CU26: 0.06422361 | CV26: 0.10734401 | CW26: -0.22735366 | CX26: 0.17994577 | CY26: 0.0045783886 | CZ26: 0.4146748 | DA26: -0.28742785 | DB26: -0.15353434 | DC26: -0.13150657 | DD26: 0.16487824 | DE26: -0.2415252 | DF26: -0.012383701 | DG26: -0.11666334 | DH26: 0.10181294 | DI26: -0.11728018 | DJ26: 0.060056651 | DK26: 0.028211668 | DL26: -0.18051197 | DM26: -0.097547558 | DN26: 0.050940226 | DO26: -0.10084896 | DP26: 0.098496164 | DQ26: -0.058675277 | DR26: 0.021897608 | DS26: -0.26938035 | DT26: -0.42208361 | DU26: -0.075127002 | DV26: -0.20834033 | DW26: -0.014577288 | DX26: 0.42756103 | DY26: -0.102493 | DZ26: 0.041473998 | EA26: 0.59865801 | EB26: 0.21117526 | EC26: 0.51950018 | ED26: -0.10254895 | EE26: 0.10813289 | EF26: 0.096235608
A27: 大盤 | B27: TWⅡ | C27: -0.017446771 | D27: 0.020701061 | E27: 0.023982129 | F27: -0.006557579 | G27: 0.03184513 | H27: 0.034348533 | I27: -0.0082549328 | J27: 0.012843524 | K27: -0.051018525 | L27: 0.00087394274 | M27: 0.023389576 | N27: 0.012988972 | O27: 0.0058545887 | P27: 0.027413207 | Q27: -0.0037129361 | R27: 0.024076614 | S27: -0.012190025 | T27: -0.039749578 | U27: -0.07315545 | V27: -0.05826023 | W27: 0.00077279757 | X27: 0.044591521 | Y27: -0.02769968 | Z27: 0.0020950059 | AA27: -0.023400551 | AB27: 0.032129371 | AC27: 0.038903273 | AD27: -0.042865382 | AE27: 0.018647195 | AF27: 0.015229768 | AG27: 0.036016604 | AH27: 0.0093546114 | AI27: 0.010748251 | AJ27: 0.013357754 | AK27: -0.0053327473 | AL27: 0.0013831358 | AM27: 0.020795928 | AN27: 0.031517702 | AO27: 0.0062417165 | AP27: 0.0061452617 | AQ27: 0.016946358 | AR27: 0.03468283 | AS27: 0.0030985886 | AT27: 0.015081347 | AU27: -0.019251209 | AV27: 0.038711513 | AW27: -0.021856951 | AX27: 0.0077743007 | AY27: 0.042397247 | AZ27: -0.026308975 | BA27: 0.0095717493 | BB27: -0.024249741 | BC27: 0.020163374 | BD27: -0.0035049988 | BE27: 0.020151935 | BF27: 0.00058133623 | BG27: -0.005219701 | BH27: -0.11587176 | BI27: 0.0087252257 | BJ27: -0.016377261 | BK27: 0.020840372 | BL27: 0.044975872 | BM27: 0.023954306 | BN27: 0.030239101 | BO27: -0.043725888 | BP27: 0.02188947 | BQ27: 0.0086274303 | BR27: -0.019192954 | BS27: 0.01973513 | BT27: 0.047694337 | BU27: 0.011454817 | BV27: 0.043228621 | BW27: -0.04274743 | BX27: -0.017811292 | BY27: -0.1511531 | BZ27: 0.124224 | CA27: -0.0045572538 | CB27: 0.06021124 | CC27: 0.085992033 | CD27: -0.0058084796 | CE27: -0.006041347 | CF27: 0.0024523244 | CG27: 0.089636252 | CH27: 0.070992733 | CI27: 0.027170643 | CJ27: 0.052468428 | CK27: 0.029480661 | CL27: 0.066825081 | CM27: -0.028772229 | CN27: 0.039462516 | CO27: -0.029031087 | CP27: 0.013983883 | CQ27: -0.032276965 | CR27: 0.0031035766 | CS27: 0.025591856 | CT27: 0.044391886 | CU27: -0.030338959 | CV27: -0.0012579765 | CW27: 0.0023363565 | CX27: -0.064264145 | CY27: 0.012909779 | CZ27: -0.12547709 | DA27: 0.011690683 | DB27: 0.0063378437 | DC27: -0.11730536 | DD27: -0.036010872 | DE27: 0.1389113 | DF27: -0.051143506 | DG27: 0.076731447 | DH27: 0.015508782 | DI27: 0.023223774 | DJ27: -0.018372876 | DK27: 0.062199014 | DL27: 0.020098304 | DM27: 0.01349894 | DN27: -0.030252213 | DO27: -0.017022836 | DP27: -0.021788523 | DQ27: 0.085745625 | DR27: 0.028106744 | DS27: -0.0023031598 | DT27: 0.058471198 | DU27: 0.067658949 | DV27: 0.0050207706 | DW27: 0.037416184 | DX27: 0.084111004 | DY27: -0.036832399 | DZ27: 0.0030917028 | EA27: -0.0019576282 | EB27: 0.026459104 | EC27: -0.024752539 | ED27: 0.034115491 | EE27: 0.021061974 | EF27: -0.020277393

Sheet RF勝率
A10: 投資組合 | C10: 公司數 | D10: 964
A11: 等分 | B11: 家數 | C11: 2014/01 | D11: 2014/02 | E11: 2014/03 | F11: 2014/04 | G11: 2014/05 | H11: 2014/06 | I11: 2014/07 | J11: 2014/08 | K11: 2014/09 | L11: 2014/10 | M11: 2014/11 | N11: 2014/12 | O11: 2015/01 | P11: 2015/02 | Q11: 2015/03 | R11: 2015/04 | S11: 2015/05 | T11: 2015/06 | U11: 2015/07 | V11: 2015/08 | W11: 2015/09 | X11: 2015/10 | Y11: 2015/11 | Z11: 2015/12 | AA11: 2016/01 | AB11: 2016/02 | AC11: 2016/03 | AD11: 2016/04 | AE11: 2016/05 | AF11: 2016/06 | AG11: 2016/07 | AH11: 2016/08 | AI11: 2016/09 | AJ11: 2016/10 | AK11: 2016/11 | AL11: 2016/12 | AM11: 2017/01 | AN11: 2017/02 | AO11: 2017/03 | AP11: 2017/04 | AQ11: 2017/05 | AR11: 2017/06 | AS11: 2017/07 | AT11: 2017/08 | AU11: 2017/09 | AV11: 2017/10 | AW11: 2017/11 | AX11: 2017/12 | AY11: 2018/01 | AZ11: 2018/02 | BA11: 2018/03 | BB11: 2018/04 | BC11: 2018/05 | BD11: 2018/06 | BE11: 2018/07 | BF11: 2018/08 | BG11: 2018/09 | BH11: 2018/10 | BI11: 2018/11 | BJ11: 2018/12 | BK11: 2019/01 | BL11: 2019/02 | BM11: 2019/03 | BN11: 2019/04 | BO11: 2019/05 | BP11: 2019/06 | BQ11: 2019/07 | BR11: 2019/08 | BS11: 2019/09 | BT11: 2019/10 | BU11: 2019/11 | BV11: 2019/12 | BW11: 2020/01 | BX11: 2020/02 | BY11: 2020/03 | BZ11: 2020/04 | CA11: 2020/05 | CB11: 2020/06 | CC11: 2020/07 | CD11: 2020/08 | CE11: 2020/09 | CF11: 2020/10 | CG11: 2020/11 | CH11: 2020/12 | CI11: 2021/01 | CJ11: 2021/02 | CK11: 2021/03 | CL11: 2021/04 | CM11: 2021/05 | CN11: 2021/06 | CO11: 2021/07 | CP11: 2021/08 | CQ11: 2021/09 | CR11: 2021/10 | CS11: 2021/11 | CT11: 2021/12 | CU11: 2022/01 | CV11: 2022/02 | CW11: 2022/03 | CX11: 2022/04 | CY11: 2022/05 | CZ11: 2022/06 | DA11: 2022/07 | DB11: 2022/08 | DC11: 2022/09 | DD11: 2022/10 | DE11: 2022/11 | DF11: 2022/12 | DG11: 2023/01 | DH11: 2023/02 | DI11: 2023/03 | DJ11: 2023/04 | DK11: 2023/05 | DL11: 2023/06 | DM11: 2023/07 | DN11: 2023/08 | DO11: 2023/09 | DP11: 2023/10 | DQ11: 2023/11 | DR11: 2023/12 | DS11: 2024/01 | DT11: 2024/02 | DU11: 2024/03 | DV11: 2024/04 | DW11: 2024/05 | DX11: 2024/06 | DY11: 2024/07 | DZ11: 2024/08 | EA11: 2024/09 | EB11: 2024/10 | EC11: 2024/11 | ED11: 2024/12 | EE11: 2025/01 | EF11: 2025/02 | EG11: SUM | EH11: 勝率
A12: 10 | B12: 96 | C12: =IF(預測IC!C14>預測IC!C$27,1,0) -> 1 | D12: =IF(預測IC!D14>預測IC!D$27,1,0) -> 1 | E12: =IF(預測IC!E14>預測IC!E$27,1,0) -> 0 | F12: =IF(預測IC!F14>預測IC!F$27,1,0) -> 0 | G12: =IF(預測IC!G14>預測IC!G$27,1,0) -> 0 | H12: =IF(預測IC!H14>預測IC!H$27,1,0) -> 0 | I12: =IF(預測IC!I14>預測IC!I$27,1,0) -> 1 | J12: =IF(預測IC!J14>預測IC!J$27,1,0) -> 0 | ... EF12: =IF(預測IC!EF14>預測IC!EF$27,1,0) -> 1 | EG12: =SUM(C12:EF12) -> 58 | EH12: =SUM(C12:EF12)/134 -> 0.43283582
A13: 20 | B13: 48 | C13: =IF(預測IC!C15>預測IC!C$27,1,0) -> 1 | D13: =IF(預測IC!D15>預測IC!D$27,1,0) -> 1 | E13: =IF(預測IC!E15>預測IC!E$27,1,0) -> 0 | F13: =IF(預測IC!F15>預測IC!F$27,1,0) -> 1 | G13: =IF(預測IC!G15>預測IC!G$27,1,0) -> 0 | H13: =IF(預測IC!H15>預測IC!H$27,1,0) -> 0 | I13: =IF(預測IC!I15>預測IC!I$27,1,0) -> 1 | J13: =IF(預測IC!J15>預測IC!J$27,1,0) -> 0 | ... EF13: =IF(預測IC!EF15>預測IC!EF$27,1,0) -> 1 | EG13: =SUM(C13:EF13) -> 60 | EH13: =SUM(C13:EF13)/134 -> 0.44776119
A14: 50 | B14: 19 | C14: =IF(預測IC!C16>預測IC!C$27,1,0) -> 1 | D14: =IF(預測IC!D16>預測IC!D$27,1,0) -> 1 | E14: =IF(預測IC!E16>預測IC!E$27,1,0) -> 0 | F14: =IF(預測IC!F16>預測IC!F$27,1,0) -> 1 | G14: =IF(預測IC!G16>預測IC!G$27,1,0) -> 0 | H14: =IF(預測IC!H16>預測IC!H$27,1,0) -> 0 | I14: =IF(預測IC!I16>預測IC!I$27,1,0) -> 0 | J14: =IF(預測IC!J16>預測IC!J$27,1,0) -> 0 | ... EF14: =IF(預測IC!EF16>預測IC!EF$27,1,0) -> 1 | EG14: =SUM(C14:EF14) -> 63 | EH14: =SUM(C14:EF14)/134 -> 0.47014925
A15: 100 | B15: 10 | C15: =IF(預測IC!C17>預測IC!C$27,1,0) -> 1 | D15: =IF(預測IC!D17>預測IC!D$27,1,0) -> 1 | E15: =IF(預測IC!E17>預測IC!E$27,1,0) -> 1 | F15: =IF(預測IC!F17>預測IC!F$27,1,0) -> 1 | G15: =IF(預測IC!G17>預測IC!G$27,1,0) -> 0 | H15: =IF(預測IC!H17>預測IC!H$27,1,0) -> 0 | I15: =IF(預測IC!I17>預測IC!I$27,1,0) -> 1 | J15: =IF(預測IC!J17>預測IC!J$27,1,0) -> 0 | ... EF15: =IF(預測IC!EF17>預測IC!EF$27,1,0) -> 1 | EG15: =SUM(C15:EF15) -> 68 | EH15: =SUM(C15:EF15)/134 -> 0.50746269
A16: 107 | B16: 9 | C16: =IF(預測IC!C18>預測IC!C$27,1,0) -> 1 | D16: =IF(預測IC!D18>預測IC!D$27,1,0) -> 1 | E16: =IF(預測IC!E18>預測IC!E$27,1,0) -> 1 | F16: =IF(預測IC!F18>預測IC!F$27,1,0) -> 1 | G16: =IF(預測IC!G18>預測IC!G$27,1,0) -> 0 | H16: =IF(預測IC!H18>預測IC!H$27,1,0) -> 1 | I16: =IF(預測IC!I18>預測IC!I$27,1,0) -> 0 | J16: =IF(預測IC!J18>預測IC!J$27,1,0) -> 0 | ... EF16: =IF(預測IC!EF18>預測IC!EF$27,1,0) -> 1 | EG16: =SUM(C16:EF16) -> 67 | EH16: =SUM(C16:EF16)/134 -> 0.5
A17: 120 | B17: 8 | C17: =IF(預測IC!C19>預測IC!C$27,1,0) -> 1 | D17: =IF(預測IC!D19>預測IC!D$27,1,0) -> 1 | E17: =IF(預測IC!E19>預測IC!E$27,1,0) -> 1 | F17: =IF(預測IC!F19>預測IC!F$27,1,0) -> 0 | G17: =IF(預測IC!G19>預測IC!G$27,1,0) -> 0 | H17: =IF(預測IC!H19>預測IC!H$27,1,0) -> 1 | I17: =IF(預測IC!I19>預測IC!I$27,1,0) -> 1 | J17: =IF(預測IC!J19>預測IC!J$27,1,0) -> 0 | ... DL17: =IF(預測IC!DL19>預測IC!DL$27,1,0) -> 1 | DM17: 1 | DN17: =IF(預測IC!DN19>預測IC!DN$27,1,0) -> 1 | DO17: =IF(預測IC!DO19>預測IC!DO$27,1,0) -> 1 | DP17: =IF(預測IC!DP19>預測IC!DP$27,1,0) -> 1 | DQ17: =IF(預測IC!DQ19>預測IC!DQ$27,1,0) -> 0 | DR17: 1 | DS17: =IF(預測IC!DS19>預測IC!DS$27,1,0) -> 0 | DT17: 1 | DU17: =IF(預測IC!DU19>預測IC!DU$27,1,0) -> 0 | DV17: =IF(預測IC!DV19>預測IC!DV$27,1,0) -> 1 | DW17: =IF(預測IC!DW19>預測IC!DW$27,1,0) -> 0 | DX17: =IF(預測IC!DX19>預測IC!DX$27,1,0) -> 0 | DY17: =IF(預測IC!DY19>預測IC!DY$27,1,0) -> 1 | DZ17: =IF(預測IC!DZ19>預測IC!DZ$27,1,0) -> 0 | EA17: =IF(預測IC!EA19>預測IC!EA$27,1,0) -> 1 | EB17: =IF(預測IC!EB19>預測IC!EB$27,1,0) -> 1 | ... EF17: =IF(預測IC!EF19>預測IC!EF$27,1,0) -> 1 | EG17: =SUM(C17:EF17) -> 68 | EH17: =SUM(C17:EF17)/134 -> 0.50746269
A18: 137 | B18: 7 | C18: =IF(預測IC!C20>預測IC!C$27,1,0) -> 1 | D18: =IF(預測IC!D20>預測IC!D$27,1,0) -> 1 | E18: =IF(預測IC!E20>預測IC!E$27,1,0) -> 1 | F18: =IF(預測IC!F20>預測IC!F$27,1,0) -> 0 | G18: =IF(預測IC!G20>預測IC!G$27,1,0) -> 0 | H18: =IF(預測IC!H20>預測IC!H$27,1,0) -> 1 | I18: =IF(預測IC!I20>預測IC!I$27,1,0) -> 1 | J18: =IF(預測IC!J20>預測IC!J$27,1,0) -> 0 | ... EF18: =IF(預測IC!EF20>預測IC!EF$27,1,0) -> 1 | EG18: =SUM(C18:EF18) -> 63 | EH18: =SUM(C18:EF18)/134 -> 0.47014925
A19: 160 | B19: 6 | C19: =IF(預測IC!C21>預測IC!C$27,1,0) -> 1 | D19: =IF(預測IC!D21>預測IC!D$27,1,0) -> 1 | E19: =IF(預測IC!E21>預測IC!E$27,1,0) -> 1 | F19: =IF(預測IC!F21>預測IC!F$27,1,0) -> 0 | G19: =IF(預測IC!G21>預測IC!G$27,1,0) -> 0 | H19: =IF(預測IC!H21>預測IC!H$27,1,0) -> 1 | I19: =IF(預測IC!I21>預測IC!I$27,1,0) -> 0 | J19: =IF(預測IC!J21>預測IC!J$27,1,0) -> 0 | ... DL19: =IF(預測IC!DL21>預測IC!DL$27,1,0) -> 1 | DM19: 1 | DN19: =IF(預測IC!DN21>預測IC!DN$27,1,0) -> 1 | DO19: =IF(預測IC!DO21>預測IC!DO$27,1,0) -> 1 | DP19: =IF(預測IC!DP21>預測IC!DP$27,1,0) -> 1 | DQ19: =IF(預測IC!DQ21>預測IC!DQ$27,1,0) -> 0 | DR19: 1 | DS19: =IF(預測IC!DS21>預測IC!DS$27,1,0) -> 0 | DT19: =IF(預測IC!DT21>預測IC!DT$27,1,0) -> 0 | DU19: =IF(預測IC!DU21>預測IC!DU$27,1,0) -> 0 | DV19: =IF(預測IC!DV21>預測IC!DV$27,1,0) -> 1 | DW19: =IF(預測IC!DW21>預測IC!DW$27,1,0) -> 1 | DX19: 1 | DY19: =IF(預測IC!DY21>預測IC!DY$27,1,0) -> 1 | DZ19: =IF(預測IC!DZ21>預測IC!DZ$27,1,0) -> 1 | EA19: =IF(預測IC!EA21>預測IC!EA$27,1,0) -> 1 | EB19: =IF(預測IC!EB21>預測IC!EB$27,1,0) -> 1 | EC19: =IF(預測IC!EC21>預測IC!EC$27,1,0) -> 1 | ED19: =IF(預測IC!ED21>預測IC!ED$27,1,0) -> 0 | EE19: =IF(預測IC!EE21>預測IC!EE$27,1,0) -> 1 | EF19: =IF(預測IC!EF21>預測IC!EF$27,1,0) -> 1 | EG19: =SUM(C19:EF19) -> 69 | EH19: =SUM(C19:EF19)/134 -> 0.51492537
A20: 192 | B20: 5 | C20: =IF(預測IC!C22>預測IC!C$27,1,0) -> 1 | D20: =IF(預測IC!D22>預測IC!D$27,1,0) -> 1 | E20: =IF(預測IC!E22>預測IC!E$27,1,0) -> 1 | F20: =IF(預測IC!F22>預測IC!F$27,1,0) -> 0 | G20: =IF(預測IC!G22>預測IC!G$27,1,0) -> 0 | H20: =IF(預測IC!H22>預測IC!H$27,1,0) -> 0 | I20: =IF(預測IC!I22>預測IC!I$27,1,0) -> 0 | J20: =IF(預測IC!J22>預測IC!J$27,1,0) -> 0 | ... EF20: =IF(預測IC!EF22>預測IC!EF$27,1,0) -> 1 | EG20: =SUM(C20:EF20) -> 68 | EH20: =SUM(C20:EF20)/134 -> 0.50746269
A21: 241 | B21: 4 | C21: =IF(預測IC!C23>預測IC!C$27,1,0) -> 1 | D21: =IF(預測IC!D23>預測IC!D$27,1,0) -> 1 | E21: =IF(預測IC!E23>預測IC!E$27,1,0) -> 1 | F21: =IF(預測IC!F23>預測IC!F$27,1,0) -> 0 | G21: =IF(預測IC!G23>預測IC!G$27,1,0) -> 0 | H21: =IF(預測IC!H23>預測IC!H$27,1,0) -> 0 | I21: =IF(預測IC!I23>預測IC!I$27,1,0) -> 0 | J21: =IF(預測IC!J23>預測IC!J$27,1,0) -> 0 | ... EF21: =IF(預測IC!EF23>預測IC!EF$27,1,0) -> 1 | EG21: =SUM(C21:EF21) -> 62 | EH21: =SUM(C21:EF21)/134 -> 0.46268657
A22: 321 | B22: 3 | C22: =IF(預測IC!C24>預測IC!C$27,1,0) -> 1 | D22: =IF(預測IC!D24>預測IC!D$27,1,0) -> 1 | E22: =IF(預測IC!E24>預測IC!E$27,1,0) -> 1 | F22: =IF(預測IC!F24>預測IC!F$27,1,0) -> 0 | G22: =IF(預測IC!G24>預測IC!G$27,1,0) -> 1 | H22: =IF(預測IC!H24>預測IC!H$27,1,0) -> 0 | I22: =IF(預測IC!I24>預測IC!I$27,1,0) -> 0 | J22: =IF(預測IC!J24>預測IC!J$27,1,0) -> 0 | ... EF22: =IF(預測IC!EF24>預測IC!EF$27,1,0) -> 1 | EG22: =SUM(C22:EF22) -> 64 | EH22: =SUM(C22:EF22)/134 -> 0.47761194
A23: 482 | B23: 2 | C23: =IF(預測IC!C25>預測IC!C$27,1,0) -> 1 | D23: =IF(預測IC!D25>預測IC!D$27,1,0) -> 1 | E23: =IF(預測IC!E25>預測IC!E$27,1,0) -> 1 | F23: =IF(預測IC!F25>預測IC!F$27,1,0) -> 0 | G23: =IF(預測IC!G25>預測IC!G$27,1,0) -> 1 | H23: =IF(預測IC!H25>預測IC!H$27,1,0) -> 0 | I23: =IF(預測IC!I25>預測IC!I$27,1,0) -> 0 | J23: =IF(預測IC!J25>預測IC!J$27,1,0) -> 1 | ... EF23: =IF(預測IC!EF25>預測IC!EF$27,1,0) -> 1 | EG23: =SUM(C23:EF23) -> 67 | EH23: =SUM(C23:EF23)/134 -> 0.5
A24: 964 | B24: 1 | C24: =IF(預測IC!C26>預測IC!C$27,1,0) -> 1 | D24: =IF(預測IC!D26>預測IC!D$27,1,0) -> 1 | E24: =IF(預測IC!E26>預測IC!E$27,1,0) -> 1 | F24: =IF(預測IC!F26>預測IC!F$27,1,0) -> 0 | G24: =IF(預測IC!G26>預測IC!G$27,1,0) -> 1 | H24: =IF(預測IC!H26>預測IC!H$27,1,0) -> 1 | I24: =IF(預測IC!I26>預測IC!I$27,1,0) -> 0 | J24: =IF(預測IC!J26>預測IC!J$27,1,0) -> 0 | ... DX24: =IF(預測IC!DX26>預測IC!DX$27,1,0) -> 1 | DY24: 1 | DZ24: =IF(預測IC!DZ26>預測IC!DZ$27,1,0) -> 1 | EA24: =IF(預測IC!EA26>預測IC!EA$27,1,0) -> 1 | EB24: =IF(預測IC!EB26>預測IC!EB$27,1,0) -> 1 | EC24: =IF(預測IC!EC26>預測IC!EC$27,1,0) -> 1 | ED24: =IF(預測IC!ED26>預測IC!ED$27,1,0) -> 0 | EE24: =IF(預測IC!EE26>預測IC!EE$27,1,0) -> 1 | EF24: =IF(預測IC!EF26>預測IC!EF$27,1,0) -> 1 | EG24: =SUM(C24:EF24) -> 74 | EH24: =SUM(C24:EF24)/134 -> 0.55223881
A25: 大盤 | B25: TWⅡ | C25: -0.017446771 | D25: 0.020701061 | E25: 0.023982129 | F25: -0.006557579 | G25: 0.03184513 | H25: 0.034348533 | I25: -0.0082549328 | J25: 0.012843524 | K25: -0.051018525 | L25: 0.00087394274 | M25: 0.023389576 | N25: 0.012988972 | O25: 0.0058545887 | P25: 0.027413207 | Q25: -0.0037129361 | R25: 0.024076614 | S25: -0.012190025 | T25: -0.039749578 | U25: -0.07315545 | V25: -0.05826023 | W25: 0.00077279757 | X25: 0.044591521 | Y25: -0.02769968 | Z25: 0.0020950059 | AA25: -0.023400551 | AB25: 0.032129371 | AC25: 0.038903273 | AD25: -0.042865382 | AE25: 0.018647195 | AF25: 0.015229768 | AG25: 0.036016604 | AH25: 0.0093546114 | AI25: 0.010748251 | AJ25: 0.013357754 | AK25: -0.0053327473 | AL25: 0.0013831358 | AM25: 0.020795928 | AN25: 0.031517702 | AO25: 0.0062417165 | AP25: 0.0061452617 | AQ25: 0.016946358 | AR25: 0.03468283 | AS25: 0.0030985886 | AT25: 0.015081347 | AU25: -0.019251209 | AV25: 0.038711513 | AW25: -0.021856951 | AX25: 0.0077743007 | AY25: 0.042397247 | AZ25: -0.026308975 | BA25: 0.0095717493 | BB25: -0.024249741 | BC25: 0.020163374 | BD25: -0.0035049988 | BE25: 0.020151935 | BF25: 0.00058133623 | BG25: -0.005219701 | BH25: -0.11587176 | BI25: 0.0087252257 | BJ25: -0.016377261 | BK25: 0.020840372 | BL25: 0.044975872 | BM25: 0.023954306 | BN25: 0.030239101 | BO25: -0.043725888 | BP25: 0.02188947 | BQ25: 0.0086274303 | BR25: -0.019192954 | BS25: 0.01973513 | BT25: 0.047694337 | BU25: 0.011454817 | BV25: 0.043228621 | BW25: -0.04274743 | BX25: -0.017811292 | BY25: -0.1511531 | BZ25: 0.124224 | CA25: -0.0045572538 | CB25: 0.06021124 | CC25: 0.085992033 | CD25: -0.0058084796 | CE25: -0.006041347 | CF25: 0.0024523244 | CG25: 0.089636252 | CH25: 0.070992733 | CI25: 0.027170643 | CJ25: 0.052468428 | CK25: 0.029480661 | CL25: 0.066825081 | CM25: -0.028772229 | CN25: 0.039462516 | CO25: -0.029031087 | CP25: 0.013983883 | CQ25: -0.032276965 | CR25: 0.0031035766 | CS25: 0.025591856 | CT25: 0.044391886 | CU25: -0.030338959 | CV25: -0.0012579765 | CW25: 0.0023363565 | CX25: -0.064264145 | CY25: 0.012909779 | CZ25: -0.12547709 | DA25: 0.011690683 | DB25: 0.0063378437 | DC25: -0.11730536 | DD25: -0.036010872 | DE25: 0.1389113 | DF25: -0.051143506 | DG25: 0.076731447 | DH25: 0.015508782 | DI25: 0.023223774 | DJ25: -0.018372876 | DK25: 0.062199014 | DL25: 0.020098304 | DM25: 0.01349894 | DN25: -0.030252213 | DO25: -0.017022836 | DP25: -0.021788523 | DQ25: 0.085745625 | DR25: 0.028106744 | DS25: -0.0023031598 | DT25: 0.058471198 | DU25: 0.067658949 | DV25: 0.0050207706 | DW25: 0.037416184 | DX25: 0.084111004 | DY25: -0.036832399 | DZ25: 0.0030917028 | EA25: -0.0019576282 | EB25: 0.026459104 | EC25: -0.024752539 | ED25: 0.034115491 | EE25: 0.021061974 | EF25: -0.020277393

Sheet RF累積報酬
A11: 投資組合 | C11: 公司數 | D11: 964
A12: 時間 | B12: 2014/01 | C12: 2014/02 | D12: 2014/03 | E12: 2014/04 | F12: 2014/05 | G12: 2014/06 | H12: 2014/07 | I12: 2014/08 | J12: 2014/09 | K12: 2014/10 | L12: 2014/11 | M12: 2014/12 | N12: 2015/01 | O12: 2015/02 | P12: 2015/03 | Q12: 2015/04 | R12: 2015/05 | S12: 2015/06 | T12: 2015/07 | U12: 2015/08 | V12: 2015/09 | W12: 2015/10 | X12: 2015/11 | Y12: 2015/12 | Z12: 2016/01 | AA12: 2016/02 | AB12: 2016/03 | AC12: 2016/04 | AD12: 2016/05 | AE12: 2016/06 | AF12: 2016/07 | AG12: 2016/08 | AH12: 2016/09 | AI12: 2016/10 | AJ12: 2016/11 | AK12: 2016/12 | AL12: 2017/01 | AM12: 2017/02 | AN12: 2017/03 | AO12: 2017/04 | AP12: 2017/05 | AQ12: 2017/06 | AR12: 2017/07 | AS12: 2017/08 | AT12: 2017/09 | AU12: 2017/10 | AV12: 2017/11 | AW12: 2017/12 | AX12: 2018/01 | AY12: 2018/02 | AZ12: 2018/03 | BA12: 2018/04 | BB12: 2018/05 | BC12: 2018/06 | BD12: 2018/07 | BE12: 2018/08 | BF12: 2018/09 | BG12: 2018/10 | BH12: 2018/11 | BI12: 2018/12 | BJ12: 2019/01 | BK12: 2019/02 | BL12: 2019/03 | BM12: 2019/04 | BN12: 2019/05 | BO12: 2019/06 | BP12: 2019/07 | BQ12: 2019/08 | BR12: 2019/09 | BS12: 2019/10 | BT12: 2019/11 | BU12: 2019/12 | BV12: 2020/01 | BW12: 2020/02 | BX12: 2020/03 | BY12: 2020/04 | BZ12: 2020/05 | CA12: 2020/06 | CB12: 2020/07 | CC12: 2020/08 | CD12: 2020/09 | CE12: 2020/10 | CF12: 2020/11 | CG12: 2020/12 | CH12: 2021/01 | CI12: 2021/02 | CJ12: 2021/03 | CK12: 2021/04 | CL12: 2021/05 | CM12: 2021/06 | CN12: 2021/07 | CO12: 2021/08 | CP12: 2021/09 | CQ12: 2021/10 | CR12: 2021/11 | CS12: 2021/12 | CT12: 2022/01 | CU12: 2022/02 | CV12: 2022/03 | CW12: 2022/04 | CX12: 2022/05 | CY12: 2022/06 | CZ12: 2022/07 | DA12: 2022/08 | DB12: 2022/09 | DC12: 2022/10 | DD12: 2022/11 | DE12: 2022/12 | DF12: 2023/01 | DG12: 2023/02 | DH12: 2023/03 | DI12: 2023/04 | DJ12: 2023/05 | DK12: 2023/06 | DL12: 2023/07 | DM12: 2023/08 | DN12: 2023/09 | DO12: 2023/10 | DP12: 2023/11 | DQ12: 2023/12 | DR12: 2024/01 | DS12: 2024/02 | DT12: 2024/03 | DU12: 2024/04 | DV12: 2024/05 | DW12: 2024/06 | DX12: 2024/07 | DY12: 2024/08 | DZ12: 2024/09 | EA12: 2024/10 | EB12: 2024/11 | EC12: 2024/12 | ED12: 2025/01 | EE12: 2025/02
A13: 10等分 | B13: 0.13959368 | C13: =B13+預測IC!D14 -> 0.1656925 | D13: =C13+預測IC!E14 -> 0.16100989 | E13: =D13+預測IC!F14 -> 0.14443908 | F13: =E13+預測IC!G14 -> 0.12667781 | G13: =F13+預測IC!H14 -> 0.11885195 | H13: =G13+預測IC!I14 -> 0.12231285 | I13: =H13+預測IC!J14 -> 0.10451434 | J13: =I13+預測IC!K14 -> 0.099145459 | ... EE13: =ED13+預測IC!EF14 -> 0.42445114
A14: 20等分 | B14: 0.19687693 | C14: =B14+預測IC!D15 -> 0.26979442 | D14: =C14+預測IC!E15 -> 0.25653791 | E14: =D14+預測IC!F15 -> 0.28063547 | F14: =E14+預測IC!G15 -> 0.28778886 | G14: =F14+預測IC!H15 -> 0.2785101 | H14: =G14+預測IC!I15 -> 0.29710126 | I14: =H14+預測IC!J15 -> 0.2863705 | J14: =I14+預測IC!K15 -> 0.24721748 | ... EE14: =ED14+預測IC!EF15 -> 0.55830481
A15: 50等分 | B15: 0.3630823 | C15: =B15+預測IC!D16 -> 0.42528348 | D15: =C15+預測IC!E16 -> 0.4115591 | E15: =D15+預測IC!F16 -> 0.44306827 | F15: =E15+預測IC!G16 -> 0.46350982 | G15: =F15+預測IC!H16 -> 0.47703209 | H15: =G15+預測IC!I16 -> 0.45724093 | I15: =H15+預測IC!J16 -> 0.37151764 | J15: =I15+預測IC!K16 -> 0.32975298 | ... EE15: =ED15+預測IC!EF16 -> 1.1152867
A16: 100等分 | B16: 0.50963263 | C16: =B16+預測IC!D17 -> 0.5957674 | D16: =C16+預測IC!E17 -> 0.71212669 | E16: =D16+預測IC!F17 -> 0.83601503 | F16: =E16+預測IC!G17 -> 0.79411649 | G16: =F16+預測IC!H17 -> 0.81083915 | H16: =G16+預測IC!I17 -> 0.81274228 | I16: =H16+預測IC!J17 -> 0.70446239 | J16: =I16+預測IC!K17 -> 0.71804254 | ... EE16: =ED16+預測IC!EF17 -> 1.4000536
A17: 107等分 | B17: 0.51201375 | C17: =B17+預測IC!D18 -> 0.61011392 | D17: =C17+預測IC!E18 -> 0.71502264 | E17: =D17+預測IC!F18 -> 0.79820222 | F17: =E17+預測IC!G18 -> 0.71788655 | G17: =F17+預測IC!H18 -> 0.75869608 | H17: =G17+預測IC!I18 -> 0.74375281 | I17: =H17+預測IC!J18 -> 0.60983006 | J17: =I17+預測IC!K18 -> 0.6608333 | ... EE17: =ED17+預測IC!EF18 -> 1.2313804
A18: 120等分 | B18: 0.52985771 | C18: =B18+預測IC!D19 -> 0.60591886 | D18: =C18+預測IC!E19 -> 0.71032294 | E18: =D18+預測IC!F19 -> 0.64314436 | F18: =E18+預測IC!G19 -> 0.56040858 | G18: =F18+預測IC!H19 -> 0.60894716 | H18: =G18+預測IC!I19 -> 0.62617526 | I18: =H18+預測IC!J19 -> 0.5424587 | J18: =I18+預測IC!K19 -> 0.58596326 | ... EE18: =ED18+預測IC!EF19 -> 1.2134645
A19: 137等分 | B19: 0.59702667 | C19: =B19+預測IC!D20 -> 0.70936889 | D19: =C19+預測IC!E20 -> 0.82914143 | E19: =D19+預測IC!F20 -> 0.7764713 | F19: =E19+預測IC!G20 -> 0.69136633 | G19: =F19+預測IC!H20 -> 0.73395532 | H19: =G19+預測IC!I20 -> 0.75988975 | I19: =H19+預測IC!J20 -> 0.65697887 | J19: =I19+預測IC!K20 -> 0.71723318 | ... EE19: =ED19+預測IC!EF20 -> 1.4646702
A20: 160等分 | B20: 0.58903403 | C20: =B20+預測IC!D21 -> 0.71005231 | D20: =C20+預測IC!E21 -> 0.8590997 | E20: =D20+預測IC!F21 -> 0.80793796 | F20: =E20+預測IC!G21 -> 0.73179481 | G20: =F20+預測IC!H21 -> 0.7838405 | H20: =G20+預測IC!I21 -> 0.76951672 | I20: =H20+預測IC!J21 -> 0.68185858 | J20: =I20+預測IC!K21 -> 0.79185419 | ... EE20: =ED20+預測IC!EF21 -> 1.3441244
A21: 192等分 | B21: 0.48688323 | C21: =B21+預測IC!D22 -> 0.6344247 | D21: =C21+預測IC!E22 -> 0.7924839 | E21: =D21+預測IC!F22 -> 0.72346463 | F21: =E21+預測IC!G22 -> 0.6460136 | G21: =F21+預測IC!H22 -> 0.63884275 | H21: =G21+預測IC!I22 -> 0.60517043 | I21: =H21+預測IC!J22 -> 0.53374309 | J21: =I21+預測IC!K22 -> 0.66388562 | ... EE21: =ED21+預測IC!EF22 -> 1.7305863
A22: 241等分 | B22: 0.49455411 | C22: =B22+預測IC!D23 -> 0.75004428 | D22: =C22+預測IC!E23 -> 0.90838505 | E22: =D22+預測IC!F23 -> 0.86033676 | F22: =E22+預測IC!G23 -> 0.80487111 | G22: =F22+預測IC!H23 -> 0.76746993 | H22: =G22+預測IC!I23 -> 0.67667075 | I22: =H22+預測IC!J23 -> 0.63539827 | J22: =I22+預測IC!K23 -> 0.768842 | ... EE22: =ED22+預測IC!EF23 -> 1.2227906
A23: 321等分 | B23: 0.63578988 | C23: =B23+預測IC!D24 -> 0.77950034 | D23: =C23+預測IC!E24 -> 1.036284 | E23: =D23+預測IC!F24 -> 1.005372 | F23: =E23+預測IC!G24 -> 1.0717974 | G23: =F23+預測IC!H24 -> 1.0491286 | H23: =G23+預測IC!I24 -> 0.8651247 | I23: =H23+預測IC!J24 -> 0.86728258 | J23: =I23+預測IC!K24 -> 0.91912998 | ... EE23: =ED23+預測IC!EF24 -> 2.201975
A24: 482等分 | B24: 0.63761018 | C24: =B24+預測IC!D25 -> 0.87556593 | D24: =C24+預測IC!E25 -> 0.99869484 | E24: =D24+預測IC!F25 -> 0.92350471 | F24: =E24+預測IC!G25 -> 1.1888079 | G24: =F24+預測IC!H25 -> 1.0730339 | H24: =G24+預測IC!I25 -> 0.96171702 | I24: =H24+預測IC!J25 -> 0.99836683 | J24: =I24+預測IC!K25 -> 1.0328051 | ... EE24: =ED24+預測IC!EF25 -> 1.5991691
... A26: 大盤 | B26: -0.017446771 | C26: =B26+預測IC!D27 -> 0.00325429 | D26: =C26+預測IC!E27 -> 0.027236419 | E26: =D26+預測IC!F27 -> 0.02067884 | F26: =E26+預測IC!G27 -> 0.05252397 | G26: =F26+預測IC!H27 -> 0.086872503 | H26: =G26+預測IC!I27 -> 0.07861757 | I26: =H26+預測IC!J27 -> 0.091461094 | J26: =I26+預測IC!K27 -> 0.04044257 | ... EE26: =ED26+預測IC!EF27 -> 0.98470404

Sheet RF再投資累積報酬
C3: 投資組合 | D3: 964
C4: 等分 | D4: 2014/01 | E4: 2014/02 | F4: 2014/03 | G4: 2014/04 | H4: 2014/05 | I4: 2014/06 | J4: 2014/07 | K4: 2014/08 | L4: 2014/09 | M4: 2014/10 | N4: 2014/11 | O4: 2014/12 | P4: 2015/01 | Q4: 2015/02 | R4: 2015/03 | S4: 2015/04 | T4: 2015/05 | U4: 2015/06 | V4: 2015/07 | W4: 2015/08 | X4: 2015/09 | Y4: 2015/10 | Z4: 2015/11 | AA4: 2015/12 | AB4: 2016/01 | AC4: 2016/02 | AD4: 2016/03 | AE4: 2016/04 | AF4: 2016/05 | AG4: 2016/06 | AH4: 2016/07 | AI4: 2016/08 | AJ4: 2016/09 | AK4: 2016/10 | AL4: 2016/11 | AM4: 2016/12 | AN4: 2017/01 | AO4: 2017/02 | AP4: 2017/03 | AQ4: 2017/04 | AR4: 2017/05 | AS4: 2017/06 | AT4: 2017/07 | AU4: 2017/08 | AV4: 2017/09 | AW4: 2017/10 | AX4: 2017/11 | AY4: 2017/12 | AZ4: 2018/01 | BA4: 2018/02 | BB4: 2018/03 | BC4: 2018/04 | BD4: 2018/05 | BE4: 2018/06 | BF4: 2018/07 | BG4: 2018/08 | BH4: 2018/09 | BI4: 2018/10 | BJ4: 2018/11 | BK4: 2018/12 | BL4: 2019/01 | BM4: 2019/02 | BN4: 2019/03 | BO4: 2019/04 | BP4: 2019/05 | BQ4: 2019/06 | BR4: 2019/07 | BS4: 2019/08 | BT4: 2019/09 | BU4: 2019/10 | BV4: 2019/11 | BW4: 2019/12 | BX4: 2020/01 | BY4: 2020/02 | BZ4: 2020/03 | CA4: 2020/04 | CB4: 2020/05 | CC4: 2020/06 | CD4: 2020/07 | CE4: 2020/08 | CF4: 2020/09 | CG4: 2020/10 | CH4: 2020/11 | CI4: 2020/12 | CJ4: 2021/01 | CK4: 2021/02 | CL4: 2021/03 | CM4: 2021/04 | CN4: 2021/05 | CO4: 2021/06 | CP4: 2021/07 | CQ4: 2021/08 | CR4: 2021/09 | CS4: 2021/10 | CT4: 2021/11 | CU4: 2021/12 | CV4: 2022/01 | CW4: 2022/02 | CX4: 2022/03 | CY4: 2022/04 | CZ4: 2022/05 | DA4: 2022/06 | DB4: 2022/07 | DC4: 2022/08 | DD4: 2022/09 | DE4: 2022/10 | DF4: 2022/11 | DG4: 2022/12 | DH4: 2023/01 | DI4: 2023/02 | DJ4: 2023/03 | DK4: 2023/04 | DL4: 2023/05 | DM4: 2023/06 | DN4: 2023/07 | DO4: 2023/08 | DP4: 2023/09 | DQ4: 2023/10 | DR4: 2023/11 | DS4: 2023/12 | DT4: 2024/01 | DU4: 2024/02 | DV4: 2024/03 | DW4: 2024/04 | DX4: 2024/05 | DY4: 2024/06 | DZ4: 2024/07 | EA4: 2024/08 | EB4: 2024/09 | EC4: 2024/10 | ED4: 2024/11 | EE4: 2024/12 | EF4: 2025/01 | EG4: 2025/02
C5: 10 | D5: {=PRODUCT(1 + 預測IC!$C14:C14) -1} -> 0.13959368 | E5: {=PRODUCT(1 + 預測IC!$C14:D14) -1} -> 0.16933573 | F5: {=PRODUCT(1 + 預測IC!$C14:E14) -1} -> 0.16386019 | G5: {=PRODUCT(1 + 預測IC!$C14:F14) -1} -> 0.14457408 | H5: {=PRODUCT(1 + 預測IC!$C14:G14) -1} -> 0.12424499 | I5: {=PRODUCT(1 + 預測IC!$C14:H14) -1} -> 0.11544681 | J5: {=PRODUCT(1 + 預測IC!$C14:I14) -1} -> 0.11930726 | K5: {=PRODUCT(1 + 預測IC!$C14:J14) -1} -> 0.099385261 | ... EG5: {=PRODUCT(1 + 預測IC!$C14:EF14) -1} -> 0.44838618
C6: 20 | D6: {=PRODUCT(1 + 預測IC!$C15:C15) -1} -> 0.19687693 | E6: {=PRODUCT(1 + 預測IC!$C15:D15) -1} -> 0.28415019 | F6: {=PRODUCT(1 + 預測IC!$C15:E15) -1} -> 0.26712684 | G6: {=PRODUCT(1 + 預測IC!$C15:F15) -1} -> 0.29766151 | H6: {=PRODUCT(1 + 預測IC!$C15:G15) -1} -> 0.30694418 | I6: {=PRODUCT(1 + 預測IC!$C15:H15) -1} -> 0.29481737 | J6: {=PRODUCT(1 + 預測IC!$C15:I15) -1} -> 0.31888952 | K6: {=PRODUCT(1 + 預測IC!$C15:J15) -1} -> 0.30473683 | ... EG6: {=PRODUCT(1 + 預測IC!$C15:EF15) -1} -> 0.59427974
C7: 50 | D7: {=PRODUCT(1 + 預測IC!$C16:C16) -1} -> 0.3630823 | E7: {=PRODUCT(1 + 預測IC!$C16:D16) -1} -> 0.44786763 | F7: {=PRODUCT(1 + 預測IC!$C16:E16) -1} -> 0.42799654 | G7: {=PRODUCT(1 + 預測IC!$C16:F16) -1} -> 0.47299152 | H7: {=PRODUCT(1 + 預測IC!$C16:G16) -1} -> 0.50310176 | I7: {=PRODUCT(1 + 預測IC!$C16:H16) -1} -> 0.5234271 | J7: {=PRODUCT(1 + 預測IC!$C16:I16) -1} -> 0.49327672 | K7: {=PRODUCT(1 + 預測IC!$C16:J16) -1} -> 0.36526812 | ... EG7: {=PRODUCT(1 + 預測IC!$C16:EF16) -1} -> 1.3681445
C8: 100 | D8: {=PRODUCT(1 + 預測IC!$C17:C17) -1} -> 0.50963263 | E8: {=PRODUCT(1 + 預測IC!$C17:D17) -1} -> 0.63966449 | F8: {=PRODUCT(1 + 預測IC!$C17:E17) -1} -> 0.83045469 | G8: {=PRODUCT(1 + 預測IC!$C17:F17) -1} -> 1.0572267 | H8: {=PRODUCT(1 + 預測IC!$C17:G17) -1} -> 0.97103189 | I8: {=PRODUCT(1 + 預測IC!$C17:H17) -1} -> 1.0039928 | J8: {=PRODUCT(1 + 預測IC!$C17:I17) -1} -> 1.0078066 | K8: {=PRODUCT(1 + 預測IC!$C17:J17) -1} -> 0.79040155 | ... EG8: {=PRODUCT(1 + 預測IC!$C17:EF17) -1} -> 1.52194
C9: 107 | D9: {=PRODUCT(1 + 預測IC!$C18:C18) -1} -> 0.51201375 | E9: {=PRODUCT(1 + 預測IC!$C18:D18) -1} -> 0.66034255 | F9: {=PRODUCT(1 + 預測IC!$C18:E18) -1} -> 0.83452697 | G9: {=PRODUCT(1 + 預測IC!$C18:F18) -1} -> 0.98712215 | H9: {=PRODUCT(1 + 預測IC!$C18:G18) -1} -> 0.82752511 | I9: {=PRODUCT(1 + 預測IC!$C18:H18) -1} -> 0.90210554 | J9: {=PRODUCT(1 + 預測IC!$C18:I18) -1} -> 0.87368187 | K9: {=PRODUCT(1 + 預測IC!$C18:J18) -1} -> 0.62275323 | ... EG9: {=PRODUCT(1 + 預測IC!$C18:EF18) -1} -> 1.0145706
C10: 120 | D10: {=PRODUCT(1 + 預測IC!$C19:C19) -1} -> 0.52985771 | E10: {=PRODUCT(1 + 預測IC!$C19:D19) -1} -> 0.64622044 | F10: {=PRODUCT(1 + 預測IC!$C19:E19) -1} -> 0.81809258 | G10: {=PRODUCT(1 + 預測IC!$C19:F19) -1} -> 0.6959557 | H10: {=PRODUCT(1 + 預測IC!$C19:G19) -1} -> 0.55563949 | I10: {=PRODUCT(1 + 預測IC!$C19:H19) -1} -> 0.63114801 | J10: {=PRODUCT(1 + 預測IC!$C19:I19) -1} -> 0.6592496 | K10: {=PRODUCT(1 + 預測IC!$C19:J19) -1} -> 0.52034293 | ... EG10: {=PRODUCT(1 + 預測IC!$C19:EF19) -1} -> 0.88055896
C11: 137 | D11: {=PRODUCT(1 + 預測IC!$C20:C20) -1} -> 0.59702667 | E11: {=PRODUCT(1 + 預測IC!$C20:D20) -1} -> 0.77644019 | F11: {=PRODUCT(1 + 預測IC!$C20:E20) -1} -> 0.98920894 | G11: {=PRODUCT(1 + 預測IC!$C20:F20) -1} -> 0.88443704 | H11: {=PRODUCT(1 + 預測IC!$C20:G20) -1} -> 0.7240621 | I11: {=PRODUCT(1 + 預測IC!$C20:H20) -1} -> 0.79748815 | J11: {=PRODUCT(1 + 預測IC!$C20:I20) -1} -> 0.84410499 | K11: {=PRODUCT(1 + 預測IC!$C20:J20) -1} -> 0.65432651 | ... EG11: {=PRODUCT(1 + 預測IC!$C20:EF20) -1} -> 1.2636392
C12: 160 | D12: {=PRODUCT(1 + 預測IC!$C21:C21) -1} -> 0.58903403 | E12: {=PRODUCT(1 + 預測IC!$C21:D21) -1} -> 0.78133619 | F12: {=PRODUCT(1 + 預測IC!$C21:E21) -1} -> 1.0468397 | G12: {=PRODUCT(1 + 預測IC!$C21:F21) -1} -> 0.94211982 | H12: {=PRODUCT(1 + 預測IC!$C21:G21) -1} -> 0.7942407 | I12: {=PRODUCT(1 + 預測IC!$C21:H21) -1} -> 0.8876232 | J12: {=PRODUCT(1 + 預測IC!$C21:I21) -1} -> 0.86058531 | K12: {=PRODUCT(1 + 預測IC!$C21:J21) -1} -> 0.69748984 | ... EG12: {=PRODUCT(1 + 預測IC!$C21:EF21) -1} -> 0.84527502
C13: 192 | D13: {=PRODUCT(1 + 預測IC!$C22:C22) -1} -> 0.48688323 | E13: {=PRODUCT(1 + 預測IC!$C22:D22) -1} -> 0.70626017 | F13: {=PRODUCT(1 + 預測IC!$C22:E22) -1} -> 0.97595028 | G13: {=PRODUCT(1 + 預測IC!$C22:F22) -1} -> 0.83957163 | H13: {=PRODUCT(1 + 預測IC!$C22:G22) -1} -> 0.69709493 | I13: {=PRODUCT(1 + 預測IC!$C22:H22) -1} -> 0.68492531 | J13: {=PRODUCT(1 + 預測IC!$C22:I22) -1} -> 0.62818997 | K13: {=PRODUCT(1 + 預測IC!$C22:J22) -1} -> 0.51189269 | ... EG13: {=PRODUCT(1 + 預測IC!$C22:EF22) -1} -> 1.4518556
C14: 241 | D14: {=PRODUCT(1 + 預測IC!$C23:C23) -1} -> 0.49455411 | E14: {=PRODUCT(1 + 預測IC!$C23:D23) -1} -> 0.87639799 | F14: {=PRODUCT(1 + 預測IC!$C23:E23) -1} -> 1.1735083 | G14: {=PRODUCT(1 + 預測IC!$C23:F23) -1} -> 1.0690749 | H14: {=PRODUCT(1 + 預測IC!$C23:G23) -1} -> 0.95431236 | I14: {=PRODUCT(1 + 預測IC!$C23:H23) -1} -> 0.88121876 | J14: {=PRODUCT(1 + 預測IC!$C23:I23) -1} -> 0.71040564 | K14: {=PRODUCT(1 + 預測IC!$C23:J23) -1} -> 0.63981295 | ... EG14: {=PRODUCT(1 + 預測IC!$C23:EF23) -1} -> 0.14002935
C15: 321 | D15: {=PRODUCT(1 + 預測IC!$C24:C24) -1} -> 0.63578988 | E15: {=PRODUCT(1 + 預測IC!$C24:D24) -1} -> 0.87087 | F15: {=PRODUCT(1 + 預測IC!$C24:E24) -1} -> 1.3512789 | G15: {=PRODUCT(1 + 預測IC!$C24:F24) -1} -> 1.278596 | H15: {=PRODUCT(1 + 預測IC!$C24:G24) -1} -> 1.4299527 | I15: {=PRODUCT(1 + 預測IC!$C24:H24) -1} -> 1.3748687 | J15: {=PRODUCT(1 + 預測IC!$C24:I24) -1} -> 0.93788353 | K15: {=PRODUCT(1 + 預測IC!$C24:J24) -1} -> 0.94206524 | ... EG15: {=PRODUCT(1 + 預測IC!$C24:EF24) -1} -> 1.4048167
C16: 482 | D16: {=PRODUCT(1 + 預測IC!$C25:C25) -1} -> 0.63761018 | E16: {=PRODUCT(1 + 預測IC!$C25:D25) -1} -> 1.0272889 | F16: {=PRODUCT(1 + 預測IC!$C25:E25) -1} -> 1.2769068 | G16: {=PRODUCT(1 + 預測IC!$C25:F25) -1} -> 1.1057059 | H16: {=PRODUCT(1 + 預測IC!$C25:G25) -1} -> 1.6643565 | I16: {=PRODUCT(1 + 預測IC!$C25:H25) -1} -> 1.3558932 | J16: {=PRODUCT(1 + 預測IC!$C25:I25) -1} -> 1.0936425 | K16: {=PRODUCT(1 + 預測IC!$C25:J25) -1} -> 1.1703741 | ... EG16: {=PRODUCT(1 + 預測IC!$C25:EF25) -1} -> -0.34164075
C17: 964 | D17: {=PRODUCT(1 + 預測IC!$C26:C26) -1} -> 0.90919898 | E17: {=PRODUCT(1 + 預測IC!$C26:D26) -1} -> 1.6504359 | F17: {=PRODUCT(1 + 預測IC!$C26:E26) -1} -> 1.9936008 | G17: {=PRODUCT(1 + 預測IC!$C26:F26) -1} -> 1.5850968 | H17: {=PRODUCT(1 + 預測IC!$C26:G26) -1} -> 2.8055204 | I17: {=PRODUCT(1 + 預測IC!$C26:H26) -1} -> 3.6011062 | J17: {=PRODUCT(1 + 預測IC!$C26:I26) -1} -> 2.1014859 | K17: {=PRODUCT(1 + 預測IC!$C26:J26) -1} -> 1.5102683 | ... EG17: {=PRODUCT(1 + 預測IC!$C26:EF26) -1} -> -0.9541192
C18: 大盤 | D18: {=PRODUCT(1 + 預測IC!$C27:C27) -1} -> -0.017446771 | E18: {=PRODUCT(1 + 預測IC!$C27:D27) -1} -> 0.0028931233 | F18: {=PRODUCT(1 + 預測IC!$C27:E27) -1} -> 0.026944636 | G18: {=PRODUCT(1 + 預測IC!$C27:F27) -1} -> 0.020210365 | H18: {=PRODUCT(1 + 預測IC!$C27:G27) -1} -> 0.052699097 | I18: {=PRODUCT(1 + 預測IC!$C27:H27) -1} -> 0.088857766 | J18: {=PRODUCT(1 + 預測IC!$C27:I27) -1} -> 0.079869319 | K18: {=PRODUCT(1 + 預測IC!$C27:J27) -1} -> 0.093738646 | ... EG18: {=PRODUCT(1 + 預測IC!$C27:EF27) -1} -> 1.3673442
C22: 等分 | D22: 2014/01 | E22: 2014/02 | F22: 2014/03 | G22: 2014/04 | H22: 2014/05 | I22: 2014/06 | J22: 2014/07 | K22: 2014/08 | L22: 2014/09 | M22: 2014/10 | N22: 2014/11 | O22: 2014/12 | P22: 2015/01 | Q22: 2015/02 | R22: 2015/03 | S22: 2015/04 | T22: 2015/05 | U22: 2015/06 | V22: 2015/07 | W22: 2015/08 | X22: 2015/09 | Y22: 2015/10 | Z22: 2015/11 | AA22: 2015/12 | AB22: 2016/01 | AC22: 2016/02 | AD22: 2016/03 | AE22: 2016/04 | AF22: 2016/05 | AG22: 2016/06 | AH22: 2016/07 | AI22: 2016/08 | AJ22: 2016/09 | AK22: 2016/10 | AL22: 2016/11 | AM22: 2016/12 | AN22: 2017/01 | AO22: 2017/02 | AP22: 2017/03 | AQ22: 2017/04 | AR22: 2017/05 | AS22: 2017/06 | AT22: 2017/07 | AU22: 2017/08 | AV22: 2017/09 | AW22: 2017/10 | AX22: 2017/11 | AY22: 2017/12 | AZ22: 2018/01 | BA22: 2018/02 | BB22: 2018/03 | BC22: 2018/04 | BD22: 2018/05 | BE22: 2018/06 | BF22: 2018/07 | BG22: 2018/08 | BH22: 2018/09 | BI22: 2018/10 | BJ22: 2018/11 | BK22: 2018/12 | BL22: 2019/01 | BM22: 2019/02 | BN22: 2019/03 | BO22: 2019/04 | BP22: 2019/05 | BQ22: 2019/06 | BR22: 2019/07 | BS22: 2019/08 | BT22: 2019/09 | BU22: 2019/10 | BV22: 2019/11 | BW22: 2019/12 | BX22: 2020/01 | BY22: 2020/02 | BZ22: 2020/03 | CA22: 2020/04 | CB22: 2020/05 | CC22: 2020/06 | CD22: 2020/07 | CE22: 2020/08 | CF22: 2020/09 | CG22: 2020/10 | CH22: 2020/11 | CI22: 2020/12 | CJ22: 2021/01 | CK22: 2021/02 | CL22: 2021/03 | CM22: 2021/04 | CN22: 2021/05 | CO22: 2021/06 | CP22: 2021/07 | CQ22: 2021/08 | CR22: 2021/09 | CS22: 2021/10 | CT22: 2021/11 | CU22: 2021/12 | CV22: 2022/01 | CW22: 2022/02 | CX22: 2022/03 | CY22: 2022/04 | CZ22: 2022/05 | DA22: 2022/06 | DB22: 2022/07 | DC22: 2022/08 | DD22: 2022/09 | DE22: 2022/10 | DF22: 2022/11 | DG22: 2022/12 | DH22: 2023/01 | DI22: 2023/02 | DJ22: 2023/03 | DK22: 2023/04 | DL22: 2023/05 | DM22: 2023/06 | DN22: 2023/07 | DO22: 2023/08 | DP22: 2023/09 | DQ22: 2023/10 | DR22: 2023/11 | DS22: 2023/12 | DT22: 2024/01 | DU22: 2024/02 | DV22: 2024/03 | DW22: 2024/04 | DX22: 2024/05 | DY22: 2024/06 | DZ22: 2024/07 | EA22: 2024/08 | EB22: 2024/09 | EC22: 2024/10 | ED22: 2024/11 | EE22: 2024/12 | EF22: 2025/01 | EG22: 2025/02
C23: 10 | D23: 0.13959368 | E23: 0.16933573 | F23: 0.16386019 | G23: 0.14457408 | H23: 0.12424499 | I23: 0.11544681 | J23: 0.11930726 | K23: 0.099385261 | L23: 0.093482788 | M23: 0.099760865 | N23: 0.081198078 | O23: 0.092425254 | P23: 0.062466457 | Q23: 0.063968072 | R23: 0.046335575 | S23: 0.027033216 | T23: 0.03005582 | U23: 0.020464997 | V23: 0.014224159 | W23: 0.047966754 | X23: 0.035033043 | Y23: 0.12593592 | Z23: 0.062054118 | AA23: 0.073185151 | AB23: 0.06981934 | AC23: 0.078467847 | AD23: 0.10863193 | AE23: 0.11194228 | AF23: 0.10735178 | AG23: 0.10385986 | AH23: 0.12067086 | AI23: 0.14451797 | AJ23: 0.14764465 | AK23: 0.11936884 | AL23: 0.099087137 | AM23: 0.09987821 | AN23: 0.076881735 | AO23: 0.084767899 | AP23: 0.10407339 | AQ23: 0.14199469 | AR23: 0.16501663 | AS23: 0.17096621 | AT23: 0.19137723 | AU23: 0.18003357 | AV23: 0.19137063 | AW23: 0.19988866 | AX23: 0.20723113 | AY23: 0.17986926 | AZ23: 0.17329888 | BA23: 0.17869292 | BB23: 0.20302628 | BC23: 0.18409115 | BD23: 0.1896973 | BE23: 0.19878397 | BF23: 0.17053108 | BG23: 0.18850292 | BH23: 0.22562562 | BI23: 0.21531073 | BJ23: 0.21227099 | BK23: 0.20750292 | BL23: 0.21147612 | BM23: 0.25874066 | BN23: 0.24720707 | BO23: 0.23639781 | BP23: 0.25246196 | BQ23: 0.23325672 | BR23: 0.20685241 | BS23: 0.21579835 | BT23: 0.20691376 | BU23: 0.25258548 | BV23: 0.27412776 | BW23: 0.27885418 | BX23: 0.31499857 | BY23: 0.31258903 | BZ23: 0.35654307 | CA23: 0.26561599 | CB23: 0.26026614 | CC23: 0.26291562 | CD23: 0.24594223 | CE23: 0.19308669 | CF23: 0.22495296 | CG23: 0.26149282 | CH23: 0.24987476 | CI23: 0.3183568 | CJ23: 0.32110796 | CK23: 0.28570413 | CL23: 0.23464976 | CM23: 0.33989648 | CN23: 0.31725596 | CO23: 0.36110909 | CP23: 0.28165136 | CQ23: 0.25390571 | CR23: 0.24216269 | CS23: 0.22999841 | CT23: 0.22903826 | CU23: 0.25736919 | CV23: 0.21178306 | CW23: 0.24208933 | CX23: 0.23978523 | CY23: 0.20484749 | CZ23: 0.20682099 | DA23: 0.21039068 | DB23: 0.28571341 | DC23: 0.30417082 | DD23: 0.20504143 | DE23: 0.21994281 | DF23: 0.29089715 | DG23: 0.28442985 | DH23: 0.3381846 | DI23: 0.34868344 | DJ23: 0.38271234 | DK23: 0.42857287 | DL23: 0.45500314 | DM23: 0.48195699 | DN23: 0.5440777 | DO23: 0.49672005 | DP23: 0.49209882 | DQ23: 0.51047016 | DR23: 0.50319561 | DS23: 0.52423168 | DT23: 0.53494458 | DU23: 0.57655083 | DV23: 0.5768278 | DW23: 0.53586939 | DX23: 0.47806777 | DY23: 0.46729744 | DZ23: 0.48591977 | EA23: 0.52141489 | EB23: 0.43319751 | EC23: 0.44417597 | ED23: 0.41860412 | EE23: 0.41182579 | EF23: 0.38963337 | EG23: 0.44838618
C24: 20 | D24: 0.19687693 | E24: 0.28415019 | F24: 0.26712684 | G24: 0.29766151 | H24: 0.30694418 | I24: 0.29481737 | J24: 0.31888952 | K24: 0.30473683 | L24: 0.25365245 | M24: 0.28019311 | N24: 0.28254555 | O24: 0.26672069 | P24: 0.21653133 | Q24: 0.20990453 | R24: 0.21726803 | S24: 0.18510837 | T24: 0.17685882 | U24: 0.16755732 | V24: 0.10626639 | W24: 0.15155842 | X24: 0.1644608 | Y24: 0.27698769 | Z24: 0.22132794 | AA24: 0.24942789 | AB24: 0.22111524 | AC24: 0.2335772 | AD24: 0.25846299 | AE24: 0.28961602 | AF24: 0.26572204 | AG24: 0.28831646 | AH24: 0.30185768 | AI24: 0.34306878 | AJ24: 0.33647266 | AK24: 0.28497861 | AL24: 0.23585992 | AM24: 0.22884566 | AN24: 0.21281511 | AO24: 0.23379052 | AP24: 0.28110897 | AQ24: 0.35154521 | AR24: 0.37073716 | AS24: 0.3788736 | AT24: 0.42347334 | AU24: 0.410904 | AV24: 0.46209323 | AW24: 0.48696197 | AX24: 0.42085466 | AY24: 0.38576433 | AZ24: 0.37961367 | BA24: 0.39729209 | BB24: 0.45898878 | BC24: 0.41021833 | BD24: 0.40502392 | BE24: 0.43340465 | BF24: 0.38242323 | BG24: 0.36972723 | BH24: 0.41735185 | BI24: 0.40341727 | BJ24: 0.45409766 | BK24: 0.45153111 | BL24: 0.44888118 | BM24: 0.49397218 | BN24: 0.47344497 | BO24: 0.47339203 | BP24: 0.51070413 | BQ24: 0.4574976 | BR24: 0.41723295 | BS24: 0.39617932 | BT24: 0.35881453 | BU24: 0.42802383 | BV24: 0.40191221 | BW24: 0.43748766 | BX24: 0.49772574 | BY24: 0.48505077 | BZ24: 0.45577863 | CA24: 0.30348968 | CB24: 0.26186614 | CC24: 0.28090384 | CD24: 0.2402232 | CE24: 0.21288365 | CF24: 0.27653356 | CG24: 0.31715342 | CH24: 0.29689612 | CI24: 0.36814007 | CJ24: 0.33467776 | CK24: 0.32641415 | CL24: 0.26829655 | CM24: 0.3508471 | CN24: 0.31621107 | CO24: 0.33903327 | CP24: 0.21176887 | CQ24: 0.22757709 | CR24: 0.23740024 | CS24: 0.22520065 | CT24: 0.21319126 | CU24: 0.24958596 | CV24: 0.20042853 | CW24: 0.25372916 | CX24: 0.23908126 | CY24: 0.22127176 | CZ24: 0.2076758 | DA24: 0.20840512 | DB24: 0.29258079 | DC24: 0.30252857 | DD24: 0.19538266 | DE24: 0.24891764 | DF24: 0.34026006 | DG24: 0.35340392 | DH24: 0.41097802 | DI24: 0.44601509 | DJ24: 0.46996027 | DK24: 0.49951581 | DL24: 0.52280931 | DM24: 0.57368704 | DN24: 0.64480451 | DO24: 0.59839388 | DP24: 0.60260639 | DQ24: 0.63295773 | DR24: 0.63330133 | DS24: 0.71187009 | DT24: 0.74611869 | DU24: 0.77646133 | DV24: 0.75568101 | DW24: 0.70013225 | DX24: 0.62649136 | DY24: 0.59803616 | DZ24: 0.64878049 | EA24: 0.69572546 | EB24: 0.61686954 | EC24: 0.67371477 | ED24: 0.61750222 | EE24: 0.54237862 | EF24: 0.52387629 | EG24: 0.59427974
C25: 50 | D25: 0.3630823 | E25: 0.44786763 | F25: 0.42799654 | G25: 0.47299152 | H25: 0.50310176 | I25: 0.5234271 | J25: 0.49327672 | K25: 0.36526812 | L25: 0.30824816 | M25: 0.32901888 | N25: 0.31763241 | O25: 0.2658287 | P25: 0.21083197 | Q25: 0.20922198 | R25: 0.23782021 | S25: 0.17249765 | T25: 0.14308995 | U25: 0.088946815 | V25: 0.018835712 | W25: 0.10423714 | X25: 0.13550529 | Y25: 0.28062134 | Z25: 0.19341863 | AA25: 0.26220477 | AB25: 0.1860814 | AC25: 0.15956579 | AD25: 0.22269767 | AE25: 0.29292703 | AF25: 0.28354291 | AG25: 0.38853836 | AH25: 0.40926453 | AI25: 0.48483808 | AJ25: 0.53690681 | AK25: 0.45726931 | AL25: 0.45121796 | AM25: 0.38368444 | AN25: 0.37056971 | AO25: 0.44700038 | AP25: 0.58328841 | AQ25: 0.74149169 | AR25: 0.65301491 | AS25: 0.65504776 | AT25: 0.69979398 | AU25: 0.78272713 | AV25: 0.90340997 | AW25: 0.9295512 | AX25: 0.90824959 | AY25: 0.81096453 | AZ25: 0.81578745 | BA25: 0.8661533 | BB25: 0.95178053 | BC25: 0.80387826 | BD25: 0.78445289 | BE25: 0.80724706 | BF25: 0.76360888 | BG25: 0.73022374 | BH25: 0.92698636 | BI25: 1.0801393 | BJ25: 1.0123484 | BK25: 1.0679557 | BL25: 1.0665187 | BM25: 1.1839064 | BN25: 1.1235916 | BO25: 1.1171228 | BP25: 1.1756397 | BQ25: 1.1099119 | BR25: 1.1088452 | BS25: 0.98611144 | BT25: 0.97516651 | BU25: 1.0104096 | BV25: 0.87514249 | BW25: 0.96884399 | BX25: 1.1077019 | BY25: 1.1197759 | BZ25: 1.0860671 | CA25: 0.75993432 | CB25: 0.72299498 | CC25: 0.90250817 | CD25: 0.86647568 | CE25: 0.83603582 | CF25: 0.81658536 | CG25: 0.90758368 | CH25: 0.94434998 | CI25: 1.0857571 | CJ25: 1.0771427 | CK25: 0.95672585 | CL25: 0.90111929 | CM25: 0.92156399 | CN25: 0.9040691 | CO25: 1.0029883 | CP25: 0.48677673 | CQ25: 0.58113758 | CR25: 0.70110698 | CS25: 0.76288702 | CT25: 0.7834836 | CU25: 0.82072997 | CV25: 0.72444598 | CW25: 0.85943604 | CX25: 0.78048657 | CY25: 0.75034613 | CZ25: 0.74440913 | DA25: 0.7639005 | DB25: 0.92213986 | DC25: 0.8598273 | DD25: 0.72387156 | DE25: 0.7780727 | DF25: 0.85131376 | DG25: 0.84036858 | DH25: 0.92070474 | DI25: 0.90200413 | DJ25: 0.85098786 | DK25: 0.89551703 | DL25: 0.85026754 | DM25: 0.99015213 | DN25: 1.1212804 | DO25: 1.1696022 | DP25: 1.2241819 | DQ25: 1.4526145 | DR25: 1.4395377 | DS25: 1.4714417 | DT25: 1.5897232 | DU25: 1.603305 | DV25: 1.587685 | DW25: 1.5646543 | DX25: 1.4486429 | DY25: 1.2893219 | DZ25: 1.4079229 | EA25: 1.4559191 | EB25: 1.4067113 | EC25: 1.4945691 | ED25: 1.4627416 | EE25: 1.1985426 | EF25: 1.2435382 | EG25: 1.3681445
C26: 100 | D26: 0.50963263 | E26: 0.63966449 | F26: 0.83045469 | G26: 1.0572267 | H26: 0.97103189 | I26: 1.0039928 | J26: 1.0078066 | K26: 0.79040155 | L26: 0.81471547 | M26: 0.75892552 | N26: 0.75551637 | O26: 0.82369262 | P26: 0.62424581 | Q26: 0.61851484 | R26: 0.79805223 | S26: 0.75375638 | T26: 0.68610729 | U26: 0.48513056 | V26: 0.37428357 | W26: 0.47328396 | X26: 0.5199179 | Y26: 0.76252664 | Z26: 0.69869892 | AA26: 0.82741178 | AB26: 0.7374395 | AC26: 0.5962499 | AD26: 0.58376238 | AE26: 0.75424063 | AF26: 0.87545636 | AG26: 1.1836043 | AH26: 1.250152 | AI26: 1.4551151 | AJ26: 1.6001136 | AK26: 1.4039512 | AL26: 1.2667365 | AM26: 1.1973098 | AN26: 1.2339959 | AO26: 1.4786841 | AP26: 1.5563734 | AQ26: 1.9641579 | AR26: 2.0228189 | AS26: 1.9855868 | AT26: 2.0857033 | AU26: 2.2766562 | AV26: 2.6761596 | AW26: 2.905293 | AX26: 2.6461394 | AY26: 2.1954721 | AZ26: 1.9939563 | BA26: 2.0055256 | BB26: 2.1826266 | BC26: 1.9771063 | BD26: 1.8013063 | BE26: 1.8151273 | BF26: 1.6705555 | BG26: 1.4945297 | BH26: 2.0120993 | BI26: 2.3224665 | BJ26: 2.0412078 | BK26: 2.3300313 | BL26: 2.0613676 | BM26: 2.2785211 | BN26: 2.1217345 | BO26: 2.0854134 | BP26: 2.2239028 | BQ26: 1.9843357 | BR26: 1.9427487 | BS26: 1.6950078 | BT26: 1.6263444 | BU26: 1.7213219 | BV26: 1.4067482 | BW26: 1.6800941 | BX26: 1.697595 | BY26: 1.6061609 | BZ26: 1.5755789 | CA26: 1.0313519 | CB26: 1.0532222 | CC26: 1.4018345 | CD26: 1.2172581 | CE26: 1.2414859 | CF26: 1.3018051 | CG26: 1.4355639 | CH26: 1.3511167 | CI26: 1.3147154 | CJ26: 1.1726221 | CK26: 1.1628103 | CL26: 1.0444228 | CM26: 1.0356777 | CN26: 1.0644661 | CO26: 1.3347121 | CP26: 0.73300325 | CQ26: 0.71699396 | CR26: 0.9628161 | CS26: 0.99099354 | CT26: 0.96374425 | CU26: 0.98788162 | CV26: 0.9733445 | CW26: 1.1144215 | CX26: 0.92934685 | CY26: 0.87472147 | CZ26: 0.69379454 | DA26: 0.86744575 | DB26: 0.96811809 | DC26: 0.8636046 | DD26: 0.82429057 | DE26: 0.84444063 | DF26: 0.85493966 | DG26: 0.86374476 | DH26: 0.89985532 | DI26: 0.90101512 | DJ26: 0.76619482 | DK26: 0.80653913 | DL26: 0.68087229 | DM26: 0.83918945 | DN26: 0.89504256 | DO26: 0.91121754 | DP26: 1.0065244 | DQ26: 1.3057142 | DR26: 1.2514822 | DS26: 1.2811471 | DT26: 1.3168643 | DU26: 1.1674135 | DV26: 1.1438674 | DW26: 1.2099458 | DX26: 1.0498918 | DY26: 0.99215216 | DZ26: 0.98322404 | EA26: 1.0146233 | EB26: 1.0423105 | EC26: 1.1696596 | ED26: 1.3025613 | EE26: 1.27481 | EF26: 1.3947256 | EG26: 1.52194
C27: 192 | D27: 0.48688323 | E27: 0.70626017 | F27: 0.97595028 | G27: 0.83957163 | H27: 0.69709493 | I27: 0.68492531 | J27: 0.62818997 | K27: 0.51189269 | L27: 0.70865422 | M27: 0.6044693 | N27: 0.62128741 | O27: 0.7854891 | P27: 0.55320841 | Q27: 0.59951263 | R27: 0.87713325 | S27: 0.76214745 | T27: 0.75328918 | U27: 0.62575343 | V27: 0.35509439 | W27: 0.42914876 | X27: 0.50212795 | Y27: 0.66287647 | Z27: 0.5261381 | AA27: 0.59162589 | AB27: 0.50299911 | AC27: 0.41676862 | AD27: 0.51040839 | AE27: 0.79306711 | AF27: 1.069405 | AG27: 1.2781131 | AH27: 1.4058001 | AI27: 1.8387269 | AJ27: 1.9712324 | AK27: 1.527023 | AL27: 1.6000364 | AM27: 1.6551192 | AN27: 1.7817583 | AO27: 2.3152551 | AP27: 2.6884625 | AQ27: 3.1836568 | AR27: 2.8067752 | AS27: 2.6032379 | AT27: 2.2531956 | AU27: 2.5589856 | AV27: 3.4061014 | AW27: 3.7729142 | AX27: 3.4051326 | AY27: 3.0234222 | AZ27: 2.1165725 | BA27: 1.9874811 | BB27: 2.1287795 | BC27: 1.9674194 | BD27: 1.4770549 | BE27: 1.4816225 | BF27: 1.3156353 | BG27: 1.2870714 | BH27: 1.9302767 | BI27: 2.0312126 | BJ27: 1.9564549 | BK27: 2.4032205 | BL27: 2.1176099 | BM27: 2.3486757 | BN27: 2.4374453 | BO27: 2.5604409 | BP27: 3.1180773 | BQ27: 2.403301 | BR27: 2.0944859 | BS27: 1.4059169 | BT27: 1.3135929 | BU27: 1.6690634 | BV27: 1.6353313 | BW27: 1.8631986 | BX27: 1.8046701 | BY27: 1.7146312 | BZ27: 1.7492787 | CA27: 1.42451 | CB27: 1.7000547 | CC27: 2.3578675 | CD27: 1.6524096 | CE27: 1.5415923 | CF27: 1.354477 | CG27: 1.6268364 | CH27: 1.8234665 | CI27: 1.2877753 | CJ27: 0.8735092 | CK27: 0.83170774 | CL27: 0.71248931 | CM27: 0.55175505 | CN27: 0.60537958 | CO27: 0.60236611 | CP27: 0.3596023 | CQ27: 0.28866394 | CR27: 0.82029863 | CS27: 0.77233771 | CT27: 0.54059483 | CU27: 0.45611071 | CV27: 0.47936077 | CW27: 0.53186006 | CX27: 0.45356115 | CY27: 0.61434856 | CZ27: 0.46986537 | DA27: 0.68275487 | DB27: 0.7507362 | DC27: 0.63918359 | DD27: 0.62101977 | DE27: 0.70490152 | DF27: 0.58411864 | DG27: 0.60864215 | DH27: 0.69079438 | DI27: 0.70114297 | DJ27: 0.52958216 | DK27: 0.50210432 | DL27: 0.56145333 | DM27: 0.60259385 | DN27: 0.51856895 | DO27: 0.64272862 | DP27: 0.68763778 | DQ27: 0.87405956 | DR27: 0.69688534 | DS27: 0.70784236 | DT27: 0.60170461 | DU27: 0.40607821 | DV27: 0.39989745 | DW27: 0.4169043 | DX27: 0.4994974 | DY27: 0.52091805 | DZ27: 0.59602068 | EA27: 0.61118445 | EB27: 0.74348099 | EC27: 1.058264 | ED27: 1.261091 | EE27: 1.1023626 | EF27: 1.2890924 | EG27: 1.4518556
C28: 964 | D28: 0.90919898 | E28: 1.6504359 | F28: 1.9936008 | G28: 1.5850968 | H28: 2.8055204 | I28: 3.6011062 | J28: 2.1014859 | K28: 1.5102683 | L28: 1.621553 | M28: 2.2823126 | N28: 2.7472771 | O28: 3.3972498 | P28: 1.591181 | Q28: 1.7708597 | R28: 3.4590621 | S28: 2.1579918 | T28: 1.2297812 | U28: 1.3162993 | V28: 0.33597205 | W28: 0.55470699 | X28: 0.69028699 | Y28: 0.91277683 | Z28: 0.67497572 | AA28: 0.77070754 | AB28: 0.82301362 | AC28: 0.65467573 | AD28: 1.3220064 | AE28: 2.4809216 | AF28: 3.1389708 | AG28: 3.1404386 | AH28: 4.4290141 | AI28: 9.3310776 | AJ28: 10.331123 | AK28: 11.238702 | AL28: 14.430347 | AM28: 15.140983 | AN28: 15.523555 | AO28: 17.715776 | AP28: 19.628332 | AQ28: 21.392786 | AR28: 19.161778 | AS28: 10.651002 | AT28: 6.732803 | AU28: 9.2879487 | AV28: 10.348341 | AW28: 14.696192 | AX28: 12.707564 | AY28: 13.715227 | AZ28: 3.2554295 | BA28: 2.4409622 | BB28: 2.1521253 | BC28: 0.066714454 | BD28: -0.14278937 | BE28: -0.1107887 | BF28: -0.19118858 | BG28: -0.18210543 | BH28: -0.29649114 | BI28: -0.31941736 | BJ28: -0.35880004 | BK28: -0.11036493 | BL28: -0.10145103 | BM28: -0.060884938 | BN28: 0.018088805 | BO28: 0.20656593 | BP28: 0.17438893 | BQ28: -0.80786292 | BR28: -0.83417438 | BS28: -0.8974725 | BT28: -0.909942 | BU28: -0.91496717 | BV28: -0.91927729 | BW28: -0.92528531 | BX28: -0.92100357 | BY28: -0.91574205 | BZ28: -0.90247996 | CA28: -0.9426096 | CB28: -0.93953768 | CC28: -0.91916618 | CD28: -0.93700567 | CE28: -0.90232144 | CF28: -0.88477128 | CG28: -0.88707968 | CH28: -0.87629731 | CI28: -0.93516932 | CJ28: -0.93049563 | CK28: -0.90931607 | CL28: -0.91433233 | CM28: -0.91752339 | CN28: -0.90083853 | CO28: -0.89440064 | CP28: -0.9213054 | CQ28: -0.9164142 | CR28: -0.86277095 | CS28: -0.91134938 | CT28: -0.91652347 | CU28: -0.92709191 | CV28: -0.92240949 | CW28: -0.91408062 | CX28: -0.9336147 | CY28: -0.92166895 | CZ28: -0.92131032 | DA28: -0.88867969 | DB28: -0.92067625 | DC28: -0.93285517 | DD28: -0.94168516 | DE28: -0.93207031 | DF28: -0.94847704 | DG28: -0.94911508 | DH28: -0.95505149 | DI28: -0.95047515 | DJ28: -0.95628343 | DK28: -0.95365796 | DL28: -0.95235058 | DM28: -0.96095187 | DN28: -0.96476092 | DO28: -0.96296583 | DP28: -0.96670069 | DQ28: -0.96342083 | DR28: -0.96556713 | DS28: -0.96481313 | DT28: -0.97429178 | DU28: -0.9851428 | DV28: -0.98625898 | DW28: -0.98912178 | DX28: -0.98928036 | DY28: -0.98469706 | DZ28: -0.9862655 | EA28: -0.98569588 | EB28: -0.9771326 | EC28: -0.97230357 | ED28: -0.95791528 | EE28: -0.96223102 | EF28: -0.95814695 | EG28: -0.9541192
C29: 大盤 | D29: -0.017446771 | E29: 0.0028931233 | F29: 0.026944636 | G29: 0.020210365 | H29: 0.052699097 | I29: 0.088857766 | J29: 0.079869319 | K29: 0.093738646 | L29: 0.037937714 | M29: 0.038844813 | N29: 0.063142952 | O29: 0.076952086 | P29: 0.083257197 | Q29: 0.11295275 | R29: 0.10882043 | S29: 0.13551707 | T29: 0.12167509 | U29: 0.077088976 | V29: -0.0017059521 | W29: -0.059866793 | X29: -0.05914026 | Y29: -0.017185893 | Z29: -0.04440953 | AA29: -0.042407562 | AB29: -0.064815753 | AC29: -0.034768871 | AD29: 0.0027817794 | AE29: -0.040202845 | AF29: -0.02230532 | AG29: -0.007415257 | AH29: 0.028334274 | AI29: 0.037953942 | AJ29: 0.049110132 | AK29: 0.063123887 | AL29: 0.057454516 | AM29: 0.058917119 | AN29: 0.080938284 | AO29: 0.11500697 | AP29: 0.12196653 | AQ29: 0.12886131 | AR29: 0.1479914 | AS29: 0.18780699 | AT29: 0.19148751 | AU29: 0.20945675 | AV29: 0.18617325 | AW29: 0.23209181 | AX29: 0.20516204 | AY29: 0.21453133 | AZ29: 0.26602411 | BA29: 0.23271632 | BB29: 0.24451557 | BC29: 0.21433639 | BD29: 0.23882151 | BE29: 0.23447944 | BF29: 0.25935659 | BG29: 0.2600887 | BH29: 0.25351141 | BI29: 0.10826484 | BJ29: 0.1179347 | BK29: 0.099625989 | BL29: 0.1225426 | BM29: 0.17302994 | BN29: 0.20112905 | BO29: 0.23745012 | BP29: 0.18334151 | BQ29: 0.20924423 | BR29: 0.2196769 | BS29: 0.1962677 | BT29: 0.2198762 | BU29: 0.27805738 | BV29: 0.2926973 | BW29: 0.34857882 | BX29: 0.29093054 | BY29: 0.2679374 | BZ29: 0.076284733 | CA29: 0.20998513 | CB29: 0.20447092 | CC29: 0.27699361 | CD29: 0.38680489 | CE29: 0.37874966 | CF29: 0.37042015 | CG29: 0.37378087 | CH29: 0.49692144 | CI29: 0.60319198 | CJ29: 0.64675174 | CK29: 0.73315421 | CL29: 0.78424874 | CM29: 0.90348131 | CN29: 0.84871391 | CO29: 0.92166881 | CP29: 0.86588068 | CQ29: 0.89197294 | CR29: 0.83090579 | CS29: 0.83658815 | CT29: 0.88358985 | CU29: 0.96720595 | CV29: 0.90752297 | CW29: 0.90512335 | CX29: 0.9095744 | CY29: 0.78685724 | CZ29: 0.80992517 | DA29: 0.58282102 | DB29: 0.60132527 | DC29: 0.61147422 | DD29: 0.42243967 | DE29: 0.37121637 | DF29: 0.56169383 | DG29: 0.48182333 | DH29: 0.59552578 | DI29: 0.62027044 | DJ29: 0.65789923 | DK29: 0.62743886 | DL29: 0.72866395 | DM29: 0.76340716 | DN29: 0.78721129 | DO29: 0.73314419 | DP29: 0.70364117 | DQ29: 0.66652134 | DR29: 0.80941825 | DS29: 0.86027511 | DT29: 0.8559906 | DU29: 0.96451259 | DV29: 1.0974294 | DW29: 1.1079602 | DX29: 1.186832 | DY29: 1.3707686 | DZ29: 1.2834475 | EA29: 1.2905073 | EB29: 1.2860233 | EC29: 1.3465094 | ED29: 1.2884274 | EE29: 1.3664982 | EF29: 1.4163413 | EG29: 1.3673442

Sheet RF夏普比率
A14: 投資組合 | C14: 公司數 | D14: 964
A15: 等分 | B15: 家數 | C15: 2014/01 | D15: 2014/02 | E15: 2014/03 | F15: 2014/04 | G15: 2014/05 | H15: 2014/06 | I15: 2014/07 | J15: 2014/08 | K15: 2014/09 | L15: 2014/10 | M15: 2014/11 | N15: 2014/12 | O15: 2015/01 | P15: 2015/02 | Q15: 2015/03 | R15: 2015/04 | S15: 2015/05 | T15: 2015/06 | U15: 2015/07 | V15: 2015/08 | W15: 2015/09 | X15: 2015/10 | Y15: 2015/11 | Z15: 2015/12 | AA15: 2016/01 | AB15: 2016/02 | AC15: 2016/03 | AD15: 2016/04 | AE15: 2016/05 | AF15: 2016/06 | AG15: 2016/07 | AH15: 2016/08 | AI15: 2016/09 | AJ15: 2016/10 | AK15: 2016/11 | AL15: 2016/12 | AM15: 2017/01 | AN15: 2017/02 | AO15: 2017/03 | AP15: 2017/04 | AQ15: 2017/05 | AR15: 2017/06 | AS15: 2017/07 | AT15: 2017/08 | AU15: 2017/09 | AV15: 2017/10 | AW15: 2017/11 | AX15: 2017/12 | AY15: 2018/01 | AZ15: 2018/02 | BA15: 2018/03 | BB15: 2018/04 | BC15: 2018/05 | BD15: 2018/06 | BE15: 2018/07 | BF15: 2018/08 | BG15: 2018/09 | BH15: 2018/10 | BI15: 2018/11 | BJ15: 2018/12 | BK15: 2019/01 | BL15: 2019/02 | BM15: 2019/03 | BN15: 2019/04 | BO15: 2019/05 | BP15: 2019/06 | BQ15: 2019/07 | BR15: 2019/08 | BS15: 2019/09 | BT15: 2019/10 | BU15: 2019/11 | BV15: 2019/12 | BW15: 2020/01 | BX15: 2020/02 | BY15: 2020/03 | BZ15: 2020/04 | CA15: 2020/05 | CB15: 2020/06 | CC15: 2020/07 | CD15: 2020/08 | CE15: 2020/09 | CF15: 2020/10 | CG15: 2020/11 | CH15: 2020/12 | CI15: 2021/01 | CJ15: 2021/02 | CK15: 2021/03 | CL15: 2021/04 | CM15: 2021/05 | CN15: 2021/06 | CO15: 2021/07 | CP15: 2021/08 | CQ15: 2021/09 | CR15: 2021/10 | CS15: 2021/11 | CT15: 2021/12 | CU15: 2022/01 | CV15: 2022/02 | CW15: 2022/03 | CX15: 2022/04 | CY15: 2022/05 | CZ15: 2022/06 | DA15: 2022/07 | DB15: 2022/08 | DC15: 2022/09 | DD15: 2022/10 | DE15: 2022/11 | DF15: 2022/12 | DG15: 2023/01 | DH15: 2023/02 | DI15: 2023/03 | DJ15: 2023/04 | DK15: 2023/05 | DL15: 2023/06 | DM15: 2023/07 | DN15: 2023/08 | DO15: 2023/09 | DP15: 2023/10 | DQ15: 2023/11 | DR15: 2023/12 | DS15: 2024/01 | DT15: 2024/02 | DU15: 2024/03 | DV15: 2024/04 | DW15: 2024/05 | DX15: 2024/06 | DY15: 2024/07 | DZ15: 2024/08 | EA15: 2024/09 | EB15: 2024/10 | EC15: 2024/11 | ED15: 2024/12 | EE15: 2025/01 | EF15: 2025/02 | EG15: 平均值 | EH15: 標準差 | EI15: 夏普比率
A16: 10 | B16: 96 | C16: 0.13959368 | D16: 0.026098817 | E16: -0.004682604 | F16: -0.016570813 | G16: -0.017761266 | H16: -0.0078258652 | I16: 0.0034609078 | J16: -0.017798511 | K16: -0.0053688851 | L16: 0.0057413588 | M16: -0.01687893 | N16: 0.010384013 | O16: -0.027424116 | P16: 0.00141333 | Q16: -0.016572394 | R16: -0.018447579 | S16: 0.0029430443 | T16: -0.009310974 | U16: -0.0061156809 | V16: 0.033269366 | W16: -0.012341719 | X16: 0.087826066 | Y16: -0.056736625 | Z16: 0.010480665 | AA16: -0.0031362814 | AB16: 0.0080840819 | AC16: 0.027969384 | AD16: 0.0029859741 | AE16: -0.0041283578 | AF16: -0.003153398 | AG16: 0.015229287 | AH16: 0.021279319 | AI16: 0.0027318791 | AJ16: -0.024638124 | AK16: -0.018118877 | AL16: 0.00071975508 | AM16: -0.020908201 | AN16: 0.0073231475 | AO16: 0.017796887 | AP16: 0.034346722 | AQ16: 0.020159407 | AR16: 0.0051068641 | AS16: 0.017430919 | AT16: -0.0095214669 | AU16: 0.0096074037 | AV16: 0.0071497717 | AW16: 0.0061192954 | AX16: -0.022664982 | AY16: -0.0055687313 | AZ16: 0.0045973301 | BA16: 0.020644357 | BB16: -0.015739585 | BC16: 0.0047345581 | BD16: 0.0076378022 | BE16: -0.023567956 | BF16: 0.015353575 | BG16: 0.03123484 | BH16: -0.0084160204 | BI16: -0.0025011977 | BJ16: -0.0039331759 | BK16: 0.0032904308 | BL16: 0.03901401 | BM16: -0.009162805 | BN16: -0.008666769 | BO16: 0.012992698 | BP16: -0.015333989 | BQ16: -0.021410231 | BR16: 0.0074126194 | BS16: -0.0073076176 | BT16: 0.037841747 | BU16: 0.017198247 | BV16: 0.0037095413 | BW16: 0.028263101 | BX16: -0.0018323531 | BY16: 0.033486521 | BZ16: -0.067028525 | CA16: -0.0042270658 | CB16: 0.0021023168 | CC16: -0.013439846 | CD16: -0.042422145 | CE16: 0.026709101 | CF16: 0.029829598 | CG16: -0.009209765 | CH16: 0.054791114 | CI16: 0.0020868137 | CJ16: -0.026798593 | CK16: -0.039709268 | CL16: 0.085244194 | CM16: -0.016897212 | CN16: 0.033291273 | CO16: -0.058377196 | CP16: -0.02164836 | CQ16: -0.0093651541 | CR16: -0.0097928265 | CS16: -0.00078060548 | CT16: 0.023051297 | CU16: -0.036255162 | CV16: 0.025009646 | CW16: -0.0018550173 | CX16: -0.028180483 | CY16: 0.0016379687 | CZ16: 0.0029579296 | DA16: 0.062230098 | DB16: 0.014355773 | DC16: -0.076009512 | DD16: 0.012365868 | DE16: 0.05816202 | DF16: -0.0050099305 | DG16: 0.041851058 | DH16: 0.007845591 | DI16: 0.025231196 | DJ16: 0.033167075 | DK16: 0.018501176 | DL16: 0.018524944 | DM16: 0.041918025 | DN16: -0.030670509 | DO16: -0.003087572 | DP16: 0.012312411 | DQ16: -0.0048160804 | DR16: 0.013994229 | DS16: 0.0070283946 | DT16: 0.027106032 | DU16: 0.00017568042 | DV16: -0.025975194 | DW16: -0.037634466 | DX16: -0.0072867652 | DY16: 0.012691587 | DZ16: 0.023887646 | EA16: -0.057983778 | EB16: 0.0076601151 | EC16: -0.01770688 | ED16: -0.0047781685 | EE16: -0.015718952 | EF16: 0.042279365 | EG16: =AVERAGE(C16:EF16) -> 0.0031675458 | EH16: =STDEV(C16:EF16) -> 0.028598216 | EI16: =EG16/EH16 -> 0.11076026
A17: 20 | B17: 48 | C17: 0.19687693 | D17: 0.072917495 | E17: -0.013256517 | F17: 0.024097566 | G17: 0.0071533853 | H17: -0.0092787547 | I17: 0.018591155 | J17: -0.010730761 | K17: -0.039153014 | L17: 0.021170672 | M17: 0.001837565 | N17: -0.01233864 | O17: -0.039621483 | P17: -0.0054472915 | Q17: 0.0060860176 | R17: -0.02641954 | S17: -0.0069610133 | T17: -0.0079036622 | U17: -0.052495007 | V17: 0.040941342 | W17: 0.01120428 | X17: 0.096634324 | Y17: -0.043586753 | Z17: 0.023007701 | AA17: -0.022660493 | AB17: 0.010205391 | AC17: 0.020173681 | AD17: 0.024754826 | AE17: -0.018527981 | AF17: 0.017851011 | AG17: 0.01051079 | AH17: 0.031655609 | AI17: -0.004911231 | AJ17: -0.038529814 | AK17: -0.038225303 | AL17: -0.0056756043 | AM17: -0.013045211 | AN17: 0.01729481 | AO17: 0.038352096 | AP17: 0.054980678 | AQ17: 0.014200007 | AR17: 0.0059358125 | AS17: 0.032345053 | AT17: -0.0088300514 | AU17: 0.036281159 | AV17: 0.017008996 | AW17: -0.044457968 | AX17: -0.02469664 | AY17: -0.0044384569 | AZ17: 0.012814034 | BA17: 0.044154468 | BB17: -0.033427568 | BC17: -0.0036834097 | BD17: 0.020199466 | BE17: -0.035566667 | BF17: -0.0091838677 | BG17: 0.034769413 | BH17: -0.0098314145 | BI17: 0.036112133 | BJ17: -0.0017650476 | BK17: -0.0018256098 | BL17: 0.031121253 | BM17: -0.013740018 | BN17: -3.5930283e-05 | BO17: 0.025323941 | BP17: -0.035219689 | BQ17: -0.027625878 | BR17: -0.014855447 | BS17: -0.026762171 | BT17: 0.050933593 | BU17: -0.018285143 | BV17: 0.025376374 | BW17: 0.041905111 | BX17: -0.0084628127 | BY17: -0.019711204 | BZ17: -0.10460996 | CA17: -0.031932391 | CB17: 0.015086941 | CC17: -0.031759322 | CD17: -0.022044056 | CE17: 0.052478166 | CF17: 0.03182044 | CG17: -0.015379607 | CH17: 0.054934197 | CI17: -0.024458243 | CJ17: -0.0061914665 | CK17: -0.043815577 | CL17: 0.065087735 | CM17: -0.025640227 | CN17: 0.017339311 | CO17: -0.095041996 | CP17: 0.013045571 | CQ17: 0.0080020647 | CR17: -0.0098590499 | CS17: -0.0098019764 | CT17: 0.02999914 | CU17: -0.039338968 | CV17: 0.044401332 | CW17: -0.011683465 | CX17: -0.014373145 | CY17: -0.011132626 | CZ17: 0.00060390683 | DA17: 0.06965848 | DB17: 0.0076960615 | DC17: -0.082259931 | DD17: 0.044784809 | DE17: 0.073137257 | DF17: 0.0098069514 | DG17: 0.042540216 | DH17: 0.024831768 | DI17: 0.016559425 | DJ17: 0.020106354 | DK17: 0.015534011 | DL17: 0.033410437 | DM17: 0.045191627 | DN17: -0.028216504 | DO17: 0.0026354625 | DP17: 0.018938737 | DQ17: 0.0002104151 | DR17: 0.048104269 | DS17: 0.020006542 | DT17: 0.017377188 | DU17: -0.01169759 | DV17: -0.031639436 | DW17: -0.043314802 | DX17: -0.017494836 | DY17: 0.031754181 | DZ17: 0.028472537 | EA17: -0.04650276 | EB17: 0.035157587 | EC17: -0.033585504 | ED17: -0.046444204 | EE17: -0.011995968 | EF17: 0.046200236 | EG17: =AVERAGE(C17:EF17) -> 0.0041664538 | EH17: =STDEV(C17:EF17) -> 0.037378917 | EI17: =EG17/EH17 -> 0.11146534
A18: 50 | B18: 19 | C18: 0.3630823 | D18: 0.062201179 | E18: -0.013724385 | F18: 0.03150917 | G18: 0.020441556 | H18: 0.013522263 | I18: -0.019791156 | J18: -0.08572329 | K18: -0.041764661 | L18: 0.015876742 | M18: -0.0085675801 | N18: -0.039315753 | O18: -0.043447211 | P18: -0.0013296587 | Q18: 0.023650108 | R18: -0.052772249 | S18: -0.025081241 | T18: -0.047365598 | U18: -0.064384322 | V18: 0.083822571 | W18: 0.028316519 | X18: 0.12779865 | Y18: -0.06809406 | Z18: 0.057637898 | AA18: -0.060309841 | AB18: -0.022355649 | AC18: 0.054444415 | AD18: 0.057438047 | AE18: -0.007258045 | AF18: 0.081801274 | AG18: 0.014926616 | AH18: 0.053626233 | AI18: 0.035066941 | AJ18: -0.051816742 | AK18: -0.0041525248 | AL18: -0.046535755 | AM18: -0.0094781193 | AN18: 0.055765618 | AO18: 0.094186589 | AP18: 0.099920696 | AQ18: -0.050805168 | AR18: 0.0012297852 | AS18: 0.02703621 | AT18: 0.048790115 | AU18: 0.067695632 | AV18: 0.013733898 | AW18: -0.011039673 | AX18: -0.050981307 | AY18: 0.0026631768 | AZ18: 0.027737745 | BA18: 0.045884348 | BB18: -0.075778122 | BC18: -0.010768669 | BD18: 0.012773755 | BE18: -0.024146216 | BF18: -0.018930015 | BG18: 0.11372091 | BH18: 0.079477942 | BI18: -0.032589581 | BJ18: 0.027633016 | BK18: -0.00069484528 | BL18: 0.056804529 | BM18: -0.027617856 | BN18: -0.0030461513 | BO18: 0.027639854 | BP18: -0.03021081 | BQ18: -0.00050559146 | BR18: -0.05819949 | BS18: -0.0055107336 | BT18: 0.017843106 | BU18: -0.067283367 | BV18: 0.049970336 | BW18: 0.070527627 | BX18: 0.0057285339 | BY18: -0.015902053 | BZ18: -0.1563386 | CA18: -0.020989044 | CB18: 0.10418672 | CC18: -0.018939469 | CD18: -0.016308735 | CE18: -0.010593728 | CF18: 0.050093062 | CG18: 0.019273753 | CH18: 0.072727223 | CI18: -0.0041301239 | CJ18: -0.057972359 | CK18: -0.028418168 | CL18: 0.010754037 | CM18: -0.0091045093 | CN18: 0.051951452 | CO18: -0.25772069 | CP18: 0.063466726 | CQ18: 0.075875372 | CR18: 0.036317552 | CS18: 0.011683432 | CT18: 0.020884058 | CU18: -0.052882079 | CV18: 0.078280245 | CW18: -0.042458824 | CX18: -0.016928207 | CY18: -0.0033918997 | CZ18: 0.011173626 | DA18: 0.089709911 | DB18: -0.032418327 | DC18: -0.073101271 | DD18: 0.031441519 | DE18: 0.041191264 | DF18: -0.0059121179 | DG18: 0.043652212 | DH18: -0.0097363273 | DI18: -0.026822377 | DJ18: 0.024056978 | DK18: -0.023871846 | DL18: 0.075602361 | DM18: 0.065888566 | DN18: 0.022779566 | DO18: 0.02515654 | DP18: 0.10270409 | DQ18: -0.0053317922 | DR18: 0.013077887 | DS18: 0.047859331 | DT18: 0.0052444824 | DU18: -0.0060000535 | DV18: -0.0089001163 | DW18: -0.045234729 | DX18: -0.065065009 | DY18: 0.051806172 | DZ18: 0.019932609 | EA18: -0.020036386 | EB18: 0.036505306 | EC18: -0.012758695 | ED18: -0.10727841 | EE18: 0.020466068 | EF18: 0.055540104 | EG18: =AVERAGE(C18:EF18) -> 0.0083230354 | EH18: =STDEV(C18:EF18) -> 0.061971716 | EI18: =EG18/EH18 -> 0.13430378
A19: 100 | B19: 10 | C19: 0.50963263 | D19: 0.086134769 | E19: 0.11635929 | F19: 0.12388834 | G19: -0.041898537 | H19: 0.01672266 | I19: 0.0019031211 | J19: -0.10827989 | K19: 0.01358015 | L19: -0.030743089 | M19: -0.0019381987 | N19: 0.03883544 | O19: -0.10936427 | P19: -0.0035283862 | Q19: 0.11092724 | R19: -0.02463546 | S19: -0.038573824 | T19: -0.1191957 | U19: -0.074637877 | V19: 0.072037822 | W19: 0.031653054 | X19: 0.15961963 | Y19: -0.036213758 | Z19: 0.075771436 | AA19: -0.049234814 | AB19: -0.081263034 | AC19: -0.0078230351 | AD19: 0.1076413 | AE19: 0.06909869 | AF19: 0.1643056 | AG19: 0.030476061 | AH19: 0.091088555 | AI19: 0.059059741 | AJ19: -0.075443777 | AK19: -0.057078796 | AL19: -0.030628477 | AM19: 0.016695893 | AN19: 0.10952938 | AO19: 0.031342987 | AP19: 0.1595168 | AQ19: 0.019790077 | AR19: -0.012316999 | AS19: 0.033533257 | AT19: 0.061883131 | AU19: 0.12192409 | AV19: 0.062329574 | AW19: -0.066359577 | AX19: -0.12360124 | AY19: -0.063062893 | AZ19: 0.0038641921 | BA19: 0.058925129 | BB19: -0.064575668 | BC19: -0.059050625 | BD19: 0.0049337599 | BE19: -0.051355329 | BF19: -0.065913548 | BG19: 0.20748183 | BH19: 0.10304016 | BI19: -0.084653603 | BJ19: 0.094970026 | BK19: -0.080679031 | BL19: 0.070933493 | BM19: -0.047822373 | BN19: -0.011634892 | BO19: 0.044885188 | BP19: -0.074309656 | BQ19: -0.01393508 | BR19: -0.084186912 | BS19: -0.025477996 | BT19: 0.036163396 | BU19: -0.11559593 | BV19: 0.11357477 | BW19: 0.006529971 | BX19: -0.033894651 | BY19: -0.011734522 | BZ19: -0.2113028 | CA19: 0.010766367 | CB19: 0.16978791 | CC19: -0.076848068 | CD19: 0.010926921 | CE19: 0.026910355 | CF19: 0.058110394 | CG19: -0.034672546 | CH19: -0.015482572 | CI19: -0.061386931 | CJ19: -0.0045160924 | CK19: -0.054737817 | CL19: -0.0042775615 | CM19: 0.014141936 | CN19: 0.13090359 | CO19: -0.25772294 | CP19: -0.009237891 | CQ19: 0.14317007 | CR19: 0.014355621 | CS19: -0.013686282 | CT19: 0.012291504 | CU19: -0.0073128662 | CV19: 0.071491322 | CW19: -0.087529691 | CX19: -0.028312886 | CY19: -0.096508703 | CZ19: 0.102522 | DA19: 0.053909116 | DB19: -0.053103264 | DC19: -0.021095691 | DD19: 0.011045424 | DE19: 0.0056922538 | DF19: 0.0047468407 | DG19: 0.019375269 | DH19: 0.00061046924 | DI19: -0.070920161 | DJ19: 0.022842503 | DK19: -0.069562202 | DL19: 0.094187497 | DM19: 0.030368331 | DN19: 0.0085354151 | DO19: 0.049867111 | DP19: 0.14910843 | DQ19: -0.023520681 | DR19: 0.013175726 | DS19: 0.015657575 | DT19: -0.06450564 | DU19: -0.010863689 | DV19: 0.030822068 | DW19: -0.072424394 | DX19: -0.028167188 | DY19: -0.0044816442 | DZ19: 0.015832415 | EA19: 0.013743109 | EB19: 0.06235544 | EC19: 0.061254631 | ED19: -0.012052379 | EE19: 0.05271458 | EF19: 0.053122746 | EG19: =AVERAGE(C19:EF19) -> 0.010448161 | EH19: =STDEV(C19:EF19) -> 0.086657138 | EI19: =EG19/EH19 -> 0.12056896
A20: 107 | B20: 9 | C20: 0.51201375 | D20: 0.098100164 | E20: 0.10490872 | F20: 0.083179582 | G20: -0.080315667 | H20: 0.040809523 | I20: -0.014943267 | J20: -0.13392275 | K20: 0.051003248 | L20: -0.04641424 | M20: 0.031926633 | N20: 0.06038545 | O20: -0.11186302 | P20: -0.0021373521 | Q20: 0.11984252 | R20: -0.022870169 | S20: -0.041951786 | T20: -0.098217945 | U20: -0.082250982 | V20: 0.060606656 | W20: 0.020143564 | X20: 0.15778417 | Y20: -0.039654899 | Z20: 0.075980169 | AA20: -0.044378814 | AB20: -0.063508543 | AC20: 0.0037460612 | AD20: 0.15515337 | AE20: 0.078294658 | AF20: 0.17479102 | AG20: 0.046222111 | AH20: 0.07920083 | AI20: 0.012752398 | AJ20: -0.080168785 | AK20: -0.057142953 | AL20: -0.037035213 | AM20: 0.013086357 | AN20: 0.13054666 | AO20: 0.029132007 | AP20: 0.18046781 | AQ20: 0.034863251 | AR20: -0.0074643598 | AS20: 0.0040032869 | AT20: 0.049783606 | AU20: 0.11375997 | AV20: 0.050567442 | AW20: -0.034622585 | AX20: -0.15275228 | AY20: -0.07534758 | AZ20: 0.012737381 | BA20: 0.075696171 | BB20: -0.059210357 | BC20: -0.071737982 | BD20: 0.015101634 | BE20: -0.050446333 | BF20: -0.061747526 | BG20: 0.21313945 | BH20: 0.11762021 | BI20: -0.12838513 | BJ20: 0.10747997 | BK20: -0.073976121 | BL20: 0.068955644 | BM20: -0.031957791 | BN20: -0.0068211149 | BO20: 0.041217397 | BP20: -0.093985404 | BQ20: -0.061185915 | BR20: -0.10986526 | BS20: -0.020749425 | BT20: 0.055003395 | BU20: -0.12401299 | BV20: 0.11189562 | BW20: 0.060190311 | BX20: -0.049871168 | BY20: -0.061980392 | BZ20: -0.25329022 | CA20: 0.00034296846 | CB20: 0.19452321 | CC20: -0.076255125 | CD20: 0.066582598 | CE20: 0.031430835 | CF20: 0.049680014 | CG20: 0.05296769 | CH20: -0.037796611 | CI20: -0.074929092 | CJ20: 0.01827983 | CK20: -0.066249791 | CL20: -0.064150789 | CM20: 0.023304939 | CN20: 0.044786616 | CO20: -0.23372784 | CP20: -0.010360156 | CQ20: 0.15853055 | CR20: -0.0079564433 | CS20: -0.0316431 | CT20: -0.005556105 | CU20: 0.00097710644 | CV20: 0.036441513 | CW20: -0.068855905 | CX20: 0.0063875864 | CY20: -0.11038494 | CZ20: 0.11841933 | DA20: 0.03709776 | DB20: -0.048833267 | DC20: -0.013774937 | DD20: 0.0035078619 | DE20: -0.0059766028 | DF20: 0.0093120481 | DG20: 0.0028115335 | DH20: 0.0031782925 | DI20: -0.078149422 | DJ20: -0.020142525 | DK20: -0.095577695 | DL20: 0.10972129 | DM20: -0.023729882 | DN20: 0.032410309 | DO20: 0.06235584 | DP20: 0.1114644 | DQ20: -0.0311626 | DR20: 0.014578889 | DS20: 0.0016731204 | DT20: -0.06552698 | DU20: 0.0099625204 | DV20: 0.016931498 | DW20: -0.082644503 | DX20: -0.019118756 | DY20: -0.035916484 | DZ20: -0.0013584695 | EA20: 0.042287554 | EB20: 0.092113311 | EC20: 0.095294098 | ED20: -0.0021275906 | EE20: 0.063645166 | EF20: 0.06637984 | EG20: =AVERAGE(C20:EF20) -> 0.0091894056 | EH20: =STDEV(C20:EF20) -> 0.09143687 | EI20: =EG20/EH20 -> 0.1005
A21: 120 | B21: 8 | C21: 0.52985771 | D21: 0.076061145 | E21: 0.10440408 | F21: -0.06717858 | G21: -0.082735777 | H21: 0.048538574 | I21: 0.017228104 | J21: -0.083716559 | K21: 0.043504555 | L21: -0.036605614 | M21: 0.023588566 | N21: 0.047668104 | O21: -0.12231128 | P21: -0.0068552531 | Q21: 0.13676183 | R21: -0.049627206 | S21: -0.00053140616 | T21: -0.072801924 | U21: -0.12705136 | V21: 0.047642476 | W21: 0.01511543 | X21: 0.20221851 | Y21: -0.030595375 | Z21: 0.070802849 | AA21: -0.049593906 | AB21: -0.059192407 | AC21: 0.00197018 | AD21: 0.13969011 | AE21: 0.12090141 | AF21: 0.14528084 | AG21: 0.059824625 | AH21: 0.079034205 | AI21: -0.0069087254 | AJ21: -0.088640827 | AK21: -0.048049495 | AL21: -0.040485266 | AM21: 0.009450096 | AN21: 0.13954237 | AO21: 0.02706228 | AP21: 0.21064131 | AQ21: 0.0004153587 | AR21: 0.0062558706 | AS21: 0.012558767 | AT21: 0.063393401 | AU21: 0.1407977 | AV21: 0.041395757 | AW21: -0.012224798 | AX21: -0.18435485 | AY21: -0.12809128 | AZ21: 0.0059507401 | BA21: 0.039079089 | BB21: -0.05677891 | BC21: -0.062312336 | BD21: 0.0099495228 | BE21: -0.051416418 | BF21: -0.015788925 | BG21: 0.20140513 | BH21: 0.13969197 | BI21: -0.10198312 | BJ21: 0.119702 | BK21: -0.09668799 | BL21: 0.081805321 | BM21: -0.033466951 | BN21: 0.0040575035 | BO21: 0.048053365 | BP21: -0.13589513 | BQ21: -0.066896047 | BR21: -0.11229958 | BS21: -0.020453667 | BT21: 0.063726793 | BU21: -0.12846365 | BV21: 0.13246304 | BW21: 0.031768333 | BX21: -0.038230486 | BY21: -0.079758185 | BZ21: -0.26753931 | CA21: 0.0020565279 | CB21: 0.22563407 | CC21: -0.10644024 | CD21: -0.050873354 | CE21: -0.039737205 | CF21: 0.052853073 | CG21: 0.081574797 | CH21: -0.042530619 | CI21: -0.11725745 | CJ21: 0.01711311 | CK21: -0.069748368 | CL21: -0.009312803 | CM21: 0.051487871 | CN21: 0.022772361 | CO21: -0.16747505 | CP21: -0.030928959 | CQ21: 0.20310226 | CR21: 0.023181979 | CS21: -0.0086770512 | CT21: -0.037899252 | CU21: -0.011171046 | CV21: 0.040180729 | CW21: -0.073503677 | CX21: 0.015293372 | CY21: -0.099568969 | CZ21: 0.14849636 | DA21: 0.057245568 | DB21: -0.064871694 | DC21: -0.017668364 | DD21: -0.0057846516 | DE21: -0.022127288 | DF21: 0.021587741 | DG21: 0.025060521 | DH21: 0.0082975077 | DI21: -0.083131859 | DJ21: -0.010219142 | DK21: -0.095570533 | DL21: 0.07242241 | DM21: -0.029633364 | DN21: 0.040703783 | DO21: 0.066922479 | DP21: 0.1081164 | DQ21: -0.053077386 | DR21: -0.0061282001 | DS21: -0.018473527 | DT21: -0.084857003 | DU21: 0.037965007 | DV21: 0.022166275 | DW21: -0.083543442 | DX21: 0.011892608 | DY21: 0.044396719 | DZ21: -0.0048075572 | EA21: 0.04614454 | EB21: 0.08817728 | EC21: 0.098773806 | ED21: -0.0023581203 | EE21: 0.074006134 | EF21: 0.079478953 | EG21: =AVERAGE(C21:EF21) -> 0.0090557051 | EH21: =STDEV(C21:EF21) -> 0.096117632 | EI21: =EG21/EH21 -> 0.094214817
A22: 137 | B22: 7 | C22: 0.59702667 | D22: 0.11234222 | E22: 0.11977254 | F22: -0.052670133 | G22: -0.085104963 | H22: 0.042588982 | I22: 0.025934439 | J22: -0.10291089 | K22: 0.060254317 | L22: -0.035141144 | M22: 0.06594491 | N22: 0.048725311 | O22: -0.12114281 | P22: 0.018580166 | Q22: 0.17007991 | R22: -0.050666745 | S22: -0.0078891291 | T22: -0.07758372 | U22: -0.12095281 | V22: 0.060617935 | W22: 0.034031799 | X22: 0.11902178 | Y22: -0.05917297 | Z22: 0.046364348 | AA22: -0.056977897 | AB22: -0.057732291 | AC22: 0.038247065 | AD22: 0.12174285 | AE22: 0.095786687 | AF22: 0.14793824 | AG22: 0.040076151 | AH22: 0.1060203 | AI22: 0.0088415767 | AJ22: -0.091660719 | AK22: -0.062903545 | AL22: -0.023090075 | AM22: 0.0059551741 | AN22: 0.15245896 | AO22: 0.042447332 | AP22: 0.23572912 | AQ22: -0.016630198 | AR22: -0.037023841 | AS22: -0.031522233 | AT22: 0.073773102 | AU22: 0.17022874 | AV22: 0.0364379 | AW22: -0.01028742 | AX22: -0.21646804 | AY22: -0.15878963 | AZ22: -0.073243794 | BA22: 0.039030252 | BB22: -0.029833767 | BC22: -0.067232691 | BD22: 0.010369358 | BE22: -0.058332098 | BF22: -0.048237821 | BG22: 0.20384241 | BH22: 0.12731126 | BI22: -0.030982023 | BJ22: 0.16854184 | BK22: -0.043284731 | BL22: 0.080872492 | BM22: -0.028591581 | BN22: 0.037674701 | BO22: 0.03443857 | BP22: -0.16345065 | BQ22: -0.08823425 | BR22: -0.12937015 | BS22: -0.008026796 | BT22: 0.12060036 | BU22: -0.059011248 | BV22: 0.081313722 | BW22: 0.023036326 | BX22: -0.064435825 | BY22: -0.079395837 | BZ22: -0.22233143 | CA22: -0.00033634169 | CB22: 0.20437027 | CC22: -0.15077476 | CD22: -0.069076709 | CE22: -0.053557467 | CF22: 0.059428907 | CG22: 0.096535295 | CH22: -0.070558229 | CI22: -0.12316024 | CJ22: -0.02552087 | CK22: -0.059404698 | CL22: -0.015808281 | CM22: 0.02744199 | CN22: 0.010380079 | CO22: -0.1529223 | CP22: -0.036841767 | CQ22: 0.24824018 | CR22: 0.0016801623 | CS22: 0.012760755 | CT22: -0.039989379 | CU22: -0.016964815 | CV22: 0.01716022 | CW22: -0.076679093 | CX22: 0.027565591 | CY22: -0.097612476 | CZ22: 0.1460158 | DA22: 0.061880195 | DB22: -0.058935192 | DC22: -0.010253509 | DD22: 0.024323833 | DE22: -0.031841769 | DF22: 0.032191641 | DG22: 0.025642306 | DH22: 0.0022638178 | DI22: -0.072426308 | DJ22: -0.025905625 | DK22: -0.054742387 | DL22: 0.084636771 | DM22: -0.021697179 | DN22: 0.051943746 | DO22: 0.056454224 | DP22: 0.11984535 | DQ22: -0.10782357 | DR22: -0.020824985 | DS22: -0.011093287 | DT22: -0.11481388 | DU22: 0.064428265 | DV22: 0.037284648 | DW22: -0.051251544 | DX22: 0.014207202 | DY22: 0.081730372 | DZ22: 0.035042142 | EA22: 0.08196545 | EB22: 0.099856613 | EC22: 0.12283663 | ED22: -0.030402289 | EE22: 0.074032574 | EF22: 0.09006019 | EG22: =AVERAGE(C22:EF22) -> 0.010930375 | EH22: =STDEV(C22:EF22) -> 0.10224714 | EI22: =EG22/EH22 -> 0.10690152
A23: 160 | B23: 6 | C23: 0.58903403 | D23: 0.12101827 | E23: 0.14904739 | F23: -0.051161742 | G23: -0.07614315 | H23: 0.052045692 | I23: -0.014323776 | J23: -0.087658148 | K23: 0.10999562 | L23: -0.010350047 | M23: 0.095319388 | N23: 0.051909197 | O23: -0.14279046 | P23: 0.01191346 | Q23: 0.17299663 | R23: -0.060054947 | S23: 0.0029282475 | T23: -0.084714245 | U23: -0.14008403 | V23: 0.052065875 | W23: 0.032223956 | X23: 0.07246097 | Y23: -0.046392707 | Z23: 0.046385964 | AA23: -0.047376075 | AB23: -0.056662466 | AC23: 0.041917627 | AD23: 0.14347554 | AE23: 0.13393969 | AF23: 0.13976035 | AG23: 0.058270038 | AH23: 0.11058398 | AI23: 0.025698749 | AJ23: -0.12534083 | AK23: 0.021712838 | AL23: 0.022439216 | AM23: 0.028344364 | AN23: 0.17393219 | AO23: 0.075256079 | AP23: 0.11552752 | AQ23: -0.040305129 | AR23: -0.024064235 | AS23: -0.082810152 | AT23: 0.085553942 | AU23: 0.19824898 | AV23: 0.050253807 | AW23: -0.059856918 | AX23: -0.23920275 | AY23: -0.19532085 | AZ23: -0.07382017 | BA23: 0.020494207 | BB23: -0.077932698 | BC23: -0.075595124 | BD23: 0.0062471472 | BE23: -0.053023862 | BF23: -0.032345345 | BG23: 0.26160881 | BH23: 0.081861771 | BI23: 0.0057666495 | BJ23: 0.18255109 | BK23: -0.051200608 | BL23: 0.082581647 | BM23: 0.014447746 | BN23: 0.021655654 | BO23: 0.046419084 | BP23: -0.15934268 | BQ23: -0.080440695 | BR23: -0.16823039 | BS23: -0.030264806 | BT23: 0.13603345 | BU23: -0.051609422 | BV23: 0.072476835 | BW23: 0.0078441974 | BX23: -0.055721084 | BY23: -0.098363061 | BZ23: -0.19991689 | CA23: 0.037753679 | CB23: 0.20379029 | CC23: -0.18818714 | CD23: -0.074047646 | CE23: -0.057290904 | CF23: 0.10613869 | CG23: 0.045719748 | CH23: -0.13243064 | CI23: -0.17283375 | CJ23: -0.03151917 | CK23: -0.078468322 | CL23: -0.045994719 | CM23: 0.030084793 | CN23: -0.026759955 | CO23: -0.15204785 | CP23: -0.036223363 | CQ23: 0.32077598 | CR23: -0.014852952 | CS23: -0.0038005711 | CT23: -0.050488759 | CU23: 0.027728529 | CV23: 0.016311753 | CW23: -0.055317418 | CX23: 0.066263572 | CY23: -0.1034562 | CZ23: 0.11519659 | DA23: 0.06747171 | DB23: -0.042268358 | DC23: -0.01734549 | DD23: 0.038316496 | DE23: -0.033452283 | DF23: 0.021548499 | DG23: 0.040422527 | DH23: 0.0066989803 | DI23: -0.069408931 | DJ23: -0.038777372 | DK23: -0.031601872 | DL23: 0.037777794 | DM23: -0.065635413 | DN23: 0.037554489 | DO23: 0.056910691 | DP23: 0.12103622 | DQ23: -0.098994753 | DR23: -0.011054394 | DS23: -0.034647927 | DT23: -0.11762443 | DU23: -0.04903794 | DV23: 0.0080006969 | DW23: 0.10490809 | DX23: 0.07639991 | DY23: 0.012094565 | DZ23: 0.011537309 | EA23: 0.060595958 | EB23: 0.12693199 | EC23: 0.11463543 | ED23: -0.044745873 | EE23: 0.085076635 | EF23: 0.092928816 | EG23: =AVERAGE(C23:EF23) -> 0.010030779 | EH23: =STDEV(C23:EF23) -> 0.10816483 | EI23: =EG23/EH23 -> 0.092736055
A24: 192 | B24: 5 | C24: 0.48688323 | D24: 0.14754148 | E24: 0.15805919 | F24: -0.06901927 | G24: -0.077451021 | H24: -0.0071708541 | I24: -0.03367232 | J24: -0.07142734 | K24: 0.13014253 | L24: -0.060974844 | M24: 0.010482042 | N24: 0.10127858 | O24: -0.13009359 | P24: 0.029811983 | Q24: 0.17356576 | R24: -0.061256067 | S24: -0.0050269768 | T24: -0.072740849 | U24: -0.16648222 | V24: 0.054648868 | W24: 0.051064791 | X24: 0.10701387 | Y24: -0.082230025 | Z24: 0.042910792 | AA24: -0.055683174 | AB24: -0.057372286 | AC24: 0.066093906 | AD24: 0.1871406 | AE24: 0.15411462 | AF24: 0.10085416 | AG24: 0.056049469 | AH24: 0.1799513 | AI24: 0.046677777 | AJ24: -0.14950342 | AK24: 0.028893065 | AL24: 0.021185374 | AM24: 0.047696201 | AN24: 0.19178404 | AO24: 0.11257277 | AP24: 0.13425491 | AQ24: -0.090084251 | AR24: -0.053467099 | AS24: -0.09714662 | AT24: 0.093996824 | AU24: 0.23802169 | AV24: 0.083251118 | AW24: -0.077055991 | AX24: -0.086651293 | AY24: -0.22539263 | AZ24: -0.041420954 | BA24: 0.04729685 | BB24: -0.051572867 | BC24: -0.16524946 | BD24: 0.0018439458 | BE24: -0.066886543 | BF24: -0.012335267 | BG24: 0.28123534 | BH24: 0.034445877 | BI24: -0.024662655 | BJ24: 0.15111531 | BK24: -0.083923624 | BL24: 0.074116349 | BM24: 0.026508863 | BN24: 0.0357811 | BO24: 0.15662005 | BP24: -0.17357038 | BQ24: -0.090739883 | BR24: -0.22251482 | BS24: -0.038373754 | BT24: 0.15364436 | BU24: -0.01263817 | BV24: 0.08646628 | BW24: -0.020441636 | BX24: -0.032103214 | BY24: 0.012763254 | BZ24: -0.11812871 | CA24: 0.11364965 | CB24: 0.24362943 | CC24: -0.21009105 | CD24: -0.041779842 | CE24: -0.073621299 | CF24: 0.11567724 | CG24: 0.074854351 | CH24: -0.18972821 | CI24: -0.18107813 | CJ24: -0.022311851 | CK24: -0.06508595 | CL24: -0.093860005 | CM24: 0.034557342 | CN24: -0.0018771081 | CO24: -0.15150334 | CP24: -0.052175817 | CQ24: 0.41254719 | CR24: -0.02634783 | CS24: -0.13075548 | CT24: -0.054838637 | CU24: 0.015967234 | CV24: 0.035487819 | CW24: -0.051113617 | CX24: 0.1106162 | CY24: -0.089499376 | CZ24: 0.14483605 | DA24: 0.040398834 | DB24: -0.063717545 | DC24: -0.011081018 | DD24: 0.051746287 | DE24: -0.070844489 | DF24: 0.015480851 | DG24: 0.051069304 | DH24: 0.0061205474 | DI24: -0.10085032 | DJ24: -0.017964279 | DK24: 0.03951058 | DL24: 0.02634758 | DM24: -0.052430565 | DN24: 0.08176097 | DO24: 0.027338151 | DP24: 0.11046314 | DQ24: -0.094540332 | DR24: 0.0064571324 | DS24: -0.062147273 | DT24: -0.12213638 | DU24: -0.0043957438 | DV24: 0.012148641 | DW24: 0.058291235 | DX24: 0.01428522 | DY24: 0.049379798 | DZ24: 0.0095009896 | EA24: 0.082111353 | EB24: 0.18054858 | EC24: 0.09854277 | ED24: -0.070199935 | EE24: 0.088819049 | EF24: 0.071103802 | EG24: =AVERAGE(C24:EF24) -> 0.012914823 | EH24: =STDEV(C24:EF24) -> 0.11457238 | EI24: =EG24/EH24 -> 0.11272196
A25: 241 | B25: 4 | C25: 0.49455411 | D25: 0.25549016 | E25: 0.15834077 | F25: -0.048048285 | G25: -0.055465653 | H25: -0.037401185 | I25: -0.090799177 | J25: -0.041272485 | K25: 0.13344374 | L25: -0.057040399 | M25: 0.084348637 | N25: 0.12191505 | O25: -0.16028548 | P25: 0.030477232 | Q25: 0.20165287 | R25: 0.017838855 | S25: -0.090925954 | T25: -0.057105512 | U25: -0.21884034 | V25: 0.048176244 | W25: -0.025378307 | X25: 0.13376734 | Y25: -0.084925715 | Z25: 0.030428853 | AA25: -0.098444599 | AB25: -0.10472394 | AC25: 0.0065264698 | AD25: 0.22178515 | AE25: 0.22483231 | AF25: 0.11764732 | AG25: 0.079354631 | AH25: 0.20961706 | AI25: 0.015049953 | AJ25: -0.15440734 | AK25: 0.017776042 | AL25: 0.035338826 | AM25: 0.067624763 | AN25: 0.30187139 | AO25: 0.14427626 | AP25: 0.11872683 | AQ25: -0.12985516 | AR25: -0.051272934 | AS25: -0.025222117 | AT25: 0.088378856 | AU25: 0.11950448 | AV25: 0.11850128 | AW25: -0.095095303 | AX25: -0.054032247 | AY25: -0.31667605 | AZ25: -0.11155375 | BA25: 0.06227626 | BB25: -0.060739285 | BC25: -0.18197003 | BD25: 0.016487273 | BE25: -0.085046601 | BF25: -0.01250869 | BG25: 0.035545251 | BH25: -0.014262288 | BI25: 0.027055069 | BJ25: 0.20538193 | BK25: -0.08909616 | BL25: 0.10828529 | BM25: 0.098666559 | BN25: 0.025738194 | BO25: 0.19310975 | BP25: -0.21630846 | BQ25: -0.013438018 | BR25: -0.19820838 | BS25: -0.093364095 | BT25: 0.15332668 | BU25: -0.04604194 | BV25: 0.082497857 | BW25: 0.030004934 | BX25: -0.056023329 | BY25: -0.045250525 | BZ25: -0.097177664 | CA25: 0.1649117 | CB25: 0.23163172 | CC25: -0.26165595 | CD25: 0.045386284 | CE25: -0.044601754 | CF25: 0.14649218 | CG25: 0.10613073 | CH25: -0.35777319 | CI25: -0.21143661 | CJ25: -0.00051861204 | CK25: -0.11459941 | CL25: -0.026372923 | CM25: 0.094255199 | CN25: -0.01666558 | CO25: -0.21855023 | CP25: -0.0046121271 | CQ25: 0.23044092 | CR25: -0.052596479 | CS25: -0.13055596 | CT25: -0.053826874 | CU25: -0.023500925 | CV25: 0.063140272 | CW25: -0.034635845 | CX25: 0.13351105 | CY25: -0.038264236 | CZ25: 0.22667708 | DA25: -0.014277421 | DB25: -0.07509634 | DC25: -0.12726115 | DD25: 0.042416125 | DE25: -0.08405872 | DF25: 2.2440721e-05 | DG25: -0.0071756513 | DH25: -0.02581954 | DI25: -0.12135655 | DJ25: -0.047984589 | DK25: -0.036226719 | DL25: -0.0099343053 | DM25: -0.07820593 | DN25: 0.061683486 | DO25: 0.014290032 | DP25: 0.15548646 | DQ25: -0.037687783 | DR25: 0.01151695 | DS25: -0.013803607 | DT25: -0.15441165 | DU25: 0.028426183 | DV25: -0.04364331 | DW25: 0.043162558 | DX25: 0.030487677 | DY25: -0.090037411 | DZ25: 0.0053346339 | EA25: 0.053941846 | EB25: 0.27542734 | EC25: 0.1524411 | ED25: -0.05970855 | EE25: 0.1268912 | EF25: 0.078128209 | EG25: =AVERAGE(C25:EF25) -> 0.0091253027 | EH25: =STDEV(C25:EF25) -> 0.12853863 | EI25: =EG25/EH25 -> 0.070992685
A26: 321 | B26: 3 | C26: 0.63578988 | D26: 0.14371046 | E26: 0.2567837 | F26: -0.030912073 | G26: 0.066425395 | H26: -0.022668733 | I26: -0.18400393 | J26: 0.0021578764 | K26: 0.051847408 | L26: -0.047982676 | M26: 0.066596074 | N26: 0.16484966 | O26: -0.20923212 | P26: 0.019606911 | Q26: 0.23377539 | R26: -0.10944564 | S26: -0.18376368 | T26: -0.04100274 | U26: -0.21689707 | V26: 0.076605299 | W26: -0.047616796 | X26: 0.13134145 | Y26: -0.10828845 | Z26: 0.018824964 | AA26: -0.05882885 | AB26: -0.070771132 | AC26: 0.098352654 | AD26: 0.15048828 | AE26: 0.29118075 | AF26: 0.18423826 | AG26: 0.16253189 | AH26: 0.28196454 | AI26: 0.052095579 | AJ26: 0.028392331 | AK26: 0.054611139 | AL26: 0.01335053 | AM26: 0.073700392 | AN26: 0.38458143 | AO26: 0.16756058 | AP26: 0.077961907 | AQ26: 0.0047467039 | AR26: -0.11584375 | AS26: -0.034990463 | AT26: 0.096233719 | AU26: 0.10418083 | AV26: 0.16684895 | AW26: -0.11911501 | AX26: -0.039664867 | AY26: -0.25357516 | AZ26: -0.088068891 | BA26: 0.028023673 | BB26: -0.13226649 | BC26: -0.059704553 | BD26: 0.057338231 | BE26: -0.083243522 | BF26: -0.04539006 | BG26: -0.016352671 | BH26: -0.033326012 | BI26: 0.078567866 | BJ26: 0.2768646 | BK26: -0.092238539 | BL26: 0.075908851 | BM26: 0.11601369 | BN26: 0.17452606 | BO26: 0.15927909 | BP26: -0.23874024 | BQ26: -0.18380547 | BR26: -0.14964732 | BS26: -0.017276844 | BT26: 0.16689298 | BU26: -0.10089866 | BV26: 0.10678972 | BW26: 0.034558381 | BX26: -0.013427594 | BY26: 0.024780026 | BZ26: -0.12405057 | CA26: 0.19509669 | CB26: 0.25718022 | CC26: -0.20779281 | CD26: 0.12770443 | CE26: -0.029309541 | CF26: 0.20617324 | CG26: 0.19038219 | CH26: -0.16021486 | CI26: -0.26603981 | CJ26: 0.012724137 | CK26: -0.13025632 | CL26: -0.14237495 | CM26: 0.082145297 | CN26: -0.11069707 | CO26: -0.21448033 | CP26: -0.030343543 | CQ26: 0.22095958 | CR26: -0.055866839 | CS26: -0.20536498 | CT26: -0.12512942 | CU26: 0.034810787 | CV26: 0.055587283 | CW26: -0.1364392 | CX26: 0.19894507 | CY26: -0.052274475 | CZ26: 0.25591544 | DA26: -0.00018551745 | DB26: -0.066834041 | DC26: -0.10172515 | DD26: 0.1199191 | DE26: -0.067892567 | DF26: 0.01343753 | DG26: -0.040187434 | DH26: -0.057238887 | DI26: -0.13025366 | DJ26: -0.023864622 | DK26: 0.05052803 | DL26: 0.013402856 | DM26: -0.047749552 | DN26: 0.083437946 | DO26: 0.032817615 | DP26: 0.048987677 | DQ26: -0.094489696 | DR26: 0.024757378 | DS26: -0.12419424 | DT26: -0.18313965 | DU26: -0.0073840122 | DV26: -0.12607025 | DW26: -0.025817603 | DX26: 0.041449748 | DY26: -0.14035838 | DZ26: -0.063554289 | EA26: 0.21572269 | EB26: 0.24680454 | EC26: 0.17725234 | ED26: -0.068676607 | EE26: 0.12488533 | EF26: 0.11931067 | EG26: =AVERAGE(C26:EF26) -> 0.01643265 | EH26: =STDEV(C26:EF26) -> 0.14466405 | EI26: =EG26/EH26 -> 0.1135918
A27: 482 | B27: 2 | C27: 0.63761018 | D27: 0.23795575 | E27: 0.12312891 | F27: -0.075190133 | G27: 0.26530324 | H27: -0.11577404 | I27: -0.11131688 | J27: 0.03664981 | K27: 0.034438287 | L27: -0.0075470115 | M27: -0.056137762 | N27: 0.19066143 | O27: -0.24659809 | P27: 0.021837912 | Q27: 0.31415974 | R27: -0.18753075 | S27: -0.21928765 | T27: -0.036889939 | U27: -0.20997192 | V27: -0.038262635 | W27: 0.01094415 | X27: 0.1035642 | Y27: -0.14925654 | Z27: -0.021502548 | AA27: -0.12810205 | AB27: -0.099403582 | AC27: 0.17839997 | AD27: 0.15341673 | AE27: 0.38007623 | AF27: 0.1343322 | AG27: 0.20974022 | AH27: 0.39274118 | AI27: 0.072208869 | AJ27: 0.036800055 | AK27: 0.064113781 | AL27: 0.076627557 | AM27: 0.0029941228 | AN27: 0.37729158 | AO27: 0.16261603 | AP27: 0.23285455 | AQ27: 0.034840127 | AR27: -0.20324627 | AS27: -0.060066015 | AT27: 0.12536021 | AU27: 0.079172046 | AV27: 0.24185872 | AW27: -0.19133981 | AX27: -0.0022886687 | AY27: -0.31417848 | AZ27: -0.1182689 | BA27: 0.019837025 | BB27: -0.28483809 | BC27: -0.088808886 | BD27: 0.044158357 | BE27: 0.021094349 | BF27: -0.049158473 | BG27: -0.039297025 | BH27: -0.06670356 | BI27: -0.24512419 | BJ27: 0.31627967 | BK27: -0.020279977 | BL27: 0.032574743 | BM27: 0.16742568 | BN27: 0.19132555 | BO27: 0.124396 | BP27: -0.36320679 | BQ27: -0.20320176 | BR27: -0.24421961 | BS27: -0.055589738 | BT27: 0.24989347 | BU27: 0.073173726 | BV27: 0.24729165 | BW27: 0.10416765 | BX27: -0.023111115 | BY27: 0.14061789 | BZ27: -0.16944196 | CA27: 0.17663954 | CB27: 0.17587603 | CC27: -0.16161906 | CD27: 0.25287722 | CE27: -0.11687847 | CF27: -0.01516571 | CG27: 0.085242685 | CH27: 0.013862678 | CI27: -0.41183998 | CJ27: 0.08606187 | CK27: -0.1714284 | CL27: -0.06143508 | CM27: 0.053674129 | CN27: -0.076448359 | CO27: -0.27279203 | CP27: -0.15239381 | CQ27: 0.30257491 | CR27: -0.18127479 | CS27: -0.10760301 | CT27: -0.085021073 | CU27: 0.092479557 | CV27: 0.056899202 | CW27: -0.13986949 | CX27: 0.20560924 | CY27: -0.069752467 | CZ27: 0.34609707 | DA27: 0.053805969 | DB27: -0.10200756 | DC27: -0.17235787 | DD27: 0.097288584 | DE27: -0.23881192 | DF27: 0.038070252 | DG27: -0.092525535 | DH27: -0.054769437 | DI27: -0.1952049 | DJ27: -0.012019494 | DK27: 0.087152024 | DL27: 0.03055163 | DM27: 0.16855435 | DN27: -0.1217378 | DO27: 0.00024981968 | DP27: -0.053165159 | DQ27: -0.069051619 | DR27: 0.062495104 | DS27: -0.23541058 | DT27: -0.23008776 | DU27: -0.06438418 | DV27: -0.14230302 | DW27: -0.039291309 | DX27: 0.10996877 | DY27: -0.08207174 | DZ27: -0.039346196 | EA27: 0.25845567 | EB27: 0.34685488 | EC27: 0.18511412 | ED27: -0.097611134 | EE27: 0.099797778 | EF27: 0.059802184 | EG27: =AVERAGE(C27:EF27) -> 0.011934098 | EH27: =STDEV(C27:EF27) -> 0.17570937 | EI27: =EG27/EH27 -> 0.067919529
A28: 964 | B28: 1 | C28: 0.90919898 | D28: 0.38824497 | E28: 0.1294749 | F28: -0.13645906 | G28: 0.47209974 | H28: 0.20906099 | I28: -0.32592603 | J28: -0.19062398 | K28: 0.044331792 | L28: 0.25204889 | M28: 0.14165758 | N28: 0.173452 | O28: -0.4107269 | P28: 0.069342395 | Q28: 0.60927025 | R28: -0.29178114 | S28: -0.29392432 | T28: 0.038801158 | U28: -0.42322996 | V28: 0.16372718 | W28: 0.087206146 | X28: 0.13162844 | Y28: -0.12432245 | Z28: 0.057154149 | AA28: 0.029539653 | AB28: -0.092340447 | AC28: 0.4033 | AD28: 0.49910074 | AE28: 0.18904454 | AF28: 0.00035461655 | AG28: 0.31121717 | AH28: 0.90293805 | AI28: 0.096799751 | AJ28: 0.08009608 | AK28: 0.26078301 | AL28: 0.04605441 | AM28: 0.023701914 | AN28: 0.13267246 | AO28: 0.10218953 | AP28: 0.085535447 | AQ28: -0.099630652 | AR28: -0.42212428 | AS28: -0.33629717 | AT28: 0.33042944 | AU28: 0.10307129 | AV28: 0.38312662 | AW28: -0.12669497 | AX28: 0.0735115 | AY28: -0.71081456 | AZ28: -0.19139485 | BA28: -0.08394074 | BB28: -0.66158882 | BC28: -0.19640103 | BD28: 0.03733116 | BE28: -0.090417066 | BF28: 0.011230242 | BG28: -0.13985386 | BH28: -0.032588391 | BI28: -0.057866128 | BJ28: 0.38745342 | BK28: 0.010019727 | BL28: 0.04514622 | BM28: 0.084093788 | BN28: 0.18512837 | BO28: -0.026668247 | BP28: -0.836394 | BQ28: -0.13694109 | BR28: -0.38171494 | BS28: -0.12162104 | BT28: -0.055799256 | BU28: -0.050687688 | BV28: -0.07442795 | BW28: 0.057307859 | BX28: 0.066604644 | BY28: 0.15739858 | BZ28: -0.41150141 | CA28: 0.053526593 | CB28: 0.33692898 | CC28: -0.22069348 | CD28: 0.55059299 | CE28: 0.17967255 | CF28: -0.020033171 | CG28: 0.095486531 | CH28: -0.47591535 | CI28: 0.072090777 | CJ28: 0.30472255 | CK28: -0.055315861 | CL28: -0.037249281 | CM28: 0.20229818 | CN28: 0.064923289 | CO28: -0.25478149 | CP28: 0.062154233 | CQ28: 0.64177463 | CR28: -0.35399521 | CS28: -0.058364981 | CT28: -0.1266038 | CU28: 0.06422361 | CV28: 0.10734401 | CW28: -0.22735366 | CX28: 0.17994577 | CY28: 0.0045783886 | CZ28: 0.4146748 | DA28: -0.28742785 | DB28: -0.15353434 | DC28: -0.13150657 | DD28: 0.16487824 | DE28: -0.2415252 | DF28: -0.012383701 | DG28: -0.11666334 | DH28: 0.10181294 | DI28: -0.11728018 | DJ28: 0.060056651 | DK28: 0.028211668 | DL28: -0.18051197 | DM28: -0.097547558 | DN28: 0.050940226 | DO28: -0.10084896 | DP28: 0.098496164 | DQ28: -0.058675277 | DR28: 0.021897608 | DS28: -0.26938035 | DT28: -0.42208361 | DU28: -0.075127002 | DV28: -0.20834033 | DW28: -0.014577288 | DX28: 0.42756103 | DY28: -0.102493 | DZ28: 0.041473998 | EA28: 0.59865801 | EB28: 0.21117526 | EC28: 0.51950018 | ED28: -0.10254895 | EE28: 0.10813289 | EF28: 0.096235608 | EG28: =AVERAGE(C28:EF28) -> 0.020734209 | EH28: =STDEV(C28:EF28) -> 0.27656418 | EI28: =EG28/EH28 -> 0.074970695
A29: 大盤 | B29: TWⅡ | C29: -0.017446771 | D29: 0.020701061 | E29: 0.023982129 | F29: -0.006557579 | G29: 0.03184513 | H29: 0.034348533 | I29: -0.0082549328 | J29: 0.012843524 | K29: -0.051018525 | L29: 0.00087394274 | M29: 0.023389576 | N29: 0.012988972 | O29: 0.0058545887 | P29: 0.027413207 | Q29: -0.0037129361 | R29: 0.024076614 | S29: -0.012190025 | T29: -0.039749578 | U29: -0.07315545 | V29: -0.05826023 | W29: 0.00077279757 | X29: 0.044591521 | Y29: -0.02769968 | Z29: 0.0020950059 | AA29: -0.023400551 | AB29: 0.032129371 | AC29: 0.038903273 | AD29: -0.042865382 | AE29: 0.018647195 | AF29: 0.015229768 | AG29: 0.036016604 | AH29: 0.0093546114 | AI29: 0.010748251 | AJ29: 0.013357754 | AK29: -0.0053327473 | AL29: 0.0013831358 | AM29: 0.020795928 | AN29: 0.031517702 | AO29: 0.0062417165 | AP29: 0.0061452617 | AQ29: 0.016946358 | AR29: 0.03468283 | AS29: 0.0030985886 | AT29: 0.015081347 | AU29: -0.019251209 | AV29: 0.038711513 | AW29: -0.021856951 | AX29: 0.0077743007 | AY29: 0.042397247 | AZ29: -0.026308975 | BA29: 0.0095717493 | BB29: -0.024249741 | BC29: 0.020163374 | BD29: -0.0035049988 | BE29: 0.020151935 | BF29: 0.00058133623 | BG29: -0.005219701 | BH29: -0.11587176 | BI29: 0.0087252257 | BJ29: -0.016377261 | BK29: 0.020840372 | BL29: 0.044975872 | BM29: 0.023954306 | BN29: 0.030239101 | BO29: -0.043725888 | BP29: 0.02188947 | BQ29: 0.0086274303 | BR29: -0.019192954 | BS29: 0.01973513 | BT29: 0.047694337 | BU29: 0.011454817 | BV29: 0.043228621 | BW29: -0.04274743 | BX29: -0.017811292 | BY29: -0.1511531 | BZ29: 0.124224 | CA29: -0.0045572538 | CB29: 0.06021124 | CC29: 0.085992033 | CD29: -0.0058084796 | CE29: -0.006041347 | CF29: 0.0024523244 | CG29: 0.089636252 | CH29: 0.070992733 | CI29: 0.027170643 | CJ29: 0.052468428 | CK29: 0.029480661 | CL29: 0.066825081 | CM29: -0.028772229 | CN29: 0.039462516 | CO29: -0.029031087 | CP29: 0.013983883 | CQ29: -0.032276965 | CR29: 0.0031035766 | CS29: 0.025591856 | CT29: 0.044391886 | CU29: -0.030338959 | CV29: -0.0012579765 | CW29: 0.0023363565 | CX29: -0.064264145 | CY29: 0.012909779 | CZ29: -0.12547709 | DA29: 0.011690683 | DB29: 0.0063378437 | DC29: -0.11730536 | DD29: -0.036010872 | DE29: 0.1389113 | DF29: -0.051143506 | DG29: 0.076731447 | DH29: 0.015508782 | DI29: 0.023223774 | DJ29: -0.018372876 | DK29: 0.062199014 | DL29: 0.020098304 | DM29: 0.01349894 | DN29: -0.030252213 | DO29: -0.017022836 | DP29: -0.021788523 | DQ29: 0.085745625 | DR29: 0.028106744 | DS29: -0.0023031598 | DT29: 0.058471198 | DU29: 0.067658949 | DV29: 0.0050207706 | DW29: 0.037416184 | DX29: 0.084111004 | DY29: -0.036832399 | DZ29: 0.0030917028 | EA29: -0.0019576282 | EB29: 0.026459104 | EC29: -0.024752539 | ED29: 0.034115491 | EE29: 0.021061974 | EF29: -0.020277393 | EG29: =AVERAGE(C29:EF29) -> 0.0073485376 | EH29: =STDEV(C29:EF29) -> 0.04227637 | EI29: =EG29/EH29 -> 0.1738214

Sheet RF樣本外R2
A1: Predict
B2: Time | C2: 2013/12 | D2: 2014/01 | E2: 2014/02 | F2: 2014/03 | G2: 2014/04 | H2: 2014/05 | I2: 2014/06 | J2: 2014/07 | K2: 2014/08 | L2: 2014/09 | M2: 2014/10 | N2: 2014/11 | O2: 2014/12 | P2: 2015/01 | Q2: 2015/02 | R2: 2015/03 | S2: 2015/04 | T2: 2015/05 | U2: 2015/06 | V2: 2015/07 | W2: 2015/08 | X2: 2015/09 | Y2: 2015/10 | Z2: 2015/11 | AA2: 2015/12 | AB2: 2016/01 | AC2: 2016/02 | AD2: 2016/03 | AE2: 2016/04 | AF2: 2016/05 | AG2: 2016/06 | AH2: 2016/07 | AI2: 2016/08 | AJ2: 2016/09 | AK2: 2016/10 | AL2: 2016/11 | AM2: 2016/12 | AN2: 2017/01 | AO2: 2017/02 | AP2: 2017/03 | AQ2: 2017/04 | AR2: 2017/05 | AS2: 2017/06 | AT2: 2017/07 | AU2: 2017/08 | AV2: 2017/09 | AW2: 2017/10 | AX2: 2017/11 | AY2: 2017/12 | AZ2: 2018/01 | BA2: 2018/02 | BB2: 2018/03 | BC2: 2018/04 | BD2: 2018/05 | BE2: 2018/06 | BF2: 2018/07 | BG2: 2018/08 | BH2: 2018/09 | BI2: 2018/10 | BJ2: 2018/11 | BK2: 2018/12 | BL2: 2019/01 | BM2: 2019/02 | BN2: 2019/03 | BO2: 2019/04 | BP2: 2019/05 | BQ2: 2019/06 | BR2: 2019/07 | BS2: 2019/08 | BT2: 2019/09 | BU2: 2019/10 | BV2: 2019/11 | BW2: 2019/12 | BX2: 2020/01 | BY2: 2020/02 | BZ2: 2020/03 | CA2: 2020/04 | CB2: 2020/05 | CC2: 2020/06 | CD2: 2020/07 | CE2: 2020/08 | CF2: 2020/09 | CG2: 2020/10 | CH2: 2020/11 | CI2: 2020/12 | CJ2: 2021/01 | CK2: 2021/02 | CL2: 2021/03 | CM2: 2021/04 | CN2: 2021/05 | CO2: 2021/06 | CP2: 2021/07 | CQ2: 2021/08 | CR2: 2021/09 | CS2: 2021/10 | CT2: 2021/11 | CU2: 2021/12 | CV2: 2022/01 | CW2: 2022/02 | CX2: 2022/03 | CY2: 2022/04 | CZ2: 2022/05 | DA2: 2022/06 | DB2: 2022/07 | DC2: 2022/08 | DD2: 2022/09 | DE2: 2022/10 | DF2: 2022/11 | DG2: 2022/12 | DH2: 2023/01 | DI2: 2023/02 | DJ2: 2023/03 | DK2: 2023/04 | DL2: 2023/05 | DM2: 2023/06 | DN2: 2023/07 | DO2: 2023/08 | DP2: 2023/09 | DQ2: 2023/10 | DR2: 2023/11 | DS2: 2023/12 | DT2: 2024/01 | DU2: 2024/02 | DV2: 2024/03 | DW2: 2024/04 | DX2: 2024/05 | DY2: 2024/06 | DZ2: 2024/07 | EA2: 2024/08 | EB2: 2024/09 | EC2: 2024/10 | ED2: 2024/11 | EE2: 2024/12 | EF2: 2025/01
B3: mom1 | C3: -0.0050384004 | D3: -0.012982815 | E3: -0.010905372 | F3: -0.0090158785 | G3: -0.0060204379 | H3: -0.018698066 | I3: -0.0049066145 | J3: 0.0012918142 | K3: 0.00059455601 | L3: -0.011971912 | M3: 0.00032288061 | N3: -0.0055110823 | O3: -0.011571469 | P3: -0.0042707395 | Q3: -0.002585418 | R3: -0.0053758063 | S3: -0.0028573336 | T3: -0.0069081392 | U3: -0.017014472 | V3: -0.0068304003 | W3: -0.0075049394 | X3: -0.0055569894 | Y3: -0.003867389 | Z3: -0.017428128 | AA3: -0.021725257 | AB3: -0.014340517 | AC3: -0.010365822 | AD3: -0.0034166214 | AE3: -0.0026355409 | AF3: -0.0071940156 | AG3: -0.0078610431 | AH3: -0.0084817388 | AI3: -0.0041172003 | AJ3: -0.0067360574 | AK3: -0.0016369971 | AL3: 0.00063693085 | AM3: -0.0044438165 | AN3: -0.0067233412 | AO3: 0.0049092075 | AP3: -0.0099909323 | AQ3: -0.014523536 | AR3: -0.0074150467 | AS3: -0.0059951026 | AT3: -0.0098077395 | AU3: -0.017088845 | AV3: -0.003013282 | AW3: 0.00087869254 | AX3: -0.0046179607 | AY3: -0.0033321956 | AZ3: -0.001500955 | BA3: -0.0034575463 | BB3: -0.010498895 | BC3: -0.0051382106 | BD3: -0.021838724 | BE3: -0.0097871538 | BF3: -0.00058077246 | BG3: -0.012396786 | BH3: -0.0074127544 | BI3: -0.0045557318 | BJ3: -0.011958173 | BK3: -0.0018365866 | BL3: -0.018712995 | BM3: -0.0019598092 | BN3: -0.0025534203 | BO3: -0.0049689199 | BP3: -0.01846295 | BQ3: -0.0084846057 | BR3: -0.0036388494 | BS3: -0.0054235401 | BT3: -0.0045689212 | BU3: -0.0077200763 | BV3: -0.007709292 | BW3: -0.0093445853 | BX3: -0.0014007349 | BY3: -0.011918208 | BZ3: -0.0083605041 | CA3: -0.0092630256 | CB3: 0.0081894825 | CC3: -0.0055994646 | CD3: -0.0081125504 | CE3: -0.0032252267 | CF3: -0.0091363272 | CG3: -0.0088645598 | CH3: -0.006788903 | CI3: 0.00027426207 | CJ3: 0.001499354 | CK3: -0.0078035199 | CL3: 0.010773722 | CM3: 0.0021381454 | CN3: 0.0070234475 | CO3: -0.016374706 | CP3: 0.0026612966 | CQ3: -0.0069274973 | CR3: -0.0045786682 | CS3: -0.0022040928 | CT3: -0.0037487094 | CU3: -0.0068773436 | CV3: 0.0009305448 | CW3: -0.01753823 | CX3: 0.00084356201 | CY3: 0.0042074168 | CZ3: -0.011305243 | DA3: -0.003258377 | DB3: 0.0014579092 | DC3: -0.0010265697 | DD3: 0.00071923354 | DE3: -0.031574928 | DF3: -0.02900289 | DG3: 0.00019130541 | DH3: -0.019153641 | DI3: -0.010576016 | DJ3: -0.0072497294 | DK3: -0.012830264 | DL3: -0.0087598248 | DM3: -0.0031057547 | DN3: -0.00077136146 | DO3: -0.00021247696 | DP3: -0.0085086976 | DQ3: -0.0061453363 | DR3: -0.0097976817 | DS3: -0.0010223566 | DT3: -0.00048198579 | DU3: -0.0038046229 | DV3: -0.002438854 | DW3: -0.0015941463 | DX3: 0.00034250873 | DY3: -0.0082488262 | DZ3: -0.0030599626 | EA3: -0.017228669 | EB3: -0.0066960271 | EC3: -0.0052121475 | ED3: -0.013153678 | EE3: -0.015124477 | EF3: -0.022053516
B4: mom12 | C4: 0.0061805661 | D4: 0.014805526 | E4: -0.0063244807 | F4: -0.0079034822 | G4: -0.0033440484 | H4: -0.01101097 | I4: 0.015573878 | J4: 0.007475631 | K4: -0.0044361147 | L4: -0.0085491171 | M4: -0.00098816579 | N4: -0.00098074365 | O4: 0.0087049367 | P4: 0.0051573093 | Q4: 0.022002689 | R4: 0.022104577 | S4: 0.018312178 | T4: 0.01862907 | U4: -0.00036948299 | V4: 0.0068269073 | W4: 0.001793762 | X4: -0.00027396904 | Y4: 0.031389569 | Z4: 0.0013355061 | AA4: -0.013008816 | AB4: 0.011004889 | AC4: 0.0092102957 | AD4: 0.0069286006 | AE4: 0.015564112 | AF4: 7.4439375e-05 | AG4: 0.0096905661 | AH4: -0.0054139333 | AI4: 0.0033298477 | AJ4: -0.003613181 | AK4: 0.013251079 | AL4: 0.0016193999 | AM4: 0.0058764556 | AN4: 0.0071891321 | AO4: 0.0091288765 | AP4: 0.00047242239 | AQ4: 0.001566021 | AR4: 0.0045222049 | AS4: 0.0052112039 | AT4: 0.00018593994 | AU4: 0.0011950427 | AV4: 0.0046712661 | AW4: 0.0096185679 | AX4: 0.0043414187 | AY4: 0.0018494369 | AZ4: -0.0050989745 | BA4: 0.00048981787 | BB4: 0.0019753757 | BC4: -0.0045793677 | BD4: -0.026436807 | BE4: -0.016424344 | BF4: -0.01389668 | BG4: -0.0078428179 | BH4: -0.0040440655 | BI4: 0.0016071736 | BJ4: -0.024063681 | BK4: -0.0028710062 | BL4: -0.016793677 | BM4: -0.0021961696 | BN4: 0.00084385606 | BO4: -0.0039948739 | BP4: -0.015462627 | BQ4: -0.0024957644 | BR4: 0.0028460561 | BS4: 0.0058091239 | BT4: 0.007046457 | BU4: 0.011460644 | BV4: 0.014529665 | BW4: 0.0082729225 | BX4: 0.022582732 | BY4: -0.0068540032 | BZ4: 0.011197619 | CA4: -0.010733091 | CB4: 0.037061121 | CC4: 0.023332729 | CD4: 0.012526107 | CE4: -0.0039841657 | CF4: 0.0063542546 | CG4: -0.012186463 | CH4: 0.0029760767 | CI4: 0.013488546 | CJ4: 0.00038189341 | CK4: -0.016958527 | CL4: 0.025384703 | CM4: 0.0040789221 | CN4: -0.016004466 | CO4: -0.019050699 | CP4: 0.0063498376 | CQ4: 0.0002540617 | CR4: 0.00046990156 | CS4: 0.0066470684 | CT4: 0.013121376 | CU4: 0.011599671 | CV4: 0.0042228287 | CW4: -0.011599476 | CX4: 0.011640357 | CY4: 0.0094536567 | CZ4: -0.0049653412 | DA4: 0.0046027036 | DB4: -0.00022975167 | DC4: 0.013161642 | DD4: 0.011348779 | DE4: -0.054686295 | DF4: -0.018909393 | DG4: 0.030039816 | DH4: -0.0058266256 | DI4: -0.0005554365 | DJ4: -0.00097956152 | DK4: -0.0057354678 | DL4: -0.0020240608 | DM4: 0.0024265753 | DN4: 0.0021730263 | DO4: -0.0046409581 | DP4: -0.0010872902 | DQ4: -0.0016084314 | DR4: 0.0042340538 | DS4: 0.014086972 | DT4: 0.008165563 | DU4: 0.0068406154 | DV4: 0.0042052644 | DW4: -0.001283242 | DX4: 0.0046892574 | DY4: -0.009609026 | DZ4: 0.01040353 | EA4: -0.015616078 | EB4: 0.0011388866 | EC4: 0.002510538 | ED4: -0.0062999148 | EE4: -0.0024910423 | EF4: -0.012933196
B5: chmom | C5: -0.0092720815 | D5: -0.012857776 | E5: 0.0050942505 | F5: 0.0085959127 | G5: 0.0053014997 | H5: 0.013212647 | I5: -0.011811166 | J5: -0.0071707354 | K5: 0.0055505781 | L5: 0.0099144932 | M5: 0.00028331023 | N5: 0.0025800548 | O5: -0.005199555 | P5: -0.0037408543 | Q5: -0.021895417 | R5: -0.013699451 | S5: -0.017717268 | T5: -0.017396199 | U5: 0.004645654 | V5: -0.0041230211 | W5: 0.0038816903 | X5: 0.0039129367 | Y5: -0.022536795 | Z5: 0.0029407776 | AA5: 0.017070736 | AB5: -0.0012415279 | AC5: -0.0014445381 | AD5: -0.0030228228 | AE5: -0.013298396 | AF5: 0.0015695131 | AG5: -0.0097780724 | AH5: 0.0010465507 | AI5: -0.0023524972 | AJ5: 0.004501993 | AK5: -0.012687695 | AL5: -0.0027227414 | AM5: -0.0016490949 | AN5: -0.0055388846 | AO5: -0.0096693138 | AP5: -0.004295599 | AQ5: 0.00017039359 | AR5: 0.00076438682 | AS5: -0.0060805486 | AT5: -0.0036865001 | AU5: 0.0001699917 | AV5: -0.0043742122 | AW5: -0.0092857527 | AX5: -0.0054065033 | AY5: -0.0020943944 | AZ5: 0.0023383323 | BA5: -0.0015167799 | BB5: -0.00023004479 | BC5: 0.0046813222 | BD5: 0.022335957 | BE5: 0.010984796 | BF5: 0.0055338612 | BG5: 0.0011516194 | BH5: 0.00299804 | BI5: -0.0044338713 | BJ5: 0.018809265 | BK5: 0.0029820425 | BL5: 0.018580868 | BM5: 0.0016188369 | BN5: 0.00058849841 | BO5: 0.0039287749 | BP5: 0.016934874 | BQ5: 0.0075863615 | BR5: -0.0044105118 | BS5: -0.0046283234 | BT5: -0.0072159473 | BU5: -0.0073684819 | BV5: -0.011292048 | BW5: -0.0066560423 | BX5: -0.01927005 | BY5: 0.0045417774 | BZ5: -0.010505151 | CA5: 0.012608863 | CB5: -0.029254288 | CC5: -0.017948689 | CD5: -0.0075695618 | CE5: 0.0079314122 | CF5: -0.00087185021 | CG5: 0.015191263 | CH5: -0.001681687 | CI5: -0.011606404 | CJ5: -4.3731839e-05 | CK5: 0.014674614 | CL5: -0.024330074 | CM5: -0.0037776647 | CN5: 0.016484476 | CO5: 0.013684989 | CP5: -0.0069592722 | CQ5: -0.0015559097 | CR5: -0.0028547856 | CS5: -0.0073687036 | CT5: -0.017778716 | CU5: -0.0093386461 | CV5: -0.0045396785 | CW5: 0.0066800236 | CX5: -0.012519719 | CY5: -0.0092358196 | CZ5: 0.00059842179 | DA5: -0.010197637 | DB5: -0.0038441287 | DC5: -0.012867943 | DD5: -0.012443783 | DE5: 0.053282467 | DF5: 0.018817933 | DG5: -0.028429015 | DH5: 0.0046323768 | DI5: -0.0024300533 | DJ5: -0.0053528206 | DK5: 0.0020432779 | DL5: -0.001239401 | DM5: -0.0016056957 | DN5: -0.0055056218 | DO5: 0.0015050842 | DP5: 0.0031050877 | DQ5: 0.002203251 | DR5: 0.00091037635 | DS5: -0.01466474 | DT5: -0.010969192 | DU5: -0.0071460903 | DV5: -0.0028658716 | DW5: -0.003803095 | DX5: -0.0084604131 | DY5: 0.0056870235 | DZ5: -0.0064920241 | EA5: 0.016170038 | EB5: 0.0014241062 | EC5: -0.0027632604 | ED5: 0.010033818 | EE5: 0.0090011883 | EF5: 0.014961207
B6: retvol | C6: 0.0010365618 | D6: 0.0066521114 | E6: 0.0022295662 | F6: -1.766161e-05 | G6: 0.00028454844 | H6: 0.0019423527 | I6: 0.0032592108 | J6: 0.00078453233 | K6: 0.0045600607 | L6: -0.0039836188 | M6: 0.00043402723 | N6: -0.00058648575 | O6: 0.0061698304 | P6: 0.0083190558 | Q6: 0.006495913 | R6: 0.0018916477 | S6: 0.0083987206 | T6: 0.0058604196 | U6: 0.0015436695 | V6: -0.0015226324 | W6: 0.00027496859 | X6: 0.0040303856 | Y6: 0.011164865 | Z6: 0.0064675963 | AA6: -0.0043190572 | AB6: 0.00079480028 | AC6: -0.00081456851 | AD6: 0.0048579145 | AE6: 0.0058616713 | AF6: 0.0010715296 | AG6: 0.0071345781 | AH6: 0.0097866272 | AI6: 0.00509956 | AJ6: 0.0081399378 | AK6: 0.0079203954 | AL6: 0.006731037 | AM6: 0.0090529832 | AN6: 0.0098439336 | AO6: 0.009354239 | AP6: 0.0085892519 | AQ6: 0.0097235851 | AR6: 0.0095244476 | AS6: 0.0084421752 | AT6: 0.0067238907 | AU6: 0.0078326832 | AV6: 0.0056654966 | AW6: 0.0047531801 | AX6: 0.0038423735 | AY6: 0.0045003795 | AZ6: 0.0017770792 | BA6: 0.0044863922 | BB6: 0.0011496488 | BC6: 0.0039048943 | BD6: 0.0068554624 | BE6: 0.0088164305 | BF6: 0.0068215814 | BG6: 0.012520618 | BH6: 0.0080111027 | BI6: 0.0038977058 | BJ6: -0.0042745456 | BK6: 0.0082787122 | BL6: 0.0065072109 | BM6: -0.00031160342 | BN6: 0.0055799499 | BO6: 0.0045815764 | BP6: 0.001757179 | BQ6: 8.198685e-05 | BR6: 0.0058708017 | BS6: 0.0048898674 | BT6: 0.0052920629 | BU6: 0.0031676735 | BV6: 0.0014151762 | BW6: 0.0085040122 | BX6: 0.0089930533 | BY6: 0.0074186137 | BZ6: 0.0072171163 | CA6: 0.0043109654 | CB6: 0.013180116 | CC6: 0.0013635522 | CD6: -0.00048130176 | CE6: 0.0025209061 | CF6: 0.00092521909 | CG6: -0.0029930359 | CH6: 0.0014875187 | CI6: 0.0078156711 | CJ6: 0.0030248279 | CK6: 0.0026380929 | CL6: 0.0088059021 | CM6: 0.0026546804 | CN6: 0.0037484542 | CO6: 0.0036902186 | CP6: 0.0078041532 | CQ6: 0.0042136154 | CR6: 0.011490456 | CS6: 0.010644578 | CT6: 0.0031507449 | CU6: 0.0093705775 | CV6: 0.0087096009 | CW6: 0.0040818424 | CX6: 0.010508158 | CY6: 0.005777574 | CZ6: 0.0039967116 | DA6: 0.0033021662 | DB6: 0.010614536 | DC6: 0.0036073663 | DD6: 0.0079975775 | DE6: 0.01171888 | DF6: 0.0024863686 | DG6: 0.0052027154 | DH6: -0.00066622599 | DI6: 0.0042183204 | DJ6: 0.0015814907 | DK6: 0.005021169 | DL6: 0.0055874446 | DM6: 0.0083006791 | DN6: 0.009176946 | DO6: 0.0051272033 | DP6: 0.0053531413 | DQ6: 0.0053520426 | DR6: 0.0013938841 | DS6: 0.0085571905 | DT6: 0.0062805059 | DU6: 0.0043852674 | DV6: 0.001145335 | DW6: 0.0024908845 | DX6: 0.0057377093 | DY6: 0.003624569 | DZ6: 0.0084137107 | EA6: 0.0030418122 | EB6: 0.0058129608 | EC6: 0.0049535677 | ED6: 0.0051790384 | EE6: 0.0048989888 | EF6: 0.0040007039
B7: maxret | C7: 0.0014917848 | D7: 0.0079996726 | E7: 0.0031564047 | F7: 0.00013534023 | G7: 0.0015726956 | H7: 0.0027273104 | I7: 0.0032216566 | J7: 0.00096610315 | K7: 0.0058362784 | L7: -0.0016236712 | M7: 0.0007499539 | N7: 0.0031234252 | O7: 0.0078117801 | P7: 0.0092209321 | Q7: 0.0073350456 | R7: 0.0021512666 | S7: 0.0083843131 | T7: 0.0061020087 | U7: 0.0014106756 | V7: 0.002121932 | W7: 0.0034750936 | X7: 0.0075520234 | Y7: 0.017980268 | Z7: 0.006617734 | AA7: -0.0012658169 | AB7: 0.0057039934 | AC7: 0.0024839612 | AD7: 0.0063527978 | AE7: 0.0075925081 | AF7: 0.0012535418 | AG7: 0.0083354666 | AH7: 0.012147769 | AI7: 0.005271774 | AJ7: 0.0078663083 | AK7: 0.0082739699 | AL7: 0.0068478737 | AM7: 0.0094179226 | AN7: 0.0096283692 | AO7: 0.0098073359 | AP7: 0.0091857468 | AQ7: 0.010895578 | AR7: 0.010779411 | AS7: 0.0080887485 | AT7: 0.0051173109 | AU7: 0.0072203256 | AV7: 0.0068563013 | AW7: 0.0043445866 | AX7: 0.0041279269 | AY7: 0.0033536434 | AZ7: -0.00014037916 | BA7: 0.0037561688 | BB7: 0.001236216 | BC7: 0.0014850211 | BD7: 0.0058227717 | BE7: 0.0097621619 | BF7: 0.0089479636 | BG7: 0.012626909 | BH7: 0.0095790369 | BI7: 0.0052433517 | BJ7: 0.0031748873 | BK7: 0.011618256 | BL7: 0.0070376649 | BM7: 0.0027773971 | BN7: 0.0085288626 | BO7: 0.006811223 | BP7: 0.0016943462 | BQ7: 0.003179325 | BR7: 0.0043176395 | BS7: 0.0052824075 | BT7: 0.0073995529 | BU7: 0.0037632426 | BV7: 0.0015867019 | BW7: 0.0090971268 | BX7: 0.008666527 | BY7: 0.0085413875 | BZ7: 0.0086097645 | CA7: 0.011139788 | CB7: 0.014182078 | CC7: 0.0041010817 | CD7: 0.0016684855 | CE7: 0.0051884226 | CF7: 0.0040941868 | CG7: -0.0017765709 | CH7: 0.0016839595 | CI7: 0.0075110402 | CJ7: 0.0030715062 | CK7: 0.0030286212 | CL7: 0.010344176 | CM7: 0.0034492366 | CN7: 0.0053918087 | CO7: 0.0050706762 | CP7: 0.01060964 | CQ7: 0.0057362488 | CR7: 0.013543009 | CS7: 0.013073755 | CT7: 0.0080472446 | CU7: 0.012295213 | CV7: 0.010097023 | CW7: 0.0070038168 | CX7: 0.011636791 | CY7: 0.0062330931 | CZ7: 0.0075709007 | DA7: 0.0047241204 | DB7: 0.012633782 | DC7: 0.0086851465 | DD7: 0.0083434573 | DE7: 0.0084945844 | DF7: 0.0056886802 | DG7: 0.010435339 | DH7: 0.0014525847 | DI7: 0.0061377884 | DJ7: 0.0043229992 | DK7: 0.0056573884 | DL7: 0.004528392 | DM7: 0.0092757333 | DN7: 0.0096440967 | DO7: 0.0063500484 | DP7: 0.006097005 | DQ7: 0.0063088391 | DR7: 0.0031697806 | DS7: 0.0086103497 | DT7: 0.0085566527 | DU7: 0.0054762658 | DV7: 0.002574895 | DW7: 0.0035685977 | DX7: 0.007235424 | DY7: 0.0054886722 | DZ7: 0.010003494 | EA7: 0.003241694 | EB7: 0.0076048842 | EC7: 0.0064774156 | ED7: 0.0060798379 | EE7: 0.0079050012 | EF7: 0.0080139301
A9: Real
B10: Time | C10: 2013/12 | D10: 2014/01 | E10: 2014/02 | F10: 2014/03 | G10: 2014/04 | H10: 2014/05 | I10: 2014/06 | J10: 2014/07 | K10: 2014/08 | L10: 2014/09 | M10: 2014/10 | N10: 2014/11 | O10: 2014/12 | P10: 2015/01 | Q10: 2015/02 | R10: 2015/03 | S10: 2015/04 | T10: 2015/05 | U10: 2015/06 | V10: 2015/07 | W10: 2015/08 | X10: 2015/09 | Y10: 2015/10 | Z10: 2015/11 | AA10: 2015/12 | AB10: 2016/01 | AC10: 2016/02 | AD10: 2016/03 | AE10: 2016/04 | AF10: 2016/05 | AG10: 2016/06 | AH10: 2016/07 | AI10: 2016/08 | AJ10: 2016/09 | AK10: 2016/10 | AL10: 2016/11 | AM10: 2016/12 | AN10: 2017/01 | AO10: 2017/02 | AP10: 2017/03 | AQ10: 2017/04 | AR10: 2017/05 | AS10: 2017/06 | AT10: 2017/07 | AU10: 2017/08 | AV10: 2017/09 | AW10: 2017/10 | AX10: 2017/11 | AY10: 2017/12 | AZ10: 2018/01 | BA10: 2018/02 | BB10: 2018/03 | BC10: 2018/04 | BD10: 2018/05 | BE10: 2018/06 | BF10: 2018/07 | BG10: 2018/08 | BH10: 2018/09 | BI10: 2018/10 | BJ10: 2018/11 | BK10: 2018/12 | BL10: 2019/01 | BM10: 2019/02 | BN10: 2019/03 | BO10: 2019/04 | BP10: 2019/05 | BQ10: 2019/06 | BR10: 2019/07 | BS10: 2019/08 | BT10: 2019/09 | BU10: 2019/10 | BV10: 2019/11 | BW10: 2019/12 | BX10: 2020/01 | BY10: 2020/02 | BZ10: 2020/03 | CA10: 2020/04 | CB10: 2020/05 | CC10: 2020/06 | CD10: 2020/07 | CE10: 2020/08 | CF10: 2020/09 | CG10: 2020/10 | CH10: 2020/11 | CI10: 2020/12 | CJ10: 2021/01 | CK10: 2021/02 | CL10: 2021/03 | CM10: 2021/04 | CN10: 2021/05 | CO10: 2021/06 | CP10: 2021/07 | CQ10: 2021/08 | CR10: 2021/09 | CS10: 2021/10 | CT10: 2021/11 | CU10: 2021/12 | CV10: 2022/01 | CW10: 2022/02 | CX10: 2022/03 | CY10: 2022/04 | CZ10: 2022/05 | DA10: 2022/06 | DB10: 2022/07 | DC10: 2022/08 | DD10: 2022/09 | DE10: 2022/10 | DF10: 2022/11 | DG10: 2022/12 | DH10: 2023/01 | DI10: 2023/02 | DJ10: 2023/03 | DK10: 2023/04 | DL10: 2023/05 | DM10: 2023/06 | DN10: 2023/07 | DO10: 2023/08 | DP10: 2023/09 | DQ10: 2023/10 | DR10: 2023/11 | DS10: 2023/12 | DT10: 2024/01 | DU10: 2024/02 | DV10: 2024/03 | DW10: 2024/04 | DX10: 2024/05 | DY10: 2024/06 | DZ10: 2024/07 | EA10: 2024/08 | EB10: 2024/09 | EC10: 2024/10 | ED10: 2024/11 | EE10: 2024/12 | EF10: 2025/01
B11: mom1 | C11: 0.1206107 | D11: 0.045588622 | E11: 0.16704505 | F11: -0.073748988 | G11: -0.032506587 | H11: -0.032847119 | I11: -0.12110158 | J11: 0.0025822337 | K11: 0.071968625 | L11: 0.034342712 | M11: 0.040084603 | N11: 0.041563467 | O11: -0.0069002801 | P11: 0.035779379 | Q11: 0.068350636 | R11: -0.045413081 | S11: 0.01967398 | T11: -0.10645092 | U11: -0.032053189 | V11: -0.014865616 | W11: -0.093405071 | X11: -0.037053876 | Y11: -0.047379645 | Z11: -0.035732976 | AA11: 0.074709415 | AB11: -0.10149167 | AC11: -0.00029589017 | AD11: -0.068848797 | AE11: -0.022266032 | AF11: 0.041625472 | AG11: -0.0080508267 | AH11: -0.038264652 | AI11: 0.045184246 | AJ11: 0.034215625 | AK11: 0.044138223 | AL11: -0.035587567 | AM11: -0.013077529 | AN11: 0.004148564 | AO11: -0.07768507 | AP11: -0.0069983939 | AQ11: 0.13094784 | AR11: -0.086792709 | AS11: -0.052702983 | AT11: 0.065228471 | AU11: -0.065193823 | AV11: 0.0085695092 | AW11: -0.040024303 | AX11: -0.031442522 | AY11: -0.0040051979 | AZ11: -0.007879886 | BA11: -0.0060724257 | BB11: -0.011000775 | BC11: -0.026379572 | BD11: 0.039479545 | BE11: 0.031278312 | BF11: -0.0060707145 | BG11: -0.060537315 | BH11: -0.085381434 | BI11: 0.064493155 | BJ11: -0.0062276101 | BK11: 0.046391114 | BL11: -0.011560822 | BM11: -0.044558442 | BN11: 0.0027621487 | BO11: 0.0083121426 | BP11: -0.055860349 | BQ11: 0.03570663 | BR11: -0.022012849 | BS11: 0.039643525 | BT11: -0.0035802524 | BU11: 0.0089809504 | BV11: -0.0089428833 | BW11: -0.076064018 | BX11: -0.040663011 | BY11: -0.059083336 | BZ11: -0.026982576 | CA11: -0.12652495 | CB11: 0.012022261 | CC11: -0.050881431 | CD11: 0.025276041 | CE11: 0.087027484 | CF11: -0.024625967 | CG11: 0.018747262 | CH11: 0.04151248 | CI11: -0.029820276 | CJ11: -0.012665491 | CK11: 0.047987524 | CL11: -0.0066815212 | CM11: 0.023373144 | CN11: 0.010890171 | CO11: 0.14646344 | CP11: 0.019768545 | CQ11: 0.017749236 | CR11: -0.028991521 | CS11: -0.0092105434 | CT11: 0.036848143 | CU11: 0.030504116 | CV11: 0.040383351 | CW11: -0.0093859596 | CX11: -0.077248887 | CY11: 0.0025482207 | CZ11: -0.023356789 | DA11: -0.035608657 | DB11: 0.0044999953 | DC11: -0.043417921 | DD11: 0.077585487 | DE11: 0.045548818 | DF11: -0.073761037 | DG11: -0.013836029 | DH11: -0.013146588 | DI11: -0.11844415 | DJ11: 0.04971576 | DK11: 0.028876918 | DL11: -0.013181525 | DM11: 0.043520521 | DN11: -0.060662479 | DO11: 0.08256415 | DP11: -0.096015988 | DQ11: -0.019845472 | DR11: -0.018579634 | DS11: -0.025784659 | DT11: -0.037591586 | DU11: -0.045291919 | DV11: -0.022458423 | DW11: 0.00027164709 | DX11: -0.064503989 | DY11: 0.06012526 | DZ11: 0.0058245219 | EA11: 0.015503895 | EB11: 0.030904913 | EC11: 0.039813075 | ED11: 0.006018647 | EE11: -0.039888767 | EF11: -0.096081351
B12: mom12 | C12: -0.20935792 | D12: -0.24145621 | E12: 0.26636596 | F12: 0.33022979 | G12: 0.20358638 | H12: 0.55373417 | I12: 0.66979451 | J12: 0.61032591 | K12: 0.86207446 | L12: 0.37355796 | M12: 0.62222012 | N12: 0.29351052 | O12: 0.3562869 | P12: 0.17806893 | Q12: 0.15635752 | R12: 0.2248304 | S12: 0.18264462 | T12: 0.15307368 | U12: 0.22557714 | V12: -0.09158029 | W12: -0.049495832 | X12: -0.26789506 | Y12: -0.36478829 | Z12: -0.37790601 | AA12: -0.43955485 | AB12: -0.41859417 | AC12: -0.31816515 | AD12: -0.20856537 | AE12: -0.10236498 | AF12: -0.14886861 | AG12: -0.18669023 | AH12: -0.25393275 | AI12: -0.14773923 | AJ12: 0.044513506 | AK12: -0.058155621 | AL12: -0.091865238 | AM12: -0.1682627 | AN12: -0.33743701 | AO12: -0.36868153 | AP12: -0.28691959 | AQ12: -0.30523873 | AR12: -0.2933138 | AS12: -0.3026703 | AT12: -0.28045675 | AU12: -0.18262992 | AV12: -0.12130979 | AW12: -0.15372123 | AX12: -0.02163156 | AY12: 0.10122186 | AZ12: 0.18954151 | BA12: 0.095279708 | BB12: 0.011130473 | BC12: 0.19620313 | BD12: 0.15224713 | BE12: 0.209344 | BF12: 0.16752253 | BG12: 0.16855713 | BH12: 0.23475758 | BI12: 0.27598377 | BJ12: 0.26154896 | BK12: 0.1930056 | BL12: 0.032255305 | BM12: 0.084649699 | BN12: -0.015702242 | BO12: 0.029608765 | BP12: -0.082625544 | BQ12: -0.079330451 | BR12: -0.11353413 | BS12: -0.16045061 | BT12: -0.028989653 | BU12: -0.0038417136 | BV12: -0.17414888 | BW12: -0.050655463 | BX12: -0.0097462302 | BY12: 0.043118718 | BZ12: 0.08359471 | CA12: 0.059758542 | CB12: 0.22654685 | CC12: 0.16059562 | CD12: 0.12478222 | CE12: 0.070316847 | CF12: 0.037786686 | CG12: 0.14783135 | CH12: 0.16146329 | CI12: 0.19050379 | CJ12: 0.057810008 | CK12: 0.18159576 | CL12: 0.15995891 | CM12: -0.19344889 | CN12: 0.09266165 | CO12: 0.18420346 | CP12: 0.21509938 | CQ12: 0.07822216 | CR12: 0.23262305 | CS12: 0.12461762 | CT12: 0.2146341 | CU12: 0.29380323 | CV12: 0.16458639 | CW12: 0.22758953 | CX12: 0.30967914 | CY12: 0.10082695 | CZ12: 0.2739919 | DA12: 0.29613632 | DB12: 0.44409378 | DC12: 0.2773995 | DD12: 0.20846194 | DE12: 0.050065625 | DF12: 0.079342541 | DG12: 0.041263423 | DH12: -0.0074014042 | DI12: 0.091903679 | DJ12: 0.18881041 | DK12: 0.0050346205 | DL12: -0.065302736 | DM12: -0.16991943 | DN12: -0.048355536 | DO12: 0.30239134 | DP12: 0.40249618 | DQ12: 0.42337951 | DR12: 0.31958732 | DS12: 0.27007262 | DT12: 0.24555915 | DU12: 0.18374522 | DV12: 0.16882438 | DW12: 0.21735693 | DX12: 0.18716202 | DY12: 0.12863278 | DZ12: 0.11389562 | EA12: 0.069887094 | EB12: 0.12681711 | EC12: 0.15628153 | ED12: 0.36668827 | EE12: 0.4725008 | EF12: 0.72972326
B13: chmom | C13: 0.14158921 | D13: 0.092586945 | E13: 0.11349879 | F13: -0.0073769777 | G13: -0.31863967 | H13: -0.42059899 | I13: -0.61741575 | J13: -0.43362009 | K13: -0.25626772 | L13: -0.2113105 | M13: -0.20647602 | N13: -0.32791237 | O13: 0.015729811 | P13: 0.068442695 | Q13: 0.052648856 | R13: -0.020694613 | S13: 0.02495929 | T13: -0.086843647 | U13: -0.52458473 | V13: -0.47921434 | W13: -0.36348833 | X13: -0.39764648 | Y13: -0.4756211 | Z13: -0.29400139 | AA13: -0.21990455 | AB13: 0.018176812 | AC13: -0.079990064 | AD13: -0.10289298 | AE13: 0.14449675 | AF13: 0.094619546 | AG13: 0.15888809 | AH13: 0.11961817 | AI13: 0.26749724 | AJ13: 0.28042018 | AK13: -0.030700048 | AL13: 0.045908625 | AM13: 0.1749829 | AN13: 0.12715124 | AO13: 0.18467502 | AP13: 0.084214377 | AQ13: 0.19594427 | AR13: 0.13323353 | AS13: 0.16593562 | AT13: 0.020797245 | AU13: 0.012255111 | AV13: -0.013354263 | AW13: -0.16291629 | AX13: 0.021398073 | AY13: -0.31841892 | AZ13: -0.23894029 | BA13: -0.22999541 | BB13: -0.071523536 | BC13: 0.19523407 | BD13: 0.1343817 | BE13: 0.36448653 | BF13: 0.44848254 | BG13: 0.43221301 | BH13: 0.27475197 | BI13: 0.27625006 | BJ13: 0.015584695 | BK13: 0.10580514 | BL13: 0.126551 | BM13: 0.2284809 | BN13: 0.28499472 | BO13: 0.10343621 | BP13: 0.37735476 | BQ13: 0.20037256 | BR13: 0.22737663 | BS13: 0.2800057 | BT13: 0.25048842 | BU13: 0.40950604 | BV13: 0.2791434 | BW13: 0.42338682 | BX13: 0.20681397 | BY13: 0.16995656 | BZ13: 0.25229151 | CA13: 0.32026293 | CB13: 0.51463583 | CC13: 0.18153007 | CD13: 0.1200337 | CE13: -0.025943293 | CF13: 0.045043616 | CG13: -0.35445425 | CH13: -0.25260244 | CI13: 0.14395187 | CJ13: 0.27306771 | CK13: 0.017040846 | CL13: -0.24283421 | CM13: -0.0062585842 | CN13: -0.31007511 | CO13: -0.48661942 | CP13: -0.58562675 | CQ13: -0.21352734 | CR13: -0.16518612 | CS13: -0.15856953 | CT13: -0.2953033 | CU13: -0.12548188 | CV13: -0.047694294 | CW13: -0.069955239 | CX13: -0.0092457956 | CY13: -0.022135305 | CZ13: 0.055799951 | DA13: 0.0046904915 | DB13: -0.19841703 | DC13: -0.14815778 | DD13: -0.078448866 | DE13: -0.034735831 | DF13: 0.23309856 | DG13: 0.10547592 | DH13: 0.2602456 | DI13: 0.24342212 | DJ13: 0.061619871 | DK13: 0.089139844 | DL13: 0.029253194 | DM13: 0.14236144 | DN13: 0.14615257 | DO13: 0.049079226 | DP13: 0.4032296 | DQ13: 0.46524422 | DR13: 0.25491522 | DS13: 0.14490164 | DT13: 0.10964787 | DU13: 0.14664794 | DV13: -0.3751533 | DW13: -0.29741986 | DX13: -0.19544278 | DY13: -0.082428266 | DZ13: 0.058661833 | EA13: -0.046779078 | EB13: 0.16414324 | EC13: -0.038064247 | ED13: 0.055317447 | EE13: 0.045666052 | EF13: -0.015130552
B14: retvol | C14: -0.055287602 | D14: -0.14445299 | E14: -0.091431301 | F14: 0.3549518 | G14: 0.21923638 | H14: 0.2831342 | I14: 0.37143267 | J14: 0.41062409 | K14: 0.40769934 | L14: -0.0071596741 | M14: -0.0073648091 | N14: -0.05151582 | O14: 0.2542621 | P14: 0.25179108 | Q14: 0.22183502 | R14: 0.24564423 | S14: 0.21802587 | T14: 0.22885928 | U14: -0.038365896 | V14: -0.00024933566 | W14: -0.069911431 | X14: -0.064564491 | Y14: 0.041605297 | Z14: -0.019800016 | AA14: -0.072143291 | AB14: -0.068452121 | AC14: 0.032607263 | AD14: 0.017594646 | AE14: -0.0029019286 | AF14: -0.0022483566 | AG14: -0.0055811273 | AH14: -0.0066841359 | AI14: -0.0013854994 | AJ14: -0.00086481173 | AK14: 0.056462115 | AL14: 0.07849301 | AM14: -0.11226929 | AN14: -0.22946842 | AO14: -0.13981329 | AP14: -0.11030393 | AQ14: -0.16861414 | AR14: -0.13718304 | AS14: 0.05211904 | AT14: 0.14234805 | AU14: 0.15576266 | AV14: 0.14491664 | AW14: 0.18538209 | AX14: 0.13665235 | AY14: 0.14596251 | AZ14: 0.2650378 | BA14: 0.14676562 | BB14: 0.0033428218 | BC14: -0.070510317 | BD14: -0.035291447 | BE14: 0.035257595 | BF14: 0.038800415 | BG14: 0.053526723 | BH14: 0.17967628 | BI14: 0.15487119 | BJ14: 0.11905581 | BK14: 0.13032726 | BL14: 0.093330538 | BM14: 0.080284022 | BN14: 0.20761045 | BO14: 0.18768666 | BP14: 0.12992121 | BQ14: 0.098717055 | BR14: 0.045233847 | BS14: 0.13778382 | BT14: 0.046964995 | BU14: 0.078535809 | BV14: 0.12030054 | BW14: 0.059755525 | BX14: 0.063549055 | BY14: -0.0065045111 | BZ14: -0.051668342 | CA14: -0.079185434 | CB14: -0.11278108 | CC14: -0.067050409 | CD14: -0.066787378 | CE14: -0.046564912 | CF14: -0.11929573 | CG14: -0.05315298 | CH14: -0.092611608 | CI14: -0.10903127 | CJ14: -0.065592489 | CK14: -0.088696833 | CL14: 0.089572677 | CM14: 0.065466675 | CN14: 0.02977826 | CO14: 0.0725081 | CP14: -0.013033581 | CQ14: 0.0095695222 | CR14: 0.024795353 | CS14: 0.048612117 | CT14: 0.060893022 | CU14: 0.034381618 | CV14: 0.1698004 | CW14: 0.20445758 | CX14: 0.11667932 | CY14: 0.020058144 | CZ14: -0.0014802745 | DA14: -0.023150115 | DB14: -0.19162966 | DC14: -0.27185177 | DD14: -0.21309613 | DE14: -0.16221912 | DF14: -0.20201256 | DG14: -0.17344116 | DH14: 0.0010129746 | DI14: 0.076205463 | DJ14: 0.068038264 | DK14: 0.058032612 | DL14: 0.0096719985 | DM14: -0.13040706 | DN14: -0.29058271 | DO14: -0.37804696 | DP14: -0.38659982 | DQ14: -0.38856602 | DR14: -0.22251358 | DS14: -0.17879173 | DT14: -0.15458476 | DU14: -0.061360687 | DV14: 0.02797793 | DW14: -0.031911652 | DX14: -0.099874593 | DY14: 0.0034834303 | DZ14: 0.028079827 | EA14: -0.0017876847 | EB14: -0.090286462 | EC14: -0.053357026 | ED14: -0.06524063 | EE14: -0.041521107 | EF14: -0.03506792
B15: maxret | C15: 0.031791852 | D15: -0.12411353 | E15: -0.1855275 | F15: -0.51750513 | G15: -0.47668017 | H15: -0.45722757 | I15: -0.5284488 | J15: -0.42896716 | K15: -0.41261834 | L15: -0.0041638076 | M15: -0.026791836 | N15: -0.1044833 | O15: 0.044211548 | P15: 0.058306596 | Q15: -0.068633319 | R15: 0.039118301 | S15: 0.014309176 | T15: 0.047434316 | U15: -0.0058521477 | V15: -0.084536823 | W15: -0.21030819 | X15: -0.29890893 | Y15: -0.28699682 | Z15: -0.24392936 | AA15: -0.26669381 | AB15: -0.2664948 | AC15: -0.092233352 | AD15: -0.11479514 | AE15: -0.1224079 | AF15: -0.095242339 | AG15: -0.078768449 | AH15: -0.10231022 | AI15: -0.057262344 | AJ15: 0.013756306 | AK15: 0.074954773 | AL15: 0.058691382 | AM15: 0.0053574223 | AN15: 0.011511209 | AO15: 0.043992852 | AP15: 0.013865785 | AQ15: -0.037826594 | AR15: 0.0020397996 | AS15: 0.1357503 | AT15: 0.096260025 | AU15: 0.10985243 | AV15: 0.054049592 | AW15: 0.091063556 | AX15: -0.0033959985 | AY15: -0.071198973 | AZ15: -0.074040979 | BA15: -0.13474835 | BB15: -0.18483968 | BC15: -0.17191627 | BD15: -0.19026125 | BE15: -0.18314879 | BF15: -0.11690615 | BG15: 0.1233003 | BH15: 0.15359622 | BI15: 0.14035134 | BJ15: 0.2346569 | BK15: 0.27295375 | BL15: 0.28953705 | BM15: 0.059430813 | BN15: 0.12537867 | BO15: 0.094402298 | BP15: 0.022123087 | BQ15: 0.038988348 | BR15: 0.039930685 | BS15: 0.042655091 | BT15: 0.036797177 | BU15: 0.076853981 | BV15: 0.086874653 | BW15: 0.045363248 | BX15: 0.033590598 | BY15: 0.050840618 | BZ15: 0.090275438 | CA15: 0.095704211 | CB15: 0.10042372 | CC15: 0.13416849 | CD15: 0.069815282 | CE15: 0.053519808 | CF15: -0.1378676 | CG15: -0.19353121 | CH15: -0.26226848 | CI15: -0.36215999 | CJ15: -0.17238617 | CK15: -0.24049517 | CL15: -0.029835663 | CM15: 0.048473892 | CN15: 0.039346739 | CO15: 0.11640796 | CP15: 0.027954672 | CQ15: 0.11747759 | CR15: 0.029545899 | CS15: 0.010751644 | CT15: 0.051099373 | CU15: 0.10823418 | CV15: 0.10010509 | CW15: 0.082435859 | CX15: 0.14446651 | CY15: 0.015434973 | CZ15: -0.068435942 | DA15: -0.040885148 | DB15: -0.090240153 | DC15: -0.072910137 | DD15: -0.074101524 | DE15: -0.038176172 | DF15: -0.080366391 | DG15: -0.084762822 | DH15: 0.045561826 | DI15: 0.015283929 | DJ15: -0.086368002 | DK15: -0.083284993 | DL15: -0.3107079 | DM15: -0.48915583 | DN15: -0.61713752 | DO15: -0.64241869 | DP15: -0.51612725 | DQ15: -0.53531008 | DR15: -0.20641258 | DS15: -0.036765638 | DT15: -0.02117636 | DU15: -0.10998909 | DV15: -0.083866243 | DW15: -0.17622427 | DX15: -0.25043733 | DY15: -0.15139281 | DZ15: -0.1158378 | EA15: -0.056648241 | EB15: 0.034255182 | EC15: -0.017395651 | ED15: 0.040598599 | EE15: 0.049896274 | EF15: 0.041656706
A17: (預測-真實)^2
B18: Time | C18: 2013/12 | D18: 2014/01 | E18: 2014/02 | F18: 2014/03 | G18: 2014/04 | H18: 2014/05 | I18: 2014/06 | J18: 2014/07 | K18: 2014/08 | L18: 2014/09 | M18: 2014/10 | N18: 2014/11 | O18: 2014/12 | P18: 2015/01 | Q18: 2015/02 | R18: 2015/03 | S18: 2015/04 | T18: 2015/05 | U18: 2015/06 | V18: 2015/07 | W18: 2015/08 | X18: 2015/09 | Y18: 2015/10 | Z18: 2015/11 | AA18: 2015/12 | AB18: 2016/01 | AC18: 2016/02 | AD18: 2016/03 | AE18: 2016/04 | AF18: 2016/05 | AG18: 2016/06 | AH18: 2016/07 | AI18: 2016/08 | AJ18: 2016/09 | AK18: 2016/10 | AL18: 2016/11 | AM18: 2016/12 | AN18: 2017/01 | AO18: 2017/02 | AP18: 2017/03 | AQ18: 2017/04 | AR18: 2017/05 | AS18: 2017/06 | AT18: 2017/07 | AU18: 2017/08 | AV18: 2017/09 | AW18: 2017/10 | AX18: 2017/11 | AY18: 2017/12 | AZ18: 2018/01 | BA18: 2018/02 | BB18: 2018/03 | BC18: 2018/04 | BD18: 2018/05 | BE18: 2018/06 | BF18: 2018/07 | BG18: 2018/08 | BH18: 2018/09 | BI18: 2018/10 | BJ18: 2018/11 | BK18: 2018/12 | BL18: 2019/01 | BM18: 2019/02 | BN18: 2019/03 | BO18: 2019/04 | BP18: 2019/05 | BQ18: 2019/06 | BR18: 2019/07 | BS18: 2019/08 | BT18: 2019/09 | BU18: 2019/10 | BV18: 2019/11 | BW18: 2019/12 | BX18: 2020/01 | BY18: 2020/02 | BZ18: 2020/03 | CA18: 2020/04 | CB18: 2020/05 | CC18: 2020/06 | CD18: 2020/07 | CE18: 2020/08 | CF18: 2020/09 | CG18: 2020/10 | CH18: 2020/11 | CI18: 2020/12 | CJ18: 2021/01 | CK18: 2021/02 | CL18: 2021/03 | CM18: 2021/04 | CN18: 2021/05 | CO18: 2021/06 | CP18: 2021/07 | CQ18: 2021/08 | CR18: 2021/09 | CS18: 2021/10 | CT18: 2021/11 | CU18: 2021/12 | CV18: 2022/01 | CW18: 2022/02 | CX18: 2022/03 | CY18: 2022/04 | CZ18: 2022/05 | DA18: 2022/06 | DB18: 2022/07 | DC18: 2022/08 | DD18: 2022/09 | DE18: 2022/10 | DF18: 2022/11 | DG18: 2022/12 | DH18: 2023/01 | DI18: 2023/02 | DJ18: 2023/03 | DK18: 2023/04 | DL18: 2023/05 | DM18: 2023/06 | DN18: 2023/07 | DO18: 2023/08 | DP18: 2023/09 | DQ18: 2023/10 | DR18: 2023/11 | DS18: 2023/12 | DT18: 2024/01 | DU18: 2024/02 | DV18: 2024/03 | DW18: 2024/04 | DX18: 2024/05 | DY18: 2024/06 | DZ18: 2024/07 | EA18: 2024/08 | EB18: 2024/09 | EC18: 2024/10 | ED18: 2024/11 | EE18: 2024/12 | EF18: 2025/01
B19: mom1 | C19: =(C3-C11)^2 -> 0.015787697 | D19: =(D3-D11)^2 -> 0.0034306132 | E19: =(E3-E11)^2 -> 0.031666353 | F19: =(F3-F11)^2 -> 0.0041903755 | G19: =(G3-G11)^2 -> 0.00070151609 | H19: =(H3-H11)^2 -> 0.0002001957 | I19: =(I3-I11)^2 -> 0.01350127 | J19: =(J3-J11)^2 -> 1.6651825e-06 | ... EF19: =(EF3-EF11)^2 -> 0.0054801204
B20: mom12 | C20: =(C4-C12)^2 -> 0.04645684 | D20: =(D4-D12)^2 -> 0.065670075 | E20: =(E4-E12)^2 -> 0.074360079 | F20: =(F4-F12)^2 -> 0.11433411 | G20: =(G4-G12)^2 -> 0.042820201 | H20: =(H4-H12)^2 -> 0.31893708 | I20: =(I4-I12)^2 -> 0.42800464 | J20: =(J4-J12)^2 -> 0.36342846 | ... EF20: =(EF4-EF12)^2 -> 0.55153862
B21: chmom | C21: =(C5-C13)^2 -> 0.02275913 | D21: =(D5-D13)^2 -> 0.011118589 | E21: =(E5-E13)^2 -> 0.011751545 | F21: =(F5-F13)^2 -> 0.00025513323 | G21: =(G5-G13)^2 -> 0.10493788 | H21: =(H5-H13)^2 -> 0.18819254 | I21: =(I5-I13)^2 -> 0.36675691 | J21: =(J5-J13)^2 -> 0.18185905 | ... EF21: =(EF5-EF13)^2 -> 0.00090551395
B22: retvol | C22: =(C6-C14)^2 -> 0.0031724115 | D22: =(D6-D14)^2 -> 0.022832751 | E22: =(E6-E14)^2 -> 0.0087723581 | F22: =(F6-F14)^2 -> 0.12600332 | G22: =(G6-G14)^2 -> 0.047939905 | H22: =(H6-H14)^2 -> 0.079068854 | I22: =(I6-I14)^2 -> 0.13555169 | J22: =(J6-J14)^2 -> 0.16796846 | ... EF22: =(EF6-EF14)^2 -> 0.0015263574
B23: maxret | C23: =(C7-C15)^2 -> 0.00091809409 | D23: =(D7-D15)^2 -> 0.0174539 | E23: =(E7-E15)^2 -> 0.035601617 | F23: =(F7-F15)^2 -> 0.26795166 | G23: =(G7-G15)^2 -> 0.22872581 | H23: =(H7-H15)^2 -> 0.21155849 | I23: =(I7-I15)^2 -> 0.28267347 | J23: =(J7-J15)^2 -> 0.18484261 | ... EF23: =(EF7-EF15)^2 -> 0.0011318364
A25: 真實^2
B26: Time | C26: 2013/12 | D26: 2014/01 | E26: 2014/02 | F26: 2014/03 | G26: 2014/04 | H26: 2014/05 | I26: 2014/06 | J26: 2014/07 | K26: 2014/08 | L26: 2014/09 | M26: 2014/10 | N26: 2014/11 | O26: 2014/12 | P26: 2015/01 | Q26: 2015/02 | R26: 2015/03 | S26: 2015/04 | T26: 2015/05 | U26: 2015/06 | V26: 2015/07 | W26: 2015/08 | X26: 2015/09 | Y26: 2015/10 | Z26: 2015/11 | AA26: 2015/12 | AB26: 2016/01 | AC26: 2016/02 | AD26: 2016/03 | AE26: 2016/04 | AF26: 2016/05 | AG26: 2016/06 | AH26: 2016/07 | AI26: 2016/08 | AJ26: 2016/09 | AK26: 2016/10 | AL26: 2016/11 | AM26: 2016/12 | AN26: 2017/01 | AO26: 2017/02 | AP26: 2017/03 | AQ26: 2017/04 | AR26: 2017/05 | AS26: 2017/06 | AT26: 2017/07 | AU26: 2017/08 | AV26: 2017/09 | AW26: 2017/10 | AX26: 2017/11 | AY26: 2017/12 | AZ26: 2018/01 | BA26: 2018/02 | BB26: 2018/03 | BC26: 2018/04 | BD26: 2018/05 | BE26: 2018/06 | BF26: 2018/07 | BG26: 2018/08 | BH26: 2018/09 | BI26: 2018/10 | BJ26: 2018/11 | BK26: 2018/12 | BL26: 2019/01 | BM26: 2019/02 | BN26: 2019/03 | BO26: 2019/04 | BP26: 2019/05 | BQ26: 2019/06 | BR26: 2019/07 | BS26: 2019/08 | BT26: 2019/09 | BU26: 2019/10 | BV26: 2019/11 | BW26: 2019/12 | BX26: 2020/01 | BY26: 2020/02 | BZ26: 2020/03 | CA26: 2020/04 | CB26: 2020/05 | CC26: 2020/06 | CD26: 2020/07 | CE26: 2020/08 | CF26: 2020/09 | CG26: 2020/10 | CH26: 2020/11 | CI26: 2020/12 | CJ26: 2021/01 | CK26: 2021/02 | CL26: 2021/03 | CM26: 2021/04 | CN26: 2021/05 | CO26: 2021/06 | CP26: 2021/07 | CQ26: 2021/08 | CR26: 2021/09 | CS26: 2021/10 | CT26: 2021/11 | CU26: 2021/12 | CV26: 2022/01 | CW26: 2022/02 | CX26: 2022/03 | CY26: 2022/04 | CZ26: 2022/05 | DA26: 2022/06 | DB26: 2022/07 | DC26: 2022/08 | DD26: 2022/09 | DE26: 2022/10 | DF26: 2022/11 | DG26: 2022/12 | DH26: 2023/01 | DI26: 2023/02 | DJ26: 2023/03 | DK26: 2023/04 | DL26: 2023/05 | DM26: 2023/06 | DN26: 2023/07 | DO26: 2023/08 | DP26: 2023/09 | DQ26: 2023/10 | DR26: 2023/11 | DS26: 2023/12 | DT26: 2024/01 | DU26: 2024/02 | DV26: 2024/03 | DW26: 2024/04 | DX26: 2024/05 | DY26: 2024/06 | DZ26: 2024/07 | EA26: 2024/08 | EB26: 2024/09 | EC26: 2024/10 | ED26: 2024/11 | EE26: 2024/12 | EF26: 2025/01
B27: mom1 | C27: =C11^2 -> 0.014546942 | D27: =D11^2 -> 0.0020783224 | E27: =E11^2 -> 0.027904049 | F27: =F11^2 -> 0.0054389133 | G27: =G11^2 -> 0.0010566782 | H27: =H11^2 -> 0.0010789332 | I27: =I11^2 -> 0.014665592 | J27: =J11^2 -> 6.6679309e-06 | ... EF27: =EF11^2 -> 0.0092316261
B28: mom12 | C28: =C12^2 -> 0.043830739 | D28: =D12^2 -> 0.058301099 | E28: =E12^2 -> 0.070950827 | F28: =F12^2 -> 0.10905172 | G28: =G12^2 -> 0.041447413 | H28: =H12^2 -> 0.30662154 | I28: =I12^2 -> 0.44862469 | J28: =J12^2 -> 0.37249771 | ... EF28: =EF12^2 -> 0.53249604
B29: chmom | C29: =C13^2 -> 0.020047505 | D29: =D13^2 -> 0.0085723424 | E29: =E13^2 -> 0.012881976 | F29: =F13^2 -> 5.4419799e-05 | G29: =G13^2 -> 0.10153124 | H29: =H13^2 -> 0.17690351 | I29: =I13^2 -> 0.38120221 | J29: =J13^2 -> 0.18802638 | ... EF29: =EF13^2 -> 0.0002289336
B30: retvol | C30: =C14^2 -> 0.003056719 | D30: =D14^2 -> 0.020866666 | E30: =E14^2 -> 0.0083596828 | F30: =F14^2 -> 0.12599078 | G30: =G14^2 -> 0.048064591 | H30: =H14^2 -> 0.080164974 | I30: =I14^2 -> 0.13796223 | J30: =J14^2 -> 0.16861214 | ... EF30: =EF14^2 -> 0.001229759
B31: maxret | C31: =C15^2 -> 0.0010107219 | D31: =D15^2 -> 0.015404169 | E31: =E15^2 -> 0.034420455 | F31: =F15^2 -> 0.26781156 | G31: =G15^2 -> 0.22722399 | H31: =H15^2 -> 0.20905705 | I31: =I15^2 -> 0.27925813 | J31: =J15^2 -> 0.18401282 | ... EF31: =EF15^2 -> 0.0017352812
B33: =1-SUM(C15:EF17)/SUM(C21:EF23) -> 1.56025
