Workbook

Sheet 預測IC
A1: Predict
B2: Time | C2: 2013/12 | D2: 2014/01 | E2: 2014/02 | F2: 2014/03 | G2: 2014/04 | H2: 2014/05 | I2: 2014/06 | J2: 2014/07 | K2: 2014/08 | L2: 2014/09 | M2: 2014/10 | N2: 2014/11 | O2: 2014/12 | P2: 2015/01 | Q2: 2015/02 | R2: 2015/03 | S2: 2015/04 | T2: 2015/05 | U2: 2015/06 | V2: 2015/07 | W2: 2015/08 | X2: 2015/09 | Y2: 2015/10 | Z2: 2015/11 | AA2: 2015/12 | AB2: 2016/01 | AC2: 2016/02 | AD2: 2016/03 | AE2: 2016/04 | AF2: 2016/05 | AG2: 2016/06 | AH2: 2016/07 | AI2: 2016/08 | AJ2: 2016/09 | AK2: 2016/10 | AL2: 2016/11 | AM2: 2016/12 | AN2: 2017/01 | AO2: 2017/02 | AP2: 2017/03 | AQ2: 2017/04 | AR2: 2017/05 | AS2: 2017/06 | AT2: 2017/07 | AU2: 2017/08 | AV2: 2017/09 | AW2: 2017/10 | AX2: 2017/11 | AY2: 2017/12 | AZ2: 2018/01 | BA2: 2018/02 | BB2: 2018/03 | BC2: 2018/04 | BD2: 2018/05 | BE2: 2018/06 | BF2: 2018/07 | BG2: 2018/08 | BH2: 2018/09 | BI2: 2018/10 | BJ2: 2018/11 | BK2: 2018/12 | BL2: 2019/01 | BM2: 2019/02 | BN2: 2019/03 | BO2: 2019/04 | BP2: 2019/05 | BQ2: 2019/06 | BR2: 2019/07 | BS2: 2019/08 | BT2: 2019/09 | BU2: 2019/10 | BV2: 2019/11 | BW2: 2019/12 | BX2: 2020/01 | BY2: 2020/02 | BZ2: 2020/03 | CA2: 2020/04 | CB2: 2020/05 | CC2: 2020/06 | CD2: 2020/07 | CE2: 2020/08 | CF2: 2020/09 | CG2: 2020/10 | CH2: 2020/11 | CI2: 2020/12 | CJ2: 2021/01 | CK2: 2021/02 | CL2: 2021/03 | CM2: 2021/04 | CN2: 2021/05 | CO2: 2021/06 | CP2: 2021/07 | CQ2: 2021/08 | CR2: 2021/09 | CS2: 2021/10 | CT2: 2021/11 | CU2: 2021/12 | CV2: 2022/01 | CW2: 2022/02 | CX2: 2022/03 | CY2: 2022/04 | CZ2: 2022/05 | DA2: 2022/06 | DB2: 2022/07 | DC2: 2022/08 | DD2: 2022/09 | DE2: 2022/10 | DF2: 2022/11 | DG2: 2022/12 | DH2: 2023/01 | DI2: 2023/02 | DJ2: 2023/03 | DK2: 2023/04 | DL2: 2023/05 | DM2: 2023/06 | DN2: 2023/07 | DO2: 2023/08 | DP2: 2023/09 | DQ2: 2023/10 | DR2: 2023/11 | DS2: 2023/12 | DT2: 2024/01 | DU2: 2024/02 | DV2: 2024/03 | DW2: 2024/04 | DX2: 2024/05 | DY2: 2024/06 | DZ2: 2024/07 | EA2: 2024/08 | EB2: 2024/09 | EC2: 2024/10 | ED2: 2024/11 | EE2: 2024/12 | EF2: 2025/01
B3: mom1 | C3: -0.070510313 | D3: -0.020690763 | E3: -0.049750485 | F3: -0.092162974 | G3: -0.090981476 | H3: 0.017403694 | I3: -0.0014660321 | J3: -0.042782601 | K3: -0.048218094 | L3: -0.054908209 | M3: -0.0042270971 | N3: -0.015415508 | O3: -0.026379582 | P3: 0.0021669322 | Q3: -0.063427776 | R3: -0.026445759 | S3: -0.030793073 | T3: -0.0013314302 | U3: -0.011667066 | V3: -0.0074396813 | W3: -0.0056037698 | X3: -0.054782856 | Y3: 0.0014601285 | Z3: -0.051124588 | AA3: -0.049931929 | AB3: 0.035460174 | AC3: -0.036260024 | AD3: -0.02177857 | AE3: -0.012961893 | AF3: -0.019972652 | AG3: -0.042137694 | AH3: 0.0011005618 | AI3: 0.0017914374 | AJ3: 0.012323425 | AK3: -0.041931521 | AL3: -0.036095079 | AM3: -0.0013822748 | AN3: -0.028956376 | AO3: -0.042428315 | AP3: -0.049674943 | AQ3: -0.032604296 | AR3: -0.013108823 | AS3: -0.035700481 | AT3: -0.005788805 | AU3: -0.014518599 | AV3: -0.031922929 | AW3: -0.011949936 | AX3: -0.010149507 | AY3: -0.033810735 | AZ3: -0.048453212 | BA3: -0.027815299 | BB3: -0.030379677 | BC3: 0.024711607 | BD3: -0.023138821 | BE3: -0.0015485354 | BF3: 0.048466574 | BG3: -0.0068415171 | BH3: -0.029017322 | BI3: 0.063621186 | BJ3: 0.051039994 | BK3: 0.020570621 | BL3: -0.044453237 | BM3: 0.016062213 | BN3: -0.011407252 | BO3: -0.021107044 | BP3: -0.024570042 | BQ3: 0.00058053539 | BR3: 0.014106971 | BS3: -0.022216966 | BT3: -0.021804685 | BU3: -0.00032476775 | BV3: -0.016946584 | BW3: -0.0091368407 | BX3: -0.024530711 | BY3: -0.013744997 | BZ3: 0.016965671 | CA3: -0.0049971738 | CB3: 0.025937315 | CC3: -0.050457574 | CD3: -0.017129438 | CE3: -0.015958412 | CF3: -0.036173265 | CG3: -0.033427384 | CH3: -0.018980077 | CI3: -0.015892658 | CJ3: -0.019351164 | CK3: -0.036270283 | CL3: 0.02185446 | CM3: -0.030669076 | CN3: -0.03356621 | CO3: -0.057102174 | CP3: -0.014168661 | CQ3: -0.024477812 | CR3: -0.0051261066 | CS3: 0.018650705 | CT3: -0.036899783 | CU3: -0.030328931 | CV3: -0.01596538 | CW3: -0.028334806 | CX3: -0.02261522 | CY3: -0.0081325807 | CZ3: -0.0065493393 | DA3: -0.018719476 | DB3: -0.023759631 | DC3: -0.015671693 | DD3: -0.01952298 | DE3: -0.040282518 | DF3: -0.0088851424 | DG3: 0.00091460929 | DH3: -0.012378844 | DI3: 0.0090523073 | DJ3: -0.019859632 | DK3: -0.022675382 | DL3: -0.042003386 | DM3: -0.027967073 | DN3: 0.0070053488 | DO3: -0.026276816 | DP3: -0.036057945 | DQ3: -0.033415288 | DR3: -0.016046343 | DS3: -0.014641634 | DT3: -0.035933752 | DU3: 0.0030717822 | DV3: -0.015330855 | DW3: -0.01494637 | DX3: -0.011101509 | DY3: -0.0047925967 | DZ3: -0.018466953 | EA3: -0.012543919 | EB3: -0.032696195 | EC3: -0.056490704 | ED3: -0.026412357 | EE3: -0.018078614 | EF3: -0.0036580674
B4: mom12 | C4: 0.028248634 | D4: 0.014183227 | E4: 0.031993348 | F4: 0.0042365594 | G4: 0.012714939 | H4: 0.010832135 | I4: 0.063727826 | J4: 0.014011074 | K4: 0.066770576 | L4: 0.021485414 | M4: 0.028019289 | N4: 0.008423822 | O4: 0.026018109 | P4: 0.0088989316 | Q4: 0.01201281 | R4: 0.0065032719 | S4: -0.00066254294 | T4: 0.011814414 | U4: 0.013395538 | V4: 0.011924206 | W4: 0.027815573 | X4: 2.5693094e-05 | Y4: 0.039316867 | Z4: 0.056920212 | AA4: 0.098233536 | AB4: 0.064750098 | AC4: 0.067361787 | AD4: 0.051507805 | AE4: 0.049662109 | AF4: 0.020239389 | AG4: 0.00093923445 | AH4: -0.011057081 | AI4: 0.016824111 | AJ4: -0.00074724434 | AK4: 0.01140181 | AL4: 0.00044149283 | AM4: -0.017898617 | AN4: -0.010071121 | AO4: 0.0066899019 | AP4: -0.011917489 | AQ4: -0.027241044 | AR4: -0.004914077 | AS4: -0.030879321 | AT4: -0.014748431 | AU4: -0.022974038 | AV4: -0.0022748797 | AW4: -0.016570061 | AX4: -0.01187692 | AY4: -0.02451757 | AZ4: 0.0014865461 | BA4: 0.010297449 | BB4: 0.0025721302 | BC4: 0.003916319 | BD4: -0.0025292612 | BE4: -0.0082999747 | BF4: -0.0046186103 | BG4: -0.0061649741 | BH4: -0.0037486088 | BI4: 0.00596953 | BJ4: -0.008252495 | BK4: -0.0031494102 | BL4: -0.022762906 | BM4: -0.015299521 | BN4: -0.010563814 | BO4: 0.0046637068 | BP4: 0.0046207542 | BQ4: 0.03309983 | BR4: 0.079383321 | BS4: 0.032730803 | BT4: 0.015519017 | BU4: 0.017918561 | BV4: 0.012576747 | BW4: 0.017560082 | BX4: 0.019561546 | BY4: 0.00948299 | BZ4: 0.023618856 | CA4: 0.024344778 | CB4: -0.0084261037 | CC4: 7.1666633e-05 | CD4: 0.0015852515 | CE4: -0.0041839518 | CF4: -0.019255713 | CG4: -0.02450777 | CH4: -0.025543062 | CI4: -0.016113311 | CJ4: -0.023990631 | CK4: -0.030572861 | CL4: -0.033399541 | CM4: -0.013533869 | CN4: -0.016596911 | CO4: -0.012488239 | CP4: -0.015990794 | CQ4: -0.0072096372 | CR4: -0.028411187 | CS4: -0.030072507 | CT4: -0.027659753 | CU4: -0.017069595 | CV4: -0.017912267 | CW4: -0.012390219 | CX4: -0.017721431 | CY4: -0.0019734646 | CZ4: 0.0087843286 | DA4: -0.032751679 | DB4: -0.0091977678 | DC4: -0.0043027769 | DD4: -0.017814325 | DE4: 0.0041021798 | DF4: -0.00723154 | DG4: 0.004289207 | DH4: 0.0095487144 | DI4: 0.0070580319 | DJ4: 0.0068894681 | DK4: 0.0070452648 | DL4: 0.0078367051 | DM4: 0.011320108 | DN4: 0.0033352235 | DO4: 0.013803395 | DP4: 0.010737471 | DQ4: 0.00061118975 | DR4: 0.014212187 | DS4: 0.0017021111 | DT4: 0.0035690044 | DU4: 0.0020074488 | DV4: 0.029247954 | DW4: 0.018428531 | DX4: 0.018775085 | DY4: 0.012516481 | DZ4: 0.018593142 | EA4: 0.018734032 | EB4: 0.011606191 | EC4: 0.031247735 | ED4: 0.018441975 | EE4: 0.0075100353 | EF4: 0.018255115
B5: chmom | C5: -0.030935572 | D5: -0.078517266 | E5: -0.071969844 | F5: -0.0216826 | G5: 0.003931568 | H5: -0.019784926 | I5: -0.010177304 | J5: -0.0082358997 | K5: 0.023635531 | L5: -0.014618007 | M5: 0.02276809 | N5: -0.043634202 | O5: -0.057530195 | P5: -0.061749738 | Q5: -0.064170286 | R5: -0.056614187 | S5: -0.039280273 | T5: -0.045374379 | U5: 0.021098524 | V5: -0.050834861 | W5: -0.043037977 | X5: -0.026595533 | Y5: -0.015138762 | Z5: -0.024952777 | AA5: -0.064031586 | AB5: -0.029604986 | AC5: -0.0019446176 | AD5: 0.0057631759 | AE5: -0.011790563 | AF5: -0.0022569329 | AG5: -0.027719086 | AH5: -0.0021214748 | AI5: -0.029802717 | AJ5: -0.00033187165 | AK5: 0.013484867 | AL5: -0.0078548426 | AM5: -0.021816308 | AN5: 0.010699071 | AO5: 0.0011102274 | AP5: 0.00079638074 | AQ5: -0.0055128955 | AR5: -0.015489822 | AS5: -0.013374983 | AT5: -0.0028082796 | AU5: 0.013588437 | AV5: 0.011518656 | AW5: -0.0051678196 | AX5: -0.017534591 | AY5: -0.012889344 | AZ5: 0.0046084509 | BA5: -0.0037847871 | BB5: -0.0049904352 | BC5: -0.017079908 | BD5: -0.02391563 | BE5: 0.0021333401 | BF5: 0.031931266 | BG5: 0.022714403 | BH5: 0.054914258 | BI5: 0.023081651 | BJ5: 0.041425202 | BK5: -0.045687266 | BL5: -0.024188107 | BM5: -0.045954537 | BN5: -0.052363675 | BO5: -0.06094883 | BP5: -0.046518847 | BQ5: -0.031062063 | BR5: 0.0032680221 | BS5: 0.068480939 | BT5: 0.002156435 | BU5: -0.038370479 | BV5: -0.037749019 | BW5: -0.037364159 | BX5: -0.027728325 | BY5: -0.03027585 | BZ5: -0.043461852 | CA5: -0.031515237 | CB5: -0.031081436 | CC5: -0.035361417 | CD5: -0.033158984 | CE5: -0.023513908 | CF5: -0.012064296 | CG5: -0.0032220706 | CH5: -0.019549627 | CI5: -0.0096641975 | CJ5: -0.0020440889 | CK5: -0.026424447 | CL5: -0.043267768 | CM5: -0.019405793 | CN5: -0.02635004 | CO5: 0.003180597 | CP5: -0.0062574027 | CQ5: -0.013818862 | CR5: -0.021159159 | CS5: -0.018966084 | CT5: -0.029068194 | CU5: -0.051458955 | CV5: -0.024589416 | CW5: -0.047959473 | CX5: -0.024629397 | CY5: -0.027626641 | CZ5: -0.055032276 | DA5: -0.028730303 | DB5: -0.066727802 | DC5: -0.10732984 | DD5: -0.052791093 | DE5: -0.060571522 | DF5: -0.039159801 | DG5: -0.051414531 | DH5: -0.065701395 | DI5: -0.033493325 | DJ5: -0.024839012 | DK5: -0.02238475 | DL5: -0.03650948 | DM5: -0.0039328607 | DN5: -0.0096125035 | DO5: 0.014951462 | DP5: -0.0031372069 | DQ5: -0.0028361599 | DR5: 0.0051981704 | DS5: 0.011405285 | DT5: -0.00064447051 | DU5: -0.012735923 | DV5: -0.021273775 | DW5: -0.011831686 | DX5: -0.0043031299 | DY5: 0.0059299008 | DZ5: -0.0031490331 | EA5: -0.0087568779 | EB5: 0.0047055804 | EC5: -0.014093491 | ED5: -0.0073874481 | EE5: -0.024573959 | EF5: -0.030077245
B6: retvol | C6: 0.022974487 | D6: 0.01708141 | E6: 0.031377148 | F6: 0.016779406 | G6: -0.0013170848 | H6: 0.01384645 | I6: 0.021910241 | J6: 0.012609055 | K6: -0.0050779725 | L6: 0.0058798324 | M6: 0.013324283 | N6: 0.017233521 | O6: -5.6088713e-05 | P6: -0.0062972903 | Q6: 0.024710532 | R6: 0.013924113 | S6: 0.023693526 | T6: 0.019597102 | U6: 0.01067257 | V6: 0.02010666 | W6: 0.00167046 | X6: 0.0025238169 | Y6: 0.0092325034 | Z6: 0.012824959 | AA6: 0.0090660788 | AB6: -0.0012093025 | AC6: -0.006835869 | AD6: 0.0019463961 | AE6: 0.014238626 | AF6: 0.0088263219 | AG6: 0.02088213 | AH6: 0.051983811 | AI6: 0.01881082 | AJ6: 0.016175123 | AK6: 0.017538745 | AL6: 0.019539744 | AM6: 0.012414113 | AN6: -0.0030713342 | AO6: 0.0018124989 | AP6: 0.027226977 | AQ6: 0.015237001 | AR6: 0.020699002 | AS6: 0.018039731 | AT6: 0.01990521 | AU6: 0.013922203 | AV6: 0.014918374 | AW6: 0.0026367004 | AX6: 0.041243367 | AY6: 0.016222967 | AZ6: 0.020173013 | BA6: 0.016433232 | BB6: 0.022108844 | BC6: 0.020426225 | BD6: 0.014836632 | BE6: 0.01464956 | BF6: 0.0098656453 | BG6: 0.0065305722 | BH6: 0.00423531 | BI6: 0.0056681097 | BJ6: 0.0025409893 | BK6: 0.002166657 | BL6: 0.0033819519 | BM6: 0.0040704762 | BN6: 0.0089805722 | BO6: 0.0097311186 | BP6: 0.0048173126 | BQ6: 0.0098657906 | BR6: 0.01376301 | BS6: 0.014573461 | BT6: 0.020938689 | BU6: 0.014000543 | BV6: 0.019158285 | BW6: 0.017214477 | BX6: 0.011270096 | BY6: 0.025030509 | BZ6: 0.031615071 | CA6: 0.025428476 | CB6: 0.11305705 | CC6: 0.027973102 | CD6: 0.0076278588 | CE6: 0.013782011 | CF6: 0.0025310908 | CG6: 0.0017127168 | CH6: -0.0050100181 | CI6: 0.0032922137 | CJ6: 0.088564754 | CK6: 0.012102538 | CL6: 0.013237392 | CM6: 0.010921693 | CN6: 0.0040465407 | CO6: 0.001302311 | CP6: 0.010241216 | CQ6: 0.0059799491 | CR6: -0.0075976653 | CS6: 0.0023250426 | CT6: 0.022010699 | CU6: 0.0023386679 | CV6: 0.00076710118 | CW6: 0.0088794772 | CX6: 0.013562209 | CY6: 0.012153903 | CZ6: 0.01677263 | DA6: 0.014646888 | DB6: 0.017232055 | DC6: 0.013960229 | DD6: 0.0097235097 | DE6: 0.011490203 | DF6: 0.0053679054 | DG6: 0.0068998714 | DH6: 0.00763071 | DI6: 0.011459526 | DJ6: 0.0093496377 | DK6: 0.010472308 | DL6: 0.0099879391 | DM6: 0.014417588 | DN6: 0.015461322 | DO6: 0.072593644 | DP6: 0.066633999 | DQ6: 0.076050833 | DR6: 0.079444081 | DS6: 0.096407637 | DT6: 0.098738469 | DU6: 0.084987722 | DV6: 0.083614707 | DW6: 0.079545408 | DX6: 0.096235953 | DY6: 0.10154732 | DZ6: 0.13149092 | EA6: 0.11485938 | EB6: 0.11237456 | EC6: 0.12511362 | ED6: 0.0316572 | EE6: 0.029610975 | EF6: 0.031239053
B7: maxret | C7: 0.0021774524 | D7: 0.013015066 | E7: 0.0098455846 | F7: 0.0080243433 | G7: -0.0052677239 | H7: 0.001404033 | I7: 0.0033509603 | J7: -0.0040541883 | K7: 0.0016413978 | L7: -0.003604586 | M7: 0.0025401565 | N7: -0.0089025497 | O7: 0.010533438 | P7: 0.0097276494 | Q7: 0.011463934 | R7: 0.020894568 | S7: 0.021158934 | T7: 0.025689144 | U7: 0.024543272 | V7: 0.011583937 | W7: 0.017569646 | X7: 0.087800547 | Y7: 0.050161928 | Z7: 0.031262714 | AA7: 0.0042858967 | AB7: 0.046123538 | AC7: 0.080575474 | AD7: 0.036530923 | AE7: 0.02460568 | AF7: 0.012908366 | AG7: 0.021753384 | AH7: 0.0030683321 | AI7: 0.0085161366 | AJ7: -0.0049905563 | AK7: -0.0040547512 | AL7: 0.0096464334 | AM7: 0.02050478 | AN7: 0.02069281 | AO7: 0.0046984786 | AP7: -0.0045743487 | AQ7: -0.0068781576 | AR7: -0.0098103778 | AS7: -0.0095568029 | AT7: 0.0059230537 | AU7: 0.0014722419 | AV7: 0.028763983 | AW7: 0.026538765 | AX7: 0.0083058588 | AY7: 0.0053748903 | AZ7: 0.01186728 | BA7: 0.011852427 | BB7: 0.032360878 | BC7: 0.014286506 | BD7: 0.007969927 | BE7: -0.00060811342 | BF7: -0.011188488 | BG7: -0.019261265 | BH7: -0.021502297 | BI7: 0.05841824 | BJ7: 0.040143382 | BK7: 0.028391568 | BL7: 0.025553938 | BM7: 0.0096509531 | BN7: 0.0046400707 | BO7: 0.0036845333 | BP7: 0.013291311 | BQ7: 0.0078903371 | BR7: 0.0070404992 | BS7: 0.0071611647 | BT7: 0.014413588 | BU7: 0.011038203 | BV7: 0.023246251 | BW7: 0.023113625 | BX7: 0.07020662 | BY7: 0.061465926 | BZ7: 0.058226619 | CA7: 0.0049403347 | CB7: 0.010325176 | CC7: 0.00055629481 | CD7: 0.025742874 | CE7: 0.026346749 | CF7: 0.020780452 | CG7: 0.019359628 | CH7: 0.02775068 | CI7: 0.024828408 | CJ7: 0.022081017 | CK7: 0.0086565986 | CL7: 0.0070795948 | CM7: 0.0084662102 | CN7: 0.0027852557 | CO7: 0.0060324417 | CP7: 0.0048775836 | CQ7: -0.00088366348 | CR7: -0.0029415216 | CS7: -0.0065762377 | CT7: -0.0050856704 | CU7: 0.037310883 | CV7: 0.030856956 | CW7: 0.019465599 | CX7: 0.021523755 | CY7: 0.030290527 | CZ7: 0.030590203 | DA7: 0.028499866 | DB7: 0.021195518 | DC7: 0.026068831 | DD7: 0.059307549 | DE7: 0.019247701 | DF7: 0.018887985 | DG7: 0.014815512 | DH7: 0.016671358 | DI7: 0.017327722 | DJ7: 0.01561035 | DK7: 0.015836952 | DL7: 0.017583078 | DM7: 0.01280765 | DN7: 0.020481693 | DO7: 0.011080808 | DP7: 0.015453166 | DQ7: 0.01020689 | DR7: 0.012916479 | DS7: 0.019664204 | DT7: 0.022220226 | DU7: 0.023969663 | DV7: 0.014732354 | DW7: 0.013176583 | DX7: 0.017936071 | DY7: 0.016969321 | DZ7: 0.016285731 | EA7: 0.011118081 | EB7: 0.014203252 | EC7: 0.008901258 | ED7: 0.007033038 | EE7: 0.011094453 | EF7: 0.011496754
A8: 選絕對值最大 | C8: {=MATCH(MAX(ABS(C3:C7)), ABS(C3:C7), 0)} -> 1 | D8: {=MATCH(MAX(ABS(D3:D7)), ABS(D3:D7), 0)} -> 3 | E8: {=MATCH(MAX(ABS(E3:E7)), ABS(E3:E7), 0)} -> 3 | F8: {=MATCH(MAX(ABS(F3:F7)), ABS(F3:F7), 0)} -> 1 | G8: {=MATCH(MAX(ABS(G3:G7)), ABS(G3:G7), 0)} -> 1 | H8: {=MATCH(MAX(ABS(H3:H7)), ABS(H3:H7), 0)} -> 3 | I8: {=MATCH(MAX(ABS(I3:I7)), ABS(I3:I7), 0)} -> 2 | J8: {=MATCH(MAX(ABS(J3:J7)), ABS(J3:J7), 0)} -> 1 | ... EF8: {=MATCH(MAX(ABS(EF3:EF7)), ABS(EF3:EF7), 0)} -> 4
C9: =IF(C8=1,"mom1", IF(C8=2,"mom12", IF(C8=3,"chmom", IF(C8=4,"retvol", IF(C8=5,"maxret",""))))) -> mom1 | D9: =IF(D8=1,"mom1", IF(D8=2,"mom12", IF(D8=3,"chmom", IF(D8=4,"retvol", IF(D8=5,"maxret",""))))) -> chmom | E9: =IF(E8=1,"mom1", IF(E8=2,"mom12", IF(E8=3,"chmom", IF(E8=4,"retvol", IF(E8=5,"maxret",""))))) -> chmom | F9: =IF(F8=1,"mom1", IF(F8=2,"mom12", IF(F8=3,"chmom", IF(F8=4,"retvol", IF(F8=5,"maxret",""))))) -> mom1 | G9: =IF(G8=1,"mom1", IF(G8=2,"mom12", IF(G8=3,"chmom", IF(G8=4,"retvol", IF(G8=5,"maxret",""))))) -> mom1 | H9: =IF(H8=1,"mom1", IF(H8=2,"mom12", IF(H8=3,"chmom", IF(H8=4,"retvol", IF(H8=5,"maxret",""))))) -> chmom | I9: =IF(I8=1,"mom1", IF(I8=2,"mom12", IF(I8=3,"chmom", IF(I8=4,"retvol", IF(I8=5,"maxret",""))))) -> mom12 | J9: =IF(J8=1,"mom1", IF(J8=2,"mom12", IF(J8=3,"chmom", IF(J8=4,"retvol", IF(J8=5,"maxret",""))))) -> mom1 | ... EF9: =IF(EF8=1,"mom1", IF(EF8=2,"mom12", IF(EF8=3,"chmom", IF(EF8=4,"retvol", IF(EF8=5,"maxret",""))))) -> retvol
C10: =IF(C8=1,C3,IF(C8=2,C4,IF(C8=3,C5,IF(C8=4,C6,IF(C8=5,C7))))) -> -0.070510313 | D10: =IF(D8=1,D3,IF(D8=2,D4,IF(D8=3,D5,IF(D8=4,D6,IF(D8=5,D7))))) -> -0.078517266 | E10: =IF(E8=1,E3,IF(E8=2,E4,IF(E8=3,E5,IF(E8=4,E6,IF(E8=5,E7))))) -> -0.071969844 | F10: =IF(F8=1,F3,IF(F8=2,F4,IF(F8=3,F5,IF(F8=4,F6,IF(F8=5,F7))))) -> -0.092162974 | G10: =IF(G8=1,G3,IF(G8=2,G4,IF(G8=3,G5,IF(G8=4,G6,IF(G8=5,G7))))) -> -0.090981476 | H10: =IF(H8=1,H3,IF(H8=2,H4,IF(H8=3,H5,IF(H8=4,H6,IF(H8=5,H7))))) -> -0.019784926 | I10: =IF(I8=1,I3,IF(I8=2,I4,IF(I8=3,I5,IF(I8=4,I6,IF(I8=5,I7))))) -> 0.063727826 | J10: =IF(J8=1,J3,IF(J8=2,J4,IF(J8=3,J5,IF(J8=4,J6,IF(J8=5,J7))))) -> -0.042782601 | ... EF10: =IF(EF8=1,EF3,IF(EF8=2,EF4,IF(EF8=3,EF5,IF(EF8=4,EF6,IF(EF8=5,EF7))))) -> 0.031239053
A12: 投資組合 | C12: 公司數 | D12: 964
A13: 等分 | B13: 家數 | C13: 2014/01 | D13: 2014/02 | E13: 2014/03 | F13: 2014/04 | G13: 2014/05 | H13: 2014/06 | I13: 2014/07 | J13: 2014/08 | K13: 2014/09 | L13: 2014/10 | M13: 2014/11 | N13: 2014/12 | O13: 2015/01 | P13: 2015/02 | Q13: 2015/03 | R13: 2015/04 | S13: 2015/05 | T13: 2015/06 | U13: 2015/07 | V13: 2015/08 | W13: 2015/09 | X13: 2015/10 | Y13: 2015/11 | Z13: 2015/12 | AA13: 2016/01 | AB13: 2016/02 | AC13: 2016/03 | AD13: 2016/04 | AE13: 2016/05 | AF13: 2016/06 | AG13: 2016/07 | AH13: 2016/08 | AI13: 2016/09 | AJ13: 2016/10 | AK13: 2016/11 | AL13: 2016/12 | AM13: 2017/01 | AN13: 2017/02 | AO13: 2017/03 | AP13: 2017/04 | AQ13: 2017/05 | AR13: 2017/06 | AS13: 2017/07 | AT13: 2017/08 | AU13: 2017/09 | AV13: 2017/10 | AW13: 2017/11 | AX13: 2017/12 | AY13: 2018/01 | AZ13: 2018/02 | BA13: 2018/03 | BB13: 2018/04 | BC13: 2018/05 | BD13: 2018/06 | BE13: 2018/07 | BF13: 2018/08 | BG13: 2018/09 | BH13: 2018/10 | BI13: 2018/11 | BJ13: 2018/12 | BK13: 2019/01 | BL13: 2019/02 | BM13: 2019/03 | BN13: 2019/04 | BO13: 2019/05 | BP13: 2019/06 | BQ13: 2019/07 | BR13: 2019/08 | BS13: 2019/09 | BT13: 2019/10 | BU13: 2019/11 | BV13: 2019/12 | BW13: 2020/01 | BX13: 2020/02 | BY13: 2020/03 | BZ13: 2020/04 | CA13: 2020/05 | CB13: 2020/06 | CC13: 2020/07 | CD13: 2020/08 | CE13: 2020/09 | CF13: 2020/10 | CG13: 2020/11 | CH13: 2020/12 | CI13: 2021/01 | CJ13: 2021/02 | CK13: 2021/03 | CL13: 2021/04 | CM13: 2021/05 | CN13: 2021/06 | CO13: 2021/07 | CP13: 2021/08 | CQ13: 2021/09 | CR13: 2021/10 | CS13: 2021/11 | CT13: 2021/12 | CU13: 2022/01 | CV13: 2022/02 | CW13: 2022/03 | CX13: 2022/04 | CY13: 2022/05 | CZ13: 2022/06 | DA13: 2022/07 | DB13: 2022/08 | DC13: 2022/09 | DD13: 2022/10 | DE13: 2022/11 | DF13: 2022/12 | DG13: 2023/01 | DH13: 2023/02 | DI13: 2023/03 | DJ13: 2023/04 | DK13: 2023/05 | DL13: 2023/06 | DM13: 2023/07 | DN13: 2023/08 | DO13: 2023/09 | DP13: 2023/10 | DQ13: 2023/11 | DR13: 2023/12 | DS13: 2024/01 | DT13: 2024/02 | DU13: 2024/03 | DV13: 2024/04 | DW13: 2024/05 | DX13: 2024/06 | DY13: 2024/07 | DZ13: 2024/08 | EA13: 2024/09 | EB13: 2024/10 | EC13: 2024/11 | ED13: 2024/12 | EE13: 2025/01 | EF13: 2025/02
A14: 10 | B14: 96 | C14: 0.29562127 | D14: 0.29579885 | E14: 0.31223014 | F14: 0.31619112 | G14: 0.28955698 | H14: 0.30198331 | I14: 0.28076304 | J14: 0.30811007 | K14: 0.25551553 | L14: 0.28512252 | M14: 0.29293717 | N14: 0.26978649 | O14: 0.033855419 | P14: 0.009187813 | Q14: 0.0036922926 | R14: 0.018857347 | S14: -0.010400127 | T14: 0.039154164 | U14: 0.034050841 | V14: 0.012774886 | W14: -0.015833487 | X14: 0.018526807 | Y14: -0.0081941143 | Z14: 0.016844199 | AA14: -0.034925567 | AB14: 0.011733349 | AC14: 0.0024528133 | AD14: 0.014606485 | AE14: -0.047310557 | AF14: 0.037226253 | AG14: -0.010645152 | AH14: -0.00083143259 | AI14: -0.008833542 | AJ14: 0.014792736 | AK14: 0.0035002465 | AL14: -0.028172463 | AM14: 0.01018642 | AN14: -0.028398857 | AO14: -0.035094545 | AP14: -0.00011593659 | AQ14: 0.0068169447 | AR14: -0.0076047465 | AS14: -0.010693768 | AT14: -0.025356079 | AU14: 0.0087458125 | AV14: -0.0018328601 | AW14: -7.4897106e-05 | AX14: 0.0037427824 | AY14: 0.0069931348 | AZ14: -0.0043569513 | BA14: -0.0073738228 | BB14: -0.0033325844 | BC14: 0.0049337918 | BD14: -0.0070471841 | BE14: -0.019972054 | BF14: 0.0062837621 | BG14: 0.0035711131 | BH14: 0.083666686 | BI14: -0.079114243 | BJ14: -0.0082203428 | BK14: 0.01598367 | BL14: 0.0084824333 | BM14: 0.0094280581 | BN14: 0.023430297 | BO14: -0.0072456026 | BP14: 0.027158397 | BQ14: 0.028064502 | BR14: -0.056652371 | BS14: 0.014129938 | BT14: -0.041094473 | BU14: 0.013669865 | BV14: -0.0058086607 | BW14: -0.012734028 | BX14: 0.034835509 | BY14: 0.0057107008 | BZ14: -0.017428342 | CA14: 0.01137036 | CB14: 0.0051536318 | CC14: -0.019729777 | CD14: -0.021597667 | CE14: -0.0034906997 | CF14: -0.037333152 | CG14: 0.034151714 | CH14: 0.0078461011 | CI14: 0.0110822 | CJ14: -0.0051528175 | CK14: -0.015642306 | CL14: -0.081055991 | CM14: -0.0082143853 | CN14: 0.058968745 | CO14: -9.5717325e-05 | CP14: 0.0418224 | CQ14: -0.040079893 | CR14: -0.022438533 | CS14: 0.015178593 | CT14: 0.010719656 | CU14: -0.01002698 | CV14: -0.010830328 | CW14: 0.021778987 | CX14: 0.013771878 | CY14: 0.0019081475 | CZ14: 0.049818835 | DA14: -0.0029251034 | DB14: 0.010544306 | DC14: 0.035590313 | DD14: 1.4532099e-05 | DE14: -0.043065205 | DF14: -0.0055114635 | DG14: -0.032901993 | DH14: -0.0047876524 | DI14: -0.01776744 | DJ14: 0.019733787 | DK14: -0.019272709 | DL14: -0.026820375 | DM14: -0.017381543 | DN14: -0.017102502 | DO14: -0.020508085 | DP14: -0.00065093147 | DQ14: -0.0057251368 | DR14: 0.014115493 | DS14: -0.0030979458 | DT14: -0.0050880895 | DU14: 0.0061003211 | DV14: -0.0076564706 | DW14: -0.00083006673 | DX14: 0.0058533417 | DY14: -0.018883661 | DZ14: -0.030241386 | EA14: 0.010256941 | EB14: 0.01249673 | EC14: 0.001486557 | ED14: 0.018010473 | EE14: -0.0012909397 | EF14: 0.014839088
A15: 20 | B15: 48 | C15: 0.39331188 | D15: 0.3963549 | E15: 0.40431638 | F15: 0.45011884 | G15: 0.39396995 | H15: 0.39233842 | I15: 0.3767573 | J15: 0.42101089 | K15: 0.35518562 | L15: 0.3800904 | M15: 0.41971579 | N15: 0.37367531 | O15: 0.035515573 | P15: 0.010628823 | Q15: 0.016712992 | R15: 0.028785564 | S15: -0.030482854 | T15: 0.05345274 | U15: 0.022228388 | V15: 0.022568189 | W15: -0.014286003 | X15: 0.015769134 | Y15: -0.0018116477 | Z15: 0.035660659 | AA15: -0.052138646 | AB15: -0.0032576149 | AC15: -0.0044018582 | AD15: 0.023871033 | AE15: -0.045846849 | AF15: 0.065917249 | AG15: -0.0087411736 | AH15: 0.019819459 | AI15: -0.024804935 | AJ15: 0.014472795 | AK15: -0.014342491 | AL15: -0.023471247 | AM15: 0.034264019 | AN15: -0.018339292 | AO15: -0.011837745 | AP15: -0.0043498668 | AQ15: 0.019236499 | AR15: 0.0036919017 | AS15: -0.03213816 | AT15: -0.018727579 | AU15: 0.022220706 | AV15: 0.0066898372 | AW15: -0.020913992 | AX15: 0.0011904461 | AY15: 0.034040481 | AZ15: -0.022274403 | BA15: -0.0086804536 | BB15: -0.037682455 | BC15: -0.0016860244 | BD15: 0.0063971764 | BE15: -0.014666555 | BF15: -0.0075911485 | BG15: 0.008388645 | BH15: 0.086679819 | BI15: -0.093452031 | BJ15: -0.034383243 | BK15: 0.020952221 | BL15: 0.01749842 | BM15: 0.020059702 | BN15: 0.018618995 | BO15: -0.005660455 | BP15: 0.041028759 | BQ15: 0.011708171 | BR15: -0.074094909 | BS15: 0.0025179209 | BT15: -0.01771527 | BU15: 0.015907117 | BV15: 0.044142405 | BW15: -0.024125627 | BX15: 0.023708027 | BY15: 0.029153996 | BZ15: -0.020891445 | CA15: 0.028493747 | CB15: 0.025005095 | CC15: -0.029212612 | CD15: -0.028901628 | CE15: 0.018406167 | CF15: 0.0047397015 | CG15: 0.041020337 | CH15: 0.017138792 | CI15: 0.007406634 | CJ15: 0.01321239 | CK15: 0.013444767 | CL15: -0.10334166 | CM15: -0.032208208 | CN15: 0.10292046 | CO15: -0.011370086 | CP15: 0.049128216 | CQ15: -0.06354266 | CR15: -0.05326357 | CS15: -0.021820504 | CT15: 0.011875474 | CU15: -0.011974086 | CV15: -0.03097481 | CW15: 0.02077505 | CX15: 0.0034736558 | CY15: -0.018205109 | CZ15: 0.049122761 | DA15: 0.014664731 | DB15: 0.029569403 | DC15: 0.0035454961 | DD15: 0.0073567451 | DE15: -0.026688068 | DF15: -0.029168816 | DG15: -0.066597429 | DH15: -0.016940775 | DI15: 0.039659984 | DJ15: 0.038611334 | DK15: -0.030272381 | DL15: -0.043054104 | DM15: -0.029771114 | DN15: -0.0015267608 | DO15: -0.025795463 | DP15: -0.0076374981 | DQ15: 0.00045938004 | DR15: -0.002467663 | DS15: 0.019207434 | DT15: 0.0056904499 | DU15: -0.0078709431 | DV15: -0.0062293475 | DW15: 0.0042471667 | DX15: -0.0036317916 | DY15: -0.033335434 | DZ15: -0.029467191 | EA15: 0.018653144 | EB15: 0.0053733036 | EC15: -0.012039813 | ED15: 0.019665626 | EE15: 0.0046482073 | EF15: -0.00042282991
A16: 50 | B16: 19 | C16: 0.5686931 | D16: 0.58304727 | E16: 0.50875996 | F16: 0.7012067 | G16: 0.56764502 | H16: 0.51353529 | I16: 0.52459778 | J16: 0.57452631 | K16: 0.53353306 | L16: 0.52383984 | M16: 0.6622189 | N16: 0.52968663 | O16: 0.068478184 | P16: 0.019746294 | Q16: 0.024762036 | R16: -0.029131345 | S16: -0.08516785 | T16: 0.013326202 | U16: 0.027444889 | V16: -0.021051858 | W16: -0.014010518 | X16: -0.006826167 | Y16: -0.01755346 | Z16: 0.077504967 | AA16: -0.09320599 | AB16: -0.031541049 | AC16: 0.013922593 | AD16: 0.01921809 | AE16: -0.045766445 | AF16: 0.10735393 | AG16: -0.0041558719 | AH16: -0.00094518944 | AI16: -0.06587392 | AJ16: 0.014769621 | AK16: -0.048440554 | AL16: -0.022912714 | AM16: 0.047350532 | AN16: -0.0026452158 | AO16: -0.035452962 | AP16: -0.031143256 | AQ16: 0.067558758 | AR16: 0.038925731 | AS16: -0.049735401 | AT16: -0.0034809151 | AU16: 0.059085209 | AV16: 0.010185368 | AW16: -0.032178126 | AX16: 0.048824772 | AY16: 0.018790188 | AZ16: -0.025958601 | BA16: 0.013575526 | BB16: -0.037817078 | BC16: -0.057375223 | BD16: -0.022258856 | BE16: -0.005623067 | BF16: -0.0055154292 | BG16: -0.011254463 | BH16: 0.093489899 | BI16: -0.034212864 | BJ16: 0.01136275 | BK16: 0.034738169 | BL16: 0.039064744 | BM16: 0.050251896 | BN16: 0.022130917 | BO16: -0.027425149 | BP16: 0.098417959 | BQ16: 0.013578424 | BR16: -0.11254954 | BS16: 0.0010903994 | BT16: 0.061330951 | BU16: 0.003367388 | BV16: 0.072334374 | BW16: -0.05047749 | BX16: -0.0025419882 | BY16: -0.0076570666 | BZ16: 0.0068159629 | CA16: 0.021662672 | CB16: 0.039452833 | CC16: 0.0090658816 | CD16: 0.031381778 | CE16: 0.040838226 | CF16: 0.029202458 | CG16: 0.00073593443 | CH16: -0.0027508871 | CI16: 0.039620771 | CJ16: 0.025473179 | CK16: -0.0043052651 | CL16: -0.094229656 | CM16: -0.045719847 | CN16: 0.084019795 | CO16: -0.0090796999 | CP16: 0.070055971 | CQ16: -0.081929759 | CR16: -0.13305769 | CS16: -0.048241793 | CT16: 0.029899337 | CU16: -0.10598424 | CV16: -0.019031688 | CW16: 0.039286002 | CX16: 0.044870517 | CY16: -0.026444541 | CZ16: 0.033443031 | DA16: 0.044457056 | DB16: 0.1334724 | DC16: -0.10620858 | DD16: -0.0024562593 | DE16: 0.01586771 | DF16: -0.045963065 | DG16: -0.066648697 | DH16: 0.0010066448 | DI16: 0.017637508 | DJ16: 0.11147861 | DK16: -0.058643337 | DL16: -0.054308872 | DM16: -0.10576986 | DN16: 0.016945185 | DO16: -0.052795643 | DP16: -0.0066744724 | DQ16: -0.022091004 | DR16: 0.010223609 | DS16: 0.039002691 | DT16: 0.026047706 | DU16: 0.0085794605 | DV16: -0.031960903 | DW16: 0.02016054 | DX16: -0.055939831 | DY16: -0.044764042 | DZ16: -0.0237305 | EA16: 0.029844709 | EB16: -0.02212064 | EC16: -0.0088992372 | ED16: 0.0069462438 | EE16: -0.016784725 | EF16: 0.019105207
A17: 100 | B17: 10 | C17: 0.70578593 | D17: 0.71806043 | E17: 0.58979494 | F17: 0.91756882 | G17: 0.68479394 | H17: 0.59162455 | I17: 0.5633484 | J17: 0.70177216 | K17: 0.69443187 | L17: 0.64151964 | M17: 0.90573452 | N17: 0.69053013 | O17: 0.10954475 | P17: 0.014468125 | Q17: -0.069735273 | R17: -0.040956074 | S17: -0.073286062 | T17: -0.040580768 | U17: 0.047155577 | V17: -0.00088747123 | W17: -0.033198217 | X17: 0.021082176 | Y17: -0.012681867 | Z17: 0.072942012 | AA17: -0.16338792 | AB17: -0.025216572 | AC17: 0.02409873 | AD17: 0.037805405 | AE17: -0.031114693 | AF17: 0.17329739 | AG17: -0.018162447 | AH17: -0.019528413 | AI17: -0.047927622 | AJ17: -0.030000638 | AK17: -0.085653644 | AL17: -0.061223065 | AM17: 0.15861072 | AN17: 0.027677887 | AO17: -0.020839103 | AP17: -0.077175384 | AQ17: 0.11668327 | AR17: 0.029753374 | AS17: -0.047506168 | AT17: -0.01192887 | AU17: -0.012308077 | AV17: 0.030966 | AW17: -0.081214489 | AX17: 0.010074262 | AY17: 0.046059946 | AZ17: 0.0062275797 | BA17: 0.058968954 | BB17: -0.059131087 | BC17: -0.017544555 | BD17: -0.076794726 | BE17: -0.02665327 | BF17: 0.037606826 | BG17: 0.046645199 | BH17: 0.16308107 | BI17: -0.041037578 | BJ17: 0.055139281 | BK17: 0.040829705 | BL17: 0.084283106 | BM17: 0.025265211 | BN17: 0.013380564 | BO17: -0.014857903 | BP17: 0.07925408 | BQ17: 0.004072175 | BR17: -0.1096683 | BS17: -0.0062500353 | BT17: 0.054440943 | BU17: -0.0044750741 | BV17: 0.092808262 | BW17: -0.14634498 | BX17: 0.0093279871 | BY17: -0.038094766 | BZ17: 0.030885133 | CA17: -0.018009665 | CB17: 0.079453545 | CC17: 0.055771096 | CD17: 0.0079493117 | CE17: 0.053024704 | CF17: 0.0028356415 | CG17: 0.0063658827 | CH17: 0.010157749 | CI17: 0.05202488 | CJ17: 0.021180411 | CK17: -0.069569201 | CL17: -0.035204077 | CM17: 0.062701347 | CN17: 0.1072043 | CO17: 0.037305258 | CP17: 0.15347266 | CQ17: -0.12677704 | CR17: -0.2961227 | CS17: -0.027546867 | CT17: -0.0014671071 | CU17: -0.073679353 | CV17: -0.036577081 | CW17: 0.063888931 | CX17: 0.029677246 | CY17: -0.022930107 | CZ17: 0.028911753 | DA17: 0.022730569 | DB17: 0.11638942 | DC17: -0.11436194 | DD17: -0.010616971 | DE17: 0.019455621 | DF17: -0.030707637 | DG17: -0.048812216 | DH17: -0.026203433 | DI17: 0.1046142 | DJ17: 0.11235574 | DK17: -0.098536991 | DL17: -0.055369241 | DM17: -0.090133817 | DN17: -0.0038424307 | DO17: -0.049829068 | DP17: -0.023175574 | DQ17: -0.066664832 | DR17: -0.0070754532 | DS17: 0.067361012 | DT17: 0.020190551 | DU17: 0.0078847446 | DV17: -0.0076580008 | DW17: 0.077111655 | DX17: -0.053153786 | DY17: -0.0035108425 | DZ17: 0.0087029879 | EA17: 0.019191483 | EB17: 0.030213474 | EC17: -0.044418709 | ED17: 0.011334349 | EE17: -0.030801745 | EF17: 0.020254495
A18: 107 | B18: 9 | C18: 0.73827782 | D18: 0.74848648 | E18: 0.60288717 | F18: 0.97134857 | G18: 0.701867 | H18: 0.60640992 | I18: 0.58066627 | J18: 0.72245849 | K18: 0.71974645 | L18: 0.66351567 | M18: 0.94250078 | N18: 0.71815271 | O18: 0.096541358 | P18: 0.0067810463 | Q18: -0.088476965 | R18: -0.024058414 | S18: -0.12347104 | T18: 0.0079330935 | U18: 0.03256884 | V18: 0.013277878 | W18: -0.035768982 | X18: 0.044956629 | Y18: -0.0061081102 | Z18: 0.058014636 | AA18: -0.17131289 | AB18: -0.0089193648 | AC18: 0.019996469 | AD18: 0.047722018 | AE18: -0.032171098 | AF18: 0.18870238 | AG18: -0.012906273 | AH18: -0.011606988 | AI18: -0.047503493 | AJ18: -0.032237718 | AK18: -0.065937888 | AL18: -0.063904816 | AM18: 0.17121245 | AN18: 0.014745242 | AO18: -0.022695897 | AP18: -0.071761369 | AQ18: 0.12895768 | AR18: 0.039961838 | AS18: -0.064984088 | AT18: -0.0088140588 | AU18: -0.017882078 | AV18: 0.025993573 | AW18: -0.072537595 | AX18: 0.003101712 | AY18: 0.075021252 | AZ18: -0.015398932 | BA18: 0.010837477 | BB18: -0.079484836 | BC18: 0.0022581636 | BD18: -0.079974316 | BE18: -0.020306773 | BF18: 0.044868441 | BG18: 0.06608622 | BH18: 0.13804961 | BI18: -0.046760787 | BJ18: 0.072598638 | BK18: 0.046965088 | BL18: 0.074173114 | BM18: 0.015268058 | BN18: 0.0087436612 | BO18: -0.029603539 | BP18: 0.086689114 | BQ18: 0.0077743508 | BR18: -0.091481773 | BS18: -0.0061396828 | BT18: 0.059012779 | BU18: 0.010422955 | BV18: 0.11634363 | BW18: -0.14464117 | BX18: 0.01220687 | BY18: -0.057959567 | BZ18: 0.0208792 | CA18: -0.023746815 | CB18: 0.077410215 | CC18: 0.069763549 | CD18: -0.021611863 | CE18: -0.0087924931 | CF18: 0.0043310548 | CG18: 0.0058015312 | CH18: -0.0073778632 | CI18: 0.031852736 | CJ18: 0.027137879 | CK18: -0.042457434 | CL18: -0.074558367 | CM18: 0.097720329 | CN18: 0.085183844 | CO18: 0.04565414 | CP18: 0.16927995 | CQ18: -0.11635584 | CR18: -0.13513727 | CS18: -0.031808983 | CT18: -0.0050162431 | CU18: -0.077250392 | CV18: -0.042556163 | CW18: 0.072360085 | CX18: 0.039432633 | CY18: -0.043988666 | CZ18: 0.012520753 | DA18: 0.0081307726 | DB18: 0.1304838 | DC18: -0.099360528 | DD18: -0.0014563112 | DE18: 0.0073854979 | DF18: -0.021283346 | DG18: -0.049363147 | DH18: -0.025255068 | DI18: 0.094352085 | DJ18: 0.12949551 | DK18: -0.1180139 | DL18: -0.084843517 | DM18: -0.11810027 | DN18: -0.0056521014 | DO18: -0.04945722 | DP18: -0.01399498 | DQ18: -0.07021975 | DR18: -0.027337974 | DS18: 0.047322197 | DT18: -0.0036484706 | DU18: -0.0079667563 | DV18: 0.010855974 | DW18: 0.082175676 | DX18: -0.054797165 | DY18: 0.00080457128 | DZ18: 0.0077419073 | EA18: 0.014997464 | EB18: -0.017902482 | EC18: -0.019342095 | ED18: 0.020857561 | EE18: -0.029271984 | EF18: 0.051983527
A19: 120 | B19: 8 | C19: 0.77539547 | D19: 0.77891925 | E19: 0.61873716 | F19: 0.99392066 | G19: 0.72949195 | H19: 0.63393238 | I19: 0.59856354 | J19: 0.75563695 | K19: 0.75565561 | L19: 0.68751196 | M19: 1.0030482 | N19: 0.73723945 | O19: 0.10593459 | P19: 0.0037564315 | Q19: -0.088957239 | R19: -0.032551067 | S19: -0.1713494 | T19: 0.016146217 | U19: 0.053096627 | V19: 0.013219211 | W19: -0.04756092 | X19: 0.049941201 | Y19: -0.0083184169 | Z19: 0.04753617 | AA19: -0.18092472 | AB19: -0.014900977 | AC19: 0.023447598 | AD19: 0.0426396 | AE19: -0.0098710655 | AF19: 0.16905095 | AG19: -0.040367725 | AH19: 0.0091634577 | AI19: -0.037380122 | AJ19: -0.02202459 | AK19: -0.078022998 | AL19: -0.046198397 | AM19: 0.17537508 | AN19: 0.00036767491 | AO19: -0.018434319 | AP19: -0.055217287 | AQ19: 0.13074597 | AR19: 0.035467097 | AS19: -0.031277059 | AT19: -0.0094443398 | AU19: -0.0070224684 | AV19: 0.013706422 | AW19: -0.059530197 | AX19: 0.0018194998 | AY19: 0.10024024 | AZ19: -0.018352182 | BA19: 0.0055056888 | BB19: -0.097082648 | BC19: 0.013459782 | BD19: -0.034166223 | BE19: -0.0331275 | BF19: 0.050654932 | BG19: 0.052510648 | BH19: 0.14159955 | BI19: -0.043402026 | BJ19: 0.081266046 | BK19: 0.057218961 | BL19: 0.077488342 | BM19: 0.014828702 | BN19: 0.039163432 | BO19: -0.037875739 | BP19: 0.10932636 | BQ19: 0.037061816 | BR19: -0.10495501 | BS19: -0.023301685 | BT19: 0.049060124 | BU19: 0.027544578 | BV19: 0.11651514 | BW19: -0.15895738 | BX19: 0.012615336 | BY19: -0.043176706 | BZ19: 0.0036557394 | CA19: -0.044612534 | CB19: 0.018739462 | CC19: 0.059035549 | CD19: -0.046066663 | CE19: -0.0092478857 | CF19: 0.036529416 | CG19: 0.0053694518 | CH19: 0.010461049 | CI19: 0.038984936 | CJ19: 0.010367763 | CK19: -0.038136563 | CL19: -0.082730794 | CM19: 0.10566769 | CN19: 0.10998248 | CO19: 0.073230866 | CP19: 0.16047955 | CQ19: -0.13498191 | CR19: -0.10140672 | CS19: -0.022363405 | CT19: -0.059171097 | CU19: -0.087396345 | CV19: -0.026596483 | CW19: 0.074606038 | CX19: 0.063264389 | CY19: -0.044859379 | CZ19: 0.014107505 | DA19: -0.014893849 | DB19: 0.15141241 | DC19: -0.11860967 | DD19: -0.0048420354 | DE19: 0.033841574 | DF19: -0.020409893 | DG19: -0.061429783 | DH19: -0.018883961 | DI19: 0.1021129 | DJ19: 0.13083847 | DK19: -0.098276066 | DL19: -0.10593818 | DM19: -0.13338112 | DN19: 0.0091614927 | DO19: -0.059615163 | DP19: -0.0052327895 | DQ19: -0.084455165 | DR19: -0.0050224851 | DS19: 0.031569521 | DT19: 0.0077237401 | DU19: 0.0054295704 | DV19: 0.0042263963 | DW19: 0.091952263 | DX19: -0.013938237 | DY19: 0.016347593 | DZ19: 0.00066202956 | EA19: 0.018648376 | EB19: -0.014687622 | EC19: 0.0058054595 | ED19: 0.04018614 | EE19: -0.007645259 | EF19: 0.067478446
A20: 137 | B20: 7 | C20: 0.80947125 | D20: 0.8065159 | E20: 0.63963193 | F20: 1.0414337 | G20: 0.73968599 | H20: 0.65207545 | I20: 0.62490493 | J20: 0.77185517 | K20: 0.80515135 | L20: 0.73060419 | M20: 1.0612139 | N20: 0.7611882 | O20: 0.1127026 | P20: -0.0049267242 | Q20: -0.099682786 | R20: -0.065338911 | S20: -0.1896906 | T20: 0.035205464 | U20: 0.02106465 | V20: -0.0077900161 | W20: -0.00053341979 | X20: 0.046942317 | Y20: 0.01133735 | Z20: 0.067055957 | AA20: -0.14720008 | AB20: -0.02027658 | AC20: 0.015671661 | AD20: 0.043879702 | AE20: -0.015940903 | AF20: 0.19976679 | AG20: -0.064698395 | AH20: 0.020615554 | AI20: -0.05490214 | AJ20: -0.0097395299 | AK20: -0.088275992 | AL20: -0.022146701 | AM20: 0.21669139 | AN20: 0.013075886 | AO20: -0.022320486 | AP20: -0.053549332 | AQ20: 0.18243071 | AR20: 0.016382652 | AS20: -0.077212012 | AT20: -0.00304897 | AU20: -0.0073761624 | AV20: -0.00036281826 | AW20: -0.05744145 | AX20: -0.0051604282 | AY20: 0.09142383 | AZ20: -0.041269185 | BA20: 0.011334949 | BB20: -0.13234267 | BC20: -0.007948008 | BD20: 0.0011628948 | BE20: -0.023242404 | BF20: 0.072855184 | BG20: 0.069370031 | BH20: 0.16010374 | BI20: -0.061305254 | BJ20: 0.088339952 | BK20: 0.046174065 | BL20: 0.083537379 | BM20: 0.04054359 | BN20: 0.03116447 | BO20: -0.040855668 | BP20: 0.13361783 | BQ20: 0.045470403 | BR20: -0.10326149 | BS20: -0.041540018 | BT20: 0.085286708 | BU20: 0.041687941 | BV20: 0.13781727 | BW20: -0.14652591 | BX20: 0.03052463 | BY20: -0.059704276 | BZ20: 0.00067561337 | CA20: -0.059561569 | CB20: 0.00039704267 | CC20: 0.04555689 | CD20: -0.056154178 | CE20: -0.015070662 | CF20: 0.055791711 | CG20: -0.019650045 | CH20: 0.013745448 | CI20: 0.045865635 | CJ20: 0.006426607 | CK20: -0.058303085 | CL20: -0.11829381 | CM20: 0.091881074 | CN20: 0.10824838 | CO20: 0.082399695 | CP20: 0.18631143 | CQ20: -0.13656789 | CR20: -0.12156873 | CS20: -0.0042068597 | CT20: -0.073692119 | CU20: -0.092843794 | CV20: -0.03342502 | CW20: 0.038854033 | CX20: 0.050298119 | CY20: -0.060497961 | CZ20: 0.049441166 | DA20: -0.014641192 | DB20: 0.14544065 | DC20: -0.12354416 | DD20: -0.0033944578 | DE20: 0.06205403 | DF20: -0.021973056 | DG20: -0.063698565 | DH20: -0.0066318002 | DI20: 0.093933971 | DJ20: 0.13447216 | DK20: -0.071929498 | DL20: -0.092496214 | DM20: -0.12095349 | DN20: -0.00742413 | DO20: -0.043407539 | DP20: -0.033456321 | DQ20: -0.080702746 | DR20: -0.013302893 | DS20: 0.044926075 | DT20: 0.0074398147 | DU20: 0.019058526 | DV20: -0.0094277442 | DW20: 0.1129153 | DX20: -0.00053349995 | DY20: -0.0097610512 | DZ20: 0.011349583 | EA20: 0.028383412 | EB20: -0.024334567 | EC20: 0.007403275 | ED20: 0.042521222 | EE20: 0.017521793 | EF20: 0.073131627
A21: 160 | B21: 6 | C21: 0.85469134 | D21: 0.85981288 | E21: 0.6873719 | F21: 1.1154683 | G21: 0.77643468 | H21: 0.67959728 | I21: 0.64356871 | J21: 0.81274475 | K21: 0.85778848 | L21: 0.79248943 | M21: 1.09624 | N21: 0.81746856 | O21: 0.10751491 | P21: 0.002416152 | Q21: -0.11996297 | R21: -0.059781639 | S21: -0.22684984 | T21: 0.020541228 | U21: 0.035269752 | V21: 0.0067159003 | W21: 0.0067172766 | X21: 0.06911173 | Y21: 0.012489569 | Z21: 0.05430593 | AA21: -0.14128544 | AB21: -0.039711825 | AC21: 0.010093584 | AD21: 0.035454153 | AE21: -0.03611675 | AF21: 0.2361471 | AG21: -0.080159601 | AH21: -0.026356627 | AI21: -0.067899571 | AJ21: -0.039168091 | AK21: -0.06206835 | AL21: -0.027223271 | AM21: 0.23868806 | AN21: -0.0054080998 | AO21: -0.11776746 | AP21: -0.066059762 | AQ21: 0.17130346 | AR21: 0.0022443487 | AS21: -0.074415862 | AT21: 0.0039788265 | AU21: 0.031220398 | AV21: -0.005402059 | AW21: -0.048842219 | AX21: -0.032290107 | AY21: 0.067282605 | AZ21: 0.0033305684 | BA21: 0.0002346842 | BB21: -0.1599895 | BC21: -0.0093052995 | BD21: 0.0011950178 | BE21: -0.016292177 | BF21: 0.078578164 | BG21: 0.11567804 | BH21: 0.15920196 | BI21: -0.044007661 | BJ21: 0.089101388 | BK21: 0.066495044 | BL21: 0.099251071 | BM21: 0.032630456 | BN21: 0.090428702 | BO21: -0.075999662 | BP21: 0.15026246 | BQ21: 0.048842509 | BR21: -0.13231543 | BS21: -0.058352729 | BT21: 0.12712836 | BU21: 0.041646779 | BV21: 0.082898608 | BW21: -0.16629998 | BX21: 0.023915355 | BY21: -0.028272016 | BZ21: -0.026436234 | CA21: -0.062796324 | CB21: 0.023837369 | CC21: 0.10059654 | CD21: -0.070589742 | CE21: -0.0088644778 | CF21: 0.048118144 | CG21: -0.02338854 | CH21: 0.011450904 | CI21: 0.039617158 | CJ21: 0.0036200769 | CK21: -0.048523425 | CL21: -0.15378371 | CM21: 0.094026482 | CN21: 0.14956703 | CO21: 0.11250238 | CP21: 0.19805058 | CQ21: -0.22126467 | CR21: -0.15460024 | CS21: 0.043625928 | CT21: -0.10187328 | CU21: -0.073702181 | CV21: -0.058264071 | CW21: 0.027151189 | CX21: 0.049242249 | CY21: -0.081119542 | CZ21: 0.081906295 | DA21: -0.018696524 | DB21: 0.17202789 | DC21: -0.13663152 | DD21: 0.0095778362 | DE21: 0.073760657 | DF21: -0.080758624 | DG21: -0.030551426 | DH21: -0.012274414 | DI21: 0.078957519 | DJ21: 0.14827264 | DK21: -0.010990861 | DL21: -0.05801686 | DM21: -0.17279747 | DN21: -0.038329244 | DO21: -0.053508604 | DP21: -0.053008721 | DQ21: -0.078585762 | DR21: 0.023387955 | DS21: 0.057552841 | DT21: 0.054627215 | DU21: 0.015657831 | DV21: -0.024746391 | DW21: 0.12946161 | DX21: 0.0010756611 | DY21: 0.021405241 | DZ21: 0.028577987 | EA21: 0.043166641 | EB21: 0.01307606 | EC21: 0.012779656 | ED21: 0.074490617 | EE21: 0.025631187 | EF21: 0.1012339
A22: 192 | B22: 5 | C22: 0.89798478 | D22: 0.94543462 | E22: 0.73386991 | F22: 1.1973418 | G22: 0.76583068 | H22: 0.69624214 | I22: 0.67505623 | J22: 0.83838692 | K22: 0.91933407 | L22: 0.80295742 | M22: 1.1686637 | N22: 0.89526736 | O22: 0.11753073 | P22: 0.022332825 | Q22: -0.11453169 | R22: -0.057530545 | S22: -0.28163244 | T22: 0.034378816 | U22: 0.020840616 | V22: 0.057534212 | W22: 0.036572369 | X22: 0.085487622 | Y22: 0.0047431466 | Z22: 0.074027168 | AA22: -0.12390598 | AB22: -0.029838534 | AC22: 0.017221724 | AD22: 0.084152137 | AE22: -0.066617836 | AF22: 0.21306705 | AG22: -0.035531537 | AH22: -0.028150244 | AI22: -0.042319199 | AJ22: -0.050034172 | AK22: -0.054383743 | AL22: -0.094575934 | AM22: 0.20070309 | AN22: -0.027928523 | AO22: -0.15459112 | AP22: -0.10034171 | AQ22: 0.24310312 | AR22: 0.0079033538 | AS22: -0.028971081 | AT22: 0.0099337329 | AU22: 0.014409675 | AV22: -0.0051610685 | AW22: -0.073411248 | AX22: -0.032674181 | AY22: 0.011524899 | AZ22: -0.014955679 | BA22: -0.0081267139 | BB22: -0.14818363 | BC22: -0.016384162 | BD22: 0.048133687 | BE22: -0.014111308 | BF22: 0.076703928 | BG22: 0.11779801 | BH22: 0.10228555 | BI22: -0.059359816 | BJ22: 0.10059798 | BK22: 0.071324544 | BL22: 0.10760522 | BM22: 0.046199085 | BN22: 0.046172829 | BO22: -0.043368169 | BP22: 0.18031495 | BQ22: -0.015210644 | BR22: -0.16110021 | BS22: -0.07338909 | BT22: 0.12423951 | BU22: -0.025096024 | BV22: 0.10644459 | BW22: -0.14965861 | BX22: 0.018271861 | BY22: -0.036573235 | BZ22: 0.021943517 | CA22: -0.055700307 | CB22: -0.0099684615 | CC22: 0.12071584 | CD22: -0.065341472 | CE22: -0.00075636797 | CF22: 0.020681814 | CG22: -0.01892756 | CH22: 0.023059612 | CI22: 0.06673311 | CJ22: -0.011290228 | CK22: -0.05920152 | CL22: -0.1677854 | CM22: 0.060426711 | CN22: 0.1652647 | CO22: 0.16001139 | CP22: 0.20616853 | CQ22: -0.29882955 | CR22: -0.19007887 | CS22: 0.062157143 | CT22: -0.18244318 | CU22: -0.059669284 | CV22: -0.085542168 | CW22: -0.0067954546 | CX22: 0.0097950625 | CY22: -0.10904881 | CZ22: 0.10948324 | DA22: -0.054278231 | DB22: 0.037973494 | DC22: -0.10079786 | DD22: 0.010030554 | DE22: 0.05950349 | DF22: -0.049979404 | DG22: 0.01199474 | DH22: -0.037358449 | DI22: 0.064370661 | DJ22: 0.17245571 | DK22: 0.028400558 | DL22: -0.045152305 | DM22: -0.19107006 | DN22: -0.077746477 | DO22: -0.054920464 | DP22: -0.069092978 | DQ22: -0.0062392528 | DR22: 0.029050769 | DS22: 0.062384152 | DT22: 0.055342801 | DU22: 0.034850029 | DV22: -0.038393355 | DW22: 0.048845142 | DX22: 0.0058677129 | DY22: 0.0187253 | DZ22: 0.047652752 | EA22: 0.045115539 | EB22: -0.0016766847 | EC22: 0.01389284 | ED22: 0.075847776 | EE22: 0.02486761 | EF22: 0.080230117
A23: 241 | B23: 4 | C23: 0.89783897 | D23: 1.0020829 | E23: 0.78060473 | F23: 1.2842884 | G23: 0.80263488 | H23: 0.72491378 | I23: 0.70115461 | J23: 0.88608966 | K23: 1.0262466 | L23: 0.86975802 | M23: 1.2562074 | N23: 0.98784076 | O23: 0.10606485 | P23: 0.030767552 | Q23: -0.19146939 | R23: -0.085418074 | S23: 0.0032310906 | T23: 0.08932482 | U23: 0.036149622 | V23: 0.013187181 | W23: 0.029262157 | X23: 0.079534654 | Y23: -0.0021091063 | Z23: 0.047424042 | AA23: -0.088434892 | AB23: -0.021286599 | AC23: 0.021961258 | AD23: 0.12761676 | AE23: -0.081830038 | AF23: 0.24783001 | AG23: -0.028486473 | AH23: -0.011587424 | AI23: -0.038013934 | AJ23: -0.018953338 | AK23: -0.037866538 | AL23: -0.10161843 | AM23: 0.23315201 | AN23: -0.0040887482 | AO23: -0.087094927 | AP23: -0.11222647 | AQ23: 0.20268033 | AR23: -0.0012455074 | AS23: -0.017496951 | AT23: 0.017084458 | AU23: 0.00694785 | AV23: -0.012762265 | AW23: -0.10772529 | AX23: -0.053576356 | AY23: 0.033665897 | AZ23: 0.01250583 | BA23: -0.027224161 | BB23: -0.098709292 | BC23: 0.025402165 | BD23: -0.021044623 | BE23: -0.061636102 | BF23: 0.087442664 | BG23: 0.1162124 | BH23: 0.049555147 | BI23: -0.059572684 | BJ23: 0.13580723 | BK23: 0.1132077 | BL23: 0.12937905 | BM23: 0.034113212 | BN23: 0.039265043 | BO23: 0.010631558 | BP23: 0.2308866 | BQ23: 0.018280308 | BR23: -0.17751187 | BS23: -0.042872973 | BT23: 0.16568483 | BU23: -0.013224713 | BV23: 0.061813873 | BW23: -0.214527 | BX23: 0.015484343 | BY23: -0.036768693 | BZ23: -0.11756671 | CA23: -0.054048985 | CB23: 0.0012747026 | CC23: 0.075534655 | CD23: -0.081232169 | CE23: 0.003806471 | CF23: 0.024796563 | CG23: 0.052759811 | CH23: 0.050615918 | CI23: 0.049728701 | CJ23: -0.028200575 | CK23: -0.065740089 | CL23: -0.2132961 | CM23: 0.035246237 | CN23: 0.097932665 | CO23: 0.17895133 | CP23: 0.1896817 | CQ23: -0.29565562 | CR23: -0.16736738 | CS23: 0.061774129 | CT23: -0.082919265 | CU23: -0.07599671 | CV23: -0.10124192 | CW23: -0.032629762 | CX23: 0.019190105 | CY23: -0.065949245 | CZ23: 0.15117999 | DA23: -0.077619403 | DB23: 0.050138627 | DC23: -0.10409825 | DD23: 0.011786541 | DE23: 0.019740148 | DF23: -0.040654908 | DG23: -0.014693612 | DH23: -0.049906333 | DI23: 0.058000689 | DJ23: 0.16072931 | DK23: 0.04966873 | DL23: -0.13239744 | DM23: -0.18287767 | DN23: -0.058299937 | DO23: -0.0649367 | DP23: -0.087197178 | DQ23: -6.7701314e-05 | DR23: 0.013294334 | DS23: 0.019041483 | DT23: 0.027505688 | DU23: 0.043993441 | DV23: -0.058315208 | DW23: 0.065352586 | DX23: 0.017664567 | DY23: -0.044315571 | DZ23: 0.061710545 | EA23: 0.055283081 | EB23: 0.0035098692 | EC23: 0.0031858253 | ED23: 0.090028621 | EE23: 0.03613519 | EF23: 0.076086493
A24: 321 | B24: 3 | C24: 0.98736986 | D24: 1.0942713 | E24: 0.8274379 | F24: 1.3518268 | G24: 0.82579708 | H24: 0.69623534 | I24: 0.70311818 | J24: 0.94552338 | K24: 1.187407 | L24: 1.0024727 | M24: 1.4450191 | N24: 1.1048151 | O24: 0.09595127 | P24: 0.01985561 | Q24: -0.34936843 | R24: -0.044469134 | S24: -0.028760067 | T24: 0.1028964 | U24: -0.021715198 | V24: 0.0099829253 | W24: 0.083020961 | X24: 0.10008505 | Y24: -0.021809849 | Z24: 0.030929238 | AA24: -0.073338112 | AB24: -0.011586439 | AC24: 0.035941748 | AD24: 0.049999952 | AE24: -0.081122845 | AF24: 0.27542439 | AG24: 0.027972051 | AH24: 0.035085513 | AI24: -0.15058733 | AJ24: 0.00027868636 | AK24: -0.062743331 | AL24: -0.052143047 | AM24: 0.14555518 | AN24: 0.080952555 | AO24: -0.093240229 | AP24: -0.1664252 | AQ24: 0.40213418 | AR24: 0.04183366 | AS24: -0.051664867 | AT24: 0.032672261 | AU24: -0.048831637 | AV24: -0.0043739625 | AW24: -0.0625178 | AX24: -0.060009664 | AY24: -0.10172032 | AZ24: -0.053830869 | BA24: -0.068409471 | BB24: -0.17617855 | BC24: 0.028321575 | BD24: -0.071088478 | BE24: -0.032158539 | BF24: 0.089507661 | BG24: 0.12525192 | BH24: 0.104416 | BI24: -0.12398409 | BJ24: 0.15814023 | BK24: 0.10890123 | BL24: 0.16992546 | BM24: 0.035128318 | BN24: 0.081554336 | BO24: -0.042193027 | BP24: 0.26185376 | BQ24: 0.01724416 | BR24: -0.16405141 | BS24: -0.016397445 | BT24: 0.048788197 | BU24: -0.016244323 | BV24: 0.10840256 | BW24: -0.17169636 | BX24: -0.019924632 | BY24: 0.064456251 | BZ24: -0.04494227 | CA24: -0.059220121 | CB24: 0.01442319 | CC24: 0.041339583 | CD24: -0.073084911 | CE24: 0.059238449 | CF24: 0.0058746433 | CG24: 0.081567471 | CH24: 0.013783396 | CI24: -0.055946992 | CJ24: -0.025924478 | CK24: -0.11272485 | CL24: -0.2331544 | CM24: 0.11597264 | CN24: 0.11245635 | CO24: 0.21503388 | CP24: 0.23464913 | CQ24: -0.38945649 | CR24: -0.13974246 | CS24: 0.11124118 | CT24: -0.098268996 | CU24: -0.12483203 | CV24: -0.11862389 | CW24: -0.079751655 | CX24: 0.057301938 | CY24: -0.0918293 | CZ24: 0.13417621 | DA24: -0.059841203 | DB24: -0.08565459 | DC24: -0.15157728 | DD24: 0.083019621 | DE24: -0.059402562 | DF24: -0.018396145 | DG24: 0.017490433 | DH24: -0.022988135 | DI24: 0.1114272 | DJ24: 0.11106784 | DK24: 0.16853807 | DL24: -0.17117372 | DM24: -0.19461801 | DN24: -0.078061163 | DO24: -0.06340434 | DP24: -0.060051225 | DQ24: -0.01887133 | DR24: 0.04515224 | DS24: 0.03514798 | DT24: 0.038026243 | DU24: 0.02036838 | DV24: -0.060704285 | DW24: 0.057589342 | DX24: -0.005730256 | DY24: -0.055099335 | DZ24: 0.05825909 | EA24: 0.043144705 | EB24: -0.0098401024 | EC24: -0.00010375916 | ED24: 0.075527698 | EE24: 0.004424791 | EF24: 0.086516089
A25: 482 | B25: 2 | C25: 1.1374397 | D25: 1.2261253 | E25: 0.9101068 | F25: 1.5345969 | G25: 0.85587885 | H25: 0.74148684 | I25: 0.7201831 | J25: 1.0040576 | K25: 1.5174868 | L25: 1.0896013 | M25: 1.7317846 | N25: 1.3608174 | O25: 0.059773044 | P25: 0.0079909749 | Q25: -0.38713792 | R25: -0.098737353 | S25: 0.020493301 | T25: 0.2354145 | U25: 0.011072453 | V25: 0.12534885 | W25: 0.092338815 | X25: 0.17035049 | Y25: -0.024590591 | Z25: 0.052858619 | AA25: -0.2760279 | AB25: 0.089452054 | AC25: 0.061391272 | AD25: 0.0062518696 | AE25: -0.083163666 | AF25: 0.37409482 | AG25: -0.029474732 | AH25: 0.055941234 | AI25: -0.21551305 | AJ25: 0.010058311 | AK25: -0.0588367 | AL25: -0.15757765 | AM25: -0.002580655 | AN25: 0.1441091 | AO25: 0.0017353726 | AP25: -0.087042998 | AQ25: 0.49475647 | AR25: 0.011915452 | AS25: -0.15932192 | AT25: 0.050288746 | AU25: -0.027297663 | AV25: 0.068670672 | AW25: -0.13494266 | AX25: -0.10253922 | AY25: -0.10028846 | AZ25: -0.076368791 | BA25: -0.078045734 | BB25: -0.24970327 | BC25: 0.035272674 | BD25: -0.059785319 | BE25: -0.027421759 | BF25: 0.073070062 | BG25: 0.067099557 | BH25: 0.1118505 | BI25: -0.13778559 | BJ25: 0.15789566 | BK25: 0.15593098 | BL25: 0.18641842 | BM25: 0.16868329 | BN25: 0.19314386 | BO25: -0.12313673 | BP25: 0.11428277 | BQ25: 0.098310589 | BR25: -0.16373106 | BS25: 0.079227316 | BT25: -0.063825999 | BU25: 0.14218127 | BV25: 0.28186182 | BW25: -0.26479648 | BX25: -0.014498279 | BY25: 0.087748084 | BZ25: -0.054114356 | CA25: -0.1235747 | CB25: -0.061107293 | CC25: 0.17671209 | CD25: -0.099177411 | CE25: 0.036594952 | CF25: -0.054035202 | CG25: -0.023533703 | CH25: 0.065836413 | CI25: -0.0067624178 | CJ25: -0.045575141 | CK25: -0.098702133 | CL25: -0.283613 | CM25: 0.098351883 | CN25: -0.015853708 | CO25: 0.29264999 | CP25: 0.27456697 | CQ25: -0.049218855 | CR25: -0.10272701 | CS25: 0.10033933 | CT25: -0.13084377 | CU25: -0.1683791 | CV25: -0.19013957 | CW25: -0.041641378 | CX25: 0.013850792 | CY25: -0.12081705 | CZ25: 0.19361577 | DA25: -0.093976553 | DB25: -0.1350627 | DC25: -0.12577824 | DD25: 0.18257245 | DE25: -0.0271053 | DF25: 0.022446127 | DG25: -0.047603313 | DH25: -0.090540939 | DI25: 0.11467221 | DJ25: 0.10666119 | DK25: 0.11045221 | DL25: -0.020531079 | DM25: -0.28184469 | DN25: -0.039196722 | DO25: -0.079801776 | DP25: -0.086307172 | DQ25: 0.047732242 | DR25: 0.082734453 | DS25: 0.10587729 | DT25: 0.0078580225 | DU25: 0.0797373 | DV25: -0.089230584 | DW25: 0.0016941779 | DX25: -0.025413191 | DY25: -0.081570436 | DZ25: -0.068895317 | EA25: 0.050474176 | EB25: -0.011968492 | EC25: 0.084055452 | ED25: 0.11459046 | EE25: 0.032965079 | EF25: 0.02428345
A26: 964 | B26: 1 | C26: 1.2743168 | D26: 1.5484498 | E26: 1.0878457 | F26: 1.7939017 | G26: 0.81847335 | H26: 0.80669328 | I26: 0.7981047 | J26: 0.9902416 | K26: 2.4095839 | L26: 1.2461443 | M26: 1.9358495 | N26: 1.8998396 | O26: 0.22046376 | P26: -0.012352938 | Q26: -0.0032425111 | R26: -0.2388361 | S26: 0.067547477 | T26: 0.026090402 | U26: 0.017576294 | V26: 0.27540859 | W26: 0.21110575 | X26: 0.1607978 | Y26: -0.052630286 | Z26: -0.082453345 | AA26: -0.18509425 | AB26: 0.12193388 | AC26: 0.046703654 | AD26: -0.46171231 | AE26: -0.19314179 | AF26: 0.49538941 | AG26: 0.14943001 | AH26: 0.11619705 | AI26: -0.38401214 | AJ26: -0.081596995 | AK26: 0.0041856518 | AL26: -0.16007283 | AM26: 0.04512287 | AN26: 0.158177 | AO26: 0.074292187 | AP26: 0.050877885 | AQ26: 0.52024738 | AR26: 0.13531 | AS26: -0.14330079 | AT26: -0.027319332 | AU26: -0.074705995 | AV26: 0.16261077 | AW26: -0.25174311 | AX26: 0.10186693 | AY26: 0.10890619 | AZ26: -0.029000145 | BA26: -0.032014375 | BB26: -0.36846089 | BC26: 0.057786489 | BD26: -0.16356221 | BE26: -0.011316128 | BF26: 0.1552131 | BG26: -0.12085976 | BH26: 0.35757282 | BI26: -0.18118602 | BJ26: 0.16928438 | BK26: 0.15422186 | BL26: 0.19690897 | BM26: 0.37128517 | BN26: 0.34362723 | BO26: -0.22401801 | BP26: 0.21777922 | BQ26: 0.11828987 | BR26: -0.20755395 | BS26: 0.077458059 | BT26: -0.011938024 | BU26: 0.45498428 | BV26: -0.027864034 | BW26: -0.20142979 | BX26: -0.059047937 | BY26: 0.1614651 | BZ26: -0.160591 | CA26: -0.22127264 | CB26: -0.03957119 | CC26: 0.23239978 | CD26: 0.098126602 | CE26: 0.071905694 | CF26: -0.10893221 | CG26: 0.36465886 | CH26: 0.25265698 | CI26: 0.12033188 | CJ26: -0.036949282 | CK26: 0.13933638 | CL26: -0.49854577 | CM26: -0.092976016 | CN26: -0.0584582 | CO26: 0.25125125 | CP26: 0.22531983 | CQ26: -0.15526089 | CR26: 0.017859828 | CS26: 0.10079402 | CT26: -0.25244549 | CU26: -0.22157881 | CV26: -0.11165149 | CW26: -0.085981192 | CX26: 0.036845313 | CY26: -0.064456227 | CZ26: 0.35718348 | DA26: -0.07319918 | DB26: -0.2497581 | DC26: -0.34048223 | DD26: 0.14217003 | DE26: -0.13396346 | DF26: 0.039018254 | DG26: -0.081195889 | DH26: -0.040775633 | DI26: 0.37614904 | DJ26: 0.14423646 | DK26: -0.080864891 | DL26: 0.13067999 | DM26: -0.096084673 | DN26: -0.10052771 | DO26: -0.012249451 | DP26: -0.034800684 | DQ26: 0.084460701 | DR26: 0.17966289 | DS26: 0.13076502 | DT26: -0.0029185654 | DU26: 0.066506497 | DV26: -0.069942612 | DW26: -0.30521969 | DX26: -0.037063051 | DY26: -0.11911462 | DZ26: -0.18891968 | EA26: 0.071593653 | EB26: 4.0830075e-05 | EC26: 0.19436129 | ED26: 0.24781425 | EE26: 0.017018539 | EF26: 0.017684006
A27: 大盤 | B27: TWⅡ | C27: -0.017446771 | D27: 0.020701061 | E27: 0.023982129 | F27: -0.006557579 | G27: 0.03184513 | H27: 0.034348533 | I27: -0.0082549328 | J27: 0.012843524 | K27: -0.051018525 | L27: 0.00087394274 | M27: 0.023389576 | N27: 0.012988972 | O27: 0.0058545887 | P27: 0.027413207 | Q27: -0.0037129361 | R27: 0.024076614 | S27: -0.012190025 | T27: -0.039749578 | U27: -0.07315545 | V27: -0.05826023 | W27: 0.00077279757 | X27: 0.044591521 | Y27: -0.02769968 | Z27: 0.0020950059 | AA27: -0.023400551 | AB27: 0.032129371 | AC27: 0.038903273 | AD27: -0.042865382 | AE27: 0.018647195 | AF27: 0.015229768 | AG27: 0.036016604 | AH27: 0.0093546114 | AI27: 0.010748251 | AJ27: 0.013357754 | AK27: -0.0053327473 | AL27: 0.0013831358 | AM27: 0.020795928 | AN27: 0.031517702 | AO27: 0.0062417165 | AP27: 0.0061452617 | AQ27: 0.016946358 | AR27: 0.03468283 | AS27: 0.0030985886 | AT27: 0.015081347 | AU27: -0.019251209 | AV27: 0.038711513 | AW27: -0.021856951 | AX27: 0.0077743007 | AY27: 0.042397247 | AZ27: -0.026308975 | BA27: 0.0095717493 | BB27: -0.024249741 | BC27: 0.020163374 | BD27: -0.0035049988 | BE27: 0.020151935 | BF27: 0.00058133623 | BG27: -0.005219701 | BH27: -0.11587176 | BI27: 0.0087252257 | BJ27: -0.016377261 | BK27: 0.020840372 | BL27: 0.044975872 | BM27: 0.023954306 | BN27: 0.030239101 | BO27: -0.043725888 | BP27: 0.02188947 | BQ27: 0.0086274303 | BR27: -0.019192954 | BS27: 0.01973513 | BT27: 0.047694337 | BU27: 0.011454817 | BV27: 0.043228621 | BW27: -0.04274743 | BX27: -0.017811292 | BY27: -0.1511531 | BZ27: 0.124224 | CA27: -0.0045572538 | CB27: 0.06021124 | CC27: 0.085992033 | CD27: -0.0058084796 | CE27: -0.006041347 | CF27: 0.0024523244 | CG27: 0.089636252 | CH27: 0.070992733 | CI27: 0.027170643 | CJ27: 0.052468428 | CK27: 0.029480661 | CL27: 0.066825081 | CM27: -0.028772229 | CN27: 0.039462516 | CO27: -0.029031087 | CP27: 0.013983883 | CQ27: -0.032276965 | CR27: 0.0031035766 | CS27: 0.025591856 | CT27: 0.044391886 | CU27: -0.030338959 | CV27: -0.0012579765 | CW27: 0.0023363565 | CX27: -0.064264145 | CY27: 0.012909779 | CZ27: -0.12547709 | DA27: 0.011690683 | DB27: 0.0063378437 | DC27: -0.11730536 | DD27: -0.036010872 | DE27: 0.1389113 | DF27: -0.051143506 | DG27: 0.076731447 | DH27: 0.015508782 | DI27: 0.023223774 | DJ27: -0.018372876 | DK27: 0.062199014 | DL27: 0.020098304 | DM27: 0.01349894 | DN27: -0.030252213 | DO27: -0.017022836 | DP27: -0.021788523 | DQ27: 0.085745625 | DR27: 0.028106744 | DS27: -0.0023031598 | DT27: 0.058471198 | DU27: 0.067658949 | DV27: 0.0050207706 | DW27: 0.037416184 | DX27: 0.084111004 | DY27: -0.036832399 | DZ27: 0.0030917028 | EA27: -0.0019576282 | EB27: 0.026459104 | EC27: -0.024752539 | ED27: 0.034115491 | EE27: 0.021061974 | EF27: -0.020277393
C29: 1101 | D29: 2484 | E29: 1233 | F29: 2524 | G29: 2611 | H29: 1233 | I29: 2379 | J29: 2379 | K29: 2524 | L29: 1233 | M29: 2524 | N29: 1805 | O29: 2538 | P29: 3033 | Q29: 2385 | R29: 3024 | S29: 3024 | T29: 1314 | U29: 3024 | V29: 3024 | W29: 5521 | X29: 2535 | Y29: 3033 | Z29: 5201 | AA29: 2535 | AB29: 5201 | AC29: 5471 | AD29: 5521 | AE29: 2023 | AF29: 2023 | AG29: 3017 | AH29: 3033 | AI29: 1464 | AJ29: 2451 | AK29: 2451 | AL29: 4413 | AM29: 2451 | AN29: 2451 | AO29: 6121 | AP29: 2451 | AQ29: 1805 | AR29: 4416 | AS29: 5523 | AT29: 2524 | AU29: 1436 | AV29: 2338 | AW29: 5212 | AX29: 2338 | AY29: 6186 | AZ29: 5523 | BA29: 5523 | BB29: 5443 | BC29: 3051 | BD29: 5523 | BE29: 3051 | BF29: 3051 | BG29: 3051 | BH29: 6186 | BI29: 6186 | BJ29: 2537 | BK29: 2537 | BL29: 2488 | BM29: 6192 | BN29: 8927 | BO29: 2537 | BP29: 4416 | BQ29: 2537 | BR29: 6128 | BS29: 3002 | BT29: 5007 | BU29: 4109 | BV29: 6128 | BW29: 8085 | BX29: 8927 | BY29: 1737 | BZ29: 6242 | CA29: 6242 | CB29: 8927 | CC29: 8927 | CD29: 6242 | CE29: 8927 | CF29: 6242 | CG29: 8050 | CH29: 6242 | CI29: 6242 | CJ29: 8050 | CK29: 8050 | CL29: 6242 | CM29: 4402 | CN29: 3016 | CO29: 1436 | CP29: 6242 | CQ29: 3016 | CR29: 6242 | CS29: 3005 | CT29: 2493 | CU29: 2423 | CV29: 1734 | CW29: 5306 | CX29: 4402 | CY29: 9904 | CZ29: 8072 | DA29: 5007 | DB29: 9904 | DC29: 8072 | DD29: 6021 | DE29: 3232 | DF29: 2538 | DG29: 2538 | DH29: 5306 | DI29: 2538 | DJ29: 2434 | DK29: 2538 | DL29: 6020 | DM29: 2538 | DN29: 4402 | DO29: 2538 | DP29: 5425 | DQ29: 5425 | DR29: 4402 | DS29: 6291 | DT29: 2031 | DU29: 6291 | DV29: 3232 | DW29: 2538 | DX29: 6291 | DY29: 2538 | DZ29: 2538 | EA29: 8074 | EB29: 8074 | EC29: 3232 | ED29: 4402 | EE29: 2538 | EF29: 2538
C30: 台泥 | D30: 希華 | E30: 天仁 | F30: 京城 | G30: 志信 | H30: 天仁 | I30: 瑞昱 | J30: 瑞昱 | K30: 京城 | L30: 天仁 | M30: 京城 | N30: 寶徠 | O30: 基泰 | P30: 威健 | Q30: 群光 | R30: 憶聲 | S30: 憶聲 | T30: 中石化 | U30: 憶聲 | V30: 憶聲 | W30: 工信 | X30: 達欣工 | Y30: 威健 | Z30: 凱衛 | AA30: 達欣工 | AB30: 凱衛 | AC30: 松翰 | AD30: 工信 | AE30: 燁輝 | AF30: 燁輝 | AG30: 奇鋐 | AH30: 威健 | AI30: 得力 | AJ30: 創見 | AK30: 創見 | AL30: 飛寶企業 | AM30: 創見 | AN30: 創見 | AO30: 新普 | AP30: 創見 | AQ30: 寶徠 | AR30: 三圓 | AS30: 豐謙 | AT30: 京城 | AU30: 華友聯 | AV30: 光罩 | AW30: 凌網 | AX30: 光罩 | AY30: 新潤 | AZ30: 豐謙 | BA30: 豐謙 | BB30: 均豪 | BC30: 力特 | BD30: 豐謙 | BE30: 力特 | BF30: 力特 | BG30: 力特 | BH30: 新潤 | BI30: 新潤 | BJ30: 聯上發 | BK30: 聯上發 | BL30: 漢平 | BM30: 巨路 | BN30: 北基 | BO30: 聯上發 | BP30: 三圓 | BQ30: 聯上發 | BR30: 上福 | BS30: 歐格 | BT30: 三星 | BU30: 加捷生醫 | BV30: 上福 | BW30: 福華 | BX30: 北基 | BY30: 臺鹽 | BZ30: 立康 | CA30: 立康 | CB30: 北基 | CC30: 北基 | CD30: 立康 | CE30: 北基 | CF30: 立康 | CG30: 廣積 | CH30: 立康 | CI30: 立康 | CJ30: 廣積 | CK30: 廣積 | CL30: 立康 | CM30: 郡都開發 | CN30: 嘉晶 | CO30: 華友聯 | CP30: 立康 | CQ30: 嘉晶 | CR30: 立康 | CS30: 神基 | CT30: 揚博 | CU30: 固緯 | CV30: 杏輝 | CW30: 桂盟 | CX30: 郡都開發 | CY30: 寶成 | CZ30: 陞泰 | DA30: 三星 | DB30: 寶成 | DC30: 陞泰 | DD30: 美好證 | DE30: 昱捷 | DF30: 基泰 | DG30: 基泰 | DH30: 桂盟 | DI30: 基泰 | DJ30: 統懋 | DK30: 基泰 | DL30: 大展證 | DM30: 基泰 | DN30: 郡都開發 | DO30: 基泰 | DP30: 台半 | DQ30: 台半 | DR30: 郡都開發 | DS30: 沛亨 | DT30: 新光鋼 | DU30: 沛亨 | DV30: 昱捷 | DW30: 基泰 | DX30: 沛亨 | DY30: 基泰 | DZ30: 基泰 | EA30: 鉅橡 | EB30: 鉅橡 | EC30: 昱捷 | ED30: 郡都開發 | EE30: 基泰 | EF30: 基泰
C31: 9951 | D31: 3219 | E31: 2328 | F31: 2489 | G31: 2489 | H31: 2328 | I31: 1805 | J31: 1440 | K31: 2489 | L31: 2328 | M31: 2436 | N31: 2328 | O31: 2436 | P31: 2524 | Q31: 2524 | R31: 2524 | S31: 2524 | T31: 1451 | U31: 2524 | V31: 2524 | W31: 2328 | X31: 5007 | Y31: 2524 | Z31: 2524 | AA31: 5007 | AB31: 2524 | AC31: 5432 | AD31: 2328 | AE31: 5443 | AF31: 4528 | AG31: 2524 | AH31: 2527 | AI31: 2328 | AJ31: 2002 | AK31: 2538 | AL31: 2328 | AM31: 2538 | AN31: 2022 | AO31: 2023 | AP31: 2023 | AQ31: 2328 | AR31: 2328 | AS31: 2022 | AT31: 9904 | AU31: 2328 | AV31: 2607 | AW31: 1440 | AX31: 2539 | AY31: 2527 | AZ31: 2328 | BA31: 2328 | BB31: 5523 | BC31: 5523 | BD31: 2328 | BE31: 5523 | BF31: 5523 | BG31: 5523 | BH31: 5523 | BI31: 1785 | BJ31: 2328 | BK31: 2328 | BL31: 2537 | BM31: 5015 | BN31: 2328 | BO31: 1785 | BP31: 2328 | BQ31: 1785 | BR31: 6242 | BS31: 2538 | BT31: 2328 | BU31: 2328 | BV31: 3060 | BW31: 5355 | BX31: 2328 | BY31: 6285 | BZ31: 2504 | CA31: 4205 | CB31: 2328 | CC31: 2328 | CD31: 4205 | CE31: 2328 | CF31: 8927 | CG31: 4906 | CH31: 2504 | CI31: 4205 | CJ31: 8066 | CK31: 8066 | CL31: 4205 | CM31: 2328 | CN31: 5450 | CO31: 2328 | CP31: 4205 | CQ31: 6128 | CR31: 6128 | CS31: 6128 | CT31: 2328 | CU31: 5464 | CV31: 5464 | CW31: 5464 | CX31: 3016 | CY31: 2328 | CZ31: 3016 | DA31: 2328 | DB31: 2328 | DC31: 4205 | DD31: 2538 | DE31: 5306 | DF31: 2328 | DG31: 2328 | DH31: 2328 | DI31: 2328 | DJ31: 5306 | DK31: 2328 | DL31: 5306 | DM31: 2328 | DN31: 8074 | DO31: 2328 | DP31: 6167 | DQ31: 6167 | DR31: 8074 | DS31: 2328 | DT31: 8112 | DU31: 2328 | DV31: 3049 | DW31: 2328 | DX31: 2434 | DY31: 2328 | DZ31: 2328 | EA31: 8112 | EB31: 8112 | EC31: 3049 | ED31: 4205 | EE31: 2328 | EF31: 2328
C32: 皇田 | D32: 倚強科 | E32: 廣宇 | F32: 瑞軒 | G32: 瑞軒 | H32: 廣宇 | I32: 寶徠 | J32: 南紡 | K32: 瑞軒 | L32: 廣宇 | M32: 偉詮電 | N32: 廣宇 | O32: 偉詮電 | P32: 京城 | Q32: 京城 | R32: 京城 | S32: 京城 | T32: 年興 | U32: 京城 | V32: 京城 | W32: 廣宇 | X32: 三星 | Y32: 京城 | Z32: 京城 | AA32: 三星 | AB32: 京城 | AC32: 新門 | AD32: 廣宇 | AE32: 均豪 | AF32: 江興鍛 | AG32: 京城 | AH32: 宏璟 | AI32: 廣宇 | AJ32: 中鋼 | AK32: 基泰 | AL32: 廣宇 | AM32: 基泰 | AN32: 聚亨 | AO32: 燁輝 | AP32: 燁輝 | AQ32: 廣宇 | AR32: 廣宇 | AS32: 聚亨 | AT32: 寶成 | AU32: 廣宇 | AV32: 榮運 | AW32: 南紡 | AX32: 櫻花建 | AY32: 宏璟 | AZ32: 廣宇 | BA32: 廣宇 | BB32: 豐謙 | BC32: 豐謙 | BD32: 廣宇 | BE32: 豐謙 | BF32: 豐謙 | BG32: 豐謙 | BH32: 豐謙 | BI32: 光洋科 | BJ32: 廣宇 | BK32: 廣宇 | BL32: 聯上發 | BM32: 華祺 | BN32: 廣宇 | BO32: 光洋科 | BP32: 廣宇 | BQ32: 光洋科 | BR32: 立康 | BS32: 基泰 | BT32: 廣宇 | BU32: 廣宇 | BV32: 銘異 | BW32: 佳總 | BX32: 廣宇 | BY32: 啟碁 | BZ32: 國產 | CA32: 中華食 | CB32: 廣宇 | CC32: 廣宇 | CD32: 中華食 | CE32: 廣宇 | CF32: 北基 | CG32: 正文 | CH32: 國產 | CI32: 中華食 | CJ32: 來思達 | CK32: 來思達 | CL32: 中華食 | CM32: 廣宇 | CN32: 南良 | CO32: 廣宇 | CP32: 中華食 | CQ32: 上福 | CR32: 上福 | CS32: 上福 | CT32: 廣宇 | CU32: 霖宏 | CV32: 霖宏 | CW32: 霖宏 | CX32: 嘉晶 | CY32: 廣宇 | CZ32: 嘉晶 | DA32: 廣宇 | DB32: 廣宇 | DC32: 中華食 | DD32: 基泰 | DE32: 桂盟 | DF32: 廣宇 | DG32: 廣宇 | DH32: 廣宇 | DI32: 廣宇 | DJ32: 桂盟 | DK32: 廣宇 | DL32: 桂盟 | DM32: 廣宇 | DN32: 鉅橡 | DO32: 廣宇 | DP32: 久正 | DQ32: 久正 | DR32: 鉅橡 | DS32: 廣宇 | DT32: 至上 | DU32: 廣宇 | DV32: 精金 | DW32: 廣宇 | DX32: 統懋 | DY32: 廣宇 | DZ32: 廣宇 | EA32: 至上 | EB32: 至上 | EC32: 精金 | ED32: 中華食 | EE32: 廣宇 | EF32: 廣宇

Sheet 預測XGBoost勝率
A1: Predict
B2: Time | C2: 2013/12 | D2: 2014/01 | E2: 2014/02 | F2: 2014/03 | G2: 2014/04 | H2: 2014/05 | I2: 2014/06 | J2: 2014/07 | K2: 2014/08 | L2: 2014/09 | M2: 2014/10 | N2: 2014/11 | O2: 2014/12 | P2: 2015/01 | Q2: 2015/02 | R2: 2015/03 | S2: 2015/04 | T2: 2015/05 | U2: 2015/06 | V2: 2015/07 | W2: 2015/08 | X2: 2015/09 | Y2: 2015/10 | Z2: 2015/11 | AA2: 2015/12 | AB2: 2016/01 | AC2: 2016/02 | AD2: 2016/03 | AE2: 2016/04 | AF2: 2016/05 | AG2: 2016/06 | AH2: 2016/07 | AI2: 2016/08 | AJ2: 2016/09 | AK2: 2016/10 | AL2: 2016/11 | AM2: 2016/12 | AN2: 2017/01 | AO2: 2017/02 | AP2: 2017/03 | AQ2: 2017/04 | AR2: 2017/05 | AS2: 2017/06 | AT2: 2017/07 | AU2: 2017/08 | AV2: 2017/09 | AW2: 2017/10 | AX2: 2017/11 | AY2: 2017/12 | AZ2: 2018/01 | BA2: 2018/02 | BB2: 2018/03 | BC2: 2018/04 | BD2: 2018/05 | BE2: 2018/06 | BF2: 2018/07 | BG2: 2018/08 | BH2: 2018/09 | BI2: 2018/10 | BJ2: 2018/11 | BK2: 2018/12 | BL2: 2019/01 | BM2: 2019/02 | BN2: 2019/03 | BO2: 2019/04 | BP2: 2019/05 | BQ2: 2019/06 | BR2: 2019/07 | BS2: 2019/08 | BT2: 2019/09 | BU2: 2019/10 | BV2: 2019/11 | BW2: 2019/12 | BX2: 2020/01 | BY2: 2020/02 | BZ2: 2020/03 | CA2: 2020/04 | CB2: 2020/05 | CC2: 2020/06 | CD2: 2020/07 | CE2: 2020/08 | CF2: 2020/09 | CG2: 2020/10 | CH2: 2020/11 | CI2: 2020/12 | CJ2: 2021/01 | CK2: 2021/02 | CL2: 2021/03 | CM2: 2021/04 | CN2: 2021/05 | CO2: 2021/06 | CP2: 2021/07 | CQ2: 2021/08 | CR2: 2021/09 | CS2: 2021/10 | CT2: 2021/11 | CU2: 2021/12 | CV2: 2022/01 | CW2: 2022/02 | CX2: 2022/03 | CY2: 2022/04 | CZ2: 2022/05 | DA2: 2022/06 | DB2: 2022/07 | DC2: 2022/08 | DD2: 2022/09 | DE2: 2022/10 | DF2: 2022/11 | DG2: 2022/12 | DH2: 2023/01 | DI2: 2023/02 | DJ2: 2023/03 | DK2: 2023/04 | DL2: 2023/05 | DM2: 2023/06 | DN2: 2023/07 | DO2: 2023/08 | DP2: 2023/09 | DQ2: 2023/10 | DR2: 2023/11 | DS2: 2023/12 | DT2: 2024/01 | DU2: 2024/02 | DV2: 2024/03 | DW2: 2024/04 | DX2: 2024/05 | DY2: 2024/06 | DZ2: 2024/07 | EA2: 2024/08 | EB2: 2024/09 | EC2: 2024/10 | ED2: 2024/11 | EE2: 2024/12 | EF2: 2025/01
B3: mom1 | C3: -0.070510313 | D3: -0.020690763 | E3: -0.049750485 | F3: -0.092162974 | G3: -0.090981476 | H3: 0.017403694 | I3: -0.0014660321 | J3: -0.042782601 | K3: -0.048218094 | L3: -0.054908209 | M3: -0.0042270971 | N3: -0.015415508 | O3: -0.026379582 | P3: 0.0021669322 | Q3: -0.063427776 | R3: -0.026445759 | S3: -0.030793073 | T3: -0.0013314302 | U3: -0.011667066 | V3: -0.0074396813 | W3: -0.0056037698 | X3: -0.054782856 | Y3: 0.0014601285 | Z3: -0.051124588 | AA3: -0.049931929 | AB3: 0.035460174 | AC3: -0.036260024 | AD3: -0.02177857 | AE3: -0.012961893 | AF3: -0.019972652 | AG3: -0.042137694 | AH3: 0.0011005618 | AI3: 0.0017914374 | AJ3: 0.012323425 | AK3: -0.041931521 | AL3: -0.036095079 | AM3: -0.0013822748 | AN3: -0.028956376 | AO3: -0.042428315 | AP3: -0.049674943 | AQ3: -0.032604296 | AR3: -0.013108823 | AS3: -0.035700481 | AT3: -0.005788805 | AU3: -0.014518599 | AV3: -0.031922929 | AW3: -0.011949936 | AX3: -0.010149507 | AY3: -0.033810735 | AZ3: -0.048453212 | BA3: -0.027815299 | BB3: -0.030379677 | BC3: 0.024711607 | BD3: -0.023138821 | BE3: -0.0015485354 | BF3: 0.048466574 | BG3: -0.0068415171 | BH3: -0.029017322 | BI3: 0.063621186 | BJ3: 0.051039994 | BK3: 0.020570621 | BL3: -0.044453237 | BM3: 0.016062213 | BN3: -0.011407252 | BO3: -0.021107044 | BP3: -0.024570042 | BQ3: 0.00058053539 | BR3: 0.014106971 | BS3: -0.022216966 | BT3: -0.021804685 | BU3: -0.00032476775 | BV3: -0.016946584 | BW3: -0.0091368407 | BX3: -0.024530711 | BY3: -0.013744997 | BZ3: 0.016965671 | CA3: -0.0049971738 | CB3: 0.025937315 | CC3: -0.050457574 | CD3: -0.017129438 | CE3: -0.015958412 | CF3: -0.036173265 | CG3: -0.033427384 | CH3: -0.018980077 | CI3: -0.015892658 | CJ3: -0.019351164 | CK3: -0.036270283 | CL3: 0.02185446 | CM3: -0.030669076 | CN3: -0.03356621 | CO3: -0.057102174 | CP3: -0.014168661 | CQ3: -0.024477812 | CR3: -0.0051261066 | CS3: 0.018650705 | CT3: -0.036899783 | CU3: -0.030328931 | CV3: -0.01596538 | CW3: -0.028334806 | CX3: -0.02261522 | CY3: -0.0081325807 | CZ3: -0.0065493393 | DA3: -0.018719476 | DB3: -0.023759631 | DC3: -0.015671693 | DD3: -0.01952298 | DE3: -0.040282518 | DF3: -0.0088851424 | DG3: 0.00091460929 | DH3: -0.012378844 | DI3: 0.0090523073 | DJ3: -0.019859632 | DK3: -0.022675382 | DL3: -0.042003386 | DM3: -0.027967073 | DN3: 0.0070053488 | DO3: -0.026276816 | DP3: -0.036057945 | DQ3: -0.033415288 | DR3: -0.016046343 | DS3: -0.014641634 | DT3: -0.035933752 | DU3: 0.0030717822 | DV3: -0.015330855 | DW3: -0.01494637 | DX3: -0.011101509 | DY3: -0.0047925967 | DZ3: -0.018466953 | EA3: -0.012543919 | EB3: -0.032696195 | EC3: -0.056490704 | ED3: -0.026412357 | EE3: -0.018078614 | EF3: -0.0036580674
B4: mom12 | C4: 0.028248634 | D4: 0.014183227 | E4: 0.031993348 | F4: 0.0042365594 | G4: 0.012714939 | H4: 0.010832135 | I4: 0.063727826 | J4: 0.014011074 | K4: 0.066770576 | L4: 0.021485414 | M4: 0.028019289 | N4: 0.008423822 | O4: 0.026018109 | P4: 0.0088989316 | Q4: 0.01201281 | R4: 0.0065032719 | S4: -0.00066254294 | T4: 0.011814414 | U4: 0.013395538 | V4: 0.011924206 | W4: 0.027815573 | X4: 2.5693094e-05 | Y4: 0.039316867 | Z4: 0.056920212 | AA4: 0.098233536 | AB4: 0.064750098 | AC4: 0.067361787 | AD4: 0.051507805 | AE4: 0.049662109 | AF4: 0.020239389 | AG4: 0.00093923445 | AH4: -0.011057081 | AI4: 0.016824111 | AJ4: -0.00074724434 | AK4: 0.01140181 | AL4: 0.00044149283 | AM4: -0.017898617 | AN4: -0.010071121 | AO4: 0.0066899019 | AP4: -0.011917489 | AQ4: -0.027241044 | AR4: -0.004914077 | AS4: -0.030879321 | AT4: -0.014748431 | AU4: -0.022974038 | AV4: -0.0022748797 | AW4: -0.016570061 | AX4: -0.01187692 | AY4: -0.02451757 | AZ4: 0.0014865461 | BA4: 0.010297449 | BB4: 0.0025721302 | BC4: 0.003916319 | BD4: -0.0025292612 | BE4: -0.0082999747 | BF4: -0.0046186103 | BG4: -0.0061649741 | BH4: -0.0037486088 | BI4: 0.00596953 | BJ4: -0.008252495 | BK4: -0.0031494102 | BL4: -0.022762906 | BM4: -0.015299521 | BN4: -0.010563814 | BO4: 0.0046637068 | BP4: 0.0046207542 | BQ4: 0.03309983 | BR4: 0.079383321 | BS4: 0.032730803 | BT4: 0.015519017 | BU4: 0.017918561 | BV4: 0.012576747 | BW4: 0.017560082 | BX4: 0.019561546 | BY4: 0.00948299 | BZ4: 0.023618856 | CA4: 0.024344778 | CB4: -0.0084261037 | CC4: 7.1666633e-05 | CD4: 0.0015852515 | CE4: -0.0041839518 | CF4: -0.019255713 | CG4: -0.02450777 | CH4: -0.025543062 | CI4: -0.016113311 | CJ4: -0.023990631 | CK4: -0.030572861 | CL4: -0.033399541 | CM4: -0.013533869 | CN4: -0.016596911 | CO4: -0.012488239 | CP4: -0.015990794 | CQ4: -0.0072096372 | CR4: -0.028411187 | CS4: -0.030072507 | CT4: -0.027659753 | CU4: -0.017069595 | CV4: -0.017912267 | CW4: -0.012390219 | CX4: -0.017721431 | CY4: -0.0019734646 | CZ4: 0.0087843286 | DA4: -0.032751679 | DB4: -0.0091977678 | DC4: -0.0043027769 | DD4: -0.017814325 | DE4: 0.0041021798 | DF4: -0.00723154 | DG4: 0.004289207 | DH4: 0.0095487144 | DI4: 0.0070580319 | DJ4: 0.0068894681 | DK4: 0.0070452648 | DL4: 0.0078367051 | DM4: 0.011320108 | DN4: 0.0033352235 | DO4: 0.013803395 | DP4: 0.010737471 | DQ4: 0.00061118975 | DR4: 0.014212187 | DS4: 0.0017021111 | DT4: 0.0035690044 | DU4: 0.0020074488 | DV4: 0.029247954 | DW4: 0.018428531 | DX4: 0.018775085 | DY4: 0.012516481 | DZ4: 0.018593142 | EA4: 0.018734032 | EB4: 0.011606191 | EC4: 0.031247735 | ED4: 0.018441975 | EE4: 0.0075100353 | EF4: 0.018255115
B5: chmom | C5: -0.030935572 | D5: -0.078517266 | E5: -0.071969844 | F5: -0.0216826 | G5: 0.003931568 | H5: -0.019784926 | I5: -0.010177304 | J5: -0.0082358997 | K5: 0.023635531 | L5: -0.014618007 | M5: 0.02276809 | N5: -0.043634202 | O5: -0.057530195 | P5: -0.061749738 | Q5: -0.064170286 | R5: -0.056614187 | S5: -0.039280273 | T5: -0.045374379 | U5: 0.021098524 | V5: -0.050834861 | W5: -0.043037977 | X5: -0.026595533 | Y5: -0.015138762 | Z5: -0.024952777 | AA5: -0.064031586 | AB5: -0.029604986 | AC5: -0.0019446176 | AD5: 0.0057631759 | AE5: -0.011790563 | AF5: -0.0022569329 | AG5: -0.027719086 | AH5: -0.0021214748 | AI5: -0.029802717 | AJ5: -0.00033187165 | AK5: 0.013484867 | AL5: -0.0078548426 | AM5: -0.021816308 | AN5: 0.010699071 | AO5: 0.0011102274 | AP5: 0.00079638074 | AQ5: -0.0055128955 | AR5: -0.015489822 | AS5: -0.013374983 | AT5: -0.0028082796 | AU5: 0.013588437 | AV5: 0.011518656 | AW5: -0.0051678196 | AX5: -0.017534591 | AY5: -0.012889344 | AZ5: 0.0046084509 | BA5: -0.0037847871 | BB5: -0.0049904352 | BC5: -0.017079908 | BD5: -0.02391563 | BE5: 0.0021333401 | BF5: 0.031931266 | BG5: 0.022714403 | BH5: 0.054914258 | BI5: 0.023081651 | BJ5: 0.041425202 | BK5: -0.045687266 | BL5: -0.024188107 | BM5: -0.045954537 | BN5: -0.052363675 | BO5: -0.06094883 | BP5: -0.046518847 | BQ5: -0.031062063 | BR5: 0.0032680221 | BS5: 0.068480939 | BT5: 0.002156435 | BU5: -0.038370479 | BV5: -0.037749019 | BW5: -0.037364159 | BX5: -0.027728325 | BY5: -0.03027585 | BZ5: -0.043461852 | CA5: -0.031515237 | CB5: -0.031081436 | CC5: -0.035361417 | CD5: -0.033158984 | CE5: -0.023513908 | CF5: -0.012064296 | CG5: -0.0032220706 | CH5: -0.019549627 | CI5: -0.0096641975 | CJ5: -0.0020440889 | CK5: -0.026424447 | CL5: -0.043267768 | CM5: -0.019405793 | CN5: -0.02635004 | CO5: 0.003180597 | CP5: -0.0062574027 | CQ5: -0.013818862 | CR5: -0.021159159 | CS5: -0.018966084 | CT5: -0.029068194 | CU5: -0.051458955 | CV5: -0.024589416 | CW5: -0.047959473 | CX5: -0.024629397 | CY5: -0.027626641 | CZ5: -0.055032276 | DA5: -0.028730303 | DB5: -0.066727802 | DC5: -0.10732984 | DD5: -0.052791093 | DE5: -0.060571522 | DF5: -0.039159801 | DG5: -0.051414531 | DH5: -0.065701395 | DI5: -0.033493325 | DJ5: -0.024839012 | DK5: -0.02238475 | DL5: -0.03650948 | DM5: -0.0039328607 | DN5: -0.0096125035 | DO5: 0.014951462 | DP5: -0.0031372069 | DQ5: -0.0028361599 | DR5: 0.0051981704 | DS5: 0.011405285 | DT5: -0.00064447051 | DU5: -0.012735923 | DV5: -0.021273775 | DW5: -0.011831686 | DX5: -0.0043031299 | DY5: 0.0059299008 | DZ5: -0.0031490331 | EA5: -0.0087568779 | EB5: 0.0047055804 | EC5: -0.014093491 | ED5: -0.0073874481 | EE5: -0.024573959 | EF5: -0.030077245
B6: retvol | C6: 0.022974487 | D6: 0.01708141 | E6: 0.031377148 | F6: 0.016779406 | G6: -0.0013170848 | H6: 0.01384645 | I6: 0.021910241 | J6: 0.012609055 | K6: -0.0050779725 | L6: 0.0058798324 | M6: 0.013324283 | N6: 0.017233521 | O6: -5.6088713e-05 | P6: -0.0062972903 | Q6: 0.024710532 | R6: 0.013924113 | S6: 0.023693526 | T6: 0.019597102 | U6: 0.01067257 | V6: 0.02010666 | W6: 0.00167046 | X6: 0.0025238169 | Y6: 0.0092325034 | Z6: 0.012824959 | AA6: 0.0090660788 | AB6: -0.0012093025 | AC6: -0.006835869 | AD6: 0.0019463961 | AE6: 0.014238626 | AF6: 0.0088263219 | AG6: 0.02088213 | AH6: 0.051983811 | AI6: 0.01881082 | AJ6: 0.016175123 | AK6: 0.017538745 | AL6: 0.019539744 | AM6: 0.012414113 | AN6: -0.0030713342 | AO6: 0.0018124989 | AP6: 0.027226977 | AQ6: 0.015237001 | AR6: 0.020699002 | AS6: 0.018039731 | AT6: 0.01990521 | AU6: 0.013922203 | AV6: 0.014918374 | AW6: 0.0026367004 | AX6: 0.041243367 | AY6: 0.016222967 | AZ6: 0.020173013 | BA6: 0.016433232 | BB6: 0.022108844 | BC6: 0.020426225 | BD6: 0.014836632 | BE6: 0.01464956 | BF6: 0.0098656453 | BG6: 0.0065305722 | BH6: 0.00423531 | BI6: 0.0056681097 | BJ6: 0.0025409893 | BK6: 0.002166657 | BL6: 0.0033819519 | BM6: 0.0040704762 | BN6: 0.0089805722 | BO6: 0.0097311186 | BP6: 0.0048173126 | BQ6: 0.0098657906 | BR6: 0.01376301 | BS6: 0.014573461 | BT6: 0.020938689 | BU6: 0.014000543 | BV6: 0.019158285 | BW6: 0.017214477 | BX6: 0.011270096 | BY6: 0.025030509 | BZ6: 0.031615071 | CA6: 0.025428476 | CB6: 0.11305705 | CC6: 0.027973102 | CD6: 0.0076278588 | CE6: 0.013782011 | CF6: 0.0025310908 | CG6: 0.0017127168 | CH6: -0.0050100181 | CI6: 0.0032922137 | CJ6: 0.088564754 | CK6: 0.012102538 | CL6: 0.013237392 | CM6: 0.010921693 | CN6: 0.0040465407 | CO6: 0.001302311 | CP6: 0.010241216 | CQ6: 0.0059799491 | CR6: -0.0075976653 | CS6: 0.0023250426 | CT6: 0.022010699 | CU6: 0.0023386679 | CV6: 0.00076710118 | CW6: 0.0088794772 | CX6: 0.013562209 | CY6: 0.012153903 | CZ6: 0.01677263 | DA6: 0.014646888 | DB6: 0.017232055 | DC6: 0.013960229 | DD6: 0.0097235097 | DE6: 0.011490203 | DF6: 0.0053679054 | DG6: 0.0068998714 | DH6: 0.00763071 | DI6: 0.011459526 | DJ6: 0.0093496377 | DK6: 0.010472308 | DL6: 0.0099879391 | DM6: 0.014417588 | DN6: 0.015461322 | DO6: 0.072593644 | DP6: 0.066633999 | DQ6: 0.076050833 | DR6: 0.079444081 | DS6: 0.096407637 | DT6: 0.098738469 | DU6: 0.084987722 | DV6: 0.083614707 | DW6: 0.079545408 | DX6: 0.096235953 | DY6: 0.10154732 | DZ6: 0.13149092 | EA6: 0.11485938 | EB6: 0.11237456 | EC6: 0.12511362 | ED6: 0.0316572 | EE6: 0.029610975 | EF6: 0.031239053
B7: maxret | C7: 0.0021774524 | D7: 0.013015066 | E7: 0.0098455846 | F7: 0.0080243433 | G7: -0.0052677239 | H7: 0.001404033 | I7: 0.0033509603 | J7: -0.0040541883 | K7: 0.0016413978 | L7: -0.003604586 | M7: 0.0025401565 | N7: -0.0089025497 | O7: 0.010533438 | P7: 0.0097276494 | Q7: 0.011463934 | R7: 0.020894568 | S7: 0.021158934 | T7: 0.025689144 | U7: 0.024543272 | V7: 0.011583937 | W7: 0.017569646 | X7: 0.087800547 | Y7: 0.050161928 | Z7: 0.031262714 | AA7: 0.0042858967 | AB7: 0.046123538 | AC7: 0.080575474 | AD7: 0.036530923 | AE7: 0.02460568 | AF7: 0.012908366 | AG7: 0.021753384 | AH7: 0.0030683321 | AI7: 0.0085161366 | AJ7: -0.0049905563 | AK7: -0.0040547512 | AL7: 0.0096464334 | AM7: 0.02050478 | AN7: 0.02069281 | AO7: 0.0046984786 | AP7: -0.0045743487 | AQ7: -0.0068781576 | AR7: -0.0098103778 | AS7: -0.0095568029 | AT7: 0.0059230537 | AU7: 0.0014722419 | AV7: 0.028763983 | AW7: 0.026538765 | AX7: 0.0083058588 | AY7: 0.0053748903 | AZ7: 0.01186728 | BA7: 0.011852427 | BB7: 0.032360878 | BC7: 0.014286506 | BD7: 0.007969927 | BE7: -0.00060811342 | BF7: -0.011188488 | BG7: -0.019261265 | BH7: -0.021502297 | BI7: 0.05841824 | BJ7: 0.040143382 | BK7: 0.028391568 | BL7: 0.025553938 | BM7: 0.0096509531 | BN7: 0.0046400707 | BO7: 0.0036845333 | BP7: 0.013291311 | BQ7: 0.0078903371 | BR7: 0.0070404992 | BS7: 0.0071611647 | BT7: 0.014413588 | BU7: 0.011038203 | BV7: 0.023246251 | BW7: 0.023113625 | BX7: 0.07020662 | BY7: 0.061465926 | BZ7: 0.058226619 | CA7: 0.0049403347 | CB7: 0.010325176 | CC7: 0.00055629481 | CD7: 0.025742874 | CE7: 0.026346749 | CF7: 0.020780452 | CG7: 0.019359628 | CH7: 0.02775068 | CI7: 0.024828408 | CJ7: 0.022081017 | CK7: 0.0086565986 | CL7: 0.0070795948 | CM7: 0.0084662102 | CN7: 0.0027852557 | CO7: 0.0060324417 | CP7: 0.0048775836 | CQ7: -0.00088366348 | CR7: -0.0029415216 | CS7: -0.0065762377 | CT7: -0.0050856704 | CU7: 0.037310883 | CV7: 0.030856956 | CW7: 0.019465599 | CX7: 0.021523755 | CY7: 0.030290527 | CZ7: 0.030590203 | DA7: 0.028499866 | DB7: 0.021195518 | DC7: 0.026068831 | DD7: 0.059307549 | DE7: 0.019247701 | DF7: 0.018887985 | DG7: 0.014815512 | DH7: 0.016671358 | DI7: 0.017327722 | DJ7: 0.01561035 | DK7: 0.015836952 | DL7: 0.017583078 | DM7: 0.01280765 | DN7: 0.020481693 | DO7: 0.011080808 | DP7: 0.015453166 | DQ7: 0.01020689 | DR7: 0.012916479 | DS7: 0.019664204 | DT7: 0.022220226 | DU7: 0.023969663 | DV7: 0.014732354 | DW7: 0.013176583 | DX7: 0.017936071 | DY7: 0.016969321 | DZ7: 0.016285731 | EA7: 0.011118081 | EB7: 0.014203252 | EC7: 0.008901258 | ED7: 0.007033038 | EE7: 0.011094453 | EF7: 0.011496754
A8: 選絕對值最大 | C8: {=MATCH(MAX(ABS(C3:C7)), ABS(C3:C7), 0)} -> 1 | D8: {=MATCH(MAX(ABS(D3:D7)), ABS(D3:D7), 0)} -> 3 | E8: {=MATCH(MAX(ABS(E3:E7)), ABS(E3:E7), 0)} -> 3 | F8: {=MATCH(MAX(ABS(F3:F7)), ABS(F3:F7), 0)} -> 1 | G8: {=MATCH(MAX(ABS(G3:G7)), ABS(G3:G7), 0)} -> 1 | H8: {=MATCH(MAX(ABS(H3:H7)), ABS(H3:H7), 0)} -> 3 | I8: {=MATCH(MAX(ABS(I3:I7)), ABS(I3:I7), 0)} -> 2 | J8: {=MATCH(MAX(ABS(J3:J7)), ABS(J3:J7), 0)} -> 1 | ... EF8: {=MATCH(MAX(ABS(EF3:EF7)), ABS(EF3:EF7), 0)} -> 4
C9: =IF(C8=1,"mom1", IF(C8=2,"mom12", IF(C8=3,"chmom", IF(C8=4,"retvol", IF(C8=5,"maxret",""))))) -> mom1 | D9: =IF(D8=1,"mom1", IF(D8=2,"mom12", IF(D8=3,"chmom", IF(D8=4,"retvol", IF(D8=5,"maxret",""))))) -> chmom | E9: =IF(E8=1,"mom1", IF(E8=2,"mom12", IF(E8=3,"chmom", IF(E8=4,"retvol", IF(E8=5,"maxret",""))))) -> chmom | F9: =IF(F8=1,"mom1", IF(F8=2,"mom12", IF(F8=3,"chmom", IF(F8=4,"retvol", IF(F8=5,"maxret",""))))) -> mom1 | G9: =IF(G8=1,"mom1", IF(G8=2,"mom12", IF(G8=3,"chmom", IF(G8=4,"retvol", IF(G8=5,"maxret",""))))) -> mom1 | H9: =IF(H8=1,"mom1", IF(H8=2,"mom12", IF(H8=3,"chmom", IF(H8=4,"retvol", IF(H8=5,"maxret",""))))) -> chmom | I9: =IF(I8=1,"mom1", IF(I8=2,"mom12", IF(I8=3,"chmom", IF(I8=4,"retvol", IF(I8=5,"maxret",""))))) -> mom12 | J9: =IF(J8=1,"mom1", IF(J8=2,"mom12", IF(J8=3,"chmom", IF(J8=4,"retvol", IF(J8=5,"maxret",""))))) -> mom1 | ... EF9: =IF(EF8=1,"mom1", IF(EF8=2,"mom12", IF(EF8=3,"chmom", IF(EF8=4,"retvol", IF(EF8=5,"maxret",""))))) -> retvol
C10: =IF(C8=1,C3,IF(C8=2,C4,IF(C8=3,C5,IF(C8=4,C6,IF(C8=5,C7))))) -> -0.070510313 | D10: =IF(D8=1,D3,IF(D8=2,D4,IF(D8=3,D5,IF(D8=4,D6,IF(D8=5,D7))))) -> -0.078517266 | E10: =IF(E8=1,E3,IF(E8=2,E4,IF(E8=3,E5,IF(E8=4,E6,IF(E8=5,E7))))) -> -0.071969844 | F10: =IF(F8=1,F3,IF(F8=2,F4,IF(F8=3,F5,IF(F8=4,F6,IF(F8=5,F7))))) -> -0.092162974 | G10: =IF(G8=1,G3,IF(G8=2,G4,IF(G8=3,G5,IF(G8=4,G6,IF(G8=5,G7))))) -> -0.090981476 | H10: =IF(H8=1,H3,IF(H8=2,H4,IF(H8=3,H5,IF(H8=4,H6,IF(H8=5,H7))))) -> -0.019784926 | I10: =IF(I8=1,I3,IF(I8=2,I4,IF(I8=3,I5,IF(I8=4,I6,IF(I8=5,I7))))) -> 0.063727826 | J10: =IF(J8=1,J3,IF(J8=2,J4,IF(J8=3,J5,IF(J8=4,J6,IF(J8=5,J7))))) -> -0.042782601 | ... EF10: =IF(EF8=1,EF3,IF(EF8=2,EF4,IF(EF8=3,EF5,IF(EF8=4,EF6,IF(EF8=5,EF7))))) -> 0.031239053
A13: 等分 | B13: 家數 | C13: 2014/01 | D13: 2014/02 | E13: 2014/03 | F13: 2014/04 | G13: 2014/05 | H13: 2014/06 | I13: 2014/07 | J13: 2014/08 | K13: 2014/09 | L13: 2014/10 | M13: 2014/11 | N13: 2014/12 | O13: 2015/01 | P13: 2015/02 | Q13: 2015/03 | R13: 2015/04 | S13: 2015/05 | T13: 2015/06 | U13: 2015/07 | V13: 2015/08 | W13: 2015/09 | X13: 2015/10 | Y13: 2015/11 | Z13: 2015/12 | AA13: 2016/01 | AB13: 2016/02 | AC13: 2016/03 | AD13: 2016/04 | AE13: 2016/05 | AF13: 2016/06 | AG13: 2016/07 | AH13: 2016/08 | AI13: 2016/09 | AJ13: 2016/10 | AK13: 2016/11 | AL13: 2016/12 | AM13: 2017/01 | AN13: 2017/02 | AO13: 2017/03 | AP13: 2017/04 | AQ13: 2017/05 | AR13: 2017/06 | AS13: 2017/07 | AT13: 2017/08 | AU13: 2017/09 | AV13: 2017/10 | AW13: 2017/11 | AX13: 2017/12 | AY13: 2018/01 | AZ13: 2018/02 | BA13: 2018/03 | BB13: 2018/04 | BC13: 2018/05 | BD13: 2018/06 | BE13: 2018/07 | BF13: 2018/08 | BG13: 2018/09 | BH13: 2018/10 | BI13: 2018/11 | BJ13: 2018/12 | BK13: 2019/01 | BL13: 2019/02 | BM13: 2019/03 | BN13: 2019/04 | BO13: 2019/05 | BP13: 2019/06 | BQ13: 2019/07 | BR13: 2019/08 | BS13: 2019/09 | BT13: 2019/10 | BU13: 2019/11 | BV13: 2019/12 | BW13: 2020/01 | BX13: 2020/02 | BY13: 2020/03 | BZ13: 2020/04 | CA13: 2020/05 | CB13: 2020/06 | CC13: 2020/07 | CD13: 2020/08 | CE13: 2020/09 | CF13: 2020/10 | CG13: 2020/11 | CH13: 2020/12 | CI13: 2021/01 | CJ13: 2021/02 | CK13: 2021/03 | CL13: 2021/04 | CM13: 2021/05 | CN13: 2021/06 | CO13: 2021/07 | CP13: 2021/08 | CQ13: 2021/09 | CR13: 2021/10 | CS13: 2021/11 | CT13: 2021/12 | CU13: 2022/01 | CV13: 2022/02 | CW13: 2022/03 | CX13: 2022/04 | CY13: 2022/05 | CZ13: 2022/06 | DA13: 2022/07 | DB13: 2022/08 | DC13: 2022/09 | DD13: 2022/10 | DE13: 2022/11 | DF13: 2022/12 | DG13: 2023/01 | DH13: 2023/02 | DI13: 2023/03 | DJ13: 2023/04 | DK13: 2023/05 | DL13: 2023/06 | DM13: 2023/07 | DN13: 2023/08 | DO13: 2023/09 | DP13: 2023/10 | DQ13: 2023/11 | DR13: 2023/12 | DS13: 2024/01 | DT13: 2024/02 | DU13: 2024/03 | DV13: 2024/04 | DW13: 2024/05 | DX13: 2024/06 | DY13: 2024/07 | DZ13: 2024/08 | EA13: 2024/09 | EB13: 2024/10 | EC13: 2024/11 | ED13: 2024/12 | EE13: 2025/01 | EF13: 2025/02 | EG13: SUM | EH13: 勝率
A14: 10 | B14: 96 | C14: =IF(預測IC!C14>預測IC!C$27,1,0) -> 1 | D14: =IF(預測IC!D14>預測IC!D$27,1,0) -> 1 | E14: =IF(預測IC!E14>預測IC!E$27,1,0) -> 1 | F14: =IF(預測IC!F14>預測IC!F$27,1,0) -> 1 | G14: =IF(預測IC!G14>預測IC!G$27,1,0) -> 1 | H14: =IF(預測IC!H14>預測IC!H$27,1,0) -> 1 | I14: =IF(預測IC!I14>預測IC!I$27,1,0) -> 1 | J14: =IF(預測IC!J14>預測IC!J$27,1,0) -> 1 | ... EF14: =IF(預測IC!EF14>預測IC!EF$27,1,0) -> 1 | EG14: =SUM(C14:EF14) -> 60 | EH14: =SUM(C14:EF14)/134 -> 0.44776119
A15: 20 | B15: 48 | C15: =IF(預測IC!C15>預測IC!C$27,1,0) -> 1 | D15: =IF(預測IC!D15>預測IC!D$27,1,0) -> 1 | E15: =IF(預測IC!E15>預測IC!E$27,1,0) -> 1 | F15: =IF(預測IC!F15>預測IC!F$27,1,0) -> 1 | G15: =IF(預測IC!G15>預測IC!G$27,1,0) -> 1 | H15: =IF(預測IC!H15>預測IC!H$27,1,0) -> 1 | I15: =IF(預測IC!I15>預測IC!I$27,1,0) -> 1 | J15: =IF(預測IC!J15>預測IC!J$27,1,0) -> 1 | ... EF15: =IF(預測IC!EF15>預測IC!EF$27,1,0) -> 1 | EG15: =SUM(C15:EF15) -> 65 | EH15: =SUM(C15:EF15)/134 -> 0.48507463
A16: 50 | B16: 19 | C16: =IF(預測IC!C16>預測IC!C$27,1,0) -> 1 | D16: =IF(預測IC!D16>預測IC!D$27,1,0) -> 1 | E16: =IF(預測IC!E16>預測IC!E$27,1,0) -> 1 | F16: =IF(預測IC!F16>預測IC!F$27,1,0) -> 1 | G16: =IF(預測IC!G16>預測IC!G$27,1,0) -> 1 | H16: =IF(預測IC!H16>預測IC!H$27,1,0) -> 1 | I16: =IF(預測IC!I16>預測IC!I$27,1,0) -> 1 | J16: =IF(預測IC!J16>預測IC!J$27,1,0) -> 1 | ... EF16: =IF(預測IC!EF16>預測IC!EF$27,1,0) -> 1 | EG16: =SUM(C16:EF16) -> 63 | EH16: =SUM(C16:EF16)/134 -> 0.47014925
A17: 100 | B17: 10 | C17: =IF(預測IC!C17>預測IC!C$27,1,0) -> 1 | D17: =IF(預測IC!D17>預測IC!D$27,1,0) -> 1 | E17: =IF(預測IC!E17>預測IC!E$27,1,0) -> 1 | F17: =IF(預測IC!F17>預測IC!F$27,1,0) -> 1 | G17: =IF(預測IC!G17>預測IC!G$27,1,0) -> 1 | H17: =IF(預測IC!H17>預測IC!H$27,1,0) -> 1 | I17: =IF(預測IC!I17>預測IC!I$27,1,0) -> 1 | J17: =IF(預測IC!J17>預測IC!J$27,1,0) -> 1 | ... DN17: =IF(預測IC!DN17>預測IC!DN$27,1,0) -> 1 | DO17: 1 | DP17: =IF(預測IC!DP17>預測IC!DP$27,1,0) -> 0 | DQ17: 1 | DR17: =IF(預測IC!DR17>預測IC!DR$27,1,0) -> 0 | DS17: =IF(預測IC!DS17>預測IC!DS$27,1,0) -> 1 | DT17: =IF(預測IC!DT17>預測IC!DT$27,1,0) -> 0 | DU17: =IF(預測IC!DU17>預測IC!DU$27,1,0) -> 0 | DV17: 1 | DW17: =IF(預測IC!DW17>預測IC!DW$27,1,0) -> 1 | DX17: =IF(預測IC!DX17>預測IC!DX$27,1,0) -> 0 | DY17: =IF(預測IC!DY17>預測IC!DY$27,1,0) -> 1 | DZ17: =IF(預測IC!DZ17>預測IC!DZ$27,1,0) -> 1 | EA17: =IF(預測IC!EA17>預測IC!EA$27,1,0) -> 1 | EB17: =IF(預測IC!EB17>預測IC!EB$27,1,0) -> 1 | EC17: =IF(預測IC!EC17>預測IC!EC$27,1,0) -> 0 | ED17: 1 | EE17: =IF(預測IC!EE17>預測IC!EE$27,1,0) -> 0 | EF17: =IF(預測IC!EF17>預測IC!EF$27,1,0) -> 1 | EG17: =SUM(C17:EF17) -> 70 | EH17: =SUM(C17:EF17)/134 -> 0.52238806
A18: 107 | B18: 9 | C18: =IF(預測IC!C18>預測IC!C$27,1,0) -> 1 | D18: =IF(預測IC!D18>預測IC!D$27,1,0) -> 1 | E18: =IF(預測IC!E18>預測IC!E$27,1,0) -> 1 | F18: =IF(預測IC!F18>預測IC!F$27,1,0) -> 1 | G18: =IF(預測IC!G18>預測IC!G$27,1,0) -> 1 | H18: =IF(預測IC!H18>預測IC!H$27,1,0) -> 1 | I18: =IF(預測IC!I18>預測IC!I$27,1,0) -> 1 | J18: =IF(預測IC!J18>預測IC!J$27,1,0) -> 1 | ... EC18: =IF(預測IC!EC18>預測IC!EC$27,1,0) -> 1 | ED18: 1 | EE18: 1 | EF18: =IF(預測IC!EF18>預測IC!EF$27,1,0) -> 1 | EG18: =SUM(C18:EF18) -> 68 | EH18: =SUM(C18:EF18)/134 -> 0.50746269
A19: 120 | B19: 8 | C19: =IF(預測IC!C19>預測IC!C$27,1,0) -> 1 | D19: =IF(預測IC!D19>預測IC!D$27,1,0) -> 1 | E19: =IF(預測IC!E19>預測IC!E$27,1,0) -> 1 | F19: =IF(預測IC!F19>預測IC!F$27,1,0) -> 1 | G19: =IF(預測IC!G19>預測IC!G$27,1,0) -> 1 | H19: =IF(預測IC!H19>預測IC!H$27,1,0) -> 1 | I19: =IF(預測IC!I19>預測IC!I$27,1,0) -> 1 | J19: =IF(預測IC!J19>預測IC!J$27,1,0) -> 1 | ... EF19: =IF(預測IC!EF19>預測IC!EF$27,1,0) -> 1 | EG19: =SUM(C19:EF19) -> 65 | EH19: =SUM(C19:EF19)/134 -> 0.48507463
A20: 137 | B20: 7 | C20: =IF(預測IC!C20>預測IC!C$27,1,0) -> 1 | D20: =IF(預測IC!D20>預測IC!D$27,1,0) -> 1 | E20: =IF(預測IC!E20>預測IC!E$27,1,0) -> 1 | F20: =IF(預測IC!F20>預測IC!F$27,1,0) -> 1 | G20: =IF(預測IC!G20>預測IC!G$27,1,0) -> 1 | H20: =IF(預測IC!H20>預測IC!H$27,1,0) -> 1 | I20: =IF(預測IC!I20>預測IC!I$27,1,0) -> 1 | J20: =IF(預測IC!J20>預測IC!J$27,1,0) -> 1 | ... DS20: =IF(預測IC!DS20>預測IC!DS$27,1,0) -> 1 | DT20: 1 | DU20: =IF(預測IC!DU20>預測IC!DU$27,1,0) -> 0 | DV20: =IF(預測IC!DV20>預測IC!DV$27,1,0) -> 0 | DW20: =IF(預測IC!DW20>預測IC!DW$27,1,0) -> 1 | DX20: =IF(預測IC!DX20>預測IC!DX$27,1,0) -> 0 | DY20: =IF(預測IC!DY20>預測IC!DY$27,1,0) -> 1 | DZ20: =IF(預測IC!DZ20>預測IC!DZ$27,1,0) -> 1 | EA20: =IF(預測IC!EA20>預測IC!EA$27,1,0) -> 1 | EB20: =IF(預測IC!EB20>預測IC!EB$27,1,0) -> 0 | ... EF20: =IF(預測IC!EF20>預測IC!EF$27,1,0) -> 1 | EG20: =SUM(C20:EF20) -> 68 | EH20: =SUM(C20:EF20)/134 -> 0.50746269
A21: 160 | B21: 6 | C21: =IF(預測IC!C21>預測IC!C$27,1,0) -> 1 | D21: =IF(預測IC!D21>預測IC!D$27,1,0) -> 1 | E21: =IF(預測IC!E21>預測IC!E$27,1,0) -> 1 | F21: =IF(預測IC!F21>預測IC!F$27,1,0) -> 1 | G21: =IF(預測IC!G21>預測IC!G$27,1,0) -> 1 | H21: =IF(預測IC!H21>預測IC!H$27,1,0) -> 1 | I21: =IF(預測IC!I21>預測IC!I$27,1,0) -> 1 | J21: =IF(預測IC!J21>預測IC!J$27,1,0) -> 1 | ... DO21: =IF(預測IC!DO21>預測IC!DO$27,1,0) -> 0 | DP21: 1 | DQ21: =IF(預測IC!DQ21>預測IC!DQ$27,1,0) -> 0 | DR21: =IF(預測IC!DR21>預測IC!DR$27,1,0) -> 0 | DS21: =IF(預測IC!DS21>預測IC!DS$27,1,0) -> 1 | DT21: =IF(預測IC!DT21>預測IC!DT$27,1,0) -> 0 | DU21: =IF(預測IC!DU21>預測IC!DU$27,1,0) -> 0 | DV21: 1 | DW21: =IF(預測IC!DW21>預測IC!DW$27,1,0) -> 1 | DX21: =IF(預測IC!DX21>預測IC!DX$27,1,0) -> 0 | DY21: =IF(預測IC!DY21>預測IC!DY$27,1,0) -> 1 | DZ21: =IF(預測IC!DZ21>預測IC!DZ$27,1,0) -> 1 | EA21: =IF(預測IC!EA21>預測IC!EA$27,1,0) -> 1 | EB21: =IF(預測IC!EB21>預測IC!EB$27,1,0) -> 0 | EC21: =IF(預測IC!EC21>預測IC!EC$27,1,0) -> 1 | ED21: =IF(預測IC!ED21>預測IC!ED$27,1,0) -> 1 | ... EF21: =IF(預測IC!EF21>預測IC!EF$27,1,0) -> 1 | EG21: =SUM(C21:EF21) -> 69 | EH21: =SUM(C21:EF21)/134 -> 0.51492537
A22: 192 | B22: 5 | C22: =IF(預測IC!C22>預測IC!C$27,1,0) -> 1 | D22: =IF(預測IC!D22>預測IC!D$27,1,0) -> 1 | E22: =IF(預測IC!E22>預測IC!E$27,1,0) -> 1 | F22: =IF(預測IC!F22>預測IC!F$27,1,0) -> 1 | G22: =IF(預測IC!G22>預測IC!G$27,1,0) -> 1 | H22: =IF(預測IC!H22>預測IC!H$27,1,0) -> 1 | I22: =IF(預測IC!I22>預測IC!I$27,1,0) -> 1 | J22: =IF(預測IC!J22>預測IC!J$27,1,0) -> 1 | ... DN22: =IF(預測IC!DN22>預測IC!DN$27,1,0) -> 0 | DO22: 1 | DP22: =IF(預測IC!DP22>預測IC!DP$27,1,0) -> 0 | DQ22: =IF(預測IC!DQ22>預測IC!DQ$27,1,0) -> 0 | DR22: =IF(預測IC!DR22>預測IC!DR$27,1,0) -> 1 | DS22: =IF(預測IC!DS22>預測IC!DS$27,1,0) -> 1 | DT22: =IF(預測IC!DT22>預測IC!DT$27,1,0) -> 0 | DU22: 1 | DV22: 1 | DW22: =IF(預測IC!DW22>預測IC!DW$27,1,0) -> 1 | DX22: =IF(預測IC!DX22>預測IC!DX$27,1,0) -> 0 | DY22: =IF(預測IC!DY22>預測IC!DY$27,1,0) -> 1 | DZ22: =IF(預測IC!DZ22>預測IC!DZ$27,1,0) -> 1 | EA22: =IF(預測IC!EA22>預測IC!EA$27,1,0) -> 1 | EB22: 1 | EC22: =IF(預測IC!EC22>預測IC!EC$27,1,0) -> 1 | ED22: =IF(預測IC!ED22>預測IC!ED$27,1,0) -> 1 | EE22: =IF(預測IC!EE22>預測IC!EE$27,1,0) -> 1 | EF22: =IF(預測IC!EF22>預測IC!EF$27,1,0) -> 1 | EG22: =SUM(C22:EF22) -> 72 | EH22: =SUM(C22:EF22)/134 -> 0.53731343
A23: 241 | B23: 4 | C23: =IF(預測IC!C23>預測IC!C$27,1,0) -> 1 | D23: =IF(預測IC!D23>預測IC!D$27,1,0) -> 1 | E23: =IF(預測IC!E23>預測IC!E$27,1,0) -> 1 | F23: =IF(預測IC!F23>預測IC!F$27,1,0) -> 1 | G23: =IF(預測IC!G23>預測IC!G$27,1,0) -> 1 | H23: =IF(預測IC!H23>預測IC!H$27,1,0) -> 1 | I23: =IF(預測IC!I23>預測IC!I$27,1,0) -> 1 | J23: =IF(預測IC!J23>預測IC!J$27,1,0) -> 1 | ... EA23: =IF(預測IC!EA23>預測IC!EA$27,1,0) -> 1 | EB23: 1 | EC23: =IF(預測IC!EC23>預測IC!EC$27,1,0) -> 1 | ED23: =IF(預測IC!ED23>預測IC!ED$27,1,0) -> 1 | EE23: =IF(預測IC!EE23>預測IC!EE$27,1,0) -> 1 | EF23: =IF(預測IC!EF23>預測IC!EF$27,1,0) -> 1 | EG23: =SUM(C23:EF23) -> 70 | EH23: =SUM(C23:EF23)/134 -> 0.52238806
A24: 321 | B24: 3 | C24: =IF(預測IC!C24>預測IC!C$27,1,0) -> 1 | D24: =IF(預測IC!D24>預測IC!D$27,1,0) -> 1 | E24: =IF(預測IC!E24>預測IC!E$27,1,0) -> 1 | F24: =IF(預測IC!F24>預測IC!F$27,1,0) -> 1 | G24: =IF(預測IC!G24>預測IC!G$27,1,0) -> 1 | H24: =IF(預測IC!H24>預測IC!H$27,1,0) -> 1 | I24: =IF(預測IC!I24>預測IC!I$27,1,0) -> 1 | J24: =IF(預測IC!J24>預測IC!J$27,1,0) -> 1 | ... EF24: =IF(預測IC!EF24>預測IC!EF$27,1,0) -> 1 | EG24: =SUM(C24:EF24) -> 65 | EH24: =SUM(C24:EF24)/134 -> 0.48507463
A25: 482 | B25: 2 | C25: =IF(預測IC!C25>預測IC!C$27,1,0) -> 1 | D25: =IF(預測IC!D25>預測IC!D$27,1,0) -> 1 | E25: =IF(預測IC!E25>預測IC!E$27,1,0) -> 1 | F25: =IF(預測IC!F25>預測IC!F$27,1,0) -> 1 | G25: =IF(預測IC!G25>預測IC!G$27,1,0) -> 1 | H25: =IF(預測IC!H25>預測IC!H$27,1,0) -> 1 | I25: =IF(預測IC!I25>預測IC!I$27,1,0) -> 1 | J25: =IF(預測IC!J25>預測IC!J$27,1,0) -> 1 | ... DW25: =IF(預測IC!DW25>預測IC!DW$27,1,0) -> 0 | DX25: 1 | DY25: =IF(預測IC!DY25>預測IC!DY$27,1,0) -> 0 | DZ25: =IF(預測IC!DZ25>預測IC!DZ$27,1,0) -> 0 | EA25: =IF(預測IC!EA25>預測IC!EA$27,1,0) -> 1 | EB25: =IF(預測IC!EB25>預測IC!EB$27,1,0) -> 0 | EC25: =IF(預測IC!EC25>預測IC!EC$27,1,0) -> 1 | ED25: =IF(預測IC!ED25>預測IC!ED$27,1,0) -> 1 | EE25: =IF(預測IC!EE25>預測IC!EE$27,1,0) -> 1 | EF25: =IF(預測IC!EF25>預測IC!EF$27,1,0) -> 1 | EG25: =SUM(C25:EF25) -> 68 | EH25: =SUM(C25:EF25)/134 -> 0.50746269
A26: 964 | B26: 1 | C26: =IF(預測IC!C26>預測IC!C$27,1,0) -> 1 | D26: =IF(預測IC!D26>預測IC!D$27,1,0) -> 1 | E26: =IF(預測IC!E26>預測IC!E$27,1,0) -> 1 | F26: =IF(預測IC!F26>預測IC!F$27,1,0) -> 1 | G26: =IF(預測IC!G26>預測IC!G$27,1,0) -> 1 | H26: =IF(預測IC!H26>預測IC!H$27,1,0) -> 1 | I26: =IF(預測IC!I26>預測IC!I$27,1,0) -> 1 | J26: =IF(預測IC!J26>預測IC!J$27,1,0) -> 1 | ... EF26: =IF(預測IC!EF26>預測IC!EF$27,1,0) -> 1 | EG26: =SUM(C26:EF26) -> 73 | EH26: =SUM(C26:EF26)/134 -> 0.54477612
A27: 大盤 | B27: TWⅡ | C27: -0.017446771 | D27: 0.020701061 | E27: 0.023982129 | F27: -0.006557579 | G27: 0.03184513 | H27: 0.034348533 | I27: -0.0082549328 | J27: 0.012843524 | K27: -0.051018525 | L27: 0.00087394274 | M27: 0.023389576 | N27: 0.012988972 | O27: 0.0058545887 | P27: 0.027413207 | Q27: -0.0037129361 | R27: 0.024076614 | S27: -0.012190025 | T27: -0.039749578 | U27: -0.07315545 | V27: -0.05826023 | W27: 0.00077279757 | X27: 0.044591521 | Y27: -0.02769968 | Z27: 0.0020950059 | AA27: -0.023400551 | AB27: 0.032129371 | AC27: 0.038903273 | AD27: -0.042865382 | AE27: 0.018647195 | AF27: 0.015229768 | AG27: 0.036016604 | AH27: 0.0093546114 | AI27: 0.010748251 | AJ27: 0.013357754 | AK27: -0.0053327473 | AL27: 0.0013831358 | AM27: 0.020795928 | AN27: 0.031517702 | AO27: 0.0062417165 | AP27: 0.0061452617 | AQ27: 0.016946358 | AR27: 0.03468283 | AS27: 0.0030985886 | AT27: 0.015081347 | AU27: -0.019251209 | AV27: 0.038711513 | AW27: -0.021856951 | AX27: 0.0077743007 | AY27: 0.042397247 | AZ27: -0.026308975 | BA27: 0.0095717493 | BB27: -0.024249741 | BC27: 0.020163374 | BD27: -0.0035049988 | BE27: 0.020151935 | BF27: 0.00058133623 | BG27: -0.005219701 | BH27: -0.11587176 | BI27: 0.0087252257 | BJ27: -0.016377261 | BK27: 0.020840372 | BL27: 0.044975872 | BM27: 0.023954306 | BN27: 0.030239101 | BO27: -0.043725888 | BP27: 0.02188947 | BQ27: 0.0086274303 | BR27: -0.019192954 | BS27: 0.01973513 | BT27: 0.047694337 | BU27: 0.011454817 | BV27: 0.043228621 | BW27: -0.04274743 | BX27: -0.017811292 | BY27: -0.1511531 | BZ27: 0.124224 | CA27: -0.0045572538 | CB27: 0.06021124 | CC27: 0.085992033 | CD27: -0.0058084796 | CE27: -0.006041347 | CF27: 0.0024523244 | CG27: 0.089636252 | CH27: 0.070992733 | CI27: 0.027170643 | CJ27: 0.052468428 | CK27: 0.029480661 | CL27: 0.066825081 | CM27: -0.028772229 | CN27: 0.039462516 | CO27: -0.029031087 | CP27: 0.013983883 | CQ27: -0.032276965 | CR27: 0.0031035766 | CS27: 0.025591856 | CT27: 0.044391886 | CU27: -0.030338959 | CV27: -0.0012579765 | CW27: 0.0023363565 | CX27: -0.064264145 | CY27: 0.012909779 | CZ27: -0.12547709 | DA27: 0.011690683 | DB27: 0.0063378437 | DC27: -0.11730536 | DD27: -0.036010872 | DE27: 0.1389113 | DF27: -0.051143506 | DG27: 0.076731447 | DH27: 0.015508782 | DI27: 0.023223774 | DJ27: -0.018372876 | DK27: 0.062199014 | DL27: 0.020098304 | DM27: 0.01349894 | DN27: -0.030252213 | DO27: -0.017022836 | DP27: -0.021788523 | DQ27: 0.085745625 | DR27: 0.028106744 | DS27: -0.0023031598 | DT27: 0.058471198 | DU27: 0.067658949 | DV27: 0.0050207706 | DW27: 0.037416184 | DX27: 0.084111004 | DY27: -0.036832399 | DZ27: 0.0030917028 | EA27: -0.0019576282 | EB27: 0.026459104 | EC27: -0.024752539 | ED27: 0.034115491 | EE27: 0.021061974 | EF27: -0.020277393

Sheet 預測XGBoost累積報酬 
A8: 投資組合 | C8: 公司數 | D8: 964
A9: 時間 | B9: 2014/01 | C9: 2014/02 | D9: 2014/03 | E9: 2014/04 | F9: 2014/05 | G9: 2014/06 | H9: 2014/07 | I9: 2014/08 | J9: 2014/09 | K9: 2014/10 | L9: 2014/11 | M9: 2014/12 | N9: 2015/01 | O9: 2015/02 | P9: 2015/03 | Q9: 2015/04 | R9: 2015/05 | S9: 2015/06 | T9: 2015/07 | U9: 2015/08 | V9: 2015/09 | W9: 2015/10 | X9: 2015/11 | Y9: 2015/12 | Z9: 2016/01 | AA9: 2016/02 | AB9: 2016/03 | AC9: 2016/04 | AD9: 2016/05 | AE9: 2016/06 | AF9: 2016/07 | AG9: 2016/08 | AH9: 2016/09 | AI9: 2016/10 | AJ9: 2016/11 | AK9: 2016/12 | AL9: 2017/01 | AM9: 2017/02 | AN9: 2017/03 | AO9: 2017/04 | AP9: 2017/05 | AQ9: 2017/06 | AR9: 2017/07 | AS9: 2017/08 | AT9: 2017/09 | AU9: 2017/10 | AV9: 2017/11 | AW9: 2017/12 | AX9: 2018/01 | AY9: 2018/02 | AZ9: 2018/03 | BA9: 2018/04 | BB9: 2018/05 | BC9: 2018/06 | BD9: 2018/07 | BE9: 2018/08 | BF9: 2018/09 | BG9: 2018/10 | BH9: 2018/11 | BI9: 2018/12 | BJ9: 2019/01 | BK9: 2019/02 | BL9: 2019/03 | BM9: 2019/04 | BN9: 2019/05 | BO9: 2019/06 | BP9: 2019/07 | BQ9: 2019/08 | BR9: 2019/09 | BS9: 2019/10 | BT9: 2019/11 | BU9: 2019/12 | BV9: 2020/01 | BW9: 2020/02 | BX9: 2020/03 | BY9: 2020/04 | BZ9: 2020/05 | CA9: 2020/06 | CB9: 2020/07 | CC9: 2020/08 | CD9: 2020/09 | CE9: 2020/10 | CF9: 2020/11 | CG9: 2020/12 | CH9: 2021/01 | CI9: 2021/02 | CJ9: 2021/03 | CK9: 2021/04 | CL9: 2021/05 | CM9: 2021/06 | CN9: 2021/07 | CO9: 2021/08 | CP9: 2021/09 | CQ9: 2021/10 | CR9: 2021/11 | CS9: 2021/12 | CT9: 2022/01 | CU9: 2022/02 | CV9: 2022/03 | CW9: 2022/04 | CX9: 2022/05 | CY9: 2022/06 | CZ9: 2022/07 | DA9: 2022/08 | DB9: 2022/09 | DC9: 2022/10 | DD9: 2022/11 | DE9: 2022/12 | DF9: 2023/01 | DG9: 2023/02 | DH9: 2023/03 | DI9: 2023/04 | DJ9: 2023/05 | DK9: 2023/06 | DL9: 2023/07 | DM9: 2023/08 | DN9: 2023/09 | DO9: 2023/10 | DP9: 2023/11 | DQ9: 2023/12 | DR9: 2024/01 | DS9: 2024/02 | DT9: 2024/03 | DU9: 2024/04 | DV9: 2024/05 | DW9: 2024/06 | DX9: 2024/07 | DY9: 2024/08 | DZ9: 2024/09 | EA9: 2024/10 | EB9: 2024/11 | EC9: 2024/12 | ED9: 2025/01 | EE9: 2025/02
A10: 10等分 | B10: 0.29562127 | C10: =B10+預測IC!D14 -> 0.59142012 | D10: =C10+預測IC!E14 -> 0.90365026 | E10: =D10+預測IC!F14 -> 1.2198414 | F10: =E10+預測IC!G14 -> 1.5093984 | G10: =F10+預測IC!H14 -> 1.8113817 | H10: =G10+預測IC!I14 -> 2.0921447 | I10: =H10+預測IC!J14 -> 2.4002548 | J10: =I10+預測IC!K14 -> 2.6557703 | ... EE10: =ED10+預測IC!EF14 -> 3.4214233
A11: 20等分 | B11: 0.39331188 | C11: =B11+預測IC!D15 -> 0.78966679 | D11: =C11+預測IC!E15 -> 1.1939832 | E11: =D11+預測IC!F15 -> 1.644102 | F11: =E11+預測IC!G15 -> 2.038072 | G11: =F11+預測IC!H15 -> 2.4304104 | H11: =G11+預測IC!I15 -> 2.8071677 | I11: =H11+預測IC!J15 -> 3.2281786 | J11: =I11+預測IC!K15 -> 3.5833642 | ... EE11: =ED11+預測IC!EF15 -> 4.7373309
A12: 50等分 | B12: 0.5686931 | C12: =B12+預測IC!D16 -> 1.1517404 | D12: =C12+預測IC!E16 -> 1.6605003 | E12: =D12+預測IC!F16 -> 2.361707 | F12: =E12+預測IC!G16 -> 2.929352 | G12: =F12+預測IC!H16 -> 3.4428873 | H12: =G12+預測IC!I16 -> 3.9674851 | I12: =H12+預測IC!J16 -> 4.5420114 | J12: =I12+預測IC!K16 -> 5.0755445 | ... EE12: =ED12+預測IC!EF16 -> 6.6914499
A13: 100等分 | B13: 0.70578593 | C13: =B13+預測IC!D17 -> 1.4238464 | D13: =C13+預測IC!E17 -> 2.0136413 | E13: =D13+預測IC!F17 -> 2.9312101 | F13: =E13+預測IC!G17 -> 3.6160041 | G13: =F13+預測IC!H17 -> 4.2076286 | H13: =G13+預測IC!I17 -> 4.770977 | I13: =H13+預測IC!J17 -> 5.4727492 | J13: =I13+預測IC!K17 -> 6.167181 | ... EE13: =ED13+預測IC!EF17 -> 8.5189951
A14: 107等分 | B14: 0.73827782 | C14: =B14+預測IC!D18 -> 1.4867643 | D14: =C14+預測IC!E18 -> 2.0896515 | E14: =D14+預測IC!F18 -> 3.061 | F14: =E14+預測IC!G18 -> 3.762867 | G14: =F14+預測IC!H18 -> 4.369277 | H14: =G14+預測IC!I18 -> 4.9499432 | I14: =H14+預測IC!J18 -> 5.6724017 | J14: =I14+預測IC!K18 -> 6.3921482 | ... EE14: =ED14+預測IC!EF18 -> 8.8272821
A15: 120等分 | B15: 0.77539547 | C15: =B15+預測IC!D19 -> 1.5543147 | D15: =C15+預測IC!E19 -> 2.1730519 | E15: =D15+預測IC!F19 -> 3.1669725 | F15: =E15+預測IC!G19 -> 3.8964645 | G15: =F15+預測IC!H19 -> 4.5303969 | H15: =G15+預測IC!I19 -> 5.1289604 | I15: =H15+預測IC!J19 -> 5.8845974 | J15: =I15+預測IC!K19 -> 6.640253 | ... EE15: =ED15+預測IC!EF19 -> 9.4288228
A16: 137等分 | B16: 0.80947125 | C16: =B16+預測IC!D20 -> 1.6159872 | D16: =C16+預測IC!E20 -> 2.2556191 | E16: =D16+預測IC!F20 -> 3.2970528 | F16: =E16+預測IC!G20 -> 4.0367388 | G16: =F16+預測IC!H20 -> 4.6888142 | H16: =G16+預測IC!I20 -> 5.3137192 | I16: =H16+預測IC!J20 -> 6.0855744 | J16: =I16+預測IC!K20 -> 6.8907257 | ... EE16: =ED16+預測IC!EF20 -> 9.9263559
A17: 160等分 | B17: 0.85469134 | C17: =B17+預測IC!D21 -> 1.7145042 | D17: =C17+預測IC!E21 -> 2.4018761 | E17: =D17+預測IC!F21 -> 3.5173445 | F17: =E17+預測IC!G21 -> 4.2937791 | G17: =F17+預測IC!H21 -> 4.9733764 | H17: =G17+預測IC!I21 -> 5.6169451 | I17: =H17+預測IC!J21 -> 6.4296899 | J17: =I17+預測IC!K21 -> 7.2874784 | ... EE17: =ED17+預測IC!EF21 -> 10.562317
A18: 192等分 | B18: 0.89798478 | C18: =B18+預測IC!D22 -> 1.8434194 | D18: =C18+預測IC!E22 -> 2.5772893 | E18: =D18+預測IC!F22 -> 3.7746311 | F18: =E18+預測IC!G22 -> 4.5404618 | G18: =F18+預測IC!H22 -> 5.2367039 | H18: =G18+預測IC!I22 -> 5.9117601 | I18: =H18+預測IC!J22 -> 6.7501471 | J18: =I18+預測IC!K22 -> 7.6694811 | ... EE18: =ED18+預測IC!EF22 -> 10.676038
A19: 241等分 | B19: 0.89783897 | C19: =B19+預測IC!D23 -> 1.8999218 | D19: =C19+預測IC!E23 -> 2.6805266 | E19: =D19+預測IC!F23 -> 3.9648149 | F19: =E19+預測IC!G23 -> 4.7674498 | G19: =F19+預測IC!H23 -> 5.4923636 | H19: =G19+預測IC!I23 -> 6.1935182 | I19: =H19+預測IC!J23 -> 7.0796078 | J19: =I19+預測IC!K23 -> 8.1058544 | ... EE19: =ED19+預測IC!EF23 -> 11.492938
A20: 321等分 | B20: 0.98736986 | C20: =B20+預測IC!D24 -> 2.0816412 | D20: =C20+預測IC!E24 -> 2.9090791 | E20: =D20+預測IC!F24 -> 4.2609059 | F20: =E20+預測IC!G24 -> 5.086703 | G20: =F20+預測IC!H24 -> 5.7829383 | H20: =G20+預測IC!I24 -> 6.4860565 | I20: =H20+預測IC!J24 -> 7.4315798 | J20: =I20+預測IC!K24 -> 8.6189869 | ... EE20: =ED20+預測IC!EF24 -> 12.09091
A21: 482等分 | B21: 1.1374397 | C21: =B21+預測IC!D25 -> 2.363565 | D21: =C21+預測IC!E25 -> 3.2736718 | E21: =D21+預測IC!F25 -> 4.8082687 | F21: =E21+預測IC!G25 -> 5.6641476 | G21: =F21+預測IC!H25 -> 6.4056344 | H21: =G21+預測IC!I25 -> 7.1258175 | I21: =H21+預測IC!J25 -> 8.1298752 | J21: =I21+預測IC!K25 -> 9.6473619 | ... EE21: =ED21+預測IC!EF25 -> 14.169359
... A23: 大盤 | B23: -0.017446771 | C23: =B23+預測IC!D27 -> 0.00325429 | D23: =C23+預測IC!E27 -> 0.027236419 | E23: =D23+預測IC!F27 -> 0.02067884 | F23: =E23+預測IC!G27 -> 0.05252397 | G23: =F23+預測IC!H27 -> 0.086872503 | H23: =G23+預測IC!I27 -> 0.07861757 | I23: =H23+預測IC!J27 -> 0.091461094 | J23: =I23+預測IC!K27 -> 0.04044257 | ... EE23: =ED23+預測IC!EF27 -> 0.98470404

Sheet XGBoost再投資累積報酬
C3: 投資組合 | D3: 964
C4: 等分 | D4: 2014/01 | E4: 2014/02 | F4: 2014/03 | G4: 2014/04 | H4: 2014/05 | I4: 2014/06 | J4: 2014/07 | K4: 2014/08 | L4: 2014/09 | M4: 2014/10 | N4: 2014/11 | O4: 2014/12 | P4: 2015/01 | Q4: 2015/02 | R4: 2015/03 | S4: 2015/04 | T4: 2015/05 | U4: 2015/06 | V4: 2015/07 | W4: 2015/08 | X4: 2015/09 | Y4: 2015/10 | Z4: 2015/11 | AA4: 2015/12 | AB4: 2016/01 | AC4: 2016/02 | AD4: 2016/03 | AE4: 2016/04 | AF4: 2016/05 | AG4: 2016/06 | AH4: 2016/07 | AI4: 2016/08 | AJ4: 2016/09 | AK4: 2016/10 | AL4: 2016/11 | AM4: 2016/12 | AN4: 2017/01 | AO4: 2017/02 | AP4: 2017/03 | AQ4: 2017/04 | AR4: 2017/05 | AS4: 2017/06 | AT4: 2017/07 | AU4: 2017/08 | AV4: 2017/09 | AW4: 2017/10 | AX4: 2017/11 | AY4: 2017/12 | AZ4: 2018/01 | BA4: 2018/02 | BB4: 2018/03 | BC4: 2018/04 | BD4: 2018/05 | BE4: 2018/06 | BF4: 2018/07 | BG4: 2018/08 | BH4: 2018/09 | BI4: 2018/10 | BJ4: 2018/11 | BK4: 2018/12 | BL4: 2019/01 | BM4: 2019/02 | BN4: 2019/03 | BO4: 2019/04 | BP4: 2019/05 | BQ4: 2019/06 | BR4: 2019/07 | BS4: 2019/08 | BT4: 2019/09 | BU4: 2019/10 | BV4: 2019/11 | BW4: 2019/12 | BX4: 2020/01 | BY4: 2020/02 | BZ4: 2020/03 | CA4: 2020/04 | CB4: 2020/05 | CC4: 2020/06 | CD4: 2020/07 | CE4: 2020/08 | CF4: 2020/09 | CG4: 2020/10 | CH4: 2020/11 | CI4: 2020/12 | CJ4: 2021/01 | CK4: 2021/02 | CL4: 2021/03 | CM4: 2021/04 | CN4: 2021/05 | CO4: 2021/06 | CP4: 2021/07 | CQ4: 2021/08 | CR4: 2021/09 | CS4: 2021/10 | CT4: 2021/11 | CU4: 2021/12 | CV4: 2022/01 | CW4: 2022/02 | CX4: 2022/03 | CY4: 2022/04 | CZ4: 2022/05 | DA4: 2022/06 | DB4: 2022/07 | DC4: 2022/08 | DD4: 2022/09 | DE4: 2022/10 | DF4: 2022/11 | DG4: 2022/12 | DH4: 2023/01 | DI4: 2023/02 | DJ4: 2023/03 | DK4: 2023/04 | DL4: 2023/05 | DM4: 2023/06 | DN4: 2023/07 | DO4: 2023/08 | DP4: 2023/09 | DQ4: 2023/10 | DR4: 2023/11 | DS4: 2023/12 | DT4: 2024/01 | DU4: 2024/02 | DV4: 2024/03 | DW4: 2024/04 | DX4: 2024/05 | DY4: 2024/06 | DZ4: 2024/07 | EA4: 2024/08 | EB4: 2024/09 | EC4: 2024/10 | ED4: 2024/11 | EE4: 2024/12 | EF4: 2025/01 | EG4: 2025/02
C5: 10 | D5: 0.29562127 | E5: {=PRODUCT(1 + 預測IC!$C14:D14) - 1} -> 0.67886455 | F5: {=PRODUCT(1 + 預測IC!$C14:E14) - 1} -> 1.2030567 | G5: {=PRODUCT(1 + 預測IC!$C14:F14) - 1} -> 1.8996436 | H5: {=PRODUCT(1 + 預測IC!$C14:G14) - 1} -> 2.7392557 | I5: {=PRODUCT(1 + 預測IC!$C14:H14) - 1} -> 3.8684485 | J5: {=PRODUCT(1 + 預測IC!$C14:I14) - 1} -> 5.2353288 | K5: {=PRODUCT(1 + 預測IC!$C14:J14) - 1} -> 7.1564964 | L5: {=PRODUCT(1 + 預測IC!$C14:K14) - 1} -> 9.2406079 | ... EG5: {=PRODUCT(1 + 預測IC!$C14:EF14) - 1} -> 18.213111
C6: 20 | D6: 0.39331188 | E6: {=PRODUCT(1 + 預測IC!$C15:D15) - 1} -> 0.94555788 | F6: {=PRODUCT(1 + 預測IC!$C15:E15) - 1} -> 1.7321788 | G6: {=PRODUCT(1 + 預測IC!$C15:F15) - 1} -> 2.961984 | H6: {=PRODUCT(1 + 預測IC!$C15:G15) - 1} -> 4.5228866 | I6: {=PRODUCT(1 + 預測IC!$C15:H15) - 1} -> 6.6897272 | J6: {=PRODUCT(1 + 預測IC!$C15:I15) - 1} -> 9.586888 | K6: {=PRODUCT(1 + 預測IC!$C15:J15) - 1} -> 14.044083 | L6: {=PRODUCT(1 + 預測IC!$C15:K15) - 1} -> 19.387525 | ... EG6: {=PRODUCT(1 + 預測IC!$C15:EF15) - 1} -> 49.638911
C7: 50 | D7: 0.5686931 | E7: {=PRODUCT(1 + 預測IC!$C16:D16) - 1} -> 1.4833153 | F7: {=PRODUCT(1 + 預測IC!$C16:E16) - 1} -> 2.7467267 | G7: {=PRODUCT(1 + 預測IC!$C16:F16) - 1} -> 5.3739566 | H7: {=PRODUCT(1 + 預測IC!$C16:G16) - 1} -> 8.9921014 | I7: {=PRODUCT(1 + 預測IC!$C16:H16) - 1} -> 14.123398 | J7: {=PRODUCT(1 + 預測IC!$C16:I16) - 1} -> 22.057099 | K7: {=PRODUCT(1 + 預測IC!$C16:J16) - 1} -> 35.304009 | L7: {=PRODUCT(1 + 預測IC!$C16:K16) - 1} -> 54.673398 | ... EG7: {=PRODUCT(1 + 預測IC!$C16:EF16) - 1} -> 167.70781
C8: 100 | D8: 0.70578593 | E8: {=PRODUCT(1 + 預測IC!$C17:D17) - 1} -> 1.9306433 | F8: {=PRODUCT(1 + 預測IC!$C17:E17) - 1} -> 3.6591219 | G8: {=PRODUCT(1 + 預測IC!$C17:F17) - 1} -> 7.9341868 | H8: {=PRODUCT(1 + 預測IC!$C17:G17) - 1} -> 14.052264 | I8: {=PRODUCT(1 + 預測IC!$C17:H17) - 1} -> 22.957553 | J8: {=PRODUCT(1 + 預測IC!$C17:I17) - 1} -> 36.454002 | K8: {=PRODUCT(1 + 預測IC!$C17:J17) - 1} -> 62.738178 | L8: {=PRODUCT(1 + 預測IC!$C17:K17) - 1} -> 107 | ... EG8: {=PRODUCT(1 + 預測IC!$C17:EF17) - 1} -> 477.47723
C9: 107 | D9: 0.73827782 | E9: {=PRODUCT(1 + 預測IC!$C18:D18) - 1} -> 2.0393553 | F9: {=PRODUCT(1 + 預測IC!$C18:E18) - 1} -> 3.8717436 | G9: {=PRODUCT(1 + 預測IC!$C18:F18) - 1} -> 8.6039047 | H9: {=PRODUCT(1 + 預測IC!$C18:G18) - 1} -> 15.344569 | I9: {=PRODUCT(1 + 預測IC!$C18:H18) - 1} -> 25.256077 | J9: {=PRODUCT(1 + 預測IC!$C18:I18) - 1} -> 40.502095 | K9: {=PRODUCT(1 + 預測IC!$C18:J18) - 1} -> 70.485636 | L9: {=PRODUCT(1 + 預測IC!$C18:K18) - 1} -> 121.93717 | ... EG9: {=PRODUCT(1 + 預測IC!$C18:EF18) - 1} -> 582.14825
C10: 120 | D10: 0.77539547 | E10: {=PRODUCT(1 + 預測IC!$C19:D19) - 1} -> 2.1582852 | F10: {=PRODUCT(1 + 預測IC!$C19:E19) - 1} -> 4.1124336 | G10: {=PRODUCT(1 + 預測IC!$C19:F19) - 1} -> 9.1937869 | H10: {=PRODUCT(1 + 預測IC!$C19:G19) - 1} -> 16.630072 | I10: {=PRODUCT(1 + 預測IC!$C19:H19) - 1} -> 27.806346 | J10: {=PRODUCT(1 + 預測IC!$C19:I19) - 1} -> 45.048775 | K10: {=PRODUCT(1 + 預測IC!$C19:J19) - 1} -> 79.84493 | L10: {=PRODUCT(1 + 預測IC!$C19:K19) - 1} -> 140.93586 | ... EG10: {=PRODUCT(1 + 預測IC!$C19:EF19) - 1} -> 887.29148
C11: 137 | D11: 0.80947125 | E11: {=PRODUCT(1 + 預測IC!$C20:D20) - 1} -> 2.2688386 | F11: {=PRODUCT(1 + 預測IC!$C20:E20) - 1} -> 4.3596921 | G11: {=PRODUCT(1 + 預測IC!$C20:F20) - 1} -> 9.9414562 | H11: {=PRODUCT(1 + 預測IC!$C20:G20) - 1} -> 18.034698 | I11: {=PRODUCT(1 + 預測IC!$C20:H20) - 1} -> 30.446758 | J11: {=PRODUCT(1 + 預測IC!$C20:I20) - 1} -> 50.097991 | K11: {=PRODUCT(1 + 預測IC!$C20:J20) - 1} -> 89.538241 | L11: {=PRODUCT(1 + 預測IC!$C20:K20) - 1} -> 162.43523 | ... EG11: {=PRODUCT(1 + 預測IC!$C20:EF20) - 1} -> 1172.0169
C12: 160 | D12: 0.85469134 | E12: {=PRODUCT(1 + 預測IC!$C21:D21) - 1} -> 2.4493788 | F12: {=PRODUCT(1 + 預測IC!$C21:E21) - 1} -> 4.8203849 | G12: {=PRODUCT(1 + 預測IC!$C21:F21) - 1} -> 11.31284 | H12: {=PRODUCT(1 + 預測IC!$C21:G21) - 1} -> 20.872956 | I12: {=PRODUCT(1 + 預測IC!$C21:H21) - 1} -> 35.737757 | J12: {=PRODUCT(1 + 預測IC!$C21:I21) - 1} -> 59.381029 | K12: {=PRODUCT(1 + 預測IC!$C21:J21) - 1} -> 108.45539 | L12: {=PRODUCT(1 + 預測IC!$C21:K21) - 1} -> 202.34497 | ... EG12: {=PRODUCT(1 + 預測IC!$C21:EF21) - 1} -> 1528.0898
C13: 192 | D13: 0.89798478 | E13: {=PRODUCT(1 + 預測IC!$C22:D22) - 1} -> 2.6924053 | F13: {=PRODUCT(1 + 預測IC!$C22:E22) - 1} -> 5.4021504 | G13: {=PRODUCT(1 + 預測IC!$C22:F22) - 1} -> 13.067713 | H13: {=PRODUCT(1 + 預測IC!$C22:G22) - 1} -> 23.841199 | I13: {=PRODUCT(1 + 預測IC!$C22:H22) - 1} -> 41.136688 | J13: {=PRODUCT(1 + 預測IC!$C22:I22) - 1} -> 69.581322 | K13: {=PRODUCT(1 + 預測IC!$C22:J22) - 1} -> 128.75578 | L13: {=PRODUCT(1 + 預測IC!$C22:K22) - 1} -> 248.04469 | ... EG13: {=PRODUCT(1 + 預測IC!$C22:EF22) - 1} -> 1222.8309
C14: 241 | D14: 0.89783897 | E14: {=PRODUCT(1 + 預測IC!$C23:D23) - 1} -> 2.7996309 | F14: {=PRODUCT(1 + 預測IC!$C23:E23) - 1} -> 5.7656407 | G14: {=PRODUCT(1 + 預測IC!$C23:F23) - 1} -> 14.454674 | H14: {=PRODUCT(1 + 預測IC!$C23:G23) - 1} -> 26.859135 | I14: {=PRODUCT(1 + 預測IC!$C23:H23) - 1} -> 47.054606 | J14: {=PRODUCT(1 + 預測IC!$C23:I23) - 1} -> 80.748314 | K14: {=PRODUCT(1 + 預測IC!$C23:J23) - 1} -> 153.18465 | L14: {=PRODUCT(1 + 預測IC!$C23:K23) - 1} -> 311.41612 | ... EG14: {=PRODUCT(1 + 預測IC!$C23:EF23) - 1} -> 2000.1611
C15: 321 | D15: 0.98736986 | E15: {=PRODUCT(1 + 預測IC!$C24:D24) - 1} -> 3.1620917 | F15: {=PRODUCT(1 + 預測IC!$C24:E24) - 1} -> 6.6059641 | G15: {=PRODUCT(1 + 預測IC!$C24:F24) - 1} -> 16.88791 | H15: {=PRODUCT(1 + 預測IC!$C24:G24) - 1} -> 31.659694 | I15: {=PRODUCT(1 + 預測IC!$C24:H24) - 1} -> 54.398527 | J15: {=PRODUCT(1 + 預測IC!$C24:I24) - 1} -> 93.350239 | K15: {=PRODUCT(1 + 預測IC!$C24:J24) - 1} -> 182.5606 | L15: {=PRODUCT(1 + 預測IC!$C24:K24) - 1} -> 400.52174 | ... EG15: {=PRODUCT(1 + 預測IC!$C24:EF24) - 1} -> 1710.8644
C16: 482 | D16: 1.1374397 | E16: {=PRODUCT(1 + 預測IC!$C25:D25) - 1} -> 3.7582087 | F16: {=PRODUCT(1 + 預測IC!$C25:E25) - 1} -> 8.0886867 | G16: {=PRODUCT(1 + 預測IC!$C25:F25) - 1} -> 22.036157 | H16: {=PRODUCT(1 + 預測IC!$C25:G25) - 1} -> 41.752317 | I16: {=PRODUCT(1 + 預測IC!$C25:H25) - 1} -> 73.452597 | J16: {=PRODUCT(1 + 預測IC!$C25:I25) - 1} -> 127.0721 | K16: {=PRODUCT(1 + 預測IC!$C25:J25) - 1} -> 255.66387 | L16: {=PRODUCT(1 + 預測IC!$C25:K25) - 1} -> 645.14789 | ... EG16: {=PRODUCT(1 + 預測IC!$C25:EF25) - 1} -> 3959.7874
C17: 964 | D17: 1.2743168 | E17: {=PRODUCT(1 + 預測IC!$C26:D26) - 1} -> 4.7959822 | F17: {=PRODUCT(1 + 預測IC!$C26:E26) - 1} -> 11.101117 | G17: {=PRODUCT(1 + 預測IC!$C26:F26) - 1} -> 32.80933 | H17: {=PRODUCT(1 + 預測IC!$C26:G26) - 1} -> 60.481366 | I17: {=PRODUCT(1 + 預測IC!$C26:H26) - 1} -> 110.07797 | J17: {=PRODUCT(1 + 預測IC!$C26:I26) - 1} -> 198.72982 | K17: {=PRODUCT(1 + 預測IC!$C26:J26) - 1} -> 396.5106 | L17: {=PRODUCT(1 + 預測IC!$C26:K26) - 1} -> 1354.3457 | ... EG17: {=PRODUCT(1 + 預測IC!$C26:EF26) - 1} -> 22832.035
C18: 大盤 | D18: -0.017446771 | E18: {=PRODUCT(1 + 預測IC!$C27:D27) - 1} -> 0.0028931233 | F18: {=PRODUCT(1 + 預測IC!$C27:E27) - 1} -> 0.026944636 | G18: {=PRODUCT(1 + 預測IC!$C27:F27) - 1} -> 0.020210365 | H18: {=PRODUCT(1 + 預測IC!$C27:G27) - 1} -> 0.052699097 | I18: {=PRODUCT(1 + 預測IC!$C27:H27) - 1} -> 0.088857766 | J18: {=PRODUCT(1 + 預測IC!$C27:I27) - 1} -> 0.079869319 | K18: {=PRODUCT(1 + 預測IC!$C27:J27) - 1} -> 0.093738646 | L18: {=PRODUCT(1 + 預測IC!$C27:K27) - 1} -> 0.037937714 | ... EG18: {=PRODUCT(1 + 預測IC!$C27:EF27) - 1} -> 1.3673442
C22: 等分 | D22: 2014/01 | E22: 2014/02 | F22: 2014/03 | G22: 2014/04 | H22: 2014/05 | I22: 2014/06 | J22: 2014/07 | K22: 2014/08 | L22: 2014/09 | M22: 2014/10 | N22: 2014/11 | O22: 2014/12 | P22: 2015/01 | Q22: 2015/02 | R22: 2015/03 | S22: 2015/04 | T22: 2015/05 | U22: 2015/06 | V22: 2015/07 | W22: 2015/08 | X22: 2015/09 | Y22: 2015/10 | Z22: 2015/11 | AA22: 2015/12 | AB22: 2016/01 | AC22: 2016/02 | AD22: 2016/03 | AE22: 2016/04 | AF22: 2016/05 | AG22: 2016/06 | AH22: 2016/07 | AI22: 2016/08 | AJ22: 2016/09 | AK22: 2016/10 | AL22: 2016/11 | AM22: 2016/12 | AN22: 2017/01 | AO22: 2017/02 | AP22: 2017/03 | AQ22: 2017/04 | AR22: 2017/05 | AS22: 2017/06 | AT22: 2017/07 | AU22: 2017/08 | AV22: 2017/09 | AW22: 2017/10 | AX22: 2017/11 | AY22: 2017/12 | AZ22: 2018/01 | BA22: 2018/02 | BB22: 2018/03 | BC22: 2018/04 | BD22: 2018/05 | BE22: 2018/06 | BF22: 2018/07 | BG22: 2018/08 | BH22: 2018/09 | BI22: 2018/10 | BJ22: 2018/11 | BK22: 2018/12 | BL22: 2019/01 | BM22: 2019/02 | BN22: 2019/03 | BO22: 2019/04 | BP22: 2019/05 | BQ22: 2019/06 | BR22: 2019/07 | BS22: 2019/08 | BT22: 2019/09 | BU22: 2019/10 | BV22: 2019/11 | BW22: 2019/12 | BX22: 2020/01 | BY22: 2020/02 | BZ22: 2020/03 | CA22: 2020/04 | CB22: 2020/05 | CC22: 2020/06 | CD22: 2020/07 | CE22: 2020/08 | CF22: 2020/09 | CG22: 2020/10 | CH22: 2020/11 | CI22: 2020/12 | CJ22: 2021/01 | CK22: 2021/02 | CL22: 2021/03 | CM22: 2021/04 | CN22: 2021/05 | CO22: 2021/06 | CP22: 2021/07 | CQ22: 2021/08 | CR22: 2021/09 | CS22: 2021/10 | CT22: 2021/11 | CU22: 2021/12 | CV22: 2022/01 | CW22: 2022/02 | CX22: 2022/03 | CY22: 2022/04 | CZ22: 2022/05 | DA22: 2022/06 | DB22: 2022/07 | DC22: 2022/08 | DD22: 2022/09 | DE22: 2022/10 | DF22: 2022/11 | DG22: 2022/12 | DH22: 2023/01 | DI22: 2023/02 | DJ22: 2023/03 | DK22: 2023/04 | DL22: 2023/05 | DM22: 2023/06 | DN22: 2023/07 | DO22: 2023/08 | DP22: 2023/09 | DQ22: 2023/10 | DR22: 2023/11 | DS22: 2023/12 | DT22: 2024/01 | DU22: 2024/02 | DV22: 2024/03 | DW22: 2024/04 | DX22: 2024/05 | DY22: 2024/06 | DZ22: 2024/07 | EA22: 2024/08 | EB22: 2024/09 | EC22: 2024/10 | ED22: 2024/11 | EE22: 2024/12 | EF22: 2025/01 | EG22: 2025/02
C23: 10 | D23: 0.29562127 | E23: 0.67886455 | F23: 1.2030567 | G23: 1.8996436 | H23: 2.7392557 | I23: 3.8684485 | J23: 5.2353288 | K23: 7.1564964 | L23: 9.2406079 | M23: 12.160436 | N23: 16.015617 | O23: 20.6062 | P23: 21.337687 | Q23: 21.542922 | R23: 21.626157 | S23: 22.052826 | T23: 21.813074 | U23: 22.706301 | V23: 23.51352 | W23: 23.826677 | X23: 23.433585 | Y23: 23.886261 | Z23: 23.68234 | AA23: 24.098094 | AB23: 23.221529 | AC23: 23.505729 | AD23: 23.565837 | AE23: 23.924657 | AF23: 22.745458 | AG23: 23.629412 | AH23: 23.367228 | AI23: 23.346969 | AJ23: 23.131899 | AK23: 23.488876 | AL23: 23.574593 | AM23: 22.882266 | AN23: 23.125541 | AO23: 22.440403 | AP23: 21.617773 | AQ23: 21.61515 | AR23: 21.769317 | AS23: 21.596162 | AT23: 21.354524 | AU23: 20.787701 | AV23: 20.978252 | AW23: 20.937969 | AX23: 20.936326 | AY23: 21.018428 | AZ23: 21.172406 | BA23: 21.075802 | BB23: 20.913019 | BC23: 20.839992 | BD23: 20.947746 | BE23: 20.793076 | BF23: 20.357824 | BG23: 20.492031 | BH23: 20.568782 | BI23: 22.37337 | BJ23: 20.524204 | BK23: 20.347267 | BL23: 20.688475 | BM23: 20.872446 | BN23: 21.078661 | BO23: 21.59597 | BP23: 21.432249 | BQ23: 22.041473 | BR23: 22.68812 | BS23: 21.346132 | BT23: 21.661882 | BU23: 20.730604 | BV23: 21.027658 | BW23: 20.899707 | BX23: 20.620835 | BY23: 21.374008 | BZ23: 21.501779 | CA23: 21.109611 | CB23: 21.361005 | CC23: 21.476245 | CD23: 21.032794 | CE23: 20.556937 | CF23: 20.481688 | CG23: 19.679709 | CH23: 20.385957 | CI23: 20.553753 | CJ23: 20.792616 | CK23: 20.680323 | CL23: 20.341192 | CM23: 18.611361 | CN23: 18.450266 | CO23: 19.597223 | CP23: 19.595252 | CQ23: 20.456595 | CR23: 19.596617 | CS23: 19.134459 | CT23: 19.440072 | CU23: 19.659182 | CV23: 19.452033 | CW23: 19.230531 | CX23: 19.671131 | CY23: 19.955812 | CZ23: 19.995798 | DA23: 21.041785 | DB23: 20.97731 | DC23: 21.209045 | DD23: 21.999472 | DE23: 21.999807 | DF23: 21.009315 | DG23: 20.888012 | DH23: 20.167852 | DI23: 20.066508 | DJ23: 19.69221 | DK23: 20.100546 | DL23: 19.693881 | DM23: 19.138864 | DN23: 18.788819 | DO23: 18.450381 | DP23: 18.051491 | DQ23: 18.039089 | DR23: 17.930088 | DS23: 18.197296 | DT23: 18.137823 | DU23: 18.040448 | DV23: 18.156601 | DW23: 18.009929 | DX23: 17.99415 | DY23: 18.105329 | DZ23: 17.74455 | EA23: 17.177689 | EB23: 17.364137 | EC23: 17.593628 | ED23: 17.621269 | EE23: 17.956647 | EF23: 17.932175 | EG23: 18.213111
C24: 20 | D24: 0.39331188 | E24: 0.94555788 | F24: 1.7321788 | G24: 2.961984 | H24: 4.5228866 | I24: 6.6897272 | J24: 9.586888 | K24: 14.044083 | L24: 19.387525 | M24: 27.136628 | N24: 38.946015 | O24: 53.872854 | P24: 55.821695 | Q24: 56.425643 | R24: 57.385397 | S24: 59.066054 | T24: 57.235069 | U24: 60.347893 | V24: 61.711558 | W24: 63.126844 | X24: 62.210728 | Y24: 63.207506 | Z24: 63.091185 | AA24: 65.376719 | AB24: 61.915926 | AC24: 61.710971 | AD24: 61.434926 | AE24: 62.925312 | AF24: 59.994538 | AG24: 64.01513 | AH24: 63.446821 | AI24: 64.724123 | AJ24: 63.09384 | AK24: 64.021457 | AL24: 63.088887 | AM24: 61.584641 | AN24: 63.729043 | AO24: 62.541958 | AP24: 61.789764 | AQ24: 61.516637 | AR24: 62.719238 | AS24: 62.954484 | AT24: 60.899104 | AU24: 59.739884 | AV24: 61.089567 | AW24: 61.504936 | AX24: 60.197708 | AY24: 60.270561 | AZ24: 62.35624 | BA24: 60.945018 | BB24: 60.407307 | BC24: 58.093329 | BD24: 57.993696 | BE24: 58.371089 | BF24: 57.50032 | BG24: 57.056235 | BH24: 57.543248 | BI24: 62.617766 | BJ24: 56.672557 | BK24: 54.689588 | BL24: 55.856408 | BM24: 56.851305 | BN24: 58.011785 | BO24: 59.110525 | BP24: 58.770273 | BQ24: 61.222573 | BR24: 61.951085 | BS24: 57.28673 | BT24: 57.433492 | BU24: 56.398327 | BV24: 57.311368 | BW24: 59.885372 | BX24: 58.416475 | BY24: 59.825122 | BZ24: 61.598417 | CA24: 60.290646 | CB24: 62.037046 | CC24: 63.613293 | CD24: 61.72577 | CE24: 59.912893 | CF24: 61.034066 | CG24: 61.328089 | CH24: 63.884809 | CI24: 64.996856 | CJ24: 65.48567 | CK24: 66.364105 | CL24: 67.2698 | CM24: 60.214685 | CN24: 58.24307 | CO24: 64.340394 | CP24: 63.597468 | CQ24: 66.771026 | CR24: 62.464675 | CS24: 59.08432 | CT24: 57.77325 | CU24: 58.47121 | CV24: 57.759096 | CW24: 55.939045 | CX24: 57.121956 | CY24: 57.323852 | CZ24: 56.26206 | DA24: 59.07493 | DB24: 59.955913 | DC24: 61.758343 | DD24: 61.980852 | DE24: 62.444186 | DF24: 60.750983 | DG24: 58.94978 | DH24: 54.957279 | DI24: 54.00932 | DJ24: 56.190988 | DK24: 58.399209 | DL24: 56.601053 | DM24: 54.121091 | DN24: 52.480075 | DO24: 52.398424 | DP24: 51.020987 | DQ24: 50.623677 | DR24: 50.647391 | DS24: 50.519943 | DT24: 51.509509 | DU24: 51.808312 | DV24: 51.39266 | DW24: 51.066288 | DX24: 51.287423 | DY24: 51.097526 | DZ24: 49.360832 | EA24: 47.87684 | EB24: 48.788546 | EC24: 49.056075 | ED24: 48.45341 | EE24: 49.425942 | EF24: 49.660332 | EG24: 49.638911
C25: 50 | D25: 0.5686931 | E25: 1.4833153 | F25: 2.7467267 | G25: 5.3739566 | H25: 8.9921014 | I25: 14.123398 | J25: 22.057099 | K25: 35.304009 | L25: 54.673398 | M25: 83.837342 | N25: 140.01823 | O25: 214.71371 | P25: 229.48539 | Q25: 234.03662 | R25: 239.85661 | S25: 232.84013 | T25: 212.92447 | U25: 215.77527 | V25: 221.72464 | W25: 217.03588 | X25: 213.98108 | Y25: 212.51358 | Z25: 208.76568 | AA25: 225.02356 | AB25: 203.95681 | AC25: 197.49226 | AD25: 200.25579 | AE25: 204.12354 | AF25: 194.73576 | AG25: 215.74877 | AH25: 214.84799 | AI25: 214.64397 | AJ25: 200.43866 | AK25: 203.41383 | AL25: 193.51191 | AM25: 189.05512 | AN25: 198.05433 | AO25: 197.52778 | AP25: 190.48939 | AQ25: 184.52578 | AR25: 197.05967 | AS25: 204.76929 | AT25: 194.53527 | AU25: 193.85463 | AV25: 205.36766 | AW25: 207.46959 | AX25: 200.76143 | AY25: 210.61238 | AZ25: 214.58862 | BA25: 208.99224 | BB25: 211.843 | BC25: 203.7939 | BD25: 192.0438 | BE25: 187.74687 | BF25: 186.68553 | BG25: 185.65036 | BH25: 183.54972 | BI25: 200.80325 | BJ25: 193.89898 | BK25: 196.11357 | BL25: 202.96094 | BM25: 210.92862 | BN25: 221.57843 | BO25: 226.5043 | BP25: 220.26496 | BQ25: 242.0414 | BR25: 245.34152 | BS25: 217.6159 | BT25: 217.85427 | BU25: 231.27682 | BV25: 232.05898 | BW25: 248.91716 | BX25: 236.30197 | BY25: 235.69875 | BZ25: 233.88633 | CA25: 235.48731 | CB25: 240.61025 | CC25: 250.14246 | CD25: 252.41929 | CE25: 260.37204 | CF25: 271.04601 | CG25: 278.99042 | CH25: 279.19647 | CI25: 278.42568 | CJ25: 289.49675 | CK25: 296.89662 | CL25: 295.6141 | CM25: 267.66425 | CN25: 255.38096 | CO25: 276.92204 | CP25: 274.39859 | CQ25: 293.69191 | CR25: 269.54787 | CS25: 233.5494 | CT25: 222.23431 | CU25: 228.90887 | CV25: 204.54216 | CW25: 200.63034 | CX25: 208.55159 | CY25: 217.95428 | CZ25: 212.16413 | DA25: 219.29299 | DB25: 229.08657 | DC25: 259.79677 | DD25: 232.09792 | DE25: 231.52537 | DF25: 235.21501 | DG25: 224.35785 | DH25: 209.33804 | DI25: 209.54978 | DJ25: 213.26335 | DK25: 237.14913 | DL25: 223.18327 | DM25: 211.00813 | DN25: 188.58406 | DO25: 191.7966 | DP25: 181.61777 | DQ25: 180.3989 | DR25: 176.39161 | DS25: 178.2052 | DT25: 185.19468 | DU25: 190.04463 | DV25: 191.68369 | DW25: 185.52534 | DX25: 189.28579 | DY25: 178.64124 | DZ25: 170.59977 | EA25: 166.52762 | EB25: 171.52743 | EC25: 167.71102 | ED25: 166.20962 | EE25: 167.3711 | EF25: 164.54503 | EG25: 167.70781
C26: 100 | D26: 0.70578593 | E26: 1.9306433 | F26: 3.6591219 | G26: 7.9341868 | H26: 14.052264 | I26: 22.957553 | J26: 36.454002 | K26: 62.738178 | L26: 107 | M26: 176.28412 | N26: 336.85647 | O26: 570.15654 | P26: 632.72374 | Q26: 641.89254 | R26: 597.06025 | S26: 572.56605 | T26: 530.53165 | U26: 508.96169 | V26: 533.00923 | W26: 532.53531 | X26: 514.82289 | Y26: 525.69756 | Z26: 519.01805 | AA26: 556.94921 | AB26: 465.78705 | AC26: 454.01628 | AD26: 464.9816 | AE26: 482.59822 | AF26: 467.55121 | AG26: 548.74991 | AH26: 538.76511 | AI26: 528.22435 | AJ26: 502.85989 | AK26: 487.74377 | AL26: 445.88108 | AM26: 418.52165 | AN26: 485.06229 | AO26: 498.51546 | AP26: 488.10601 | AQ26: 450.35907 | AR26: 503.02511 | AS26: 518.02156 | AT26: 493.36484 | AU26: 487.46762 | AV26: 481.45553 | AW26: 496.39524 | AX26: 455.99954 | AY26: 460.60348 | AZ26: 481.86491 | BA26: 484.87199 | BB26: 513.52335 | BC26: 483.09902 | BD26: 474.60572 | BE26: 438.08171 | BF26: 426.37875 | BG26: 442.45111 | BH26: 463.13597 | BI26: 538.82776 | BJ26: 516.67454 | BK26: 545.21874 | BL26: 567.52069 | BM26: 615.43738 | BN26: 631.0118 | BO26: 639.46847 | BP26: 629.95246 | BQ26: 679.95801 | BR26: 682.73099 | BS26: 607.74738 | BT26: 603.94268 | BU26: 636.87633 | BV26: 634.02179 | BW26: 692.95706 | BX26: 591.39993 | BY26: 596.92583 | BZ26: 574.14798 | CA26: 591.91151 | CB26: 581.23337 | CC26: 627.49387 | CD26: 662.54567 | CE26: 667.8204 | CF26: 703.2844 | CG26: 705.2815 | CH26: 709.7776 | CI26: 716.9975 | CJ26: 754.35124 | CK26: 770.34989 | CL26: 716.68769 | CM26: 691.42216 | CN26: 734.83796 | CO26: 813.72296 | CP26: 844.11641 | CQ26: 973.81867 | CR26: 850.23405 | CS26: 598.16432 | CT26: 581.65922 | CU26: 580.8044 | CV26: 537.93743 | CW26: 518.22467 | CX26: 551.39738 | CY26: 567.79101 | CZ26: 554.74857 | DA26: 570.81624 | DB26: 583.81395 | DC26: 651.8801 | DD26: 577.21547 | DE26: 571.07657 | DF26: 582.20667 | DG26: 564.29778 | DH26: 536.70434 | DI26: 522.61464 | DJ26: 577.39217 | DK26: 642.37785 | DL26: 578.98133 | DM26: 546.86821 | DN26: 497.48675 | DO26: 495.57135 | DP26: 470.82766 | DQ26: 459.89279 | DR26: 429.16745 | DS26: 426.12382 | DT26: 454.89531 | DU26: 464.10009 | DV26: 467.76728 | DW26: 464.17746 | DX26: 500.04807 | DY26: 473.41547 | DZ26: 471.74987 | EA26: 475.8642 | EB26: 485.01593 | EC26: 499.70016 | ED26: 477.45971 | EE26: 482.88274 | EF26: 467.97831 | EG26: 477.47723
C27: 192 | D27: 0.89798478 | E27: 2.6924053 | F27: 5.4021504 | G27: 13.067713 | H27: 23.841199 | I27: 41.136688 | J27: 69.581322 | K27: 128.75578 | L27: 248.04469 | M27: 448.01696 | N27: 972.76677 | O27: 1844.5484 | P27: 2061.457 | Q27: 2107.5175 | R27: 1866.0254 | S27: 1758.6144 | T27: 1263.0499 | U27: 1306.5065 | V27: 1333.7557 | W27: 1410.5498 | X27: 1462.1735 | Y27: 1587.2568 | Z27: 1594.7901 | AA27: 1712.9219 | AB27: 1500.5567 | AC27: 1455.7525 | AD27: 1480.8403 | AE27: 1605.5403 | AF27: 1498.5161 | AG27: 1818.0135 | AH27: 1753.3812 | AI27: 1703.9949 | AJ27: 1631.8409 | AK27: 1550.1431 | AL27: 1465.7861 | AM27: 1327.0634 | AN27: 1593.6099 | AO27: 1549.0748 | AP27: 1309.447 | AQ27: 1177.9545 | AR27: 1464.562 | AS27: 1476.1449 | AT27: 1433.3504 | AU27: 1447.5988 | AV27: 1468.4727 | AW27: 1460.8886 | AX27: 1353.5696 | AY27: 1309.3101 | AZ27: 1324.4113 | BA27: 1304.5889 | BB27: 1293.9787 | BC27: 1102.0841 | BD27: 1084.011 | BE27: 1136.2366 | BF27: 1120.1887 | BG27: 1206.1882 | BH27: 1348.3926 | BI27: 1486.416 | BJ27: 1398.1232 | BK27: 1538.8722 | BL27: 1648.7029 | BM27: 1826.2195 | BN27: 1910.6354 | BO27: 1998.901 | BP27: 1912.1689 | BQ27: 2257.1419 | BR27: 2222.7941 | BS27: 1864.5404 | BT27: 1727.6301 | BU27: 1942.3943 | BV27: 1893.6228 | BW27: 2095.2952 | BX27: 1781.5665 | BY27: 1814.1373 | BZ27: 1747.7519 | CA27: 1786.1257 | CB27: 1686.5822 | CC27: 1669.7596 | CD27: 1871.4468 | CE27: 1749.0984 | CF27: 1747.7746 | CG27: 1783.9425 | CH27: 1750.1579 | CI27: 1790.5389 | CJ27: 1910.0938 | CK27: 1888.5172 | CL27: 1776.6549 | CM27: 1478.3903 | CN27: 1567.785 | CO27: 1827.0498 | CP27: 2119.5586 | CQ27: 2556.751 | CR27: 1792.4195 | CS27: 1451.5283 | CT27: 1541.8133 | CU27: 1260.3376 | CV27: 1185.0744 | CW27: 1083.6151 | CX27: 1076.2446 | CY27: 1086.7963 | CZ27: 968.1734 | DA27: 1074.2816 | DB27: 1015.9173 | DC27: 1054.5332 | DD27: 948.13768 | DE27: 957.65805 | DF27: 1014.7016 | DG27: 963.9374 | DH27: 975.51157 | DI27: 939.03061 | DJ27: 999.541 | DK27: 1172.09 | DL27: 1205.4064 | DM27: 1150.9344 | DN27: 930.83421 | DO27: 858.38739 | DP27: 811.18943 | DQ27: 755.07285 | DR27: 750.35552 | DS27: 772.18297 | DT27: 820.41734 | DU27: 865.87687 | DV27: 896.08756 | DW27: 861.64536 | DX27: 903.78139 | DY27: 909.09039 | DZ27: 926.1321 | EA27: 970.3125 | EB27: 1014.1338 | EC27: 1012.4317 | ED27: 1026.5112 | EE27: 1104.4456 | EF27: 1131.9354 | EG27: 1222.8309
C28: 964 | D28: 1.2743168 | E28: 4.7959822 | F28: 11.101117 | G28: 32.80933 | H28: 60.481366 | I28: 110.07797 | J28: 198.72982 | K28: 396.5106 | L28: 1354.3457 | M28: 3043.302 | N28: 8936.6126 | O28: 25916.643 | P28: 31630.544 | Q28: 31239.801 | R28: 31138.503 | S28: 23701.265 | T28: 25302.293 | U28: 25962.467 | V28: 26418.808 | W28: 33695.05 | X28: 40808.48 | Y28: 47370.555 | Z28: 44877.376 | AA28: 41177.004 | AB28: 33555.192 | AC28: 37646.829 | AD28: 39405.12 | AE28: 21210.83 | AF28: 17113.939 | AG28: 25592.498 | AH28: 29416.935 | AI28: 32835.212 | AJ28: 20225.708 | AK28: 18575.269 | AL28: 18653.023 | AM28: 15667.021 | AN28: 16374.007 | AO28: 18964.157 | AP28: 20373.12 | AQ28: 21409.712 | AR28: 32548.578 | AS28: 36952.862 | AT28: 31657.344 | AU28: 30792.459 | AV28: 28492.003 | AW28: 33125.272 | AX28: 24785.961 | AY28: 27310.933 | AZ28: 30285.372 | BA28: 29407.063 | BB28: 28465.582 | BC28: 17976.76 | BD28: 19015.632 | BE28: 15905.229 | BF28: 15725.232 | BG28: 18166.15 | BH28: 15970.472 | BI28: 21681.437 | BJ28: 17752.882 | BK28: 20758.337 | BL28: 23959.881 | BM28: 28677.993 | BN28: 39326.078 | BO28: 52839.933 | BP28: 41002.612 | BQ28: 49932.347 | BR28: 55838.956 | BS28: 44249.152 | BT28: 47676.683 | BU28: 47107.506 | BV28: 68541.136 | BW28: 66631.275 | BX28: 53209.55 | BY28: 50067.577 | BZ28: 58151.905 | CA28: 48813.071 | CB28: 38011.853 | CC28: 36507.639 | CD28: 44992.239 | CE28: 49407.272 | CF28: 52960.008 | CG28: 47190.849 | CH28: 64399.775 | CI28: 80671.08 | CJ28: 90378.503 | CK28: 87039.046 | CL28: 99166.89 | CM28: 49727.158 | CN28: 45103.632 | CO28: 42466.896 | CP28: 53137.008 | CQ28: 65110.055 | CR28: 55000.855 | CS28: 55983.178 | CT28: 61626.049 | CU28: 46068.578 | CV28: 35860.536 | CW28: 31856.542 | CX28: 29117.393 | CY28: 30190.269 | CZ28: 28244.254 | DA28: 38332.992 | DB28: 35526.975 | DC28: 26653.576 | DD28: 17578.166 | DE28: 20077.397 | DF28: 17387.625 | DG28: 18066.099 | DH28: 16599.125 | DI28: 15922.244 | DJ28: 21911.757 | DK28: 25072.376 | DL28: 23044.82 | DM28: 26056.448 | DN28: 23552.726 | DO28: 21184.924 | DP28: 20925.408 | DQ28: 20197.155 | DR28: 21903.105 | DS28: 25838.46 | DT28: 29217.358 | DU28: 29132.082 | DV28: 31069.621 | DW28: 28896.461 | DX28: 20076.387 | DY28: 19332.257 | DZ28: 17029.384 | EA28: 13812.009 | EB28: 14800.933 | EC28: 14801.537 | ED28: 17678.577 | EE28: 22059.829 | EF28: 22435.272 | EG28: 22832.035
C29: 大盤 | D29: -0.017446771 | E29: 0.0028931233 | F29: 0.026944636 | G29: 0.020210365 | H29: 0.052699097 | I29: 0.088857766 | J29: 0.079869319 | K29: 0.093738646 | L29: 0.037937714 | M29: 0.038844813 | N29: 0.063142952 | O29: 0.076952086 | P29: 0.083257197 | Q29: 0.11295275 | R29: 0.10882043 | S29: 0.13551707 | T29: 0.12167509 | U29: 0.077088976 | V29: -0.0017059521 | W29: -0.059866793 | X29: -0.05914026 | Y29: -0.017185893 | Z29: -0.04440953 | AA29: -0.042407562 | AB29: -0.064815753 | AC29: -0.034768871 | AD29: 0.0027817794 | AE29: -0.040202845 | AF29: -0.02230532 | AG29: -0.007415257 | AH29: 0.028334274 | AI29: 0.037953942 | AJ29: 0.049110132 | AK29: 0.063123887 | AL29: 0.057454516 | AM29: 0.058917119 | AN29: 0.080938284 | AO29: 0.11500697 | AP29: 0.12196653 | AQ29: 0.12886131 | AR29: 0.1479914 | AS29: 0.18780699 | AT29: 0.19148751 | AU29: 0.20945675 | AV29: 0.18617325 | AW29: 0.23209181 | AX29: 0.20516204 | AY29: 0.21453133 | AZ29: 0.26602411 | BA29: 0.23271632 | BB29: 0.24451557 | BC29: 0.21433639 | BD29: 0.23882151 | BE29: 0.23447944 | BF29: 0.25935659 | BG29: 0.2600887 | BH29: 0.25351141 | BI29: 0.10826484 | BJ29: 0.1179347 | BK29: 0.099625989 | BL29: 0.1225426 | BM29: 0.17302994 | BN29: 0.20112905 | BO29: 0.23745012 | BP29: 0.18334151 | BQ29: 0.20924423 | BR29: 0.2196769 | BS29: 0.1962677 | BT29: 0.2198762 | BU29: 0.27805738 | BV29: 0.2926973 | BW29: 0.34857882 | BX29: 0.29093054 | BY29: 0.2679374 | BZ29: 0.076284733 | CA29: 0.20998513 | CB29: 0.20447092 | CC29: 0.27699361 | CD29: 0.38680489 | CE29: 0.37874966 | CF29: 0.37042015 | CG29: 0.37378087 | CH29: 0.49692144 | CI29: 0.60319198 | CJ29: 0.64675174 | CK29: 0.73315421 | CL29: 0.78424874 | CM29: 0.90348131 | CN29: 0.84871391 | CO29: 0.92166881 | CP29: 0.86588068 | CQ29: 0.89197294 | CR29: 0.83090579 | CS29: 0.83658815 | CT29: 0.88358985 | CU29: 0.96720595 | CV29: 0.90752297 | CW29: 0.90512335 | CX29: 0.9095744 | CY29: 0.78685724 | CZ29: 0.80992517 | DA29: 0.58282102 | DB29: 0.60132527 | DC29: 0.61147422 | DD29: 0.42243967 | DE29: 0.37121637 | DF29: 0.56169383 | DG29: 0.48182333 | DH29: 0.59552578 | DI29: 0.62027044 | DJ29: 0.65789923 | DK29: 0.62743886 | DL29: 0.72866395 | DM29: 0.76340716 | DN29: 0.78721129 | DO29: 0.73314419 | DP29: 0.70364117 | DQ29: 0.66652134 | DR29: 0.80941825 | DS29: 0.86027511 | DT29: 0.8559906 | DU29: 0.96451259 | DV29: 1.0974294 | DW29: 1.1079602 | DX29: 1.186832 | DY29: 1.3707686 | DZ29: 1.2834475 | EA29: 1.2905073 | EB29: 1.2860233 | EC29: 1.3465094 | ED29: 1.2884274 | EE29: 1.3664982 | EF29: 1.4163413 | EG29: 1.3673442

Sheet 預測XGBoost夏普比率
A12: 投資組合 | C12: 公司數 | D12: 964
A13: 等分 | B13: 家數 | C13: 2014/01 | D13: 2014/02 | E13: 2014/03 | F13: 2014/04 | G13: 2014/05 | H13: 2014/06 | I13: 2014/07 | J13: 2014/08 | K13: 2014/09 | L13: 2014/10 | M13: 2014/11 | N13: 2014/12 | O13: 2015/01 | P13: 2015/02 | Q13: 2015/03 | R13: 2015/04 | S13: 2015/05 | T13: 2015/06 | U13: 2015/07 | V13: 2015/08 | W13: 2015/09 | X13: 2015/10 | Y13: 2015/11 | Z13: 2015/12 | AA13: 2016/01 | AB13: 2016/02 | AC13: 2016/03 | AD13: 2016/04 | AE13: 2016/05 | AF13: 2016/06 | AG13: 2016/07 | AH13: 2016/08 | AI13: 2016/09 | AJ13: 2016/10 | AK13: 2016/11 | AL13: 2016/12 | AM13: 2017/01 | AN13: 2017/02 | AO13: 2017/03 | AP13: 2017/04 | AQ13: 2017/05 | AR13: 2017/06 | AS13: 2017/07 | AT13: 2017/08 | AU13: 2017/09 | AV13: 2017/10 | AW13: 2017/11 | AX13: 2017/12 | AY13: 2018/01 | AZ13: 2018/02 | BA13: 2018/03 | BB13: 2018/04 | BC13: 2018/05 | BD13: 2018/06 | BE13: 2018/07 | BF13: 2018/08 | BG13: 2018/09 | BH13: 2018/10 | BI13: 2018/11 | BJ13: 2018/12 | BK13: 2019/01 | BL13: 2019/02 | BM13: 2019/03 | BN13: 2019/04 | BO13: 2019/05 | BP13: 2019/06 | BQ13: 2019/07 | BR13: 2019/08 | BS13: 2019/09 | BT13: 2019/10 | BU13: 2019/11 | BV13: 2019/12 | BW13: 2020/01 | BX13: 2020/02 | BY13: 2020/03 | BZ13: 2020/04 | CA13: 2020/05 | CB13: 2020/06 | CC13: 2020/07 | CD13: 2020/08 | CE13: 2020/09 | CF13: 2020/10 | CG13: 2020/11 | CH13: 2020/12 | CI13: 2021/01 | CJ13: 2021/02 | CK13: 2021/03 | CL13: 2021/04 | CM13: 2021/05 | CN13: 2021/06 | CO13: 2021/07 | CP13: 2021/08 | CQ13: 2021/09 | CR13: 2021/10 | CS13: 2021/11 | CT13: 2021/12 | CU13: 2022/01 | CV13: 2022/02 | CW13: 2022/03 | CX13: 2022/04 | CY13: 2022/05 | CZ13: 2022/06 | DA13: 2022/07 | DB13: 2022/08 | DC13: 2022/09 | DD13: 2022/10 | DE13: 2022/11 | DF13: 2022/12 | DG13: 2023/01 | DH13: 2023/02 | DI13: 2023/03 | DJ13: 2023/04 | DK13: 2023/05 | DL13: 2023/06 | DM13: 2023/07 | DN13: 2023/08 | DO13: 2023/09 | DP13: 2023/10 | DQ13: 2023/11 | DR13: 2023/12 | DS13: 2024/01 | DT13: 2024/02 | DU13: 2024/03 | DV13: 2024/04 | DW13: 2024/05 | DX13: 2024/06 | DY13: 2024/07 | DZ13: 2024/08 | EA13: 2024/09 | EB13: 2024/10 | EC13: 2024/11 | ED13: 2024/12 | EE13: 2025/01 | EF13: 2025/02 | EG13: 平均值 | EH13: 標準差 | EI13: 夏普比率
A14: 10 | B14: 96 | C14: 0.29562127 | D14: 0.29579885 | E14: 0.31223014 | F14: 0.31619112 | G14: 0.28955698 | H14: 0.30198331 | I14: 0.28076304 | J14: 0.30811007 | K14: 0.25551553 | L14: 0.28512252 | M14: 0.29293717 | N14: 0.26978649 | O14: 0.033855419 | P14: 0.009187813 | Q14: 0.0036922926 | R14: 0.018857347 | S14: -0.010400127 | T14: 0.039154164 | U14: 0.034050841 | V14: 0.012774886 | W14: -0.015833487 | X14: 0.018526807 | Y14: -0.0081941143 | Z14: 0.016844199 | AA14: -0.034925567 | AB14: 0.011733349 | AC14: 0.0024528133 | AD14: 0.014606485 | AE14: -0.047310557 | AF14: 0.037226253 | AG14: -0.010645152 | AH14: -0.00083143259 | AI14: -0.008833542 | AJ14: 0.014792736 | AK14: 0.0035002465 | AL14: -0.028172463 | AM14: 0.01018642 | AN14: -0.028398857 | AO14: -0.035094545 | AP14: -0.00011593659 | AQ14: 0.0068169447 | AR14: -0.0076047465 | AS14: -0.010693768 | AT14: -0.025356079 | AU14: 0.0087458125 | AV14: -0.0018328601 | AW14: -7.4897106e-05 | AX14: 0.0037427824 | AY14: 0.0069931348 | AZ14: -0.0043569513 | BA14: -0.0073738228 | BB14: -0.0033325844 | BC14: 0.0049337918 | BD14: -0.0070471841 | BE14: -0.019972054 | BF14: 0.0062837621 | BG14: 0.0035711131 | BH14: 0.083666686 | BI14: -0.079114243 | BJ14: -0.0082203428 | BK14: 0.01598367 | BL14: 0.0084824333 | BM14: 0.0094280581 | BN14: 0.023430297 | BO14: -0.0072456026 | BP14: 0.027158397 | BQ14: 0.028064502 | BR14: -0.056652371 | BS14: 0.014129938 | BT14: -0.041094473 | BU14: 0.013669865 | BV14: -0.0058086607 | BW14: -0.012734028 | BX14: 0.034835509 | BY14: 0.0057107008 | BZ14: -0.017428342 | CA14: 0.01137036 | CB14: 0.0051536318 | CC14: -0.019729777 | CD14: -0.021597667 | CE14: -0.0034906997 | CF14: -0.037333152 | CG14: 0.034151714 | CH14: 0.0078461011 | CI14: 0.0110822 | CJ14: -0.0051528175 | CK14: -0.015642306 | CL14: -0.081055991 | CM14: -0.0082143853 | CN14: 0.058968745 | CO14: -9.5717325e-05 | CP14: 0.0418224 | CQ14: -0.040079893 | CR14: -0.022438533 | CS14: 0.015178593 | CT14: 0.010719656 | CU14: -0.01002698 | CV14: -0.010830328 | CW14: 0.021778987 | CX14: 0.013771878 | CY14: 0.0019081475 | CZ14: 0.049818835 | DA14: -0.0029251034 | DB14: 0.010544306 | DC14: 0.035590313 | DD14: 1.4532099e-05 | DE14: -0.043065205 | DF14: -0.0055114635 | DG14: -0.032901993 | DH14: -0.0047876524 | DI14: -0.01776744 | DJ14: 0.019733787 | DK14: -0.019272709 | DL14: -0.026820375 | DM14: -0.017381543 | DN14: -0.017102502 | DO14: -0.020508085 | DP14: -0.00065093147 | DQ14: -0.0057251368 | DR14: 0.014115493 | DS14: -0.0030979458 | DT14: -0.0050880895 | DU14: 0.0061003211 | DV14: -0.0076564706 | DW14: -0.00083006673 | DX14: 0.0058533417 | DY14: -0.018883661 | DZ14: -0.030241386 | EA14: 0.010256941 | EB14: 0.01249673 | EC14: 0.001486557 | ED14: 0.018010473 | EE14: -0.0012909397 | EF14: 0.014839088 | EG14: =AVERAGE(C14:EF14) -> 0.02553301 | EH14: =STDEV(C14:EF14) -> 0.087098033 | EI14: =EG14/EH14 -> 0.29315254
A15: 20 | B15: 48 | C15: 0.39331188 | D15: 0.3963549 | E15: 0.40431638 | F15: 0.45011884 | G15: 0.39396995 | H15: 0.39233842 | I15: 0.3767573 | J15: 0.42101089 | K15: 0.35518562 | L15: 0.3800904 | M15: 0.41971579 | N15: 0.37367531 | O15: 0.035515573 | P15: 0.010628823 | Q15: 0.016712992 | R15: 0.028785564 | S15: -0.030482854 | T15: 0.05345274 | U15: 0.022228388 | V15: 0.022568189 | W15: -0.014286003 | X15: 0.015769134 | Y15: -0.0018116477 | Z15: 0.035660659 | AA15: -0.052138646 | AB15: -0.0032576149 | AC15: -0.0044018582 | AD15: 0.023871033 | AE15: -0.045846849 | AF15: 0.065917249 | AG15: -0.0087411736 | AH15: 0.019819459 | AI15: -0.024804935 | AJ15: 0.014472795 | AK15: -0.014342491 | AL15: -0.023471247 | AM15: 0.034264019 | AN15: -0.018339292 | AO15: -0.011837745 | AP15: -0.0043498668 | AQ15: 0.019236499 | AR15: 0.0036919017 | AS15: -0.03213816 | AT15: -0.018727579 | AU15: 0.022220706 | AV15: 0.0066898372 | AW15: -0.020913992 | AX15: 0.0011904461 | AY15: 0.034040481 | AZ15: -0.022274403 | BA15: -0.0086804536 | BB15: -0.037682455 | BC15: -0.0016860244 | BD15: 0.0063971764 | BE15: -0.014666555 | BF15: -0.0075911485 | BG15: 0.008388645 | BH15: 0.086679819 | BI15: -0.093452031 | BJ15: -0.034383243 | BK15: 0.020952221 | BL15: 0.01749842 | BM15: 0.020059702 | BN15: 0.018618995 | BO15: -0.005660455 | BP15: 0.041028759 | BQ15: 0.011708171 | BR15: -0.074094909 | BS15: 0.0025179209 | BT15: -0.01771527 | BU15: 0.015907117 | BV15: 0.044142405 | BW15: -0.024125627 | BX15: 0.023708027 | BY15: 0.029153996 | BZ15: -0.020891445 | CA15: 0.028493747 | CB15: 0.025005095 | CC15: -0.029212612 | CD15: -0.028901628 | CE15: 0.018406167 | CF15: 0.0047397015 | CG15: 0.041020337 | CH15: 0.017138792 | CI15: 0.007406634 | CJ15: 0.01321239 | CK15: 0.013444767 | CL15: -0.10334166 | CM15: -0.032208208 | CN15: 0.10292046 | CO15: -0.011370086 | CP15: 0.049128216 | CQ15: -0.06354266 | CR15: -0.05326357 | CS15: -0.021820504 | CT15: 0.011875474 | CU15: -0.011974086 | CV15: -0.03097481 | CW15: 0.02077505 | CX15: 0.0034736558 | CY15: -0.018205109 | CZ15: 0.049122761 | DA15: 0.014664731 | DB15: 0.029569403 | DC15: 0.0035454961 | DD15: 0.0073567451 | DE15: -0.026688068 | DF15: -0.029168816 | DG15: -0.066597429 | DH15: -0.016940775 | DI15: 0.039659984 | DJ15: 0.038611334 | DK15: -0.030272381 | DL15: -0.043054104 | DM15: -0.029771114 | DN15: -0.0015267608 | DO15: -0.025795463 | DP15: -0.0076374981 | DQ15: 0.00045938004 | DR15: -0.002467663 | DS15: 0.019207434 | DT15: 0.0056904499 | DU15: -0.0078709431 | DV15: -0.0062293475 | DW15: 0.0042471667 | DX15: -0.0036317916 | DY15: -0.033335434 | DZ15: -0.029467191 | EA15: 0.018653144 | EB15: 0.0053733036 | EC15: -0.012039813 | ED15: 0.019665626 | EE15: 0.0046482073 | EF15: -0.00042282991 | EG15: =AVERAGE(C15:EF15) -> 0.035353215 | EH15: =STDEV(C15:EF15) -> 0.11781146 | EI15: =EG15/EH15 -> 0.30008299
A16: 50 | B16: 19 | C16: 0.5686931 | D16: 0.58304727 | E16: 0.50875996 | F16: 0.7012067 | G16: 0.56764502 | H16: 0.51353529 | I16: 0.52459778 | J16: 0.57452631 | K16: 0.53353306 | L16: 0.52383984 | M16: 0.6622189 | N16: 0.52968663 | O16: 0.068478184 | P16: 0.019746294 | Q16: 0.024762036 | R16: -0.029131345 | S16: -0.08516785 | T16: 0.013326202 | U16: 0.027444889 | V16: -0.021051858 | W16: -0.014010518 | X16: -0.006826167 | Y16: -0.01755346 | Z16: 0.077504967 | AA16: -0.09320599 | AB16: -0.031541049 | AC16: 0.013922593 | AD16: 0.01921809 | AE16: -0.045766445 | AF16: 0.10735393 | AG16: -0.0041558719 | AH16: -0.00094518944 | AI16: -0.06587392 | AJ16: 0.014769621 | AK16: -0.048440554 | AL16: -0.022912714 | AM16: 0.047350532 | AN16: -0.0026452158 | AO16: -0.035452962 | AP16: -0.031143256 | AQ16: 0.067558758 | AR16: 0.038925731 | AS16: -0.049735401 | AT16: -0.0034809151 | AU16: 0.059085209 | AV16: 0.010185368 | AW16: -0.032178126 | AX16: 0.048824772 | AY16: 0.018790188 | AZ16: -0.025958601 | BA16: 0.013575526 | BB16: -0.037817078 | BC16: -0.057375223 | BD16: -0.022258856 | BE16: -0.005623067 | BF16: -0.0055154292 | BG16: -0.011254463 | BH16: 0.093489899 | BI16: -0.034212864 | BJ16: 0.01136275 | BK16: 0.034738169 | BL16: 0.039064744 | BM16: 0.050251896 | BN16: 0.022130917 | BO16: -0.027425149 | BP16: 0.098417959 | BQ16: 0.013578424 | BR16: -0.11254954 | BS16: 0.0010903994 | BT16: 0.061330951 | BU16: 0.003367388 | BV16: 0.072334374 | BW16: -0.05047749 | BX16: -0.0025419882 | BY16: -0.0076570666 | BZ16: 0.0068159629 | CA16: 0.021662672 | CB16: 0.039452833 | CC16: 0.0090658816 | CD16: 0.031381778 | CE16: 0.040838226 | CF16: 0.029202458 | CG16: 0.00073593443 | CH16: -0.0027508871 | CI16: 0.039620771 | CJ16: 0.025473179 | CK16: -0.0043052651 | CL16: -0.094229656 | CM16: -0.045719847 | CN16: 0.084019795 | CO16: -0.0090796999 | CP16: 0.070055971 | CQ16: -0.081929759 | CR16: -0.13305769 | CS16: -0.048241793 | CT16: 0.029899337 | CU16: -0.10598424 | CV16: -0.019031688 | CW16: 0.039286002 | CX16: 0.044870517 | CY16: -0.026444541 | CZ16: 0.033443031 | DA16: 0.044457056 | DB16: 0.1334724 | DC16: -0.10620858 | DD16: -0.0024562593 | DE16: 0.01586771 | DF16: -0.045963065 | DG16: -0.066648697 | DH16: 0.0010066448 | DI16: 0.017637508 | DJ16: 0.11147861 | DK16: -0.058643337 | DL16: -0.054308872 | DM16: -0.10576986 | DN16: 0.016945185 | DO16: -0.052795643 | DP16: -0.0066744724 | DQ16: -0.022091004 | DR16: 0.010223609 | DS16: 0.039002691 | DT16: 0.026047706 | DU16: 0.0085794605 | DV16: -0.031960903 | DW16: 0.02016054 | DX16: -0.055939831 | DY16: -0.044764042 | DZ16: -0.0237305 | EA16: 0.029844709 | EB16: -0.02212064 | EC16: -0.0088992372 | ED16: 0.0069462438 | EE16: -0.016784725 | EF16: 0.019105207 | EG16: =AVERAGE(C16:EF16) -> 0.049936193 | EH16: =STDEV(C16:EF16) -> 0.16988565 | EI16: =EG16/EH16 -> 0.29394003
A17: 100 | B17: 10 | C17: 0.70578593 | D17: 0.71806043 | E17: 0.58979494 | F17: 0.91756882 | G17: 0.68479394 | H17: 0.59162455 | I17: 0.5633484 | J17: 0.70177216 | K17: 0.69443187 | L17: 0.64151964 | M17: 0.90573452 | N17: 0.69053013 | O17: 0.10954475 | P17: 0.014468125 | Q17: -0.069735273 | R17: -0.040956074 | S17: -0.073286062 | T17: -0.040580768 | U17: 0.047155577 | V17: -0.00088747123 | W17: -0.033198217 | X17: 0.021082176 | Y17: -0.012681867 | Z17: 0.072942012 | AA17: -0.16338792 | AB17: -0.025216572 | AC17: 0.02409873 | AD17: 0.037805405 | AE17: -0.031114693 | AF17: 0.17329739 | AG17: -0.018162447 | AH17: -0.019528413 | AI17: -0.047927622 | AJ17: -0.030000638 | AK17: -0.085653644 | AL17: -0.061223065 | AM17: 0.15861072 | AN17: 0.027677887 | AO17: -0.020839103 | AP17: -0.077175384 | AQ17: 0.11668327 | AR17: 0.029753374 | AS17: -0.047506168 | AT17: -0.01192887 | AU17: -0.012308077 | AV17: 0.030966 | AW17: -0.081214489 | AX17: 0.010074262 | AY17: 0.046059946 | AZ17: 0.0062275797 | BA17: 0.058968954 | BB17: -0.059131087 | BC17: -0.017544555 | BD17: -0.076794726 | BE17: -0.02665327 | BF17: 0.037606826 | BG17: 0.046645199 | BH17: 0.16308107 | BI17: -0.041037578 | BJ17: 0.055139281 | BK17: 0.040829705 | BL17: 0.084283106 | BM17: 0.025265211 | BN17: 0.013380564 | BO17: -0.014857903 | BP17: 0.07925408 | BQ17: 0.004072175 | BR17: -0.1096683 | BS17: -0.0062500353 | BT17: 0.054440943 | BU17: -0.0044750741 | BV17: 0.092808262 | BW17: -0.14634498 | BX17: 0.0093279871 | BY17: -0.038094766 | BZ17: 0.030885133 | CA17: -0.018009665 | CB17: 0.079453545 | CC17: 0.055771096 | CD17: 0.0079493117 | CE17: 0.053024704 | CF17: 0.0028356415 | CG17: 0.0063658827 | CH17: 0.010157749 | CI17: 0.05202488 | CJ17: 0.021180411 | CK17: -0.069569201 | CL17: -0.035204077 | CM17: 0.062701347 | CN17: 0.1072043 | CO17: 0.037305258 | CP17: 0.15347266 | CQ17: -0.12677704 | CR17: -0.2961227 | CS17: -0.027546867 | CT17: -0.0014671071 | CU17: -0.073679353 | CV17: -0.036577081 | CW17: 0.063888931 | CX17: 0.029677246 | CY17: -0.022930107 | CZ17: 0.028911753 | DA17: 0.022730569 | DB17: 0.11638942 | DC17: -0.11436194 | DD17: -0.010616971 | DE17: 0.019455621 | DF17: -0.030707637 | DG17: -0.048812216 | DH17: -0.026203433 | DI17: 0.1046142 | DJ17: 0.11235574 | DK17: -0.098536991 | DL17: -0.055369241 | DM17: -0.090133817 | DN17: -0.0038424307 | DO17: -0.049829068 | DP17: -0.023175574 | DQ17: -0.066664832 | DR17: -0.0070754532 | DS17: 0.067361012 | DT17: 0.020190551 | DU17: 0.0078847446 | DV17: -0.0076580008 | DW17: 0.077111655 | DX17: -0.053153786 | DY17: -0.0035108425 | DZ17: 0.0087029879 | EA17: 0.019191483 | EB17: 0.030213474 | EC17: -0.044418709 | ED17: 0.011334349 | EE17: -0.030801745 | EF17: 0.020254495 | EG17: =AVERAGE(C17:EF17) -> 0.06357459 | EH17: =STDEV(C17:EF17) -> 0.21321096 | EI17: =EG17/EH17 -> 0.29817693
A18: 107 | B18: 9 | C18: 0.73827782 | D18: 0.74848648 | E18: 0.60288717 | F18: 0.97134857 | G18: 0.701867 | H18: 0.60640992 | I18: 0.58066627 | J18: 0.72245849 | K18: 0.71974645 | L18: 0.66351567 | M18: 0.94250078 | N18: 0.71815271 | O18: 0.096541358 | P18: 0.0067810463 | Q18: -0.088476965 | R18: -0.024058414 | S18: -0.12347104 | T18: 0.0079330935 | U18: 0.03256884 | V18: 0.013277878 | W18: -0.035768982 | X18: 0.044956629 | Y18: -0.0061081102 | Z18: 0.058014636 | AA18: -0.17131289 | AB18: -0.0089193648 | AC18: 0.019996469 | AD18: 0.047722018 | AE18: -0.032171098 | AF18: 0.18870238 | AG18: -0.012906273 | AH18: -0.011606988 | AI18: -0.047503493 | AJ18: -0.032237718 | AK18: -0.065937888 | AL18: -0.063904816 | AM18: 0.17121245 | AN18: 0.014745242 | AO18: -0.022695897 | AP18: -0.071761369 | AQ18: 0.12895768 | AR18: 0.039961838 | AS18: -0.064984088 | AT18: -0.0088140588 | AU18: -0.017882078 | AV18: 0.025993573 | AW18: -0.072537595 | AX18: 0.003101712 | AY18: 0.075021252 | AZ18: -0.015398932 | BA18: 0.010837477 | BB18: -0.079484836 | BC18: 0.0022581636 | BD18: -0.079974316 | BE18: -0.020306773 | BF18: 0.044868441 | BG18: 0.06608622 | BH18: 0.13804961 | BI18: -0.046760787 | BJ18: 0.072598638 | BK18: 0.046965088 | BL18: 0.074173114 | BM18: 0.015268058 | BN18: 0.0087436612 | BO18: -0.029603539 | BP18: 0.086689114 | BQ18: 0.0077743508 | BR18: -0.091481773 | BS18: -0.0061396828 | BT18: 0.059012779 | BU18: 0.010422955 | BV18: 0.11634363 | BW18: -0.14464117 | BX18: 0.01220687 | BY18: -0.057959567 | BZ18: 0.0208792 | CA18: -0.023746815 | CB18: 0.077410215 | CC18: 0.069763549 | CD18: -0.021611863 | CE18: -0.0087924931 | CF18: 0.0043310548 | CG18: 0.0058015312 | CH18: -0.0073778632 | CI18: 0.031852736 | CJ18: 0.027137879 | CK18: -0.042457434 | CL18: -0.074558367 | CM18: 0.097720329 | CN18: 0.085183844 | CO18: 0.04565414 | CP18: 0.16927995 | CQ18: -0.11635584 | CR18: -0.13513727 | CS18: -0.031808983 | CT18: -0.0050162431 | CU18: -0.077250392 | CV18: -0.042556163 | CW18: 0.072360085 | CX18: 0.039432633 | CY18: -0.043988666 | CZ18: 0.012520753 | DA18: 0.0081307726 | DB18: 0.1304838 | DC18: -0.099360528 | DD18: -0.0014563112 | DE18: 0.0073854979 | DF18: -0.021283346 | DG18: -0.049363147 | DH18: -0.025255068 | DI18: 0.094352085 | DJ18: 0.12949551 | DK18: -0.1180139 | DL18: -0.084843517 | DM18: -0.11810027 | DN18: -0.0056521014 | DO18: -0.04945722 | DP18: -0.01399498 | DQ18: -0.07021975 | DR18: -0.027337974 | DS18: 0.047322197 | DT18: -0.0036484706 | DU18: -0.0079667563 | DV18: 0.010855974 | DW18: 0.082175676 | DX18: -0.054797165 | DY18: 0.00080457128 | DZ18: 0.0077419073 | EA18: 0.014997464 | EB18: -0.017902482 | EC18: -0.019342095 | ED18: 0.020857561 | EE18: -0.029271984 | EF18: 0.051983527 | EG18: =AVERAGE(C18:EF18) -> 0.06587524 | EH18: =STDEV(C18:EF18) -> 0.22025778 | EI18: =EG18/EH18 -> 0.29908246
A19: 120 | B19: 8 | C19: 0.77539547 | D19: 0.77891925 | E19: 0.61873716 | F19: 0.99392066 | G19: 0.72949195 | H19: 0.63393238 | I19: 0.59856354 | J19: 0.75563695 | K19: 0.75565561 | L19: 0.68751196 | M19: 1.0030482 | N19: 0.73723945 | O19: 0.10593459 | P19: 0.0037564315 | Q19: -0.088957239 | R19: -0.032551067 | S19: -0.1713494 | T19: 0.016146217 | U19: 0.053096627 | V19: 0.013219211 | W19: -0.04756092 | X19: 0.049941201 | Y19: -0.0083184169 | Z19: 0.04753617 | AA19: -0.18092472 | AB19: -0.014900977 | AC19: 0.023447598 | AD19: 0.0426396 | AE19: -0.0098710655 | AF19: 0.16905095 | AG19: -0.040367725 | AH19: 0.0091634577 | AI19: -0.037380122 | AJ19: -0.02202459 | AK19: -0.078022998 | AL19: -0.046198397 | AM19: 0.17537508 | AN19: 0.00036767491 | AO19: -0.018434319 | AP19: -0.055217287 | AQ19: 0.13074597 | AR19: 0.035467097 | AS19: -0.031277059 | AT19: -0.0094443398 | AU19: -0.0070224684 | AV19: 0.013706422 | AW19: -0.059530197 | AX19: 0.0018194998 | AY19: 0.10024024 | AZ19: -0.018352182 | BA19: 0.0055056888 | BB19: -0.097082648 | BC19: 0.013459782 | BD19: -0.034166223 | BE19: -0.0331275 | BF19: 0.050654932 | BG19: 0.052510648 | BH19: 0.14159955 | BI19: -0.043402026 | BJ19: 0.081266046 | BK19: 0.057218961 | BL19: 0.077488342 | BM19: 0.014828702 | BN19: 0.039163432 | BO19: -0.037875739 | BP19: 0.10932636 | BQ19: 0.037061816 | BR19: -0.10495501 | BS19: -0.023301685 | BT19: 0.049060124 | BU19: 0.027544578 | BV19: 0.11651514 | BW19: -0.15895738 | BX19: 0.012615336 | BY19: -0.043176706 | BZ19: 0.0036557394 | CA19: -0.044612534 | CB19: 0.018739462 | CC19: 0.059035549 | CD19: -0.046066663 | CE19: -0.0092478857 | CF19: 0.036529416 | CG19: 0.0053694518 | CH19: 0.010461049 | CI19: 0.038984936 | CJ19: 0.010367763 | CK19: -0.038136563 | CL19: -0.082730794 | CM19: 0.10566769 | CN19: 0.10998248 | CO19: 0.073230866 | CP19: 0.16047955 | CQ19: -0.13498191 | CR19: -0.10140672 | CS19: -0.022363405 | CT19: -0.059171097 | CU19: -0.087396345 | CV19: -0.026596483 | CW19: 0.074606038 | CX19: 0.063264389 | CY19: -0.044859379 | CZ19: 0.014107505 | DA19: -0.014893849 | DB19: 0.15141241 | DC19: -0.11860967 | DD19: -0.0048420354 | DE19: 0.033841574 | DF19: -0.020409893 | DG19: -0.061429783 | DH19: -0.018883961 | DI19: 0.1021129 | DJ19: 0.13083847 | DK19: -0.098276066 | DL19: -0.10593818 | DM19: -0.13338112 | DN19: 0.0091614927 | DO19: -0.059615163 | DP19: -0.0052327895 | DQ19: -0.084455165 | DR19: -0.0050224851 | DS19: 0.031569521 | DT19: 0.0077237401 | DU19: 0.0054295704 | DV19: 0.0042263963 | DW19: 0.091952263 | DX19: -0.013938237 | DY19: 0.016347593 | DZ19: 0.00066202956 | EA19: 0.018648376 | EB19: -0.014687622 | EC19: 0.0058054595 | ED19: 0.04018614 | EE19: -0.007645259 | EF19: 0.067478446 | EG19: =AVERAGE(C19:EF19) -> 0.07036435 | EH19: =STDEV(C19:EF19) -> 0.22885302 | EI19: =EG19/EH19 -> 0.30746524
A20: 137 | B20: 7 | C20: 0.80947125 | D20: 0.8065159 | E20: 0.63963193 | F20: 1.0414337 | G20: 0.73968599 | H20: 0.65207545 | I20: 0.62490493 | J20: 0.77185517 | K20: 0.80515135 | L20: 0.73060419 | M20: 1.0612139 | N20: 0.7611882 | O20: 0.1127026 | P20: -0.0049267242 | Q20: -0.099682786 | R20: -0.065338911 | S20: -0.1896906 | T20: 0.035205464 | U20: 0.02106465 | V20: -0.0077900161 | W20: -0.00053341979 | X20: 0.046942317 | Y20: 0.01133735 | Z20: 0.067055957 | AA20: -0.14720008 | AB20: -0.02027658 | AC20: 0.015671661 | AD20: 0.043879702 | AE20: -0.015940903 | AF20: 0.19976679 | AG20: -0.064698395 | AH20: 0.020615554 | AI20: -0.05490214 | AJ20: -0.0097395299 | AK20: -0.088275992 | AL20: -0.022146701 | AM20: 0.21669139 | AN20: 0.013075886 | AO20: -0.022320486 | AP20: -0.053549332 | AQ20: 0.18243071 | AR20: 0.016382652 | AS20: -0.077212012 | AT20: -0.00304897 | AU20: -0.0073761624 | AV20: -0.00036281826 | AW20: -0.05744145 | AX20: -0.0051604282 | AY20: 0.09142383 | AZ20: -0.041269185 | BA20: 0.011334949 | BB20: -0.13234267 | BC20: -0.007948008 | BD20: 0.0011628948 | BE20: -0.023242404 | BF20: 0.072855184 | BG20: 0.069370031 | BH20: 0.16010374 | BI20: -0.061305254 | BJ20: 0.088339952 | BK20: 0.046174065 | BL20: 0.083537379 | BM20: 0.04054359 | BN20: 0.03116447 | BO20: -0.040855668 | BP20: 0.13361783 | BQ20: 0.045470403 | BR20: -0.10326149 | BS20: -0.041540018 | BT20: 0.085286708 | BU20: 0.041687941 | BV20: 0.13781727 | BW20: -0.14652591 | BX20: 0.03052463 | BY20: -0.059704276 | BZ20: 0.00067561337 | CA20: -0.059561569 | CB20: 0.00039704267 | CC20: 0.04555689 | CD20: -0.056154178 | CE20: -0.015070662 | CF20: 0.055791711 | CG20: -0.019650045 | CH20: 0.013745448 | CI20: 0.045865635 | CJ20: 0.006426607 | CK20: -0.058303085 | CL20: -0.11829381 | CM20: 0.091881074 | CN20: 0.10824838 | CO20: 0.082399695 | CP20: 0.18631143 | CQ20: -0.13656789 | CR20: -0.12156873 | CS20: -0.0042068597 | CT20: -0.073692119 | CU20: -0.092843794 | CV20: -0.03342502 | CW20: 0.038854033 | CX20: 0.050298119 | CY20: -0.060497961 | CZ20: 0.049441166 | DA20: -0.014641192 | DB20: 0.14544065 | DC20: -0.12354416 | DD20: -0.0033944578 | DE20: 0.06205403 | DF20: -0.021973056 | DG20: -0.063698565 | DH20: -0.0066318002 | DI20: 0.093933971 | DJ20: 0.13447216 | DK20: -0.071929498 | DL20: -0.092496214 | DM20: -0.12095349 | DN20: -0.00742413 | DO20: -0.043407539 | DP20: -0.033456321 | DQ20: -0.080702746 | DR20: -0.013302893 | DS20: 0.044926075 | DT20: 0.0074398147 | DU20: 0.019058526 | DV20: -0.0094277442 | DW20: 0.1129153 | DX20: -0.00053349995 | DY20: -0.0097610512 | DZ20: 0.011349583 | EA20: 0.028383412 | EB20: -0.024334567 | EC20: 0.007403275 | ED20: 0.042521222 | EE20: 0.017521793 | EF20: 0.073131627 | EG20: =AVERAGE(C20:EF20) -> 0.074077283 | EH20: =STDEV(C20:EF20) -> 0.23933017 | EI20: =EG20/EH20 -> 0.3095192
A21: 160 | B21: 6 | C21: 0.85469134 | D21: 0.85981288 | E21: 0.6873719 | F21: 1.1154683 | G21: 0.77643468 | H21: 0.67959728 | I21: 0.64356871 | J21: 0.81274475 | K21: 0.85778848 | L21: 0.79248943 | M21: 1.09624 | N21: 0.81746856 | O21: 0.10751491 | P21: 0.002416152 | Q21: -0.11996297 | R21: -0.059781639 | S21: -0.22684984 | T21: 0.020541228 | U21: 0.035269752 | V21: 0.0067159003 | W21: 0.0067172766 | X21: 0.06911173 | Y21: 0.012489569 | Z21: 0.05430593 | AA21: -0.14128544 | AB21: -0.039711825 | AC21: 0.010093584 | AD21: 0.035454153 | AE21: -0.03611675 | AF21: 0.2361471 | AG21: -0.080159601 | AH21: -0.026356627 | AI21: -0.067899571 | AJ21: -0.039168091 | AK21: -0.06206835 | AL21: -0.027223271 | AM21: 0.23868806 | AN21: -0.0054080998 | AO21: -0.11776746 | AP21: -0.066059762 | AQ21: 0.17130346 | AR21: 0.0022443487 | AS21: -0.074415862 | AT21: 0.0039788265 | AU21: 0.031220398 | AV21: -0.005402059 | AW21: -0.048842219 | AX21: -0.032290107 | AY21: 0.067282605 | AZ21: 0.0033305684 | BA21: 0.0002346842 | BB21: -0.1599895 | BC21: -0.0093052995 | BD21: 0.0011950178 | BE21: -0.016292177 | BF21: 0.078578164 | BG21: 0.11567804 | BH21: 0.15920196 | BI21: -0.044007661 | BJ21: 0.089101388 | BK21: 0.066495044 | BL21: 0.099251071 | BM21: 0.032630456 | BN21: 0.090428702 | BO21: -0.075999662 | BP21: 0.15026246 | BQ21: 0.048842509 | BR21: -0.13231543 | BS21: -0.058352729 | BT21: 0.12712836 | BU21: 0.041646779 | BV21: 0.082898608 | BW21: -0.16629998 | BX21: 0.023915355 | BY21: -0.028272016 | BZ21: -0.026436234 | CA21: -0.062796324 | CB21: 0.023837369 | CC21: 0.10059654 | CD21: -0.070589742 | CE21: -0.0088644778 | CF21: 0.048118144 | CG21: -0.02338854 | CH21: 0.011450904 | CI21: 0.039617158 | CJ21: 0.0036200769 | CK21: -0.048523425 | CL21: -0.15378371 | CM21: 0.094026482 | CN21: 0.14956703 | CO21: 0.11250238 | CP21: 0.19805058 | CQ21: -0.22126467 | CR21: -0.15460024 | CS21: 0.043625928 | CT21: -0.10187328 | CU21: -0.073702181 | CV21: -0.058264071 | CW21: 0.027151189 | CX21: 0.049242249 | CY21: -0.081119542 | CZ21: 0.081906295 | DA21: -0.018696524 | DB21: 0.17202789 | DC21: -0.13663152 | DD21: 0.0095778362 | DE21: 0.073760657 | DF21: -0.080758624 | DG21: -0.030551426 | DH21: -0.012274414 | DI21: 0.078957519 | DJ21: 0.14827264 | DK21: -0.010990861 | DL21: -0.05801686 | DM21: -0.17279747 | DN21: -0.038329244 | DO21: -0.053508604 | DP21: -0.053008721 | DQ21: -0.078585762 | DR21: 0.023387955 | DS21: 0.057552841 | DT21: 0.054627215 | DU21: 0.015657831 | DV21: -0.024746391 | DW21: 0.12946161 | DX21: 0.0010756611 | DY21: 0.021405241 | DZ21: 0.028577987 | EA21: 0.043166641 | EB21: 0.01307606 | EC21: 0.012779656 | ED21: 0.074490617 | EE21: 0.025631187 | EF21: 0.1012339 | EG21: =AVERAGE(C21:EF21) -> 0.078823261 | EH21: =STDEV(C21:EF21) -> 0.25531935 | EI21: =EG21/EH21 -> 0.30872419
A22: 192 | B22: 5 | C22: 0.89798478 | D22: 0.94543462 | E22: 0.73386991 | F22: 1.1973418 | G22: 0.76583068 | H22: 0.69624214 | I22: 0.67505623 | J22: 0.83838692 | K22: 0.91933407 | L22: 0.80295742 | M22: 1.1686637 | N22: 0.89526736 | O22: 0.11753073 | P22: 0.022332825 | Q22: -0.11453169 | R22: -0.057530545 | S22: -0.28163244 | T22: 0.034378816 | U22: 0.020840616 | V22: 0.057534212 | W22: 0.036572369 | X22: 0.085487622 | Y22: 0.0047431466 | Z22: 0.074027168 | AA22: -0.12390598 | AB22: -0.029838534 | AC22: 0.017221724 | AD22: 0.084152137 | AE22: -0.066617836 | AF22: 0.21306705 | AG22: -0.035531537 | AH22: -0.028150244 | AI22: -0.042319199 | AJ22: -0.050034172 | AK22: -0.054383743 | AL22: -0.094575934 | AM22: 0.20070309 | AN22: -0.027928523 | AO22: -0.15459112 | AP22: -0.10034171 | AQ22: 0.24310312 | AR22: 0.0079033538 | AS22: -0.028971081 | AT22: 0.0099337329 | AU22: 0.014409675 | AV22: -0.0051610685 | AW22: -0.073411248 | AX22: -0.032674181 | AY22: 0.011524899 | AZ22: -0.014955679 | BA22: -0.0081267139 | BB22: -0.14818363 | BC22: -0.016384162 | BD22: 0.048133687 | BE22: -0.014111308 | BF22: 0.076703928 | BG22: 0.11779801 | BH22: 0.10228555 | BI22: -0.059359816 | BJ22: 0.10059798 | BK22: 0.071324544 | BL22: 0.10760522 | BM22: 0.046199085 | BN22: 0.046172829 | BO22: -0.043368169 | BP22: 0.18031495 | BQ22: -0.015210644 | BR22: -0.16110021 | BS22: -0.07338909 | BT22: 0.12423951 | BU22: -0.025096024 | BV22: 0.10644459 | BW22: -0.14965861 | BX22: 0.018271861 | BY22: -0.036573235 | BZ22: 0.021943517 | CA22: -0.055700307 | CB22: -0.0099684615 | CC22: 0.12071584 | CD22: -0.065341472 | CE22: -0.00075636797 | CF22: 0.020681814 | CG22: -0.01892756 | CH22: 0.023059612 | CI22: 0.06673311 | CJ22: -0.011290228 | CK22: -0.05920152 | CL22: -0.1677854 | CM22: 0.060426711 | CN22: 0.1652647 | CO22: 0.16001139 | CP22: 0.20616853 | CQ22: -0.29882955 | CR22: -0.19007887 | CS22: 0.062157143 | CT22: -0.18244318 | CU22: -0.059669284 | CV22: -0.085542168 | CW22: -0.0067954546 | CX22: 0.0097950625 | CY22: -0.10904881 | CZ22: 0.10948324 | DA22: -0.054278231 | DB22: 0.037973494 | DC22: -0.10079786 | DD22: 0.010030554 | DE22: 0.05950349 | DF22: -0.049979404 | DG22: 0.01199474 | DH22: -0.037358449 | DI22: 0.064370661 | DJ22: 0.17245571 | DK22: 0.028400558 | DL22: -0.045152305 | DM22: -0.19107006 | DN22: -0.077746477 | DO22: -0.054920464 | DP22: -0.069092978 | DQ22: -0.0062392528 | DR22: 0.029050769 | DS22: 0.062384152 | DT22: 0.055342801 | DU22: 0.034850029 | DV22: -0.038393355 | DW22: 0.048845142 | DX22: 0.0058677129 | DY22: 0.0187253 | DZ22: 0.047652752 | EA22: 0.045115539 | EB22: -0.0016766847 | EC22: 0.01389284 | ED22: 0.075847776 | EE22: 0.02486761 | EF22: 0.080230117 | EG22: =AVERAGE(C22:EF22) -> 0.079671924 | EH22: =STDEV(C22:EF22) -> 0.27110829 | EI22: =EG22/EH22 -> 0.2938749
A23: 241 | B23: 4 | C23: 0.89783897 | D23: 1.0020829 | E23: 0.78060473 | F23: 1.2842884 | G23: 0.80263488 | H23: 0.72491378 | I23: 0.70115461 | J23: 0.88608966 | K23: 1.0262466 | L23: 0.86975802 | M23: 1.2562074 | N23: 0.98784076 | O23: 0.10606485 | P23: 0.030767552 | Q23: -0.19146939 | R23: -0.085418074 | S23: 0.0032310906 | T23: 0.08932482 | U23: 0.036149622 | V23: 0.013187181 | W23: 0.029262157 | X23: 0.079534654 | Y23: -0.0021091063 | Z23: 0.047424042 | AA23: -0.088434892 | AB23: -0.021286599 | AC23: 0.021961258 | AD23: 0.12761676 | AE23: -0.081830038 | AF23: 0.24783001 | AG23: -0.028486473 | AH23: -0.011587424 | AI23: -0.038013934 | AJ23: -0.018953338 | AK23: -0.037866538 | AL23: -0.10161843 | AM23: 0.23315201 | AN23: -0.0040887482 | AO23: -0.087094927 | AP23: -0.11222647 | AQ23: 0.20268033 | AR23: -0.0012455074 | AS23: -0.017496951 | AT23: 0.017084458 | AU23: 0.00694785 | AV23: -0.012762265 | AW23: -0.10772529 | AX23: -0.053576356 | AY23: 0.033665897 | AZ23: 0.01250583 | BA23: -0.027224161 | BB23: -0.098709292 | BC23: 0.025402165 | BD23: -0.021044623 | BE23: -0.061636102 | BF23: 0.087442664 | BG23: 0.1162124 | BH23: 0.049555147 | BI23: -0.059572684 | BJ23: 0.13580723 | BK23: 0.1132077 | BL23: 0.12937905 | BM23: 0.034113212 | BN23: 0.039265043 | BO23: 0.010631558 | BP23: 0.2308866 | BQ23: 0.018280308 | BR23: -0.17751187 | BS23: -0.042872973 | BT23: 0.16568483 | BU23: -0.013224713 | BV23: 0.061813873 | BW23: -0.214527 | BX23: 0.015484343 | BY23: -0.036768693 | BZ23: -0.11756671 | CA23: -0.054048985 | CB23: 0.0012747026 | CC23: 0.075534655 | CD23: -0.081232169 | CE23: 0.003806471 | CF23: 0.024796563 | CG23: 0.052759811 | CH23: 0.050615918 | CI23: 0.049728701 | CJ23: -0.028200575 | CK23: -0.065740089 | CL23: -0.2132961 | CM23: 0.035246237 | CN23: 0.097932665 | CO23: 0.17895133 | CP23: 0.1896817 | CQ23: -0.29565562 | CR23: -0.16736738 | CS23: 0.061774129 | CT23: -0.082919265 | CU23: -0.07599671 | CV23: -0.10124192 | CW23: -0.032629762 | CX23: 0.019190105 | CY23: -0.065949245 | CZ23: 0.15117999 | DA23: -0.077619403 | DB23: 0.050138627 | DC23: -0.10409825 | DD23: 0.011786541 | DE23: 0.019740148 | DF23: -0.040654908 | DG23: -0.014693612 | DH23: -0.049906333 | DI23: 0.058000689 | DJ23: 0.16072931 | DK23: 0.04966873 | DL23: -0.13239744 | DM23: -0.18287767 | DN23: -0.058299937 | DO23: -0.0649367 | DP23: -0.087197178 | DQ23: -6.7701314e-05 | DR23: 0.013294334 | DS23: 0.019041483 | DT23: 0.027505688 | DU23: 0.043993441 | DV23: -0.058315208 | DW23: 0.065352586 | DX23: 0.017664567 | DY23: -0.044315571 | DZ23: 0.061710545 | EA23: 0.055283081 | EB23: 0.0035098692 | EC23: 0.0031858253 | ED23: 0.090028621 | EE23: 0.03613519 | EF23: 0.076086493 | EG23: =AVERAGE(C23:EF23) -> 0.085768198 | EH23: =STDEV(C23:EF23) -> 0.28710095 | EI23: =EG23/EH23 -> 0.29873881
A24: 321 | B24: 3 | C24: 0.98736986 | D24: 1.0942713 | E24: 0.8274379 | F24: 1.3518268 | G24: 0.82579708 | H24: 0.69623534 | I24: 0.70311818 | J24: 0.94552338 | K24: 1.187407 | L24: 1.0024727 | M24: 1.4450191 | N24: 1.1048151 | O24: 0.09595127 | P24: 0.01985561 | Q24: -0.34936843 | R24: -0.044469134 | S24: -0.028760067 | T24: 0.1028964 | U24: -0.021715198 | V24: 0.0099829253 | W24: 0.083020961 | X24: 0.10008505 | Y24: -0.021809849 | Z24: 0.030929238 | AA24: -0.073338112 | AB24: -0.011586439 | AC24: 0.035941748 | AD24: 0.049999952 | AE24: -0.081122845 | AF24: 0.27542439 | AG24: 0.027972051 | AH24: 0.035085513 | AI24: -0.15058733 | AJ24: 0.00027868636 | AK24: -0.062743331 | AL24: -0.052143047 | AM24: 0.14555518 | AN24: 0.080952555 | AO24: -0.093240229 | AP24: -0.1664252 | AQ24: 0.40213418 | AR24: 0.04183366 | AS24: -0.051664867 | AT24: 0.032672261 | AU24: -0.048831637 | AV24: -0.0043739625 | AW24: -0.0625178 | AX24: -0.060009664 | AY24: -0.10172032 | AZ24: -0.053830869 | BA24: -0.068409471 | BB24: -0.17617855 | BC24: 0.028321575 | BD24: -0.071088478 | BE24: -0.032158539 | BF24: 0.089507661 | BG24: 0.12525192 | BH24: 0.104416 | BI24: -0.12398409 | BJ24: 0.15814023 | BK24: 0.10890123 | BL24: 0.16992546 | BM24: 0.035128318 | BN24: 0.081554336 | BO24: -0.042193027 | BP24: 0.26185376 | BQ24: 0.01724416 | BR24: -0.16405141 | BS24: -0.016397445 | BT24: 0.048788197 | BU24: -0.016244323 | BV24: 0.10840256 | BW24: -0.17169636 | BX24: -0.019924632 | BY24: 0.064456251 | BZ24: -0.04494227 | CA24: -0.059220121 | CB24: 0.01442319 | CC24: 0.041339583 | CD24: -0.073084911 | CE24: 0.059238449 | CF24: 0.0058746433 | CG24: 0.081567471 | CH24: 0.013783396 | CI24: -0.055946992 | CJ24: -0.025924478 | CK24: -0.11272485 | CL24: -0.2331544 | CM24: 0.11597264 | CN24: 0.11245635 | CO24: 0.21503388 | CP24: 0.23464913 | CQ24: -0.38945649 | CR24: -0.13974246 | CS24: 0.11124118 | CT24: -0.098268996 | CU24: -0.12483203 | CV24: -0.11862389 | CW24: -0.079751655 | CX24: 0.057301938 | CY24: -0.0918293 | CZ24: 0.13417621 | DA24: -0.059841203 | DB24: -0.08565459 | DC24: -0.15157728 | DD24: 0.083019621 | DE24: -0.059402562 | DF24: -0.018396145 | DG24: 0.017490433 | DH24: -0.022988135 | DI24: 0.1114272 | DJ24: 0.11106784 | DK24: 0.16853807 | DL24: -0.17117372 | DM24: -0.19461801 | DN24: -0.078061163 | DO24: -0.06340434 | DP24: -0.060051225 | DQ24: -0.01887133 | DR24: 0.04515224 | DS24: 0.03514798 | DT24: 0.038026243 | DU24: 0.02036838 | DV24: -0.060704285 | DW24: 0.057589342 | DX24: -0.005730256 | DY24: -0.055099335 | DZ24: 0.05825909 | EA24: 0.043144705 | EB24: -0.0098401024 | EC24: -0.00010375916 | ED24: 0.075527698 | EE24: 0.004424791 | EF24: 0.086516089 | EG24: =AVERAGE(C24:EF24) -> 0.090230671 | EH24: =STDEV(C24:EF24) -> 0.31765331 | EI24: =EG24/EH24 -> 0.28405393
A25: 482 | B25: 2 | C25: 1.1374397 | D25: 1.2261253 | E25: 0.9101068 | F25: 1.5345969 | G25: 0.85587885 | H25: 0.74148684 | I25: 0.7201831 | J25: 1.0040576 | K25: 1.5174868 | L25: 1.0896013 | M25: 1.7317846 | N25: 1.3608174 | O25: 0.059773044 | P25: 0.0079909749 | Q25: -0.38713792 | R25: -0.098737353 | S25: 0.020493301 | T25: 0.2354145 | U25: 0.011072453 | V25: 0.12534885 | W25: 0.092338815 | X25: 0.17035049 | Y25: -0.024590591 | Z25: 0.052858619 | AA25: -0.2760279 | AB25: 0.089452054 | AC25: 0.061391272 | AD25: 0.0062518696 | AE25: -0.083163666 | AF25: 0.37409482 | AG25: -0.029474732 | AH25: 0.055941234 | AI25: -0.21551305 | AJ25: 0.010058311 | AK25: -0.0588367 | AL25: -0.15757765 | AM25: -0.002580655 | AN25: 0.1441091 | AO25: 0.0017353726 | AP25: -0.087042998 | AQ25: 0.49475647 | AR25: 0.011915452 | AS25: -0.15932192 | AT25: 0.050288746 | AU25: -0.027297663 | AV25: 0.068670672 | AW25: -0.13494266 | AX25: -0.10253922 | AY25: -0.10028846 | AZ25: -0.076368791 | BA25: -0.078045734 | BB25: -0.24970327 | BC25: 0.035272674 | BD25: -0.059785319 | BE25: -0.027421759 | BF25: 0.073070062 | BG25: 0.067099557 | BH25: 0.1118505 | BI25: -0.13778559 | BJ25: 0.15789566 | BK25: 0.15593098 | BL25: 0.18641842 | BM25: 0.16868329 | BN25: 0.19314386 | BO25: -0.12313673 | BP25: 0.11428277 | BQ25: 0.098310589 | BR25: -0.16373106 | BS25: 0.079227316 | BT25: -0.063825999 | BU25: 0.14218127 | BV25: 0.28186182 | BW25: -0.26479648 | BX25: -0.014498279 | BY25: 0.087748084 | BZ25: -0.054114356 | CA25: -0.1235747 | CB25: -0.061107293 | CC25: 0.17671209 | CD25: -0.099177411 | CE25: 0.036594952 | CF25: -0.054035202 | CG25: -0.023533703 | CH25: 0.065836413 | CI25: -0.0067624178 | CJ25: -0.045575141 | CK25: -0.098702133 | CL25: -0.283613 | CM25: 0.098351883 | CN25: -0.015853708 | CO25: 0.29264999 | CP25: 0.27456697 | CQ25: -0.049218855 | CR25: -0.10272701 | CS25: 0.10033933 | CT25: -0.13084377 | CU25: -0.1683791 | CV25: -0.19013957 | CW25: -0.041641378 | CX25: 0.013850792 | CY25: -0.12081705 | CZ25: 0.19361577 | DA25: -0.093976553 | DB25: -0.1350627 | DC25: -0.12577824 | DD25: 0.18257245 | DE25: -0.0271053 | DF25: 0.022446127 | DG25: -0.047603313 | DH25: -0.090540939 | DI25: 0.11467221 | DJ25: 0.10666119 | DK25: 0.11045221 | DL25: -0.020531079 | DM25: -0.28184469 | DN25: -0.039196722 | DO25: -0.079801776 | DP25: -0.086307172 | DQ25: 0.047732242 | DR25: 0.082734453 | DS25: 0.10587729 | DT25: 0.0078580225 | DU25: 0.0797373 | DV25: -0.089230584 | DW25: 0.0016941779 | DX25: -0.025413191 | DY25: -0.081570436 | DZ25: -0.068895317 | EA25: 0.050474176 | EB25: -0.011968492 | EC25: 0.084055452 | ED25: 0.11459046 | EE25: 0.032965079 | EF25: 0.02428345 | EG25: =AVERAGE(C25:EF25) -> 0.10574148 | EH25: =STDEV(C25:EF25) -> 0.36661564 | EI25: =EG25/EH25 -> 0.288426
A26: 964 | B26: 1 | C26: 1.2743168 | D26: 1.5484498 | E26: 1.0878457 | F26: 1.7939017 | G26: 0.81847335 | H26: 0.80669328 | I26: 0.7981047 | J26: 0.9902416 | K26: 2.4095839 | L26: 1.2461443 | M26: 1.9358495 | N26: 1.8998396 | O26: 0.22046376 | P26: -0.012352938 | Q26: -0.0032425111 | R26: -0.2388361 | S26: 0.067547477 | T26: 0.026090402 | U26: 0.017576294 | V26: 0.27540859 | W26: 0.21110575 | X26: 0.1607978 | Y26: -0.052630286 | Z26: -0.082453345 | AA26: -0.18509425 | AB26: 0.12193388 | AC26: 0.046703654 | AD26: -0.46171231 | AE26: -0.19314179 | AF26: 0.49538941 | AG26: 0.14943001 | AH26: 0.11619705 | AI26: -0.38401214 | AJ26: -0.081596995 | AK26: 0.0041856518 | AL26: -0.16007283 | AM26: 0.04512287 | AN26: 0.158177 | AO26: 0.074292187 | AP26: 0.050877885 | AQ26: 0.52024738 | AR26: 0.13531 | AS26: -0.14330079 | AT26: -0.027319332 | AU26: -0.074705995 | AV26: 0.16261077 | AW26: -0.25174311 | AX26: 0.10186693 | AY26: 0.10890619 | AZ26: -0.029000145 | BA26: -0.032014375 | BB26: -0.36846089 | BC26: 0.057786489 | BD26: -0.16356221 | BE26: -0.011316128 | BF26: 0.1552131 | BG26: -0.12085976 | BH26: 0.35757282 | BI26: -0.18118602 | BJ26: 0.16928438 | BK26: 0.15422186 | BL26: 0.19690897 | BM26: 0.37128517 | BN26: 0.34362723 | BO26: -0.22401801 | BP26: 0.21777922 | BQ26: 0.11828987 | BR26: -0.20755395 | BS26: 0.077458059 | BT26: -0.011938024 | BU26: 0.45498428 | BV26: -0.027864034 | BW26: -0.20142979 | BX26: -0.059047937 | BY26: 0.1614651 | BZ26: -0.160591 | CA26: -0.22127264 | CB26: -0.03957119 | CC26: 0.23239978 | CD26: 0.098126602 | CE26: 0.071905694 | CF26: -0.10893221 | CG26: 0.36465886 | CH26: 0.25265698 | CI26: 0.12033188 | CJ26: -0.036949282 | CK26: 0.13933638 | CL26: -0.49854577 | CM26: -0.092976016 | CN26: -0.0584582 | CO26: 0.25125125 | CP26: 0.22531983 | CQ26: -0.15526089 | CR26: 0.017859828 | CS26: 0.10079402 | CT26: -0.25244549 | CU26: -0.22157881 | CV26: -0.11165149 | CW26: -0.085981192 | CX26: 0.036845313 | CY26: -0.064456227 | CZ26: 0.35718348 | DA26: -0.07319918 | DB26: -0.2497581 | DC26: -0.34048223 | DD26: 0.14217003 | DE26: -0.13396346 | DF26: 0.039018254 | DG26: -0.081195889 | DH26: -0.040775633 | DI26: 0.37614904 | DJ26: 0.14423646 | DK26: -0.080864891 | DL26: 0.13067999 | DM26: -0.096084673 | DN26: -0.10052771 | DO26: -0.012249451 | DP26: -0.034800684 | DQ26: 0.084460701 | DR26: 0.17966289 | DS26: 0.13076502 | DT26: -0.0029185654 | DU26: 0.066506497 | DV26: -0.069942612 | DW26: -0.30521969 | DX26: -0.037063051 | DY26: -0.11911462 | DZ26: -0.18891968 | EA26: 0.071593653 | EB26: 4.0830075e-05 | EC26: 0.19436129 | ED26: 0.24781425 | EE26: 0.017018539 | EF26: 0.017684006 | EG26: =AVERAGE(C26:EF26) -> 0.14000132 | EH26: =STDEV(C26:EF26) -> 0.45812771 | EI26: =EG26/EH26 -> 0.30559452
A27: 大盤 | B27: TWⅡ | C27: -0.017446771 | D27: 0.020701061 | E27: 0.023982129 | F27: -0.006557579 | G27: 0.03184513 | H27: 0.034348533 | I27: -0.0082549328 | J27: 0.012843524 | K27: -0.051018525 | L27: 0.00087394274 | M27: 0.023389576 | N27: 0.012988972 | O27: 0.0058545887 | P27: 0.027413207 | Q27: -0.0037129361 | R27: 0.024076614 | S27: -0.012190025 | T27: -0.039749578 | U27: -0.07315545 | V27: -0.05826023 | W27: 0.00077279757 | X27: 0.044591521 | Y27: -0.02769968 | Z27: 0.0020950059 | AA27: -0.023400551 | AB27: 0.032129371 | AC27: 0.038903273 | AD27: -0.042865382 | AE27: 0.018647195 | AF27: 0.015229768 | AG27: 0.036016604 | AH27: 0.0093546114 | AI27: 0.010748251 | AJ27: 0.013357754 | AK27: -0.0053327473 | AL27: 0.0013831358 | AM27: 0.020795928 | AN27: 0.031517702 | AO27: 0.0062417165 | AP27: 0.0061452617 | AQ27: 0.016946358 | AR27: 0.03468283 | AS27: 0.0030985886 | AT27: 0.015081347 | AU27: -0.019251209 | AV27: 0.038711513 | AW27: -0.021856951 | AX27: 0.0077743007 | AY27: 0.042397247 | AZ27: -0.026308975 | BA27: 0.0095717493 | BB27: -0.024249741 | BC27: 0.020163374 | BD27: -0.0035049988 | BE27: 0.020151935 | BF27: 0.00058133623 | BG27: -0.005219701 | BH27: -0.11587176 | BI27: 0.0087252257 | BJ27: -0.016377261 | BK27: 0.020840372 | BL27: 0.044975872 | BM27: 0.023954306 | BN27: 0.030239101 | BO27: -0.043725888 | BP27: 0.02188947 | BQ27: 0.0086274303 | BR27: -0.019192954 | BS27: 0.01973513 | BT27: 0.047694337 | BU27: 0.011454817 | BV27: 0.043228621 | BW27: -0.04274743 | BX27: -0.017811292 | BY27: -0.1511531 | BZ27: 0.124224 | CA27: -0.0045572538 | CB27: 0.06021124 | CC27: 0.085992033 | CD27: -0.0058084796 | CE27: -0.006041347 | CF27: 0.0024523244 | CG27: 0.089636252 | CH27: 0.070992733 | CI27: 0.027170643 | CJ27: 0.052468428 | CK27: 0.029480661 | CL27: 0.066825081 | CM27: -0.028772229 | CN27: 0.039462516 | CO27: -0.029031087 | CP27: 0.013983883 | CQ27: -0.032276965 | CR27: 0.0031035766 | CS27: 0.025591856 | CT27: 0.044391886 | CU27: -0.030338959 | CV27: -0.0012579765 | CW27: 0.0023363565 | CX27: -0.064264145 | CY27: 0.012909779 | CZ27: -0.12547709 | DA27: 0.011690683 | DB27: 0.0063378437 | DC27: -0.11730536 | DD27: -0.036010872 | DE27: 0.1389113 | DF27: -0.051143506 | DG27: 0.076731447 | DH27: 0.015508782 | DI27: 0.023223774 | DJ27: -0.018372876 | DK27: 0.062199014 | DL27: 0.020098304 | DM27: 0.01349894 | DN27: -0.030252213 | DO27: -0.017022836 | DP27: -0.021788523 | DQ27: 0.085745625 | DR27: 0.028106744 | DS27: -0.0023031598 | DT27: 0.058471198 | DU27: 0.067658949 | DV27: 0.0050207706 | DW27: 0.037416184 | DX27: 0.084111004 | DY27: -0.036832399 | DZ27: 0.0030917028 | EA27: -0.0019576282 | EB27: 0.026459104 | EC27: -0.024752539 | ED27: 0.034115491 | EE27: 0.021061974 | EF27: -0.020277393 | EG27: =AVERAGE(C27:EF27) -> 0.0073485376 | EH27: =STDEV(C27:EF27) -> 0.04227637 | EI27: =EG27/EH27 -> 0.1738214

Sheet XGBoost樣本外R2
A1: Predict
B2: Time | C2: 2013/12 | D2: 2014/01 | E2: 2014/02 | F2: 2014/03 | G2: 2014/04 | H2: 2014/05 | I2: 2014/06 | J2: 2014/07 | K2: 2014/08 | L2: 2014/09 | M2: 2014/10 | N2: 2014/11 | O2: 2014/12 | P2: 2015/01 | Q2: 2015/02 | R2: 2015/03 | S2: 2015/04 | T2: 2015/05 | U2: 2015/06 | V2: 2015/07 | W2: 2015/08 | X2: 2015/09 | Y2: 2015/10 | Z2: 2015/11 | AA2: 2015/12 | AB2: 2016/01 | AC2: 2016/02 | AD2: 2016/03 | AE2: 2016/04 | AF2: 2016/05 | AG2: 2016/06 | AH2: 2016/07 | AI2: 2016/08 | AJ2: 2016/09 | AK2: 2016/10 | AL2: 2016/11 | AM2: 2016/12 | AN2: 2017/01 | AO2: 2017/02 | AP2: 2017/03 | AQ2: 2017/04 | AR2: 2017/05 | AS2: 2017/06 | AT2: 2017/07 | AU2: 2017/08 | AV2: 2017/09 | AW2: 2017/10 | AX2: 2017/11 | AY2: 2017/12 | AZ2: 2018/01 | BA2: 2018/02 | BB2: 2018/03 | BC2: 2018/04 | BD2: 2018/05 | BE2: 2018/06 | BF2: 2018/07 | BG2: 2018/08 | BH2: 2018/09 | BI2: 2018/10 | BJ2: 2018/11 | BK2: 2018/12 | BL2: 2019/01 | BM2: 2019/02 | BN2: 2019/03 | BO2: 2019/04 | BP2: 2019/05 | BQ2: 2019/06 | BR2: 2019/07 | BS2: 2019/08 | BT2: 2019/09 | BU2: 2019/10 | BV2: 2019/11 | BW2: 2019/12 | BX2: 2020/01 | BY2: 2020/02 | BZ2: 2020/03 | CA2: 2020/04 | CB2: 2020/05 | CC2: 2020/06 | CD2: 2020/07 | CE2: 2020/08 | CF2: 2020/09 | CG2: 2020/10 | CH2: 2020/11 | CI2: 2020/12 | CJ2: 2021/01 | CK2: 2021/02 | CL2: 2021/03 | CM2: 2021/04 | CN2: 2021/05 | CO2: 2021/06 | CP2: 2021/07 | CQ2: 2021/08 | CR2: 2021/09 | CS2: 2021/10 | CT2: 2021/11 | CU2: 2021/12 | CV2: 2022/01 | CW2: 2022/02 | CX2: 2022/03 | CY2: 2022/04 | CZ2: 2022/05 | DA2: 2022/06 | DB2: 2022/07 | DC2: 2022/08 | DD2: 2022/09 | DE2: 2022/10 | DF2: 2022/11 | DG2: 2022/12 | DH2: 2023/01 | DI2: 2023/02 | DJ2: 2023/03 | DK2: 2023/04 | DL2: 2023/05 | DM2: 2023/06 | DN2: 2023/07 | DO2: 2023/08 | DP2: 2023/09 | DQ2: 2023/10 | DR2: 2023/11 | DS2: 2023/12 | DT2: 2024/01 | DU2: 2024/02 | DV2: 2024/03 | DW2: 2024/04 | DX2: 2024/05 | DY2: 2024/06 | DZ2: 2024/07 | EA2: 2024/08 | EB2: 2024/09 | EC2: 2024/10 | ED2: 2024/11 | EE2: 2024/12 | EF2: 2025/01
B3: mom1 | C3: -0.070510313 | D3: -0.020690763 | E3: -0.049750485 | F3: -0.092162974 | G3: -0.090981476 | H3: 0.017403694 | I3: -0.0014660321 | J3: -0.042782601 | K3: -0.048218094 | L3: -0.054908209 | M3: -0.0042270971 | N3: -0.015415508 | O3: -0.026379582 | P3: 0.0021669322 | Q3: -0.063427776 | R3: -0.026445759 | S3: -0.030793073 | T3: -0.0013314302 | U3: -0.011667066 | V3: -0.0074396813 | W3: -0.0056037698 | X3: -0.054782856 | Y3: 0.0014601285 | Z3: -0.051124588 | AA3: -0.049931929 | AB3: 0.035460174 | AC3: -0.036260024 | AD3: -0.02177857 | AE3: -0.012961893 | AF3: -0.019972652 | AG3: -0.042137694 | AH3: 0.0011005618 | AI3: 0.0017914374 | AJ3: 0.012323425 | AK3: -0.041931521 | AL3: -0.036095079 | AM3: -0.0013822748 | AN3: -0.028956376 | AO3: -0.042428315 | AP3: -0.049674943 | AQ3: -0.032604296 | AR3: -0.013108823 | AS3: -0.035700481 | AT3: -0.005788805 | AU3: -0.014518599 | AV3: -0.031922929 | AW3: -0.011949936 | AX3: -0.010149507 | AY3: -0.033810735 | AZ3: -0.048453212 | BA3: -0.027815299 | BB3: -0.030379677 | BC3: 0.024711607 | BD3: -0.023138821 | BE3: -0.0015485354 | BF3: 0.048466574 | BG3: -0.0068415171 | BH3: -0.029017322 | BI3: 0.063621186 | BJ3: 0.051039994 | BK3: 0.020570621 | BL3: -0.044453237 | BM3: 0.016062213 | BN3: -0.011407252 | BO3: -0.021107044 | BP3: -0.024570042 | BQ3: 0.00058053539 | BR3: 0.014106971 | BS3: -0.022216966 | BT3: -0.021804685 | BU3: -0.00032476775 | BV3: -0.016946584 | BW3: -0.0091368407 | BX3: -0.024530711 | BY3: -0.013744997 | BZ3: 0.016965671 | CA3: -0.0049971738 | CB3: 0.025937315 | CC3: -0.050457574 | CD3: -0.017129438 | CE3: -0.015958412 | CF3: -0.036173265 | CG3: -0.033427384 | CH3: -0.018980077 | CI3: -0.015892658 | CJ3: -0.019351164 | CK3: -0.036270283 | CL3: 0.02185446 | CM3: -0.030669076 | CN3: -0.03356621 | CO3: -0.057102174 | CP3: -0.014168661 | CQ3: -0.024477812 | CR3: -0.0051261066 | CS3: 0.018650705 | CT3: -0.036899783 | CU3: -0.030328931 | CV3: -0.01596538 | CW3: -0.028334806 | CX3: -0.02261522 | CY3: -0.0081325807 | CZ3: -0.0065493393 | DA3: -0.018719476 | DB3: -0.023759631 | DC3: -0.015671693 | DD3: -0.01952298 | DE3: -0.040282518 | DF3: -0.0088851424 | DG3: 0.00091460929 | DH3: -0.012378844 | DI3: 0.0090523073 | DJ3: -0.019859632 | DK3: -0.022675382 | DL3: -0.042003386 | DM3: -0.027967073 | DN3: 0.0070053488 | DO3: -0.026276816 | DP3: -0.036057945 | DQ3: -0.033415288 | DR3: -0.016046343 | DS3: -0.014641634 | DT3: -0.035933752 | DU3: 0.0030717822 | DV3: -0.015330855 | DW3: -0.01494637 | DX3: -0.011101509 | DY3: -0.0047925967 | DZ3: -0.018466953 | EA3: -0.012543919 | EB3: -0.032696195 | EC3: -0.056490704 | ED3: -0.026412357 | EE3: -0.018078614 | EF3: -0.0036580674
B4: mom12 | C4: 0.028248634 | D4: 0.014183227 | E4: 0.031993348 | F4: 0.0042365594 | G4: 0.012714939 | H4: 0.010832135 | I4: 0.063727826 | J4: 0.014011074 | K4: 0.066770576 | L4: 0.021485414 | M4: 0.028019289 | N4: 0.008423822 | O4: 0.026018109 | P4: 0.0088989316 | Q4: 0.01201281 | R4: 0.0065032719 | S4: -0.00066254294 | T4: 0.011814414 | U4: 0.013395538 | V4: 0.011924206 | W4: 0.027815573 | X4: 2.5693094e-05 | Y4: 0.039316867 | Z4: 0.056920212 | AA4: 0.098233536 | AB4: 0.064750098 | AC4: 0.067361787 | AD4: 0.051507805 | AE4: 0.049662109 | AF4: 0.020239389 | AG4: 0.00093923445 | AH4: -0.011057081 | AI4: 0.016824111 | AJ4: -0.00074724434 | AK4: 0.01140181 | AL4: 0.00044149283 | AM4: -0.017898617 | AN4: -0.010071121 | AO4: 0.0066899019 | AP4: -0.011917489 | AQ4: -0.027241044 | AR4: -0.004914077 | AS4: -0.030879321 | AT4: -0.014748431 | AU4: -0.022974038 | AV4: -0.0022748797 | AW4: -0.016570061 | AX4: -0.01187692 | AY4: -0.02451757 | AZ4: 0.0014865461 | BA4: 0.010297449 | BB4: 0.0025721302 | BC4: 0.003916319 | BD4: -0.0025292612 | BE4: -0.0082999747 | BF4: -0.0046186103 | BG4: -0.0061649741 | BH4: -0.0037486088 | BI4: 0.00596953 | BJ4: -0.008252495 | BK4: -0.0031494102 | BL4: -0.022762906 | BM4: -0.015299521 | BN4: -0.010563814 | BO4: 0.0046637068 | BP4: 0.0046207542 | BQ4: 0.03309983 | BR4: 0.079383321 | BS4: 0.032730803 | BT4: 0.015519017 | BU4: 0.017918561 | BV4: 0.012576747 | BW4: 0.017560082 | BX4: 0.019561546 | BY4: 0.00948299 | BZ4: 0.023618856 | CA4: 0.024344778 | CB4: -0.0084261037 | CC4: 7.1666633e-05 | CD4: 0.0015852515 | CE4: -0.0041839518 | CF4: -0.019255713 | CG4: -0.02450777 | CH4: -0.025543062 | CI4: -0.016113311 | CJ4: -0.023990631 | CK4: -0.030572861 | CL4: -0.033399541 | CM4: -0.013533869 | CN4: -0.016596911 | CO4: -0.012488239 | CP4: -0.015990794 | CQ4: -0.0072096372 | CR4: -0.028411187 | CS4: -0.030072507 | CT4: -0.027659753 | CU4: -0.017069595 | CV4: -0.017912267 | CW4: -0.012390219 | CX4: -0.017721431 | CY4: -0.0019734646 | CZ4: 0.0087843286 | DA4: -0.032751679 | DB4: -0.0091977678 | DC4: -0.0043027769 | DD4: -0.017814325 | DE4: 0.0041021798 | DF4: -0.00723154 | DG4: 0.004289207 | DH4: 0.0095487144 | DI4: 0.0070580319 | DJ4: 0.0068894681 | DK4: 0.0070452648 | DL4: 0.0078367051 | DM4: 0.011320108 | DN4: 0.0033352235 | DO4: 0.013803395 | DP4: 0.010737471 | DQ4: 0.00061118975 | DR4: 0.014212187 | DS4: 0.0017021111 | DT4: 0.0035690044 | DU4: 0.0020074488 | DV4: 0.029247954 | DW4: 0.018428531 | DX4: 0.018775085 | DY4: 0.012516481 | DZ4: 0.018593142 | EA4: 0.018734032 | EB4: 0.011606191 | EC4: 0.031247735 | ED4: 0.018441975 | EE4: 0.0075100353 | EF4: 0.018255115
B5: chmom | C5: -0.030935572 | D5: -0.078517266 | E5: -0.071969844 | F5: -0.0216826 | G5: 0.003931568 | H5: -0.019784926 | I5: -0.010177304 | J5: -0.0082358997 | K5: 0.023635531 | L5: -0.014618007 | M5: 0.02276809 | N5: -0.043634202 | O5: -0.057530195 | P5: -0.061749738 | Q5: -0.064170286 | R5: -0.056614187 | S5: -0.039280273 | T5: -0.045374379 | U5: 0.021098524 | V5: -0.050834861 | W5: -0.043037977 | X5: -0.026595533 | Y5: -0.015138762 | Z5: -0.024952777 | AA5: -0.064031586 | AB5: -0.029604986 | AC5: -0.0019446176 | AD5: 0.0057631759 | AE5: -0.011790563 | AF5: -0.0022569329 | AG5: -0.027719086 | AH5: -0.0021214748 | AI5: -0.029802717 | AJ5: -0.00033187165 | AK5: 0.013484867 | AL5: -0.0078548426 | AM5: -0.021816308 | AN5: 0.010699071 | AO5: 0.0011102274 | AP5: 0.00079638074 | AQ5: -0.0055128955 | AR5: -0.015489822 | AS5: -0.013374983 | AT5: -0.0028082796 | AU5: 0.013588437 | AV5: 0.011518656 | AW5: -0.0051678196 | AX5: -0.017534591 | AY5: -0.012889344 | AZ5: 0.0046084509 | BA5: -0.0037847871 | BB5: -0.0049904352 | BC5: -0.017079908 | BD5: -0.02391563 | BE5: 0.0021333401 | BF5: 0.031931266 | BG5: 0.022714403 | BH5: 0.054914258 | BI5: 0.023081651 | BJ5: 0.041425202 | BK5: -0.045687266 | BL5: -0.024188107 | BM5: -0.045954537 | BN5: -0.052363675 | BO5: -0.06094883 | BP5: -0.046518847 | BQ5: -0.031062063 | BR5: 0.0032680221 | BS5: 0.068480939 | BT5: 0.002156435 | BU5: -0.038370479 | BV5: -0.037749019 | BW5: -0.037364159 | BX5: -0.027728325 | BY5: -0.03027585 | BZ5: -0.043461852 | CA5: -0.031515237 | CB5: -0.031081436 | CC5: -0.035361417 | CD5: -0.033158984 | CE5: -0.023513908 | CF5: -0.012064296 | CG5: -0.0032220706 | CH5: -0.019549627 | CI5: -0.0096641975 | CJ5: -0.0020440889 | CK5: -0.026424447 | CL5: -0.043267768 | CM5: -0.019405793 | CN5: -0.02635004 | CO5: 0.003180597 | CP5: -0.0062574027 | CQ5: -0.013818862 | CR5: -0.021159159 | CS5: -0.018966084 | CT5: -0.029068194 | CU5: -0.051458955 | CV5: -0.024589416 | CW5: -0.047959473 | CX5: -0.024629397 | CY5: -0.027626641 | CZ5: -0.055032276 | DA5: -0.028730303 | DB5: -0.066727802 | DC5: -0.10732984 | DD5: -0.052791093 | DE5: -0.060571522 | DF5: -0.039159801 | DG5: -0.051414531 | DH5: -0.065701395 | DI5: -0.033493325 | DJ5: -0.024839012 | DK5: -0.02238475 | DL5: -0.03650948 | DM5: -0.0039328607 | DN5: -0.0096125035 | DO5: 0.014951462 | DP5: -0.0031372069 | DQ5: -0.0028361599 | DR5: 0.0051981704 | DS5: 0.011405285 | DT5: -0.00064447051 | DU5: -0.012735923 | DV5: -0.021273775 | DW5: -0.011831686 | DX5: -0.0043031299 | DY5: 0.0059299008 | DZ5: -0.0031490331 | EA5: -0.0087568779 | EB5: 0.0047055804 | EC5: -0.014093491 | ED5: -0.0073874481 | EE5: -0.024573959 | EF5: -0.030077245
B6: retvol | C6: 0.022974487 | D6: 0.01708141 | E6: 0.031377148 | F6: 0.016779406 | G6: -0.0013170848 | H6: 0.01384645 | I6: 0.021910241 | J6: 0.012609055 | K6: -0.0050779725 | L6: 0.0058798324 | M6: 0.013324283 | N6: 0.017233521 | O6: -5.6088713e-05 | P6: -0.0062972903 | Q6: 0.024710532 | R6: 0.013924113 | S6: 0.023693526 | T6: 0.019597102 | U6: 0.01067257 | V6: 0.02010666 | W6: 0.00167046 | X6: 0.0025238169 | Y6: 0.0092325034 | Z6: 0.012824959 | AA6: 0.0090660788 | AB6: -0.0012093025 | AC6: -0.006835869 | AD6: 0.0019463961 | AE6: 0.014238626 | AF6: 0.0088263219 | AG6: 0.02088213 | AH6: 0.051983811 | AI6: 0.01881082 | AJ6: 0.016175123 | AK6: 0.017538745 | AL6: 0.019539744 | AM6: 0.012414113 | AN6: -0.0030713342 | AO6: 0.0018124989 | AP6: 0.027226977 | AQ6: 0.015237001 | AR6: 0.020699002 | AS6: 0.018039731 | AT6: 0.01990521 | AU6: 0.013922203 | AV6: 0.014918374 | AW6: 0.0026367004 | AX6: 0.041243367 | AY6: 0.016222967 | AZ6: 0.020173013 | BA6: 0.016433232 | BB6: 0.022108844 | BC6: 0.020426225 | BD6: 0.014836632 | BE6: 0.01464956 | BF6: 0.0098656453 | BG6: 0.0065305722 | BH6: 0.00423531 | BI6: 0.0056681097 | BJ6: 0.0025409893 | BK6: 0.002166657 | BL6: 0.0033819519 | BM6: 0.0040704762 | BN6: 0.0089805722 | BO6: 0.0097311186 | BP6: 0.0048173126 | BQ6: 0.0098657906 | BR6: 0.01376301 | BS6: 0.014573461 | BT6: 0.020938689 | BU6: 0.014000543 | BV6: 0.019158285 | BW6: 0.017214477 | BX6: 0.011270096 | BY6: 0.025030509 | BZ6: 0.031615071 | CA6: 0.025428476 | CB6: 0.11305705 | CC6: 0.027973102 | CD6: 0.0076278588 | CE6: 0.013782011 | CF6: 0.0025310908 | CG6: 0.0017127168 | CH6: -0.0050100181 | CI6: 0.0032922137 | CJ6: 0.088564754 | CK6: 0.012102538 | CL6: 0.013237392 | CM6: 0.010921693 | CN6: 0.0040465407 | CO6: 0.001302311 | CP6: 0.010241216 | CQ6: 0.0059799491 | CR6: -0.0075976653 | CS6: 0.0023250426 | CT6: 0.022010699 | CU6: 0.0023386679 | CV6: 0.00076710118 | CW6: 0.0088794772 | CX6: 0.013562209 | CY6: 0.012153903 | CZ6: 0.01677263 | DA6: 0.014646888 | DB6: 0.017232055 | DC6: 0.013960229 | DD6: 0.0097235097 | DE6: 0.011490203 | DF6: 0.0053679054 | DG6: 0.0068998714 | DH6: 0.00763071 | DI6: 0.011459526 | DJ6: 0.0093496377 | DK6: 0.010472308 | DL6: 0.0099879391 | DM6: 0.014417588 | DN6: 0.015461322 | DO6: 0.072593644 | DP6: 0.066633999 | DQ6: 0.076050833 | DR6: 0.079444081 | DS6: 0.096407637 | DT6: 0.098738469 | DU6: 0.084987722 | DV6: 0.083614707 | DW6: 0.079545408 | DX6: 0.096235953 | DY6: 0.10154732 | DZ6: 0.13149092 | EA6: 0.11485938 | EB6: 0.11237456 | EC6: 0.12511362 | ED6: 0.0316572 | EE6: 0.029610975 | EF6: 0.031239053
B7: maxret | C7: 0.0021774524 | D7: 0.013015066 | E7: 0.0098455846 | F7: 0.0080243433 | G7: -0.0052677239 | H7: 0.001404033 | I7: 0.0033509603 | J7: -0.0040541883 | K7: 0.0016413978 | L7: -0.003604586 | M7: 0.0025401565 | N7: -0.0089025497 | O7: 0.010533438 | P7: 0.0097276494 | Q7: 0.011463934 | R7: 0.020894568 | S7: 0.021158934 | T7: 0.025689144 | U7: 0.024543272 | V7: 0.011583937 | W7: 0.017569646 | X7: 0.087800547 | Y7: 0.050161928 | Z7: 0.031262714 | AA7: 0.0042858967 | AB7: 0.046123538 | AC7: 0.080575474 | AD7: 0.036530923 | AE7: 0.02460568 | AF7: 0.012908366 | AG7: 0.021753384 | AH7: 0.0030683321 | AI7: 0.0085161366 | AJ7: -0.0049905563 | AK7: -0.0040547512 | AL7: 0.0096464334 | AM7: 0.02050478 | AN7: 0.02069281 | AO7: 0.0046984786 | AP7: -0.0045743487 | AQ7: -0.0068781576 | AR7: -0.0098103778 | AS7: -0.0095568029 | AT7: 0.0059230537 | AU7: 0.0014722419 | AV7: 0.028763983 | AW7: 0.026538765 | AX7: 0.0083058588 | AY7: 0.0053748903 | AZ7: 0.01186728 | BA7: 0.011852427 | BB7: 0.032360878 | BC7: 0.014286506 | BD7: 0.007969927 | BE7: -0.00060811342 | BF7: -0.011188488 | BG7: -0.019261265 | BH7: -0.021502297 | BI7: 0.05841824 | BJ7: 0.040143382 | BK7: 0.028391568 | BL7: 0.025553938 | BM7: 0.0096509531 | BN7: 0.0046400707 | BO7: 0.0036845333 | BP7: 0.013291311 | BQ7: 0.0078903371 | BR7: 0.0070404992 | BS7: 0.0071611647 | BT7: 0.014413588 | BU7: 0.011038203 | BV7: 0.023246251 | BW7: 0.023113625 | BX7: 0.07020662 | BY7: 0.061465926 | BZ7: 0.058226619 | CA7: 0.0049403347 | CB7: 0.010325176 | CC7: 0.00055629481 | CD7: 0.025742874 | CE7: 0.026346749 | CF7: 0.020780452 | CG7: 0.019359628 | CH7: 0.02775068 | CI7: 0.024828408 | CJ7: 0.022081017 | CK7: 0.0086565986 | CL7: 0.0070795948 | CM7: 0.0084662102 | CN7: 0.0027852557 | CO7: 0.0060324417 | CP7: 0.0048775836 | CQ7: -0.00088366348 | CR7: -0.0029415216 | CS7: -0.0065762377 | CT7: -0.0050856704 | CU7: 0.037310883 | CV7: 0.030856956 | CW7: 0.019465599 | CX7: 0.021523755 | CY7: 0.030290527 | CZ7: 0.030590203 | DA7: 0.028499866 | DB7: 0.021195518 | DC7: 0.026068831 | DD7: 0.059307549 | DE7: 0.019247701 | DF7: 0.018887985 | DG7: 0.014815512 | DH7: 0.016671358 | DI7: 0.017327722 | DJ7: 0.01561035 | DK7: 0.015836952 | DL7: 0.017583078 | DM7: 0.01280765 | DN7: 0.020481693 | DO7: 0.011080808 | DP7: 0.015453166 | DQ7: 0.01020689 | DR7: 0.012916479 | DS7: 0.019664204 | DT7: 0.022220226 | DU7: 0.023969663 | DV7: 0.014732354 | DW7: 0.013176583 | DX7: 0.017936071 | DY7: 0.016969321 | DZ7: 0.016285731 | EA7: 0.011118081 | EB7: 0.014203252 | EC7: 0.008901258 | ED7: 0.007033038 | EE7: 0.011094453 | EF7: 0.011496754
A9: Real
B10: Time | C10: 2013/12 | D10: 2014/01 | E10: 2014/02 | F10: 2014/03 | G10: 2014/04 | H10: 2014/05 | I10: 2014/06 | J10: 2014/07 | K10: 2014/08 | L10: 2014/09 | M10: 2014/10 | N10: 2014/11 | O10: 2014/12 | P10: 2015/01 | Q10: 2015/02 | R10: 2015/03 | S10: 2015/04 | T10: 2015/05 | U10: 2015/06 | V10: 2015/07 | W10: 2015/08 | X10: 2015/09 | Y10: 2015/10 | Z10: 2015/11 | AA10: 2015/12 | AB10: 2016/01 | AC10: 2016/02 | AD10: 2016/03 | AE10: 2016/04 | AF10: 2016/05 | AG10: 2016/06 | AH10: 2016/07 | AI10: 2016/08 | AJ10: 2016/09 | AK10: 2016/10 | AL10: 2016/11 | AM10: 2016/12 | AN10: 2017/01 | AO10: 2017/02 | AP10: 2017/03 | AQ10: 2017/04 | AR10: 2017/05 | AS10: 2017/06 | AT10: 2017/07 | AU10: 2017/08 | AV10: 2017/09 | AW10: 2017/10 | AX10: 2017/11 | AY10: 2017/12 | AZ10: 2018/01 | BA10: 2018/02 | BB10: 2018/03 | BC10: 2018/04 | BD10: 2018/05 | BE10: 2018/06 | BF10: 2018/07 | BG10: 2018/08 | BH10: 2018/09 | BI10: 2018/10 | BJ10: 2018/11 | BK10: 2018/12 | BL10: 2019/01 | BM10: 2019/02 | BN10: 2019/03 | BO10: 2019/04 | BP10: 2019/05 | BQ10: 2019/06 | BR10: 2019/07 | BS10: 2019/08 | BT10: 2019/09 | BU10: 2019/10 | BV10: 2019/11 | BW10: 2019/12 | BX10: 2020/01 | BY10: 2020/02 | BZ10: 2020/03 | CA10: 2020/04 | CB10: 2020/05 | CC10: 2020/06 | CD10: 2020/07 | CE10: 2020/08 | CF10: 2020/09 | CG10: 2020/10 | CH10: 2020/11 | CI10: 2020/12 | CJ10: 2021/01 | CK10: 2021/02 | CL10: 2021/03 | CM10: 2021/04 | CN10: 2021/05 | CO10: 2021/06 | CP10: 2021/07 | CQ10: 2021/08 | CR10: 2021/09 | CS10: 2021/10 | CT10: 2021/11 | CU10: 2021/12 | CV10: 2022/01 | CW10: 2022/02 | CX10: 2022/03 | CY10: 2022/04 | CZ10: 2022/05 | DA10: 2022/06 | DB10: 2022/07 | DC10: 2022/08 | DD10: 2022/09 | DE10: 2022/10 | DF10: 2022/11 | DG10: 2022/12 | DH10: 2023/01 | DI10: 2023/02 | DJ10: 2023/03 | DK10: 2023/04 | DL10: 2023/05 | DM10: 2023/06 | DN10: 2023/07 | DO10: 2023/08 | DP10: 2023/09 | DQ10: 2023/10 | DR10: 2023/11 | DS10: 2023/12 | DT10: 2024/01 | DU10: 2024/02 | DV10: 2024/03 | DW10: 2024/04 | DX10: 2024/05 | DY10: 2024/06 | DZ10: 2024/07 | EA10: 2024/08 | EB10: 2024/09 | EC10: 2024/10 | ED10: 2024/11 | EE10: 2024/12 | EF10: 2025/01
B11: mom1 | C11: 0.1206107 | D11: 0.045588622 | E11: 0.16704505 | F11: -0.073748988 | G11: -0.032506587 | H11: -0.032847119 | I11: -0.12110158 | J11: 0.0025822337 | K11: 0.071968625 | L11: 0.034342712 | M11: 0.040084603 | N11: 0.041563467 | O11: -0.0069002801 | P11: 0.035779379 | Q11: 0.068350636 | R11: -0.045413081 | S11: 0.01967398 | T11: -0.10645092 | U11: -0.032053189 | V11: -0.014865616 | W11: -0.093405071 | X11: -0.037053876 | Y11: -0.047379645 | Z11: -0.035732976 | AA11: 0.074709415 | AB11: -0.10149167 | AC11: -0.00029589017 | AD11: -0.068848797 | AE11: -0.022266032 | AF11: 0.041625472 | AG11: -0.0080508267 | AH11: -0.038264652 | AI11: 0.045184246 | AJ11: 0.034215625 | AK11: 0.044138223 | AL11: -0.035587567 | AM11: -0.013077529 | AN11: 0.004148564 | AO11: -0.07768507 | AP11: -0.0069983939 | AQ11: 0.13094784 | AR11: -0.086792709 | AS11: -0.052702983 | AT11: 0.065228471 | AU11: -0.065193823 | AV11: 0.0085695092 | AW11: -0.040024303 | AX11: -0.031442522 | AY11: -0.0040051979 | AZ11: -0.007879886 | BA11: -0.0060724257 | BB11: -0.011000775 | BC11: -0.026379572 | BD11: 0.039479545 | BE11: 0.031278312 | BF11: -0.0060707145 | BG11: -0.060537315 | BH11: -0.085381434 | BI11: 0.064493155 | BJ11: -0.0062276101 | BK11: 0.046391114 | BL11: -0.011560822 | BM11: -0.044558442 | BN11: 0.0027621487 | BO11: 0.0083121426 | BP11: -0.055860349 | BQ11: 0.03570663 | BR11: -0.022012849 | BS11: 0.039643525 | BT11: -0.0035802524 | BU11: 0.0089809504 | BV11: -0.0089428833 | BW11: -0.076064018 | BX11: -0.040663011 | BY11: -0.059083336 | BZ11: -0.026982576 | CA11: -0.12652495 | CB11: 0.012022261 | CC11: -0.050881431 | CD11: 0.025276041 | CE11: 0.087027484 | CF11: -0.024625967 | CG11: 0.018747262 | CH11: 0.04151248 | CI11: -0.029820276 | CJ11: -0.012665491 | CK11: 0.047987524 | CL11: -0.0066815212 | CM11: 0.023373144 | CN11: 0.010890171 | CO11: 0.14646344 | CP11: 0.019768545 | CQ11: 0.017749236 | CR11: -0.028991521 | CS11: -0.0092105434 | CT11: 0.036848143 | CU11: 0.030504116 | CV11: 0.040383351 | CW11: -0.0093859596 | CX11: -0.077248887 | CY11: 0.0025482207 | CZ11: -0.023356789 | DA11: -0.035608657 | DB11: 0.0044999953 | DC11: -0.043417921 | DD11: 0.077585487 | DE11: 0.045548818 | DF11: -0.073761037 | DG11: -0.013836029 | DH11: -0.013146588 | DI11: -0.11844415 | DJ11: 0.04971576 | DK11: 0.028876918 | DL11: -0.013181525 | DM11: 0.043520521 | DN11: -0.060662479 | DO11: 0.08256415 | DP11: -0.096015988 | DQ11: -0.019845472 | DR11: -0.018579634 | DS11: -0.025784659 | DT11: -0.037591586 | DU11: -0.045291919 | DV11: -0.022458423 | DW11: 0.00027164709 | DX11: -0.064503989 | DY11: 0.06012526 | DZ11: 0.0058245219 | EA11: 0.015503895 | EB11: 0.030904913 | EC11: 0.039813075 | ED11: 0.006018647 | EE11: -0.039888767 | EF11: -0.096081351
B12: mom12 | C12: -0.20935792 | D12: -0.24145621 | E12: 0.26636596 | F12: 0.33022979 | G12: 0.20358638 | H12: 0.55373417 | I12: 0.66979451 | J12: 0.61032591 | K12: 0.86207446 | L12: 0.37355796 | M12: 0.62222012 | N12: 0.29351052 | O12: 0.3562869 | P12: 0.17806893 | Q12: 0.15635752 | R12: 0.2248304 | S12: 0.18264462 | T12: 0.15307368 | U12: 0.22557714 | V12: -0.09158029 | W12: -0.049495832 | X12: -0.26789506 | Y12: -0.36478829 | Z12: -0.37790601 | AA12: -0.43955485 | AB12: -0.41859417 | AC12: -0.31816515 | AD12: -0.20856537 | AE12: -0.10236498 | AF12: -0.14886861 | AG12: -0.18669023 | AH12: -0.25393275 | AI12: -0.14773923 | AJ12: 0.044513506 | AK12: -0.058155621 | AL12: -0.091865238 | AM12: -0.1682627 | AN12: -0.33743701 | AO12: -0.36868153 | AP12: -0.28691959 | AQ12: -0.30523873 | AR12: -0.2933138 | AS12: -0.3026703 | AT12: -0.28045675 | AU12: -0.18262992 | AV12: -0.12130979 | AW12: -0.15372123 | AX12: -0.02163156 | AY12: 0.10122186 | AZ12: 0.18954151 | BA12: 0.095279708 | BB12: 0.011130473 | BC12: 0.19620313 | BD12: 0.15224713 | BE12: 0.209344 | BF12: 0.16752253 | BG12: 0.16855713 | BH12: 0.23475758 | BI12: 0.27598377 | BJ12: 0.26154896 | BK12: 0.1930056 | BL12: 0.032255305 | BM12: 0.084649699 | BN12: -0.015702242 | BO12: 0.029608765 | BP12: -0.082625544 | BQ12: -0.079330451 | BR12: -0.11353413 | BS12: -0.16045061 | BT12: -0.028989653 | BU12: -0.0038417136 | BV12: -0.17414888 | BW12: -0.050655463 | BX12: -0.0097462302 | BY12: 0.043118718 | BZ12: 0.08359471 | CA12: 0.059758542 | CB12: 0.22654685 | CC12: 0.16059562 | CD12: 0.12478222 | CE12: 0.070316847 | CF12: 0.037786686 | CG12: 0.14783135 | CH12: 0.16146329 | CI12: 0.19050379 | CJ12: 0.057810008 | CK12: 0.18159576 | CL12: 0.15995891 | CM12: -0.19344889 | CN12: 0.09266165 | CO12: 0.18420346 | CP12: 0.21509938 | CQ12: 0.07822216 | CR12: 0.23262305 | CS12: 0.12461762 | CT12: 0.2146341 | CU12: 0.29380323 | CV12: 0.16458639 | CW12: 0.22758953 | CX12: 0.30967914 | CY12: 0.10082695 | CZ12: 0.2739919 | DA12: 0.29613632 | DB12: 0.44409378 | DC12: 0.2773995 | DD12: 0.20846194 | DE12: 0.050065625 | DF12: 0.079342541 | DG12: 0.041263423 | DH12: -0.0074014042 | DI12: 0.091903679 | DJ12: 0.18881041 | DK12: 0.0050346205 | DL12: -0.065302736 | DM12: -0.16991943 | DN12: -0.048355536 | DO12: 0.30239134 | DP12: 0.40249618 | DQ12: 0.42337951 | DR12: 0.31958732 | DS12: 0.27007262 | DT12: 0.24555915 | DU12: 0.18374522 | DV12: 0.16882438 | DW12: 0.21735693 | DX12: 0.18716202 | DY12: 0.12863278 | DZ12: 0.11389562 | EA12: 0.069887094 | EB12: 0.12681711 | EC12: 0.15628153 | ED12: 0.36668827 | EE12: 0.4725008 | EF12: 0.72972326
B13: chmom | C13: 0.14158921 | D13: 0.092586945 | E13: 0.11349879 | F13: -0.0073769777 | G13: -0.31863967 | H13: -0.42059899 | I13: -0.61741575 | J13: -0.43362009 | K13: -0.25626772 | L13: -0.2113105 | M13: -0.20647602 | N13: -0.32791237 | O13: 0.015729811 | P13: 0.068442695 | Q13: 0.052648856 | R13: -0.020694613 | S13: 0.02495929 | T13: -0.086843647 | U13: -0.52458473 | V13: -0.47921434 | W13: -0.36348833 | X13: -0.39764648 | Y13: -0.4756211 | Z13: -0.29400139 | AA13: -0.21990455 | AB13: 0.018176812 | AC13: -0.079990064 | AD13: -0.10289298 | AE13: 0.14449675 | AF13: 0.094619546 | AG13: 0.15888809 | AH13: 0.11961817 | AI13: 0.26749724 | AJ13: 0.28042018 | AK13: -0.030700048 | AL13: 0.045908625 | AM13: 0.1749829 | AN13: 0.12715124 | AO13: 0.18467502 | AP13: 0.084214377 | AQ13: 0.19594427 | AR13: 0.13323353 | AS13: 0.16593562 | AT13: 0.020797245 | AU13: 0.012255111 | AV13: -0.013354263 | AW13: -0.16291629 | AX13: 0.021398073 | AY13: -0.31841892 | AZ13: -0.23894029 | BA13: -0.22999541 | BB13: -0.071523536 | BC13: 0.19523407 | BD13: 0.1343817 | BE13: 0.36448653 | BF13: 0.44848254 | BG13: 0.43221301 | BH13: 0.27475197 | BI13: 0.27625006 | BJ13: 0.015584695 | BK13: 0.10580514 | BL13: 0.126551 | BM13: 0.2284809 | BN13: 0.28499472 | BO13: 0.10343621 | BP13: 0.37735476 | BQ13: 0.20037256 | BR13: 0.22737663 | BS13: 0.2800057 | BT13: 0.25048842 | BU13: 0.40950604 | BV13: 0.2791434 | BW13: 0.42338682 | BX13: 0.20681397 | BY13: 0.16995656 | BZ13: 0.25229151 | CA13: 0.32026293 | CB13: 0.51463583 | CC13: 0.18153007 | CD13: 0.1200337 | CE13: -0.025943293 | CF13: 0.045043616 | CG13: -0.35445425 | CH13: -0.25260244 | CI13: 0.14395187 | CJ13: 0.27306771 | CK13: 0.017040846 | CL13: -0.24283421 | CM13: -0.0062585842 | CN13: -0.31007511 | CO13: -0.48661942 | CP13: -0.58562675 | CQ13: -0.21352734 | CR13: -0.16518612 | CS13: -0.15856953 | CT13: -0.2953033 | CU13: -0.12548188 | CV13: -0.047694294 | CW13: -0.069955239 | CX13: -0.0092457956 | CY13: -0.022135305 | CZ13: 0.055799951 | DA13: 0.0046904915 | DB13: -0.19841703 | DC13: -0.14815778 | DD13: -0.078448866 | DE13: -0.034735831 | DF13: 0.23309856 | DG13: 0.10547592 | DH13: 0.2602456 | DI13: 0.24342212 | DJ13: 0.061619871 | DK13: 0.089139844 | DL13: 0.029253194 | DM13: 0.14236144 | DN13: 0.14615257 | DO13: 0.049079226 | DP13: 0.4032296 | DQ13: 0.46524422 | DR13: 0.25491522 | DS13: 0.14490164 | DT13: 0.10964787 | DU13: 0.14664794 | DV13: -0.3751533 | DW13: -0.29741986 | DX13: -0.19544278 | DY13: -0.082428266 | DZ13: 0.058661833 | EA13: -0.046779078 | EB13: 0.16414324 | EC13: -0.038064247 | ED13: 0.055317447 | EE13: 0.045666052 | EF13: -0.015130552
B14: retvol | C14: -0.055287602 | D14: -0.14445299 | E14: -0.091431301 | F14: 0.3549518 | G14: 0.21923638 | H14: 0.2831342 | I14: 0.37143267 | J14: 0.41062409 | K14: 0.40769934 | L14: -0.0071596741 | M14: -0.0073648091 | N14: -0.05151582 | O14: 0.2542621 | P14: 0.25179108 | Q14: 0.22183502 | R14: 0.24564423 | S14: 0.21802587 | T14: 0.22885928 | U14: -0.038365896 | V14: -0.00024933566 | W14: -0.069911431 | X14: -0.064564491 | Y14: 0.041605297 | Z14: -0.019800016 | AA14: -0.072143291 | AB14: -0.068452121 | AC14: 0.032607263 | AD14: 0.017594646 | AE14: -0.0029019286 | AF14: -0.0022483566 | AG14: -0.0055811273 | AH14: -0.0066841359 | AI14: -0.0013854994 | AJ14: -0.00086481173 | AK14: 0.056462115 | AL14: 0.07849301 | AM14: -0.11226929 | AN14: -0.22946842 | AO14: -0.13981329 | AP14: -0.11030393 | AQ14: -0.16861414 | AR14: -0.13718304 | AS14: 0.05211904 | AT14: 0.14234805 | AU14: 0.15576266 | AV14: 0.14491664 | AW14: 0.18538209 | AX14: 0.13665235 | AY14: 0.14596251 | AZ14: 0.2650378 | BA14: 0.14676562 | BB14: 0.0033428218 | BC14: -0.070510317 | BD14: -0.035291447 | BE14: 0.035257595 | BF14: 0.038800415 | BG14: 0.053526723 | BH14: 0.17967628 | BI14: 0.15487119 | BJ14: 0.11905581 | BK14: 0.13032726 | BL14: 0.093330538 | BM14: 0.080284022 | BN14: 0.20761045 | BO14: 0.18768666 | BP14: 0.12992121 | BQ14: 0.098717055 | BR14: 0.045233847 | BS14: 0.13778382 | BT14: 0.046964995 | BU14: 0.078535809 | BV14: 0.12030054 | BW14: 0.059755525 | BX14: 0.063549055 | BY14: -0.0065045111 | BZ14: -0.051668342 | CA14: -0.079185434 | CB14: -0.11278108 | CC14: -0.067050409 | CD14: -0.066787378 | CE14: -0.046564912 | CF14: -0.11929573 | CG14: -0.05315298 | CH14: -0.092611608 | CI14: -0.10903127 | CJ14: -0.065592489 | CK14: -0.088696833 | CL14: 0.089572677 | CM14: 0.065466675 | CN14: 0.02977826 | CO14: 0.0725081 | CP14: -0.013033581 | CQ14: 0.0095695222 | CR14: 0.024795353 | CS14: 0.048612117 | CT14: 0.060893022 | CU14: 0.034381618 | CV14: 0.1698004 | CW14: 0.20445758 | CX14: 0.11667932 | CY14: 0.020058144 | CZ14: -0.0014802745 | DA14: -0.023150115 | DB14: -0.19162966 | DC14: -0.27185177 | DD14: -0.21309613 | DE14: -0.16221912 | DF14: -0.20201256 | DG14: -0.17344116 | DH14: 0.0010129746 | DI14: 0.076205463 | DJ14: 0.068038264 | DK14: 0.058032612 | DL14: 0.0096719985 | DM14: -0.13040706 | DN14: -0.29058271 | DO14: -0.37804696 | DP14: -0.38659982 | DQ14: -0.38856602 | DR14: -0.22251358 | DS14: -0.17879173 | DT14: -0.15458476 | DU14: -0.061360687 | DV14: 0.02797793 | DW14: -0.031911652 | DX14: -0.099874593 | DY14: 0.0034834303 | DZ14: 0.028079827 | EA14: -0.0017876847 | EB14: -0.090286462 | EC14: -0.053357026 | ED14: -0.06524063 | EE14: -0.041521107 | EF14: -0.03506792
